id,x,y,z
TEST_00001,3.988553195947916,-1.0526203888965133,0.04561702586082569
TEST_00002,1.9294437721103381,0.6180450855983225,0.7981147565276273
TEST_00003,0.8064726670920911,-0.18999657107166093,0.14818685477017776
TEST_00004,3.5256622704806477,-1.6444626533444195,-0.942513062503409
TEST_00005,2.304808234041862,0.017747257020769902,-0.03958019892278229
TEST_00006,4.999145197689504,-0.7895788483033601,0.49672367841378573
TEST_00007,2.899298984961017,1.0022892334817084,0.8351970519552055
TEST_00008,1.458276570670932,-0.44715305665216926,0.4124238233729974
TEST_00009,1.4540839277664193,0.4861765969956292,0.15008709211498222
TEST_00010,2.2584529177090573,-0.40908303823944675,0.1712659702191623
TEST_00011,2.3279671975111023,-0.46134923608778144,0.021603090535692555
TEST_00012,4.017550853157274,1.5033198948626842,0.8974529629442163
TEST_00013,2.5515835811664656,0.5823574119754285,-0.3139151780181247
TEST_00014,2.1580208053777166,1.4915615079446156,-0.21205622140621813
TEST_00015,3.000814811801767,-0.6877109708730929,0.8679489895258297
TEST_00016,3.2826714790637412,0.506484868080768,-0.5330267130486745
TEST_00017,4.006881547858654,0.8575052854344717,1.158930972109337
TEST_00018,3.0724573769772268,0.2613428121621538,-0.4857975244737379
TEST_00019,1.4131818622351022,0.08583266694441354,0.2912823557231278
TEST_00020,1.8781016130130217,0.06589007307929641,0.031138134653476
TEST_00021,3.512130078424212,-0.3693559660007068,-0.14354099280497715
TEST_00022,1.4030544883829772,0.29847062436641925,-0.2785044891040305
TEST_00023,2.1407563114211206,0.3989810310581952,0.6819722065568459
TEST_00024,3.7611194756451822,-0.5856163138086972,0.8167760353930372
TEST_00025,4.926598701053479,1.6176269707873578,1.2150681189342474
TEST_00026,1.7905110926899446,-0.5949747284913826,-0.509214056773018
TEST_00027,3.449798521221055,0.1935442705821274,-0.3411278368327836
TEST_00028,3.4270557086935334,0.48251119732913456,-0.06213657983957762
TEST_00029,2.179193022855451,-1.1431329734798075,1.3380225204260814
TEST_00030,3.5400397153233456,-0.191602923769407,1.223047217837676
TEST_00031,1.3419094581453384,-0.9182566964845049,-0.10370079593924812
TEST_00032,2.5009367179674795,-0.8092535585122173,-0.021345234859736203
TEST_00033,2.1632274113976377,-0.5909944130687681,0.47310939344953573
TEST_00034,1.9927078981346626,-0.15142157579949303,0.39740402766845323
TEST_00035,2.045486353775961,-0.155792659343714,-0.22969469949309176
TEST_00036,3.5251180267027955,-1.4050008788193982,-0.5458985744550964
TEST_00037,2.8390013886578576,-1.575950770226292,0.18535074542641322
TEST_00038,0.9654310408826463,0.39802009738612365,-0.3241136561809275
TEST_00039,5.158115052543679,0.7724845374752032,-1.1261189447390143
TEST_00040,2.372472345063702,0.31816772385055386,-0.2613225063659154
TEST_00041,3.223655876098589,-0.4117594449530275,0.6937622772025184
TEST_00042,3.3484388781086367,-1.5061837336364816,-0.5087872503872518
TEST_00043,4.0913829265450765,1.678087126072682,0.8965396732363168
TEST_00044,2.4167590728860513,-0.7575690995424647,-0.22491484644474904
TEST_00045,1.566140351538515,0.41165454188067746,-0.12165802711301239
TEST_00046,4.447422763503787,-0.16839010437584057,0.602183221239978
TEST_00047,1.4831256863360378,-0.26252414508589234,-0.22898974655745322
TEST_00048,4.150806250210181,-0.9406079562613004,0.4909182584973762
TEST_00049,2.227401278901014,0.3085900652476987,0.29547244363170416
TEST_00050,1.0712663823698334,0.5548250627804218,-0.24224120286396345
TEST_00051,3.221036350142412,-0.3613665928800904,-1.0507209142846192
TEST_00052,4.390243314391293,0.5745373120911078,1.503189708720338
TEST_00053,2.789599045370623,0.0643627114090357,0.1611607765222764
TEST_00054,2.5460248994103973,0.21880471185374686,0.9954409298586921
TEST_00055,1.5474330363002522,0.08562911362305373,0.36050698855618407
TEST_00056,3.376264754576728,-0.7683341775890967,-1.1106227654224756
TEST_00057,1.3414619916477448,0.2149056465411488,-0.17984743519239652
TEST_00058,3.5314562101513536,-0.6098691733813681,-0.2685384112697476
TEST_00059,3.1916271248470824,-0.4505621169054619,-0.1381708690544715
TEST_00060,2.0217594685636784,-0.9352323929771655,-0.6418109841246686
TEST_00061,1.9295121222162321,0.016103663303716247,0.33959876820027984
TEST_00062,2.180807668688663,0.044740214285503906,0.7899358123162473
TEST_00063,2.7109301796445684,-0.012831494919214401,-0.7424624617409914
TEST_00064,1.8534316345210973,-0.23901022172151642,0.5409935184549913
TEST_00065,2.861319029715416,-1.3777678494960235,-0.7436285914141
TEST_00066,2.302681582042144,0.5249082874410456,-0.330574254402107
TEST_00067,3.655073932533449,0.1313334766169436,0.19146655104941884
TEST_00068,3.130807080437107,-0.2122250392612265,0.03222537879777266
TEST_00069,3.0606785306223547,-0.4165774718724361,-0.2732362639108036
TEST_00070,1.3576820115896528,0.5197366972135197,0.5219190696371457
TEST_00071,2.6896302533202694,-0.786821445363998,0.6639929819139649
TEST_00072,2.25367627952447,1.0316072487170505,0.7757337654047489
TEST_00073,3.125540770750586,-1.1820635772759358,0.9192783500429523
TEST_00074,1.3481077463438056,0.5348992011806051,0.222023766113154
TEST_00075,0.927700777576842,0.3299944896978189,-0.2640609370147568
TEST_00076,3.9638766263479543,0.1989577488221147,1.0435561026482971
TEST_00077,3.3525392520194313,-1.3242741942841614,-1.0859238110137721
TEST_00078,1.2714247287506428,-0.47028213915339623,0.1917607586877395
TEST_00079,4.743000434428543,-1.391293151258195,1.3061238749683095
TEST_00080,1.4368946748678555,0.4877968198207568,0.41283744380683984
TEST_00081,3.625003161493506,-1.167020714342065,1.2456489293844037
TEST_00082,2.2153978396149854,0.2049451859082313,0.3997162450011429
TEST_00083,2.992971920698157,0.6539221187312755,0.5678877893266594
TEST_00084,2.603662953613075,0.3009931358356926,-0.19030240648157798
TEST_00085,1.9771181134797369,-0.4318973914494555,0.02843461064369505
TEST_00086,2.110894768081176,1.288622120770157,0.2030875917434775
TEST_00087,3.9217162269498984,-0.890496018186523,0.609161688044503
TEST_00088,5.237141361742908,-2.1890059718429744,1.313104221463317
TEST_00089,3.317761705582645,-0.004602938538594573,0.15051570852518797
TEST_00090,3.02371531589542,0.6198318813095259,0.47482092427516664
TEST_00091,1.235555242093239,-0.31538582360225154,0.21269242333030963
TEST_00092,2.0049306650548098,-0.46596446029355654,-0.5250138312442978
TEST_00093,2.445004555067606,0.49680849388950094,-0.36718110015529754
TEST_00094,1.7712866964974754,0.5788178591953607,0.2704428054692416
TEST_00095,3.8390315960081636,-0.21464403450232097,-0.8705947123006889
TEST_00096,2.0949093537532737,0.8209628128074521,-0.4321533791341704
TEST_00097,2.819443999781371,-0.08951844109011639,0.23958220990723583
TEST_00098,4.8083152829079365,-1.0771953194564647,-0.11866559558721543
TEST_00099,3.6608909910217764,0.820947104277917,0.7278533359981381
TEST_00100,1.0380860126159708,0.29455384525726197,0.3684704245233849
TEST_00101,1.5985966321317926,-0.34474935890439773,-0.10401114547893518
TEST_00102,1.8429691436805715,0.4974547455153758,0.41911463969357254
TEST_00103,3.7247466100045865,0.08413631148894202,0.7882525531699004
TEST_00104,2.0071539370237965,0.0763826703325188,-0.2662114429410778
TEST_00105,1.2635091702720922,0.5212584075942397,0.38944121076605526
TEST_00106,3.162890855118125,-0.08182453050075542,-1.101180511237686
TEST_00107,4.177434517051596,-0.38348966520404926,1.0737908969122183
TEST_00108,3.0007461099512116,-1.0598246737490307,-0.4916032715173142
TEST_00109,1.0201538062089683,-0.1718973606712884,-0.12086899224435069
TEST_00110,2.5491065413174665,-1.6537610084578374,0.42733808502884607
TEST_00111,2.998354810902016,-0.4241620766483963,-0.6443826237330452
TEST_00112,3.524278563382637,0.48329176257080103,-0.579895722124037
TEST_00113,3.05413207115089,-0.1635121856198922,0.47898470049034214
TEST_00114,2.8373559182188846,-0.4400098379835742,1.1869380351313357
TEST_00115,1.2114813887224303,-0.18094698981156984,0.38792304159564645
TEST_00116,3.6934452676252105,-0.8501417963760138,-0.713774806141311
TEST_00117,3.134256937061233,0.4592776656409915,0.7439290891849316
TEST_00118,1.6769007589995046,0.6126629468529539,0.49653760840229527
TEST_00119,4.853171442293842,-0.026730350917089113,-0.35835642285214725
TEST_00120,2.723987861487396,-0.9959780061276226,0.49979872832830674
TEST_00121,4.852162899975585,-1.033369105181484,1.318502248722604
TEST_00122,4.268862530670015,0.5136759582316135,0.5589867468067846
TEST_00123,1.710098133941015,0.9248176278095229,-0.10467624782013929
TEST_00124,1.7443271879894533,0.1936334764063426,-0.18813386402697613
TEST_00125,2.125669234923576,-0.7790492742933202,0.7401709352759877
TEST_00126,1.5304248846518613,-0.35100195850708105,-0.30833296106288033
TEST_00127,1.9119112079882201,0.3259127281200508,0.1318947561621656
TEST_00128,3.3301773023360566,1.9601409544304191,0.5227360726613861
TEST_00129,3.548502474931682,0.4496395598284239,0.46820840983944895
TEST_00130,2.7127163983684612,-0.1267660874724368,-0.012097578875136735
TEST_00131,1.5872920765281062,0.11010993401540034,0.2969174953060965
TEST_00132,4.514150411228099,0.598075530728214,0.6016279110740914
TEST_00133,2.338765106180533,0.6363522536240409,0.4947389597413806
TEST_00134,1.4239803615761966,0.7885472503400146,0.409533070588486
TEST_00135,2.0447047352741134,0.9306301931120402,0.344075756480913
TEST_00136,3.3628768283133104,-0.11979589434262443,-1.0056011255426747
TEST_00137,1.8348799390131532,0.8527194262343122,-0.7196888884440462
TEST_00138,3.1644940091441747,0.5579681192184958,-0.8095483341575849
TEST_00139,1.7890891527193697,-0.776704591698556,-0.5034504644619612
TEST_00140,0.8927394911817098,0.5127840564031542,0.2852884263635416
TEST_00141,1.9530036334438532,-0.5615937701345709,0.13189535766426905
TEST_00142,1.1616100700217045,-0.05220220873995901,0.22568161375521892
TEST_00143,4.203200185523384,0.16538954558765612,0.9533004723847108
TEST_00144,2.138220321669945,-0.19622394223536857,-0.0802036499082586
TEST_00145,5.17532181983736,0.010447768416072837,-0.5498273923084523
TEST_00146,3.0693337340311997,-0.2177149230095485,-1.283053018615871
TEST_00147,2.1987766348573716,-0.08565243250853898,0.7354773062113844
TEST_00148,2.798200019492028,0.999776901235365,-0.5792400787275013
TEST_00149,3.3639166980358812,1.1908048617269753,0.5414220889862401
TEST_00150,4.735337989188125,1.0747473365928457,0.8027323545119998
TEST_00151,2.297570228605548,0.10776052911530688,-0.1391195714003769
TEST_00152,2.456684661153084,0.8127646172472779,0.4206097950080495
TEST_00153,3.743496780623467,-0.3757289709287481,-0.5757782452810919
TEST_00154,2.9427053672334806,0.23286392839051076,-0.20874872945407338
TEST_00155,1.9791582463397888,0.18174573772941008,-0.589016790431301
TEST_00156,1.9517564400759901,-0.4718208676519055,0.39810733108873
TEST_00157,2.391392982331507,-0.5604802604507885,0.6132256138466712
TEST_00158,2.667505593601866,-1.430206348319819,1.078456865126035
TEST_00159,3.844023967030824,-1.2366051318941575,2.1112388961478
TEST_00160,1.5153903200501964,-0.022154504450722246,-0.07859517768391276
TEST_00161,1.1293934906113476,0.5986632268173613,0.027010076528307995
TEST_00162,1.3226764489148775,0.9334542564953786,-0.08100496183226077
TEST_00163,3.7161544665625685,0.2040515578076936,0.05801350571486464
TEST_00164,2.5080988732694323,0.0775298448362954,1.0391721512027552
TEST_00165,1.9019053027720572,0.45692409464376965,0.5040844314971595
TEST_00166,2.9388753078387624,-0.5662175357412427,-0.176588757551567
TEST_00167,3.784774627448323,-0.055193281348354085,0.26808616114958383
TEST_00168,5.490355869112052,0.3079841805239671,0.09902883123871269
TEST_00169,2.629207279456331,-0.46827556700431905,-0.1744596234566905
TEST_00170,0.903207181436266,0.3978900660538773,0.2784404007432559
TEST_00171,3.471368301017923,-0.1378479936581985,-0.0532261843196854
TEST_00172,4.975416374219046,0.7837230294229309,-0.8789530800411902
TEST_00173,1.2958102402548723,0.17641508751445742,-0.07737301179652692
TEST_00174,3.129816817475463,1.935248255126525,-0.18263578655379595
TEST_00175,3.4012675719463945,0.5755524360156598,0.5176219115528856
TEST_00176,0.980841961573503,-0.6078323330692073,-0.17565121004445894
TEST_00177,1.5473423431964732,0.7636261853212429,-0.21626823474724155
TEST_00178,5.22589137501902,0.5622274795967229,-0.1303669916096632
TEST_00179,3.8297183508948436,1.4271312822244635,0.1272160589922382
TEST_00180,3.141452990282431,0.3893609145392254,0.2693211480446982
TEST_00181,2.891752098668599,0.16753443215913694,0.019107404000306142
TEST_00182,1.4751071822976438,-0.4220364950094647,-0.3212421949047
TEST_00183,2.0707620679242558,-0.18599027102197283,0.3657118685626141
TEST_00184,3.0872636869689005,-0.09528514024656702,-0.2562062941218243
TEST_00185,3.0257584486108313,0.8415996804254475,-0.43899227419162595
TEST_00186,2.454394200301156,-0.10641702986199775,-0.3853316241328538
TEST_00187,3.6133952576888326,-0.653630910163272,0.3376772313411635
TEST_00188,2.5200436581162573,-0.35615963177989907,-0.007089273386100624
TEST_00189,1.4288904102728304,0.7400902077192678,0.3021420684265774
TEST_00190,3.0187479537679973,-1.877804442913521,1.1481762822748787
TEST_00191,2.7832567764966027,0.4191793931319174,0.3528175848246078
TEST_00192,2.3568562066608307,-0.6918974198375766,1.1005232906252107
TEST_00193,2.905405909372774,-1.1190045329383873,1.1012033357175357
TEST_00194,1.377651175724086,0.16907725449962868,0.09317027224260827
TEST_00195,2.2161999835329174,0.6479021620552305,0.5340723340197595
TEST_00196,3.3156669091415667,-0.27512991581465873,0.5272982177362199
TEST_00197,1.9917328470076563,-0.03561276452373198,0.08715968898238043
TEST_00198,3.7274395685768837,-0.19719478852511665,0.7360981852854983
TEST_00199,3.2943080043137125,-0.5777162735344654,-1.10500547590608
TEST_00200,4.748264478576369,0.2844033044520189,-0.1953312153056833
TEST_00201,1.8167788077444764,1.0940621109679645,-0.19622680497855755
TEST_00202,1.7753059740062875,0.418034630773835,-0.47847855391012234
TEST_00203,3.107942477434009,-0.40917964234353,0.07143515153190862
TEST_00204,3.2151506174541504,0.982244127458968,-0.010658342884868256
TEST_00205,1.2849912183133663,0.4900035749232444,0.24521451068451877
TEST_00206,4.153716834889869,0.415212697680004,0.5438752601399273
TEST_00207,3.8162743177178604,0.7556641425909587,-0.15085822902026583
TEST_00208,4.587891582933617,-0.3418772165473271,0.8258356656157894
TEST_00209,2.2409918944889653,0.6631598767221243,0.17353318144570945
TEST_00210,2.471601656187091,-0.1714218533304231,0.20870367748059981
TEST_00211,4.085347383741812,0.2686208954721502,0.17939565079782926
TEST_00212,4.0755517740749045,1.0404523532964192,0.03963829734735858
TEST_00213,2.267349731270768,0.6931054747134975,-0.25381175438710346
TEST_00214,3.072717862898286,0.0731843753700289,0.41070500632321527
TEST_00215,2.815724491535889,0.2916840649746295,0.2789209784283748
TEST_00216,2.8001034830512816,-0.5180499775432231,1.5568135304175925
TEST_00217,1.5052744252964043,0.17178657130644304,0.7248680717148662
TEST_00218,5.290826621058272,0.222836727127539,-1.222527910978386
TEST_00219,1.3751175955842447,-0.29168030720972216,-0.22443577408129706
TEST_00220,3.222403599333885,-0.20769414099325825,-0.7818093448511751
TEST_00221,2.988385491670636,0.26902932181981076,-0.10391459577006636
TEST_00222,1.3876123843811283,0.48056827157877685,0.2849951478037458
TEST_00223,3.7473034465858897,-0.40693673767851646,0.2704448707414596
TEST_00224,1.299958292544643,0.5846128466620952,0.0889857395882442
TEST_00225,4.938489073332193,-1.7252492340049683,-0.4150254973517492
TEST_00226,3.018358569754429,-0.268754412480736,-1.1098139486997265
TEST_00227,4.510208159501897,0.04077727851565131,0.6177569149177474
TEST_00228,2.26732236392168,-0.42548981531991037,0.21135533274540835
TEST_00229,3.950008509639944,1.7082978438290835,-0.5705282167582715
TEST_00230,2.3068075118692257,0.19575991924226965,0.5809419200371321
TEST_00231,2.726014153219399,0.8075096852672711,0.12505614508786278
TEST_00232,3.42964496594759,1.740385178154628,0.062034425805631996
TEST_00233,3.3176877797798014,1.0370668473206999,-0.8382015938286487
TEST_00234,1.9620043001270724,0.6696466346443544,-0.05287275619996396
TEST_00235,1.993927317863369,0.062209533341493886,0.20209329044217844
TEST_00236,3.455795728524574,-1.727002356556704,1.3442586872996714
TEST_00237,2.102903584460241,0.9335258213532311,0.19438381759808035
TEST_00238,1.7509243522314384,-0.24196065010003112,-0.6492559822452418
TEST_00239,6.326081730474827,-0.5679925089730438,-0.8413239771131996
TEST_00240,2.5679003615139897,1.6277457755825473,0.5999592865057374
TEST_00241,4.711808876090839,0.8776840651326269,1.3289315086521736
TEST_00242,1.312885251272714,0.4077325501405615,-0.3924574181850492
TEST_00243,2.026244994373864,0.8334714245472371,-0.8806815674513321
TEST_00244,3.3594043925075967,0.21115302492643795,0.05895368499582597
TEST_00245,2.2528749773781387,0.964110948835568,-0.27090744500912567
TEST_00246,4.024461926517102,-0.26914913602146584,0.1603834662589501
TEST_00247,4.485063944398913,-1.0367316768174053,0.3119517879400434
TEST_00248,1.2285161313276278,0.5754327840015052,-0.10650195754577561
TEST_00249,3.792494104393461,0.2640529980262582,-0.4448756781703784
TEST_00250,2.052132706254533,-0.008245718516279657,-0.006187519848240932
TEST_00251,3.6721705272754934,-0.0652577068789525,-0.09355817207727592
TEST_00252,3.075040440565561,0.22374940714976352,-0.5776046612098642
TEST_00253,2.774559237803852,-0.30948965422521413,-0.22734876383735536
TEST_00254,1.601559637201938,-0.654205259938782,-0.021445137953487733
TEST_00255,1.8839251220285405,0.019099543275124996,0.025509340798536968
TEST_00256,1.0771457129914233,0.35845741916750834,0.6356200926439407
TEST_00257,1.7953515932639748,0.15300952556590153,0.0911780350214224
TEST_00258,2.520055275794238,0.7775894766037478,0.4551126866161603
TEST_00259,3.255004840072722,0.2998334811814196,0.9946430990712543
TEST_00260,2.408976902678261,0.8760441890560913,0.20373811759669103
TEST_00261,1.6555353301995843,0.11774171063938942,0.44960963147971533
TEST_00262,1.0578985553873377,-0.026464174014357505,0.21925351915797145
TEST_00263,2.126952185828379,0.33770116520282084,0.6618657820940823
TEST_00264,3.4673445945314865,-0.05773409442346922,-0.4053686989890888
TEST_00265,1.2038807644225429,0.4900055880112142,0.5769969922908863
TEST_00266,2.7923504887168598,0.41200197919132536,-0.016196429699386568
TEST_00267,1.2747407163812317,0.5431878768562521,-0.30595865103713643
TEST_00268,3.2549434566230464,0.3008538898446719,-1.0235439415012715
TEST_00269,2.777922838937318,-1.3006982080540948,0.4060442861585664
TEST_00270,2.78898736415293,-0.4961157135996677,-0.43649190835893203
TEST_00271,3.0346369365485897,0.9059312764277113,0.28114288760774925
TEST_00272,2.68811977763688,0.27017207984671254,-0.3026888763118763
TEST_00273,1.7908704149841201,0.12565295780926797,-0.35634623550643213
TEST_00274,1.5701147896566974,0.7035913001356983,0.13172537954998578
TEST_00275,2.1129624252209203,-0.3042958770401893,0.3497392989546979
TEST_00276,3.9440615373644614,-0.5075266651038268,0.6757408048227236
TEST_00277,3.3134956562230737,-1.242418748977443,0.9405378423930854
TEST_00278,3.9256199742805338,-1.1203968698999283,-0.5896060698421004
TEST_00279,5.385706950904999,-1.4733979515960012,-0.9990704129104502
TEST_00280,3.114803966651405,1.5754151427471212,-0.9152663126426172
TEST_00281,2.0827315394013666,1.5654342716794047,-0.5608890536127351
TEST_00282,1.4647348094854398,-0.7190798905367342,0.8920301844288581
TEST_00283,1.319603934621839,0.5843899104648778,0.4709561260266884
TEST_00284,2.7196100117737703,0.010911489566908862,0.2659171967267613
TEST_00285,1.5474077200326102,0.33496184905729065,-0.35126107958121805
TEST_00286,2.0277443433413223,0.24402042621177716,0.2550832030763036
TEST_00287,2.416985061748638,-1.0683323937232576,-0.5116903183600449
TEST_00288,5.434534842302885,2.323757001989013,0.6085273489491325
TEST_00289,4.348298907424238,0.37862244590385047,0.8317356114280627
TEST_00290,1.9822346864817273,-0.32379338800599733,-0.005726155097992135
TEST_00291,0.892154730543411,0.291605243929979,-0.07482919031038493
TEST_00292,4.117341995374358,0.9843177045110761,1.8945071685930397
TEST_00293,1.655850178510458,0.210087381665709,0.2530709256416058
TEST_00294,1.8291354201662582,-1.1546112662787584,0.23931898377076727
TEST_00295,3.4561540070711763,-0.13612728236165791,0.5283334302196228
TEST_00296,3.008249243982862,-0.7946928106166639,-0.5792388811682532
TEST_00297,1.5963780218979011,-0.7019335493864551,-0.34174054929367526
TEST_00298,3.5100414567637594,0.9449332898556386,-1.3276694477278859
TEST_00299,4.36450404461981,0.7956596759157216,-0.5868386676096292
TEST_00300,2.111426486079957,0.8725878975920698,-0.5693318639394742
TEST_00301,1.6586684711247672,0.18535723921288907,-0.27960520434666847
TEST_00302,1.658558402698882,-0.07291042922850896,0.2882350823095012
TEST_00303,3.19236817771718,0.5134362651190467,-0.03448110814656596
TEST_00304,1.8688782256729528,-0.16058288333499013,-0.45762243885869597
TEST_00305,4.012003529668326,0.600083752930166,0.8226707263858134
TEST_00306,1.0320646609186601,-0.3656396878775779,0.05278901507713526
TEST_00307,4.163008912671274,0.015334641150172364,-0.8112393230953951
TEST_00308,2.867477548383069,-0.5248563224913468,0.06472689451845917
TEST_00309,3.6952642302378482,-0.8152116213435305,0.6115963667906842
TEST_00310,5.128120678507188,-1.3390133933388493,1.5995389865321403
TEST_00311,2.9480033215115085,-0.848549238283993,-0.07402090033275126
TEST_00312,1.2097225404630023,0.3033717138329437,-0.1783545553713948
TEST_00313,1.7543247138636713,-0.06324932650451345,0.34401126084879213
TEST_00314,2.242553573151676,0.20883855553438432,0.04618145812453755
TEST_00315,1.6453233187717793,-0.386605710205824,-0.44917628748106037
TEST_00316,3.579229978927039,-0.3280556727830282,1.2634664847986887
TEST_00317,3.41299571586208,1.86059366600525,0.18311207047205622
TEST_00318,1.4719626571996656,0.25758132114071697,-0.07525738502969023
TEST_00319,5.311277676643724,-0.0704390646216442,-0.38139663566948634
TEST_00320,1.3015468872427398,-0.19630881944176953,-0.17133110705268306
TEST_00321,5.35974036727203,0.534015069632894,0.6425649781209926
TEST_00322,3.9578268437924047,0.331491730586835,-0.477075805167317
TEST_00323,3.8447719048363984,0.9151534862842475,0.8123249879285204
TEST_00324,2.7228267010325395,-0.6440818098816041,-0.2615175566141415
TEST_00325,0.8956040445420917,0.20502380608102747,0.2540733980491887
TEST_00326,4.80212690666261,0.43452337427559296,-0.22251227967007334
TEST_00327,2.04928819365505,0.18012341312038194,0.17919737452710732
TEST_00328,3.369573104221327,-0.24385868733149693,-0.3024741736082244
TEST_00329,2.91958293474147,0.4512876266828502,0.06485900328341322
TEST_00330,1.5559772949759687,0.6151720215353054,0.03055883860667783
TEST_00331,0.8143685398538727,0.1687419017824982,-0.055412349380917304
TEST_00332,2.797657702958371,0.4130477859717238,1.073932367503181
TEST_00333,2.677372253677971,-0.7818007772908396,-0.36227781559999456
TEST_00334,1.3798512111839452,0.9539724765340685,-0.16824177331169185
TEST_00335,3.6988655916186235,0.12657065104902154,-0.05025721713672646
TEST_00336,2.955875319062475,-0.34415124571705263,0.22615097521994965
TEST_00337,1.812289391176324,0.2454547533899443,0.18219125317535714
TEST_00338,5.47756855026736,0.005661169761251884,-0.8509194895516892
TEST_00339,3.6944309672202174,0.09068076807491728,-0.021239932776186996
TEST_00340,2.298971322544719,0.9595320173443586,0.5232986148451958
TEST_00341,3.6076306824995363,0.13829091924526063,0.06697107945443588
TEST_00342,1.8619783752935561,-0.5561456634508394,-0.7770007095752186
TEST_00343,1.593314856329658,-0.6649692260711707,-0.3148572542032782
TEST_00344,1.531197352624572,-0.14195236733056288,-0.0452738430929789
TEST_00345,1.664044346274062,-0.1062720671942936,-0.15709142704549872
TEST_00346,2.573927617155741,0.4361204548945278,0.5562913424388193
TEST_00347,3.8796766576416273,0.34985714551559316,-0.6958739656446425
TEST_00348,1.9763020937137765,0.5350352055191996,0.002584206899700692
TEST_00349,2.0801273640096665,-0.9886764665179996,0.1035730514164748
TEST_00350,3.364211914513952,-1.5554320480384756,-0.31744548797628
TEST_00351,2.347601052986731,-0.7679405988551166,-0.5661430963000899
TEST_00352,3.3858803750860784,-1.0964354625948214,1.2112117768272792
TEST_00353,3.533726697189501,1.1990249426735273,-0.6000843208240181
TEST_00354,2.753595983010059,0.28419407002204655,-0.05781260969684755
TEST_00355,1.8975988281558596,-0.06346150390634765,0.0835290072230008
TEST_00356,2.308066502220702,0.46543757228316185,0.1204704801506028
TEST_00357,2.8655438109324707,-0.7512262752660884,0.19459120410632746
TEST_00358,1.3801328135714341,0.11714464734951735,0.10090506520753707
TEST_00359,2.9060285894401345,1.388658177187482,0.20937215624014305
TEST_00360,3.1309559317973794,1.9600808223231343,1.3688328000972734
TEST_00361,4.653327269022448,0.25095748738578216,0.44273870738234106
TEST_00362,2.563546149378694,-0.5223075194760104,0.1748783538262105
TEST_00363,3.001638006006513,0.10374294372582764,-1.255431477858392
TEST_00364,3.7417654060071484,-1.509963440406353,0.10189407628108355
TEST_00365,2.9166151064333423,0.6750379899576239,0.8738449521356768
TEST_00366,5.174042297620186,-0.438433614562953,-0.1870068684080215
TEST_00367,1.880792539898321,-0.4650266598337724,-0.4637881936026368
TEST_00368,1.0582592423042365,0.18679325790469298,-0.32729927287704014
TEST_00369,4.314248737971177,0.4276726320759103,-0.4999529987848825
TEST_00370,1.4458701780069234,0.7693908525002988,0.16793966032063196
TEST_00371,1.878840245648689,0.3723331974121639,0.22333363677429177
TEST_00372,1.6510042609311448,0.4754891163926059,0.6519756220887253
TEST_00373,2.981693511360922,0.37576808002985096,0.2058696003051331
TEST_00374,1.0852698082497054,-0.3092206002007867,-0.2613398071680162
TEST_00375,3.451752103675895,0.9588228745838845,-0.23724615692963494
TEST_00376,1.1009117925217837,-0.6973965042337928,-0.1278436330886779
TEST_00377,2.2338606471544162,-0.16011333057989705,0.39972082329574093
TEST_00378,1.6327727568575396,-0.6700338522998253,-0.10055840882996799
TEST_00379,1.80361644714464,-0.9122152197128123,-0.46727054015864417
TEST_00380,2.800825507589789,-0.6573450204115115,0.3308425343010995
TEST_00381,3.4866675974547774,0.01762853506719249,0.3249909325845434
TEST_00382,2.169476758302392,0.32173087464502953,0.48055111124858785
TEST_00383,4.042645510729051,-0.4191928419206992,-0.4086611478904711
TEST_00384,2.1621233637768418,-0.45095774055520765,-0.5271051905187245
TEST_00385,3.5648942213583688,-1.4714754909170498,-0.09017605446990187
TEST_00386,3.02244817155253,-0.034894738021291075,-0.1716375548991995
TEST_00387,2.186682470150075,0.027715167700922822,-0.0384669942144942
TEST_00388,1.6678733141753586,-0.11087283686144306,0.1917149811053081
TEST_00389,2.4170127680618876,0.4646978189877976,1.4415976220251312
TEST_00390,4.430416299394418,0.2853841287097351,-0.6495000019916578
TEST_00391,1.6159686138150564,-0.5420094340326574,-0.05980726323156365
TEST_00392,3.0645675153415977,1.5987364964912831,1.5335461502483385
TEST_00393,1.9299985846117744,-0.18255442831065055,0.5553176789282303
TEST_00394,2.876888791431916,-0.5999548792162391,0.5710282186523271
TEST_00395,1.0257947677925625,0.11319342570803878,-0.22492111419817085
TEST_00396,3.8300768947772665,0.7636528503342223,0.3227034757980176
TEST_00397,3.3591565291775964,0.8252745477082498,-0.8398000020039937
TEST_00398,1.1786272284747603,-0.1208673111552248,0.2797662976365275
TEST_00399,5.765149541773948,1.035527216374664,0.2739169782105578
TEST_00400,3.9288597609055063,-0.13354412777645913,0.24050564396476068
TEST_00401,1.8389010036800473,-1.178910929193573,-0.1832586304571989
TEST_00402,3.721915925843181,1.2807383396118253,0.33090669961200736
TEST_00403,3.0191452002116845,-2.358000867783516,0.4051545536892128
TEST_00404,3.131462304123674,-0.24807641714938927,-0.4859304234584271
TEST_00405,2.2092764279235717,1.0838516946338324,0.7276004707673029
TEST_00406,2.9686287409883367,-0.36403054617999714,0.8354859094486431
TEST_00407,1.3122061115381423,0.8459539151192773,-0.13627565504766573
TEST_00408,4.531640386484126,1.4839955842904347,1.081744254362179
TEST_00409,3.190096066101262,0.34509065313451454,0.2521612116088939
TEST_00410,1.6028674654333608,0.450572179837254,0.3991514355947242
TEST_00411,3.590630090216893,0.24240043186601823,-0.3288741783831537
TEST_00412,2.098286482330716,-0.44865920073742976,0.5522869811727364
TEST_00413,2.325113353944717,-0.35062698153996497,-0.09079684851221155
TEST_00414,1.7279433294100248,0.39879554221383995,-0.12057021516723634
TEST_00415,3.9623852266750963,1.0063173540688202,-0.5864039022494189
TEST_00416,1.6193186554883967,0.27693231274182417,-0.21098665256083537
TEST_00417,3.616960774561572,-1.4344493886351781,1.2004869692632862
TEST_00418,1.8543318777163842,0.2610701700203082,0.2374388992946893
TEST_00419,4.007053340476387,0.41032563851236337,0.48222635264509756
TEST_00420,1.3551818916261593,0.13097819514719536,0.05203655507671218
TEST_00421,2.942853624945826,-0.4482393306496115,-1.0072347061960916
TEST_00422,1.6394846316752212,-0.10576330881786065,-0.664715833509642
TEST_00423,2.61505734350414,-0.7309777120440909,-0.8529412539054974
TEST_00424,1.1209502243950082,-0.5271908122789073,0.3414289829235245
TEST_00425,2.5714692106014025,0.8180026779617064,0.29361542695582776
TEST_00426,3.10357763515689,0.253441008742034,-0.742728930733822
TEST_00427,2.95637400828814,-0.28646626354508853,-0.5295555865182222
TEST_00428,1.7704561040937845,0.011028667722638393,0.22025313750617526
TEST_00429,4.15030645068757,0.041666928914876125,0.07742409927611983
TEST_00430,1.1411528611934576,0.23496761271157657,-0.3233849017102364
TEST_00431,2.188185727296998,0.41453514473382125,-0.056474739867279876
TEST_00432,2.776854782904791,0.4598926853257136,0.5207440402767056
TEST_00433,2.6145624240612366,1.125281525038561,-0.06487602464635434
TEST_00434,1.237686546420835,-0.35986560838916043,0.0418508382242068
TEST_00435,1.8731348936226797,0.7532688884105643,-0.343332113738484
TEST_00436,2.1716145841827186,0.5151499745913343,-0.019369247019785693
TEST_00437,3.0664278370818154,-1.016443108308502,0.43229652475649727
TEST_00438,2.8016122998157056,1.560754786588312,0.05275282768845894
TEST_00439,2.463578491090657,1.437423847533608,1.5457802437804815
TEST_00440,2.9564263765587664,0.4452366755799439,0.6306548761023154
TEST_00441,2.2671407565692947,1.0768194085690563,-0.9022075109649402
TEST_00442,2.7734445619688293,0.38674930903821386,-0.2383637106887837
TEST_00443,3.5458199127471897,1.0063073392906972,0.07306432543766499
TEST_00444,2.667513695238301,0.604187832519263,0.45577229335987396
TEST_00445,2.4760391581683834,0.44585472929611003,0.6280803381647924
TEST_00446,1.9154839350337736,0.4498088353046515,0.02944315449360871
TEST_00447,2.5103823285354947,-0.38476208231987913,-0.6027815198976454
TEST_00448,5.051614299562564,-0.36535995679506755,-0.5578960796216069
TEST_00449,4.788306531740078,0.7464696746921938,0.1734656337571141
TEST_00450,3.252911534600353,0.4310039464954305,1.0892139069541076
TEST_00451,3.290139722329625,0.10795030848885875,0.33902719372158047
TEST_00452,4.266601674554726,-0.37374951264607675,-1.0930008928896555
TEST_00453,2.8726397797831242,0.060288650041420776,-0.2747198826577796
TEST_00454,2.777471816719233,-0.35157400815394957,0.6619602088887745
TEST_00455,3.2567144856687884,0.24938041692868113,-0.42461407467431633
TEST_00456,1.9502212203093616,0.42466879884899256,0.7295833056536335
TEST_00457,3.793410065979522,1.1032887375210074,-0.6968802799583447
TEST_00458,4.399224128115253,0.05889117669390465,-0.2860522270345605
TEST_00459,4.479096996399687,1.496010135397801,-0.9962781318542494
TEST_00460,1.8801089346776474,0.47068357012281903,0.3384619029362695
TEST_00461,3.5680700718739247,0.4151352521877272,1.2294427555298888
TEST_00462,2.336500029040083,-0.06957890693408984,0.8942529079705855
TEST_00463,1.2661415066893025,0.42341903655909746,-0.19400817284244437
TEST_00464,4.004555448814136,0.6155371358251834,-0.5282010033108735
TEST_00465,2.855166197782872,0.08885392914342335,0.05102352202316433
TEST_00466,1.3157684908303249,-0.6560667203873259,0.21407675163001497
TEST_00467,4.17711014624701,-0.12474217230362522,0.5313784253596326
TEST_00468,2.0797528681803215,0.11343488785405947,-0.027552694654603596
TEST_00469,2.360326181907251,-0.32612679229492475,-1.539568131571166
TEST_00470,2.690980702205625,-0.1550823084846373,-0.41300722566311443
TEST_00471,1.3222597247145378,-0.5833646901098284,0.13895519598394085
TEST_00472,1.2899264124780332,-0.7132977980421218,0.5425330755746219
TEST_00473,3.0459170672206954,0.8569590175016036,0.686675323297485
TEST_00474,2.806988126631803,0.3883676857111815,-0.2895274984541531
TEST_00475,1.5850344578920634,0.021590039272106593,0.7106855895199601
TEST_00476,4.45071663348401,1.357248256051787,0.5737285107718159
TEST_00477,1.7854493857629972,0.30464529819904534,0.2152129259160212
TEST_00478,1.3478314704069527,0.6940506308698343,0.569631171593139
TEST_00479,3.6198653742606046,-0.29526255278822944,1.6315754995952592
TEST_00480,3.8292120874106446,-0.5511991603394614,0.057750764864634124
TEST_00481,4.034733870741989,0.009069079258241288,1.0245062416595443
TEST_00482,2.46289593767977,-0.3216262726278578,0.20785901074704421
TEST_00483,0.9804927280306729,-0.47314149005106654,-0.15773833046652982
TEST_00484,2.145757785138275,0.05355580235119671,0.5227033594326531
TEST_00485,1.6306133252460218,0.5876078223011476,0.047015402654959716
TEST_00486,1.185735845755901,-0.42382778154016504,0.2832158515807132
TEST_00487,1.0888631335994468,-0.027454857250845063,0.3658099506845015
TEST_00488,2.3037400250583957,1.104720544949849,-0.2446134909274609
TEST_00489,3.204436711962705,0.2815345837226334,-0.2291102329141224
TEST_00490,2.0093300354619696,0.8507542720485582,0.3749977236480399
TEST_00491,3.601018835490074,0.19083176003981506,1.140816554722178
TEST_00492,4.202228423507382,0.8867037736520755,1.5447634544274964
TEST_00493,2.5397113604387167,-0.11623502844527676,0.3238966764794723
TEST_00494,1.9103023926171108,1.0547886776196915,0.0027506192315672213
TEST_00495,1.7788003527548455,-0.36585699176626885,-0.06055351819025239
TEST_00496,2.1780272323810244,0.7068280178746522,0.3736069629819906
TEST_00497,1.9883176587582967,-0.6783129810202364,0.045315903193589684
TEST_00498,5.372992637683857,-0.818974549286828,1.7916664580448256
TEST_00499,4.114574661722795,0.3018956824752109,0.24277553391915982
TEST_00500,1.9651513393993048,0.6740069812993662,0.4689771424404157
TEST_00501,2.9588108433915936,0.2331671872349089,1.321431100449643
TEST_00502,1.893206076731003,0.43572809559004977,0.1505457063883071
TEST_00503,1.794448286243247,0.34917291431934555,0.05870009103292827
TEST_00504,1.986867094020301,0.09783816643225192,-0.49213391772675164
TEST_00505,3.542883991388281,1.5451619314042493,-0.24827407113211122
TEST_00506,1.8920118889899573,0.3210908924975463,0.4802961621975158
TEST_00507,1.388059534458951,-0.0053415557896945255,-0.24871595955410927
TEST_00508,2.2350204696211415,-1.0097081902144514,0.38186731670283064
TEST_00509,1.316581742396144,-0.43260258078909025,0.6718308385867375
TEST_00510,2.028229894838926,-1.5531454952412036,0.5990432760753195
TEST_00511,2.680334775236661,-1.0201008716031856,-0.4562129083867224
TEST_00512,2.6321117938667533,1.1532059227937268,-0.5216528745289133
TEST_00513,2.5400818592112953,0.6393659870462359,-0.5999702850226197
TEST_00514,1.9104556042479495,0.4956208538696562,-0.22497227208485823
TEST_00515,1.3293299264584224,0.3192041752229525,-0.10636747812856591
TEST_00516,4.029055524782253,-0.37422683542226615,1.024981710418287
TEST_00517,1.6406317155530146,-0.38402102222988205,-0.1771690958984778
TEST_00518,3.834369353425707,0.491989748387457,-0.045326453821511924
TEST_00519,3.592354069797956,-0.8180713953367049,-0.9636791390667008
TEST_00520,5.059109100361413,-0.5754811054127978,0.4776760904468237
TEST_00521,2.1899441265697877,-0.843189871061997,-0.08708389078872575
TEST_00522,3.626537002265692,1.3103568177701046,-0.09169026861463607
TEST_00523,2.1686497845084514,-1.3541729533468494,-0.27265342175720003
TEST_00524,3.0872041718985317,0.29449000717004786,-0.3816335510480484
TEST_00525,1.5831188166694825,0.709724335356168,-0.20650191473431728
TEST_00526,2.8035557260107384,-0.7969628249881099,-0.7550000695907665
TEST_00527,1.7827427238916007,1.0405325966096763,0.23249431286429914
TEST_00528,5.809231942760697,-0.6353178177302802,-0.6343322781768608
TEST_00529,3.4872442216671127,0.24024367607402702,-0.13269458153781843
TEST_00530,2.933843314351493,-0.06735107680668125,-0.8084885804261001
TEST_00531,3.868140622957275,-0.27147902473386276,-1.0472759899284747
TEST_00532,2.48909555190986,-0.9499208518731672,0.25917426374879016
TEST_00533,2.676785447452904,0.22911334975900852,-0.23484424049551378
TEST_00534,1.669352090153982,0.984051294599616,0.7509800843037586
TEST_00535,1.8908549781118094,-0.6749621223278259,-0.07985801530074212
TEST_00536,3.0203025770840735,0.26206181346936164,1.6421345655935717
TEST_00537,4.031332847008223,-0.6919393530464185,-0.6162986146107091
TEST_00538,3.515306752377204,-0.06510469285338766,-0.572115351040061
TEST_00539,2.4138069552994854,0.9343956160265268,-0.3219572669965027
TEST_00540,1.0805645479831754,-0.04621011398299289,-0.1673366120957961
TEST_00541,3.8260116955444166,-0.4007951626547303,0.3388227698008091
TEST_00542,1.7715346988426945,0.7806296330083614,-0.10793895004277736
TEST_00543,1.5219912845794534,0.47005426725941507,0.1647888844007589
TEST_00544,3.7244993673245017,-0.39360472123194323,-0.5492855814204075
TEST_00545,2.823958747744009,0.07601011651060625,1.5197396242897574
TEST_00546,1.182772376591592,-0.3201705475622661,-0.18652984099234615
TEST_00547,3.1189658351264837,0.37372081320877265,-0.47151316073096045
TEST_00548,2.926400425130341,1.1842914568445404,-0.39467481005559046
TEST_00549,3.2644462869082798,0.10396179886128427,-1.0465239557462485
TEST_00550,3.882083200814056,1.217107131149597,-0.0013026128288231068
TEST_00551,2.8224546783474715,-0.30692381118667844,-0.25671604633150424
TEST_00552,2.293427398699075,-1.2494067466816927,0.44770640941508155
TEST_00553,3.208377537888539,-0.2236757223387009,0.5599919405510124
TEST_00554,1.7309856484526385,0.13527091791118875,0.12294972399802381
TEST_00555,2.075090340144283,-0.7865699503185907,0.12357769934092963
TEST_00556,3.0271098423285494,-1.2300713805739476,0.8303283367459445
TEST_00557,2.5098210696998287,-0.34425984490825784,-0.13265437017248255
TEST_00558,2.9588045890516192,-0.4026071594499705,-0.44777493770371934
TEST_00559,3.8096486014027953,-0.7285689672986704,1.4337018339709604
TEST_00560,3.441388586679704,-0.43138388759020063,0.9695688974821429
TEST_00561,5.016631229720051,-1.926698809164821,1.2387248700004072
TEST_00562,1.927956458092946,-1.5819716823292844,0.9787984395278903
TEST_00563,1.0769236186258992,-0.9255065361247703,-0.11379059715838798
TEST_00564,1.834673876494087,-0.11977448744930053,0.22136998812762962
TEST_00565,2.1746683579474673,0.2333096004310016,0.6077352872645659
TEST_00566,3.099935987512675,-0.49428358242130677,0.46236965628531534
TEST_00567,3.274483815040071,-0.592022887030342,0.3354104877557008
TEST_00568,3.306660661858878,0.8766555738318115,-0.8319035619667656
TEST_00569,3.5619653077116276,-0.09499288261503674,0.7592871578817211
TEST_00570,2.2160632629851036,0.21185919639573653,0.37505955162273663
TEST_00571,3.093578208848686,-0.39114995784044065,0.013038401071663928
TEST_00572,1.5396731625980096,0.1626710318490327,-0.3013127253685203
TEST_00573,0.9653198057610232,-0.36073545238249605,-0.10181893045399501
TEST_00574,1.6203318487757754,0.29425670800186793,0.5875099092129297
TEST_00575,3.1434794421513876,0.15122658224828595,0.15436228661952736
TEST_00576,2.032522746257353,0.7496174408386014,0.6297443284534294
TEST_00577,2.359458118433584,0.9916863541159087,0.3361818545418668
TEST_00578,3.896121798130032,0.23340641818553395,0.6201795823860036
TEST_00579,2.587687606521515,0.07287751764571782,-0.15204149587880303
TEST_00580,1.6687712826044367,-0.5904291238024331,0.6315149342781838
TEST_00581,2.852414589350942,0.4041201611371448,0.6769748950734262
TEST_00582,1.371121704633921,-0.1252045766123788,-0.345218772008844
TEST_00583,3.730073000798993,0.05293949370575991,-0.6811104067181791
TEST_00584,4.074477553396119,-0.30926969345072325,0.08533041712011616
TEST_00585,4.491725857159493,-0.3951249985019093,-0.47131053491145075
TEST_00586,1.348787461709946,-0.15024091538759224,-0.3368289101022857
TEST_00587,2.0161659061038195,-0.05268627342373185,-0.12173598882310334
TEST_00588,2.610907158257007,-0.7821585570760942,0.4723029754674982
TEST_00589,1.0193052694960592,-0.012156484724697665,0.45278147730630414
TEST_00590,4.024274466627941,-0.7082371770247162,0.7097152242882805
TEST_00591,3.0450102680021147,0.06106798839355258,-0.051007503847409486
TEST_00592,1.7929817272399111,-0.6809013283264956,-0.14064945048046779
TEST_00593,3.322480896644914,0.7862195540746006,1.1828752457514395
TEST_00594,2.3883187227977416,0.4282444093995399,0.4464220294698514
TEST_00595,1.1249550242320288,0.11755037596198724,-0.17116229968651792
TEST_00596,4.560542447082524,1.139600983698248,-0.7832689141837069
TEST_00597,2.857768575708514,-0.3531830149939285,0.5676110342566908
TEST_00598,2.310133138771353,0.11429509943290994,0.7317872016856015
TEST_00599,4.471611292494146,-1.8878468704981903,2.2308368403239
TEST_00600,2.925963537589322,1.1600784217511095,1.0528003064283433
TEST_00601,2.7709275397078184,1.11500515677839,-0.4739684393932412
TEST_00602,1.1661688864355442,0.634740377016303,-0.10693264212070998
TEST_00603,1.3456559738180458,0.368395678343264,0.015031664696681081
TEST_00604,3.5119806619568825,-0.008186085505877558,0.1963591014785365
TEST_00605,1.1349239936299869,0.5532368091163088,-0.01832185947313094
TEST_00606,4.7331333952715395,0.7421361668140694,0.9875857543303342
TEST_00607,1.6773341901641683,1.1982587915079592,0.5330733559903986
TEST_00608,2.0035033836759246,1.5517931211070277,0.3508878500875523
TEST_00609,2.5422250004445877,0.08526636571187977,-0.5827299654036757
TEST_00610,2.080011301030728,0.5907942983495067,-0.13033098925141162
TEST_00611,3.74439207372893,0.025706423810148094,0.880849598680492
TEST_00612,3.4937478080952036,-0.983256502910542,0.030082958879728384
TEST_00613,2.71926312546126,-0.04632548309726188,-0.38453738210820476
TEST_00614,1.5528298645034186,-0.27004596962261246,0.32923093864511827
TEST_00615,1.194127715403099,0.026438612642779774,-0.14814741631752756
TEST_00616,2.1128139908856247,-0.4458097452510525,-0.5821262871719701
TEST_00617,2.9400595960197693,-0.26352807551698315,0.9470415048972997
TEST_00618,2.383651394624648,0.785878688482962,0.6354234917384837
TEST_00619,3.314389745720761,1.0629626051303558,0.8751796419406417
TEST_00620,2.224268034319817,0.029433038883834143,0.48443268598823486
TEST_00621,3.034305098415839,-0.4635325281387015,0.43141943790475673
TEST_00622,1.877551211618932,0.1830882095479733,0.18387568547701685
TEST_00623,3.9941706909256958,0.5109564536782434,-0.043065872152840766
TEST_00624,3.104049595754009,-0.09649172113345784,-0.25152528168305577
TEST_00625,2.9639877676245727,1.0248675433551564,-0.09257606602629002
TEST_00626,3.2004459070987554,-0.5658129390001388,-0.8370838813342079
TEST_00627,2.733939532874235,-0.1863534363557695,0.15736089790701352
TEST_00628,2.1547316727682886,0.04501297611990079,-0.15802590967365698
TEST_00629,3.978472704474613,-1.0610706137421715,-0.24559493358320258
TEST_00630,3.3806300179705917,-0.8691576139204988,-0.7611436806323834
TEST_00631,3.0594943874741016,-0.7321719727491839,-0.10370158112954297
TEST_00632,2.9714293289333784,0.6057035207858545,0.5653399441972146
TEST_00633,2.701773533790732,-0.8152428581560187,0.7765194221983347
TEST_00634,1.6734216687657935,-0.24861451951509708,0.20861031965566704
TEST_00635,2.636806837799179,0.9139092339521767,0.8414654358484301
TEST_00636,1.4083278268905148,-0.49757327038103144,-0.3399122266508439
TEST_00637,3.107041290418786,0.1596079292339649,1.026543384678128
TEST_00638,2.7539419180532154,0.1442095438115538,-0.0632286196333883
TEST_00639,4.8269527943251935,0.7392904584089868,-1.2061899512900767
TEST_00640,4.616469288804077,0.462672409804961,-1.0508613200504746
TEST_00641,4.674230575433125,-2.2077129057890796,1.208861048647869
TEST_00642,1.685727772998894,1.0568211490041648,0.8344928734534268
TEST_00643,1.9315853158716008,1.1268538330708548,0.28958804628870877
TEST_00644,1.7075696840658185,0.35501252390258525,-0.2960231904571854
TEST_00645,1.295067286887484,0.008636821008515642,0.021307160014251095
TEST_00646,2.4072607119462703,-0.8834544703762732,0.5491301843321807
TEST_00647,2.4004827582639767,-0.7325617946847303,0.472911618636922
TEST_00648,3.4046922022953767,-0.2932531317956462,0.3971427924789585
TEST_00649,1.7440655217756627,0.6827726630524129,0.2913285629948108
TEST_00650,2.216008061049235,-0.10999011164159499,-0.15813334359392658
TEST_00651,2.1026965013577503,0.6259590147513198,0.2329462021984814
TEST_00652,1.2959414524041175,-0.8468393408480445,0.0900833357546055
TEST_00653,2.5157620835130974,-0.5738250612234944,0.19771098881216836
TEST_00654,2.182259988767476,-0.4762630099410553,0.32061753556034917
TEST_00655,2.7986428434163924,-0.31952485667077296,0.023971408430718925
TEST_00656,1.4307205127016613,0.7131753406840159,0.22955265417373089
TEST_00657,2.032902563676384,0.5453926045380711,-0.5466366329932641
TEST_00658,1.768430436922474,1.0372772976197753,-0.5556746358203882
TEST_00659,2.731978722657232,-1.6264527234526935,0.38923530977464643
TEST_00660,2.89894528458494,0.41565462323028546,-0.02693971379177016
TEST_00661,1.4146204140727148,-0.6371163651297572,-0.22110579454722298
TEST_00662,1.3507343245470917,0.04703065742925496,0.08504795322480434
TEST_00663,3.211528921241122,0.5550402789853947,0.21829589461583965
TEST_00664,3.444696063378191,-0.2561151614508871,-0.21160391872588213
TEST_00665,3.5637874482826266,0.08711542820234845,0.8019236346408671
TEST_00666,2.83278317007977,0.21481094573314502,-0.12596820694250363
TEST_00667,4.176046648151749,-0.5313582016491916,0.4447941195281257
TEST_00668,2.9044308478396266,-0.8826818222939941,0.0456641503065741
TEST_00669,2.641997768286027,0.9504247468204701,1.1916232840118526
TEST_00670,3.036385661670951,-0.23310297299477128,-0.5918053432522633
TEST_00671,2.403986105101911,0.24432917766596476,-0.010245794896896941
TEST_00672,2.90579760692619,1.0003507959076468,0.959290055417347
TEST_00673,2.8762968543160405,-0.7687438765396947,0.4543430314574504
TEST_00674,2.099441568698769,-0.4379653990349029,0.5948046691345399
TEST_00675,1.8024695059699625,-0.045346593479423186,-0.5079674684853417
TEST_00676,1.9740796368702704,0.6830915145574814,0.033919681153990036
TEST_00677,3.2059931274226994,2.1202013836203437,0.5496536004174214
TEST_00678,2.224839747714123,0.5472990068273977,0.5918975897631069
TEST_00679,5.8578058312380605,0.6804052601317028,-0.722196810054023
TEST_00680,3.025873857213783,1.5971108542482841,0.21796773454029603
TEST_00681,3.236546079637499,-1.3862606433520452,1.0883038426774834
TEST_00682,3.6593822919382664,0.17662911582821147,0.2758433492685927
TEST_00683,2.526617489609435,0.26314618074853796,0.9140369733248686
TEST_00684,2.3409292517659526,-0.16736170430202826,0.6364883713302417
TEST_00685,2.3524510916012686,0.6717753565687063,0.10994483004034004
TEST_00686,1.5219673833694343,-0.06291187027625891,0.19072670307163264
TEST_00687,5.021154781424451,1.3317307121815076,-0.9242673113080665
TEST_00688,4.072197396719891,-2.0951967409164394,1.4569019052186598
TEST_00689,3.3396138049764446,0.018217818160500443,0.708159876272309
TEST_00690,2.7274731236544945,0.427257983879034,-0.6718574501398697
TEST_00691,2.25611376395326,-0.05305105939942607,0.6970398487629265
TEST_00692,1.964178623611068,-0.4301780037536945,0.607853953435418
TEST_00693,2.315912251716005,0.5510975680253309,0.1038953683902559
TEST_00694,2.8821431117071117,1.6699925022885704,0.7968046467101461
TEST_00695,0.9466278470608284,0.5555656481546509,-0.03373154027008128
TEST_00696,2.686498695223062,0.42983271790176736,-0.5870553891300594
TEST_00697,2.4656614002127997,-0.37731345462193705,0.3947043901688209
TEST_00698,5.292219946447487,-1.6420566094413436,-0.6336144791233294
TEST_00699,1.2055048590855941,-0.02245915344804527,0.05508441200164652
TEST_00700,1.0992277555725063,0.05944511121959325,0.3764606710416402
TEST_00701,2.7246187862934432,0.3559244566928013,0.2589074102673395
TEST_00702,1.4328865682715544,-0.5638907384299511,-0.2725605779951112
TEST_00703,2.24216544097194,0.15843626579620676,-0.0285565311863778
TEST_00704,2.212609300738874,-0.6998074053733779,-0.37856842541576396
TEST_00705,2.619033414991992,1.347790808258918,-0.31529222728596684
TEST_00706,2.7020818414692385,-0.23251197843673746,-0.11119654052436918
TEST_00707,4.4042778903837405,-0.2056500760951598,-0.34129620469625116
TEST_00708,2.096647551197649,0.139940505746916,-0.16394546360605258
TEST_00709,4.1977711021899555,-1.7244223797600893,1.5088962656606617
TEST_00710,2.4965287867160715,-1.70541340193278,0.7664467837429895
TEST_00711,1.4862169501839066,0.19759194923040296,0.08641185388923119
TEST_00712,2.623487696546235,0.1596010297647507,0.9329718063367285
TEST_00713,2.2195400127478924,0.813997963801532,-0.611458647972596
TEST_00714,2.9328509870734147,-0.15154262209954247,0.04926917790839138
TEST_00715,1.0698877334532615,0.07250552076085419,-0.07212343376639507
TEST_00716,2.203659973057336,0.06039628570361143,-0.663695686814866
TEST_00717,2.22362244698843,0.2278245737563913,0.2839268664683029
TEST_00718,3.129069760835405,-0.6377060980332147,0.9329942194285543
TEST_00719,3.1515804185648264,-1.2634423550023364,-1.4968119546561718
TEST_00720,2.9971689792525136,2.3355161307940993,0.44934076480869933
TEST_00721,1.785152698290602,-0.7131753943649555,-0.05422348993705322
TEST_00722,4.113130685781774,0.3338246480937956,0.43369525045526686
TEST_00723,2.2121434544562297,-0.3137337224515191,0.7544002513701087
TEST_00724,2.061448493744609,-0.29641894302734845,-0.3586954327115159
TEST_00725,0.8469417348492052,-0.031555211606179474,-0.18721604852031296
TEST_00726,3.242771853990086,-1.0265626285081446,-0.06172378434411701
TEST_00727,3.4490057850902565,-0.8948408557488539,-0.6039909468091177
TEST_00728,5.79155141524666,-0.4826648318416462,-0.3977585420736283
TEST_00729,3.941787486543957,0.4613394170364644,0.4369533436389311
TEST_00730,2.87837362139033,0.6272473805001443,-0.009337556270924023
TEST_00731,2.2443820209999434,0.5102586821489694,0.15158008868813003
TEST_00732,1.4412391755222629,0.10380091872957782,0.02893873294466201
TEST_00733,2.8334318697595844,0.34644272329950426,0.14080117002569134
TEST_00734,1.4370842504369874,-0.6167847521628191,-0.11050947577386473
TEST_00735,1.2113337017787817,-0.016756326187745967,0.35949209294713
TEST_00736,2.2302081598245005,0.6237908931050751,-0.31465228130178385
TEST_00737,3.0453181175186117,-1.4051708206711586,0.7024205276064127
TEST_00738,4.874968144375283,0.8991782470525792,-1.2808010168299875
TEST_00739,4.070407728003606,1.5090195672352236,1.2737558213543685
TEST_00740,2.606432576889,-0.4728234845929308,-0.07253070160764159
TEST_00741,1.192321173621084,-0.4267048213820015,0.4187030433966318
TEST_00742,1.9424319116463924,0.03963291221629628,0.6018214183702095
TEST_00743,3.6433365714426045,-0.4652441201885068,0.23115632763087662
TEST_00744,2.259217552869249,-0.4155343015647522,0.45882773167054963
TEST_00745,2.59825140149894,0.3764927894711176,1.0803239715574664
TEST_00746,1.6449422783629142,0.30250687624946765,0.027796303961537497
TEST_00747,3.5966009143773547,-0.5806332142974627,-0.7647462911961135
TEST_00748,1.7363547138686182,0.025457006791798905,0.10883042608309516
TEST_00749,3.7078460904871338,-0.3192799327397208,1.1891761198035433
TEST_00750,1.3591916495728633,0.7228882099899756,-0.3111897167344464
TEST_00751,2.859414915403266,-0.29988179506359713,-0.30979168679594765
TEST_00752,3.4089265979810404,0.2887908707833972,0.6612868497466553
TEST_00753,3.1525998288073906,-1.3764436992945652,0.8452537557693849
TEST_00754,2.8151681436455123,0.05021912088691874,0.41759558624204807
TEST_00755,1.8206227091424518,0.09057147318863153,-0.21104892398701033
TEST_00756,4.06815154941643,-0.7977615538995645,0.31878558846214516
TEST_00757,1.6637622619323376,0.3894017878275781,-0.0876759509170865
TEST_00758,2.5400265553041477,1.0660322917877503,-0.3976199636597298
TEST_00759,4.938406405862305,1.2232623241807628,0.1062180540899217
TEST_00760,4.750840024906601,-0.08227476318427421,-1.4659199902111608
TEST_00761,1.0076680309906276,0.022357582234495486,-0.05653072598309705
TEST_00762,2.7067807315320436,0.09782002300166313,-0.07450836703440628
TEST_00763,3.321217565567846,0.8576701956305409,0.3127210425397642
TEST_00764,2.4349901284186726,0.2500954077750729,-0.025010545050617
TEST_00765,1.5921046075557481,0.42903676472442875,-0.014601660727510483
TEST_00766,2.1146139988719432,-0.7660445820928086,-0.35728946781492193
TEST_00767,2.881753701117528,0.8410798585327557,0.9433171397917697
TEST_00768,2.5149749734135756,0.29808575784975794,-1.0992623507465697
TEST_00769,2.1071997803417837,0.8506304032052825,0.03343109311692726
TEST_00770,3.3800293264761843,0.3475789791519357,1.097855460492993
TEST_00771,1.6466017169692089,-0.3576940267337219,0.3340107077012457
TEST_00772,1.389750279713124,-0.19578637531964965,-0.15651523854861876
TEST_00773,1.9470200358088319,-0.11423407739651431,0.24134879257405498
TEST_00774,2.16932442782601,1.278548563281501,-0.7998991440478609
TEST_00775,4.126350504546817,1.0677488173447163,-1.100562082211429
TEST_00776,2.87164373969963,0.2243218454353625,0.7698124994897119
TEST_00777,3.1932291329285745,-0.8902730047307826,0.1830330270178792
TEST_00778,4.891601571771739,0.422838646254642,-0.3203167249044984
TEST_00779,4.777010439450715,-1.3907027327033157,-1.4020560065784857
TEST_00780,1.9674250880072752,0.6701287126272106,0.48063756060684115
TEST_00781,3.191174141932568,-0.08863309324148848,-0.1831564281095198
TEST_00782,1.9134838588635035,-0.4649637463938165,0.5010029431441154
TEST_00783,3.9198927052949544,0.7903670237896467,-0.005220328324631879
TEST_00784,2.321042320304654,-0.18004050846621797,0.46740396486990443
TEST_00785,2.810950904903967,0.4424786111742598,1.5249402710004734
TEST_00786,2.794184514240794,-0.27628630025448153,0.0924812537543734
TEST_00787,2.5139582508093894,0.6744360511836204,0.8901714211705859
TEST_00788,2.2794588857054663,-0.48795365642440497,0.3833160150798312
TEST_00789,2.73080104749254,-0.9554290491327668,-1.2857056648124365
TEST_00790,4.088594948572893,0.07263252328572561,0.5843292178017725
TEST_00791,2.383879514643262,-0.3096424061134275,0.2910679824981924
TEST_00792,2.2178935454682263,0.9863787848059844,-0.1463666429134892
TEST_00793,2.9575615723666986,0.5558110917575362,-0.04846798732759787
TEST_00794,2.492286588957151,-0.5840183395812422,0.409972173844132
TEST_00795,1.7875388943393424,0.3442795890429573,0.42505008860601196
TEST_00796,4.59722476411626,-0.5009623088289593,0.13303106737056372
TEST_00797,2.854860982531679,-1.500224662582718,0.995824156645774
TEST_00798,3.3364917378096863,1.4406324333953897,1.0087766633224542
TEST_00799,3.6567155369172815,-0.6416191827412389,-1.277156343953499
TEST_00800,3.50021514834322,1.5883961109173395,0.2918233987766989
TEST_00801,3.6351727876132722,1.3977819042348483,-0.2440585835422181
TEST_00802,4.496518298959765,-1.4306902552667367,-0.11812756150065304
TEST_00803,3.232764729683357,-0.1066349076315978,0.06542600833324567
TEST_00804,2.089557855648132,-0.5313203917308094,-0.7587298121928243
TEST_00805,2.0831093841924453,1.070220846206328,-0.6332931973051195
TEST_00806,4.224517490460723,-0.1955345941662924,0.3329289892903578
TEST_00807,1.136026690228863,0.41004233831740594,0.16434590201834784
TEST_00808,5.606592863455233,0.37586286553529913,0.15022209994278646
TEST_00809,2.4201463912288634,0.6965251965480324,-0.06559767515564333
TEST_00810,1.580307454526463,0.27914725886954134,-0.21956654424009203
TEST_00811,0.7882062342127905,0.4152835511785177,-0.03326766138781718
TEST_00812,2.4829952701667484,0.5727964627276801,-0.313327180832447
TEST_00813,2.3809783629723045,-0.11256546759465268,0.03937397034376943
TEST_00814,3.707222638713185,1.6833776901493305,-0.8088795893863512
TEST_00815,2.3646226567532036,0.885946400325322,-0.21058217158049125
TEST_00816,2.592545134375169,-1.136681228077294,-0.2050246763010756
TEST_00817,3.727979775696337,-1.9349820472290247,1.7374241452969723
TEST_00818,5.4469009094878285,0.46831847281599814,-1.1659527036078792
TEST_00819,1.6659089400229525,0.49930921138907525,0.3091839580911666
TEST_00820,1.4635771345141768,0.2981952801189721,-0.021786225539468997
TEST_00821,2.66014636055375,-0.3997183302724299,0.6471985681872893
TEST_00822,2.085312855798688,0.6719396662133309,0.15919015190009553
TEST_00823,2.4033462816597817,-0.5686213118301914,-0.45650196018443473
TEST_00824,1.6762424522882395,-0.3324393863543588,-0.2591268467097483
TEST_00825,1.4084136637708276,0.4945249020088443,-0.6855552536418286
TEST_00826,1.6084982744333345,0.4541954183504207,-0.3116148830046122
TEST_00827,1.123808428369589,0.4014436448200153,0.060742921928798356
TEST_00828,2.3937709058619823,0.9299359831830264,-0.6489449195678143
TEST_00829,1.274991422790894,-0.08606887071281878,-0.29563071292975107
TEST_00830,4.748768243747962,-1.31075410445113,1.8357646463499568
TEST_00831,2.20210920402639,-0.41529745628587805,0.16479641029701633
TEST_00832,1.4451544215662708,0.6182075815670162,0.2862850312345721
TEST_00833,3.1994807277881168,-0.9548166332511099,1.4994851154473432
TEST_00834,2.0572909730375475,0.1565228065849566,0.2334257173744834
TEST_00835,1.9092597821196218,0.6795214111425717,0.10761503144199215
TEST_00836,1.41360452978393,-0.9166710843379817,0.0027221443696711107
TEST_00837,1.3706037466248628,-0.17920771144677713,0.0027743799030256573
TEST_00838,2.4128522976634343,-0.343428096706211,-0.15286031109619796
TEST_00839,5.790932813568038,0.448122623990802,-0.07531508024066227
TEST_00840,1.5012120748564566,-0.08326164749987211,-0.2453007757817369
TEST_00841,3.991886741323438,1.4947865976270558,1.4700628307027277
TEST_00842,3.061199561374024,0.5715998680588632,1.5569936475022017
TEST_00843,2.438059136919501,0.6774105221881486,0.05536028200461149
TEST_00844,3.4965610816413015,0.3140221177268751,0.7062444928208426
TEST_00845,2.506163839528536,0.13734088163380231,-0.0533444380751468
TEST_00846,4.5898001956545285,-0.40789966168085107,0.7747695432088909
TEST_00847,3.655339340846244,0.34952167551347746,0.1346070858436508
TEST_00848,3.873217382207166,1.0654645080188734,0.0031387681438104858
TEST_00849,3.5780827672051467,-0.07337484847053367,-0.056004306284298734
TEST_00850,3.1092781096596838,-0.31610526893103225,-0.3110253612324706
TEST_00851,4.264770302634328,0.1420222641239826,-0.1396018180906441
TEST_00852,3.2205146768356245,-0.7018507134916799,0.4840856863696168
TEST_00853,1.653312729342443,-0.6940853744004037,-0.15360703861832428
TEST_00854,3.117152212337413,1.3374626723855676,-1.08837827800718
TEST_00855,1.0769837935918214,0.08639427074808305,-0.2727739096929313
TEST_00856,3.2674517293327505,-0.22766503065137664,1.5044482012962972
TEST_00857,3.740797558402095,-1.9459550772976726,0.32897225666791957
TEST_00858,4.274788340436904,-0.16673169362984674,-0.566062377320813
TEST_00859,1.296870345581749,0.28405158071037456,-0.39379045870725965
TEST_00860,2.1561359782441123,0.3026247141923509,-0.13617545120330274
TEST_00861,3.356944867755423,0.03185377649316773,0.23538565808292478
TEST_00862,1.5906349977677605,0.2958230796836087,-0.19613829642183322
TEST_00863,3.4550079537177667,-0.014591418063093551,1.0309518353716973
TEST_00864,4.061434760918662,0.13081282123246032,0.8407053447220926
TEST_00865,4.907848668442885,0.3451873394190621,0.13214167159161305
TEST_00866,1.3904498970420347,0.45097464923179675,-0.0435993288499581
TEST_00867,1.8361447479097248,0.4929407888664714,0.1853007196924743
TEST_00868,2.425972748790517,-0.7673109650874044,0.22905535877745825
TEST_00869,4.3790714835244975,-0.546083568639939,-0.1104975366051611
TEST_00870,0.9781371666626457,0.42270631436774875,0.002302832479286884
TEST_00871,1.4842948858426366,-0.37548387513160886,-0.08388183715304809
TEST_00872,3.363588538761499,0.985896201017432,0.13488153503422712
TEST_00873,3.539776162441389,0.2603046900767038,0.5679250227380639
TEST_00874,1.6584636060683577,0.14755258197144808,-0.047195285074537935
TEST_00875,1.067245548257671,0.3060515760959317,0.09502829770997002
TEST_00876,3.4580414440440927,-0.2954744990491981,0.3573159892679871
TEST_00877,2.618904926625542,0.8216433063298384,0.19185876115016626
TEST_00878,2.281401110607343,0.7121408313523785,-0.29217826157582005
TEST_00879,3.6107720243948926,-1.0359202160953294,1.9672582739934903
TEST_00880,4.23059540611653,-1.5190846200667756,0.3174743921099222
TEST_00881,4.644939071194157,1.3729933958390372,0.8956894534747446
TEST_00882,2.034665863987201,-1.0419814382809598,1.2687006478655571
TEST_00883,4.1535453388806305,0.13223191222112923,-1.1222211807135145
TEST_00884,1.8820599976856687,-0.20245523496506956,0.20577887052919025
TEST_00885,2.6954727909190423,0.3400458931608226,0.6001234665842293
TEST_00886,2.077574585503204,-0.33451877820475506,0.26144312916695606
TEST_00887,3.8736729696169268,-0.07956619957984379,0.13952678197500068
TEST_00888,4.295331465773411,-2.204087857746007,0.9341398190606498
TEST_00889,3.5173038558777545,0.05118268208463238,0.07879979400083857
TEST_00890,1.5871456753865125,0.30424969401867413,0.17010498275919375
TEST_00891,4.081343166905651,0.30900933949681175,-1.1423971810404503
TEST_00892,4.443331023043367,-1.102225672364159,0.7313295837899535
TEST_00893,1.2824074733589184,-0.030316564419439498,-0.032396564509253434
TEST_00894,1.678824198978516,0.6362793285931059,0.7492866812236175
TEST_00895,2.8569752415660106,0.3292160668549314,0.3088355422144778
TEST_00896,2.382119249020097,-0.17756643669969488,0.5247272458997415
TEST_00897,3.681482694253122,-1.0830375215030044,1.7033863507682558
TEST_00898,1.9514598721557277,-0.4836120685740494,0.5507441478283422
TEST_00899,3.2204175946228286,-0.9452823147651566,-0.33765819061800384
TEST_00900,3.0926375795032053,0.4857639338648354,0.9130300976166011
TEST_00901,3.2443713102807528,0.429161509713198,-1.1333796934764078
TEST_00902,2.5013166744772173,-0.214868547747447,0.16628602494715297
TEST_00903,2.769114190845258,-0.341314739076064,-0.41100804959235054
TEST_00904,3.8303272966021384,-0.017529373910956107,0.8174777563662677
TEST_00905,4.106863675970974,-0.359296706018283,0.7424405981214508
TEST_00906,1.9802282302755847,-0.06166084971465046,-0.06678364778176876
TEST_00907,4.136429205809759,0.40787959435737825,-0.48440152799991437
TEST_00908,3.095492883705794,-0.816024773862776,-0.5786844902193503
TEST_00909,4.219037737050123,0.018576247521835204,0.44205459632032496
TEST_00910,1.9959302211394068,-0.8862915391619488,0.5529219018158575
TEST_00911,1.8028478109291766,0.04526923403171352,0.2626527289496669
TEST_00912,3.187490694309168,-0.6978882770947189,0.5859825297597507
TEST_00913,3.2762982006823558,0.9074004560738778,0.49585458702186147
TEST_00914,2.4066217956869926,-0.29690465821615003,0.2525457240721342
TEST_00915,1.597513705051471,-0.8290835504473655,-0.3070942342275735
TEST_00916,4.3606241549321965,-0.027345279065713123,0.14885451665516813
TEST_00917,3.054943366635324,-2.2747550543175277,-0.8480135739839659
TEST_00918,1.6010796641911738,-0.4653327638254789,-0.5014592220141725
TEST_00919,1.1729243176273296,0.09615649864726615,-0.13186999774657146
TEST_00920,2.812932576746794,-1.6646414761423585,-0.7037031676594957
TEST_00921,2.0198213228357815,1.2353057500902822,-0.3157550409744915
TEST_00922,4.290441123247955,-0.780193471913799,0.49893872051218063
TEST_00923,2.3473559969784463,0.535634014953453,0.6316274143243389
TEST_00924,3.298390144859257,1.0797969897219915,-0.054328635795356614
TEST_00925,0.8811645864865851,-0.12748778888003554,-0.31642341457763196
TEST_00926,4.592813564125812,-0.823794844334816,-0.6007807892807838
TEST_00927,5.0626867836038745,-0.47281071532360436,1.194144131706836
TEST_00928,4.423263879211234,1.492651990581615,-0.10307396750942925
TEST_00929,2.1156011149084946,0.27853807842805145,0.25778675035303417
TEST_00930,2.72604099087789,-0.04193404890778408,-0.6350148355924539
TEST_00931,3.156504503224255,-0.4235192795070583,-1.2102254794925715
TEST_00932,3.419199782999034,-0.972929114483134,0.43948175027545583
TEST_00933,1.2320987467969753,-0.3634236861806732,0.04030203016828085
TEST_00934,2.486834510238436,-0.6455506677345906,-0.42310695797292486
TEST_00935,1.2621354059776808,0.49001504536521084,0.23327213705452882
TEST_00936,1.7964191545801682,-1.103678282741648,-0.607966543016974
TEST_00937,2.110545425883819,0.7914060871029193,0.385824025875262
TEST_00938,2.436958522024677,-0.6996014501339881,-0.7833563832063649
TEST_00939,2.3868146183263392,0.6043538661782186,-0.09257430345886244
TEST_00940,2.920224973072779,-0.27334024430162823,-0.14007895144767926
TEST_00941,3.6209459015781063,-0.44474104810786147,-0.6942201085675946
TEST_00942,1.8000485109258275,-0.414813756361044,0.057995471236528574
TEST_00943,3.9913205980686084,0.4740504961958003,0.9438704986422835
TEST_00944,3.7007209375855474,-0.29060620267034093,-0.5816312858164102
TEST_00945,2.193586490854596,1.745955715045105,1.073755782983372
TEST_00946,2.0468751598090074,0.08438280790965541,-0.1816419949766471
TEST_00947,2.2895538216225444,-0.14959349951723105,0.08323180771457331
TEST_00948,2.0293730608135565,0.43001820049278117,-0.1987721806173083
TEST_00949,1.2339181146246991,0.18578424845400082,0.5550235432037999
TEST_00950,2.3012462712482975,-0.14462138275564945,0.2649026050387707
TEST_00951,1.7844822710927546,0.8074511120193865,0.31692137649185265
TEST_00952,2.1295117882598555,0.18094155078367474,-0.47526135605553516
TEST_00953,3.111098759046828,-1.5693754409655305,0.8486957113467494
TEST_00954,2.7968451035645585,0.061049794534656504,-0.6382193543180432
TEST_00955,2.084539517024392,-0.05109543326788737,-0.48018595097771605
TEST_00956,1.4005024538379633,0.046959168065284794,-0.576774072277201
TEST_00957,2.0635279282887806,0.20148989148774796,0.017034036249490805
TEST_00958,3.292322013016342,-1.6180399948949076,-0.45624955187471555
TEST_00959,5.49452617490739,1.7174252780611674,0.29575212381099975
TEST_00960,3.9423964463669434,-0.3457453180232442,0.2695359260897637
TEST_00961,4.133403001564891,1.0403659021280172,0.7660240950015262
TEST_00962,3.371141866397848,0.6068795727707486,-0.5480308119803363
TEST_00963,3.324873897576708,1.6827428945151983,0.08749570701571563
TEST_00964,2.586911777562773,-0.1314118108423454,-0.5927661156902213
TEST_00965,2.3342767019399253,-0.5955522081930804,0.6176868310598584
TEST_00966,4.850108705152847,1.0755678974523215,0.4911585251272849
TEST_00967,4.798542971973069,-1.2692650044310358,0.5857859227551231
TEST_00968,1.6986286743378722,0.17624165984096168,-0.025291687705932785
TEST_00969,2.036050574551547,-0.1361424998854288,0.032708238028230946
TEST_00970,2.273247659797763,0.2565754488093429,-0.11508451677951499
TEST_00971,3.2928360403535795,0.09928943100021491,-0.3525448936194539
TEST_00972,2.9504215374514584,-0.0796589719403613,-0.362338701986407
TEST_00973,1.0283088443405852,-0.019397610101543238,0.06914230293147319
TEST_00974,2.8699571648592967,1.3162517930018047,-0.443071619053299
TEST_00975,2.303749796913577,-0.752656941625882,-0.09552177908231553
TEST_00976,1.849031257390705,1.0229862622031067,1.1052250923139488
TEST_00977,3.343238429229921,0.1628415071513662,-0.29925753810673195
TEST_00978,2.0153099295970005,-1.611411041461904,0.35763835583232756
TEST_00979,4.46796946279171,-0.6688474982650022,-1.2962993536705987
TEST_00980,1.175355825407915,-0.343346586125925,-0.09767597039769345
TEST_00981,2.960057103194642,-0.09537802500954247,0.0712953210957625
TEST_00982,1.6805269523751998,0.4173265368506515,0.025304626788139842
TEST_00983,1.2805085143247923,0.3035185561067322,-0.13060166346068144
TEST_00984,1.813234156368666,-0.10291598352951946,-0.1752779612578061
TEST_00985,1.5058698580311454,0.5287203801873042,0.6443323683353176
TEST_00986,3.215288119748187,-0.10877897634576215,-1.368763647365557
TEST_00987,2.945055579774493,-0.29259521459159293,0.09155301413092375
TEST_00988,2.5879912154204785,-0.04461835473220605,-0.07498079654008143
TEST_00989,1.8725917347216237,-0.11541053873958207,0.7769842023525357
TEST_00990,2.480685282548473,1.6070100060562136,0.6100576487176641
TEST_00991,1.7208082946011787,-0.8772223778268106,0.09149063952512344
TEST_00992,1.585469637542673,0.9168392943613353,0.45669970398936305
TEST_00993,4.001764708743898,0.1364525478062168,1.0736062113926308
TEST_00994,1.3531011089909424,0.14083209494604648,-0.09957912822745836
TEST_00995,0.7519097673130485,0.023402963856371806,-0.01436014141708013
TEST_00996,2.7882966923778634,-1.6050656479398524,-0.26441812646176804
TEST_00997,2.2556074139485216,-0.19331014312818123,0.17176526437008868
TEST_00998,1.4202708624030853,0.5830822060709324,0.07424597705714961
TEST_00999,1.3716124825910816,-0.6242868765198198,-0.6931112359929053
TEST_01000,2.768905544112219,0.8748298402151264,-0.8337565281481344
TEST_01001,3.3553835671697145,-0.951285919995787,1.0745734617833262
TEST_01002,3.554970210444036,0.9447012811497216,-0.4270352256100555
TEST_01003,3.671710321764416,-0.9570054159303789,-0.5066434353548867
TEST_01004,2.2011693784139785,0.8351405679021366,-0.09120392390365382
TEST_01005,1.3185720074163936,0.7164713324334272,-0.08047074470249332
TEST_01006,3.7808481594756866,0.7971219428069931,1.2536535044619403
TEST_01007,3.2859549906057497,-1.4127076350761187,-0.6385131812452368
TEST_01008,4.982643135353353,-0.13114241640688742,1.465945780845632
TEST_01009,2.446342964961642,0.16718880138076353,0.18539522106798073
TEST_01010,2.264576624645741,-0.10147721133166314,-0.39442088920988205
TEST_01011,2.506194777288569,-0.01606690697326543,0.09857203491619233
TEST_01012,4.837656285231139,0.5873101836989969,0.3896005531803828
TEST_01013,2.663186438181698,0.163413012211622,0.39742513237238314
TEST_01014,2.5470440689493645,1.293369002009885,1.0007540902707586
TEST_01015,3.098401517094221,-0.2653279817921255,-0.14622470891799583
TEST_01016,1.9245114606846867,-0.8367109579316839,1.0681318370084902
TEST_01017,3.305907953417019,-1.0906741541138245,-0.7884440470343695
TEST_01018,3.0580996479892555,1.4154367422136471,-1.1929826591928816
TEST_01019,3.831420707704233,0.7013150525158287,-0.1935846444333624
TEST_01020,1.5579814999822355,0.27802370207330396,0.6410425473536233
TEST_01021,1.6844027424899544,0.4441857955222674,0.44669786068746553
TEST_01022,1.78787062833103,0.084885371536343,0.09732197433971676
TEST_01023,3.7056516616931057,-1.0332663176976051,0.5823064309376965
TEST_01024,2.6176416892573746,0.37631809369393765,-0.23195818316846378
TEST_01025,2.4844153492539864,-0.46340310514462213,-0.5394234617705678
TEST_01026,1.5230229865592062,0.3873591795899976,0.33601934778326814
TEST_01027,2.9489348563878037,-0.04048026938836399,-0.47496291360189635
TEST_01028,2.589518544043216,-0.5016915323933445,0.3338395947910073
TEST_01029,1.0752858899784927,-0.49268301344057075,-0.6074307344486529
TEST_01030,1.1534456765065237,-0.21386278844891393,0.1462152218288599
TEST_01031,1.8723834741660517,-0.23188550553775505,0.18914608067788735
TEST_01032,1.646236384670525,0.5265598037806877,0.6612904588390236
TEST_01033,2.2498884215259216,0.27562610261376136,0.5923467312717321
TEST_01034,2.82618539250462,-0.028461306875913986,-0.5872227764697796
TEST_01035,1.3567613085810366,0.35739914687349483,0.6274227012176954
TEST_01036,0.9786489111100946,-0.3044559220940879,-0.4198329879025371
TEST_01037,3.252053430799473,-1.9442364389964801,0.940155941590833
TEST_01038,2.455729176125606,0.7893797332485948,-0.7298984260599236
TEST_01039,5.335109710272618,-1.6068961985388424,1.860150644620312
TEST_01040,3.5707316663590234,0.030476411720515798,0.22586781627697997
TEST_01041,3.4598077137451337,0.2037211735706008,-0.31136854638904204
TEST_01042,1.5199652013443972,-0.33051265931201695,-0.1501154610029311
TEST_01043,3.842305218862178,-1.9493584397598465,0.9596835091252078
TEST_01044,2.4447112003830007,-0.8619505308755288,0.1915689998246328
TEST_01045,1.381201216531646,-0.04831890917066026,0.06689706457608101
TEST_01046,2.040106404419404,0.19428024368515992,0.2161840532611355
TEST_01047,1.5955172363274657,0.7352040360588155,0.6026853367731908
TEST_01048,3.4064819398299084,-2.279621128205676,-0.37117932272040866
TEST_01049,3.7225323489610185,0.21069927357538454,0.3878000035998513
TEST_01050,1.386948135611674,0.028670088725386563,0.3729093996432734
TEST_01051,1.4283572935377367,-0.15706259253966529,-0.03614163324691591
TEST_01052,1.4208918092582454,-0.05692821827947799,0.13360843918289939
TEST_01053,2.2653582060825204,-0.7300036758715371,0.5163570119386302
TEST_01054,3.676392767721023,-1.0804660841721934,-0.29736560392304423
TEST_01055,1.91394694080103,-0.1604588276236051,0.36573852781346095
TEST_01056,2.1758313278813035,-0.013318963395112396,0.9673993539400155
TEST_01057,3.452528898133467,-0.8213972575563926,1.1683310255181234
TEST_01058,4.6898073878016,-0.9801847204009901,-0.40947712552090093
TEST_01059,4.071227996368398,-0.5585389033667084,-1.073122007677755
TEST_01060,1.7421201232805792,0.5237825366675066,-0.17023090032098367
TEST_01061,3.032610687437161,-0.33278732450063414,0.7436966806758819
TEST_01062,1.9494693764694215,0.7215886222215394,0.17921282920932582
TEST_01063,3.319101158988888,-0.47242497409435236,-0.42624079082788613
TEST_01064,2.2382515961401404,-0.31917981821174307,0.9396277334876831
TEST_01065,3.523356887060323,1.1065354474935734,1.6695581183221087
TEST_01066,2.5631003424118886,0.1414662092158387,-0.004521682107358852
TEST_01067,4.629852029716193,-0.15418134611252854,0.36493967680320755
TEST_01068,3.139898451636612,1.2224851095426188,-1.065193794222321
TEST_01069,3.484396497634154,0.8512933476980378,0.4600574725631556
TEST_01070,4.559349621765089,-0.5503269966420411,1.0411302985076762
TEST_01071,1.3692010057719,0.221373074303741,-0.15151298737702268
TEST_01072,1.517068379484053,-0.05463324785430201,0.7118648681526142
TEST_01073,3.168858374215305,0.5604904696347514,0.4701401812134323
TEST_01074,2.800682376716259,0.035524847035407814,0.1790921179199891
TEST_01075,1.5641465607546514,-0.7813312525226579,0.5687246811601393
TEST_01076,2.954016174036284,0.49960274691001355,1.1107443006342468
TEST_01077,3.49764350795197,1.4866636420527273,-0.5094528182038827
TEST_01078,2.4193833067912447,-1.022048417135697,-0.39047446096407257
TEST_01079,5.369741671842489,-0.8336608934988107,0.7463170032401657
TEST_01080,3.605031276538578,1.5598564282416185,0.2873296998405671
TEST_01081,2.2760625604770777,0.8037424397743095,0.5771987256092612
TEST_01082,1.5667179176811536,0.4693840516310341,0.033819151639105476
TEST_01083,2.127466998194468,-2.0074277513630574,-0.5484307894074286
TEST_01084,2.245701628292706,0.6186435056347396,-0.20998230569946763
TEST_01085,2.2457498502999895,-0.17330629774035225,-0.04149955231561724
TEST_01086,2.2254294335235656,0.8752903404070193,-0.311745418254974
TEST_01087,4.847198636003772,-0.16912439818360056,-0.424170928984644
TEST_01088,4.9899642087065565,-2.057863790678236,0.1527252658908496
TEST_01089,3.506735673628887,-0.1179778798903399,0.10037110092011282
TEST_01090,2.7266069318282167,0.2591994733529505,0.12741950235649208
TEST_01091,4.1430903315168255,0.28772438080399626,0.30321744258191863
TEST_01092,5.043733749994379,-0.9680718359378154,1.2167263421273065
TEST_01093,2.1251270815242873,0.49706323468165775,-0.1868651036297844
TEST_01094,2.0463364846724628,1.2608062985415172,0.8419443196071072
TEST_01095,3.3853160602249197,0.9247404523089279,-0.6169376876266404
TEST_01096,2.007038441770809,0.4955163826186505,-0.2374944056574529
TEST_01097,3.8990907086430298,1.5673294851146646,0.8833872109231642
TEST_01098,1.7785539158692347,-1.1552197894248306,-0.7617904319952615
TEST_01099,1.2509479728978694,-0.5697663458683502,-0.27453806627588295
TEST_01100,2.5294989644382926,0.4751284169370638,-0.7585243521405213
TEST_01101,1.055651813638736,0.26965379388073546,-0.40383713293685153
TEST_01102,1.4780076811051743,0.19642988551373453,0.24522409483372248
TEST_01103,3.3988751764723095,0.019670378964360382,0.5623487860325294
TEST_01104,1.2635441207118363,-0.4895112679536329,-0.19512604044118645
TEST_01105,1.728574132672263,-0.7596645768670849,0.042049311761003606
TEST_01106,3.508777710559754,0.15061137753337794,-0.4002974470227347
TEST_01107,1.6706050493358002,-0.19596611442116382,0.5097416805730914
TEST_01108,2.684669784542972,-0.04883410540200901,-0.10995406812269139
TEST_01109,3.449882793962233,-1.4068222509740005,-1.0475764282579694
TEST_01110,1.0742648552237528,-0.30914684887488725,0.009166675902137301
TEST_01111,3.160596754160282,0.11091919357723565,-0.3124734532134349
TEST_01112,1.5323790785644518,0.14667141216144325,-0.05551206666565968
TEST_01113,3.593623024132576,-0.7825694921963545,-0.16766379999726394
TEST_01114,3.1269065850546953,-0.10204308970729421,0.7601252075606071
TEST_01115,2.1155609521055054,-0.22616702913334177,-0.5477738732051775
TEST_01116,1.8205477069079443,-1.0534508275313224,-0.36365722296863884
TEST_01117,2.380394736062912,-1.2304859222313806,-0.3203192394979685
TEST_01118,3.749893774483271,-1.5353231565432988,-1.1193500012720952
TEST_01119,1.877991199734854,0.08826688938500599,-0.36638062946524513
TEST_01120,4.656212940173284,-1.1175867124913086,0.2472095818098375
TEST_01121,3.0849181095473135,1.5068754207589836,0.8170668440662016
TEST_01122,2.106479232901972,-1.0317716829398,-0.19353265027263572
TEST_01123,2.817774160250488,-0.7903354006581267,-0.4666381955676327
TEST_01124,1.1138507922664227,-0.1716962941201271,0.39742428953256115
TEST_01125,1.497714356842483,0.5765709655808202,0.055583504402510475
TEST_01126,4.380936866923975,0.35185156312024635,1.0808702130984944
TEST_01127,2.9694196861039375,0.04787294157229507,0.8785114987809471
TEST_01128,3.7803649918744933,0.6045000508885487,0.9678553583496246
TEST_01129,3.1914816513186315,0.003527838592638956,0.6401397393797176
TEST_01130,2.5987247994975204,0.017876636180635,-0.5318707414390618
TEST_01131,2.269897614780011,-0.1854890914920871,-0.040758705438684484
TEST_01132,3.2181215399986907,-0.2840347960295471,0.6587050705691868
TEST_01133,1.4028454849680498,0.2603514160818918,0.09382608752278482
TEST_01134,3.059481675061064,0.5510266268535071,-0.9406588516760649
TEST_01135,1.8649014609897663,0.7544303843410529,0.3440403673120568
TEST_01136,2.7624510923348677,-0.02230615420073845,-0.46533702026664714
TEST_01137,0.7907341359615119,0.054291002330052934,0.25702927044694085
TEST_01138,3.290066335873497,1.4729354470913332,0.880837407078912
TEST_01139,2.2242563137399793,-1.2680964501881602,-0.33612618700004954
TEST_01140,2.524320031488532,-0.9995321264280727,-0.9306665367589214
TEST_01141,2.8031153460573153,0.036490317230379904,-1.098553654197642
TEST_01142,1.788297532646937,-0.5105401861342813,0.06188266245336345
TEST_01143,2.1179000565999933,-0.43650107767102586,-0.20803855537165475
TEST_01144,3.165298780309658,0.15199801814296393,0.09498098184006284
TEST_01145,1.095459253024809,-0.12848860732842915,-0.08071839278501099
TEST_01146,2.9167431469727783,0.5927435943235795,-0.01495764807106205
TEST_01147,4.385687911358484,-0.11482693987520481,-1.0522700050091043
TEST_01148,2.099222350658424,0.18243767034241826,-0.07276597054817678
TEST_01149,3.3090695697172174,0.4011894342392491,-0.5970814527276401
TEST_01150,0.9027731532922019,-0.45281295335618316,0.02673441476085158
TEST_01151,2.8935194644052507,-0.41712372269256554,-0.3847788641017062
TEST_01152,1.4740301928118325,0.0302110903374293,0.5491541798119258
TEST_01153,3.702468127345395,-1.7540987200646498,-0.5945643632239301
TEST_01154,1.5323240325838858,0.10830306131112102,-0.13072665550456603
TEST_01155,2.2275928695928466,0.07785260627068838,0.7197293899331214
TEST_01156,4.787973339986788,0.15710536802811548,0.39143222884133133
TEST_01157,1.985323002084247,-0.30187798503923435,0.2881407657711803
TEST_01158,3.511009514012065,0.7803761180386746,-0.31072461830895276
TEST_01159,4.701893173529117,-0.5591408544953501,1.847052065560772
TEST_01160,4.404452056890011,1.85745321343071,0.056666030647612456
TEST_01161,2.015494084327111,1.3606400437337416,-0.3075085675893042
TEST_01162,2.2998675676638074,-1.2665120452903522,0.4790505077176028
TEST_01163,3.4988577468538553,0.9008640874868279,-0.8125965679453905
TEST_01164,2.062216334990237,-0.09405840606703388,0.4789754779148916
TEST_01165,1.4742329493394553,0.01873005934649013,-0.3348804240318995
TEST_01166,2.7818715455574288,0.4214353096247373,-0.08676993409339984
TEST_01167,2.4204728138099223,-0.2232635897511006,0.9891208946952984
TEST_01168,1.0951674238072484,0.6298961998724659,0.025507788975153944
TEST_01169,3.5367602949326225,-0.09765462765737727,0.08374507487346397
TEST_01170,1.937244488922572,0.3183596044308295,-0.5747390873764208
TEST_01171,1.8981500979111516,-0.04202033465882089,0.22304213871871129
TEST_01172,4.851506734713333,-0.28156551708066596,0.9330492728564576
TEST_01173,2.8260321844038714,0.46757734091353115,0.5214363055964109
TEST_01174,3.4368680551313804,0.34378213928607715,1.0802699871767014
TEST_01175,1.9292256237571301,-0.22377533229207322,0.24079475770618972
TEST_01176,1.6713494223985694,0.65113255291715,0.8210759880181372
TEST_01177,3.396650211575787,0.4893097406611998,-0.5020165214102024
TEST_01178,5.174318760475303,0.26270262190169164,0.442086645403696
TEST_01179,3.4182257731206387,0.3886705361674321,-0.8368918257701808
TEST_01180,1.3156161331240717,0.36991542861226584,0.05641159969349715
TEST_01181,1.6344340619131212,-0.1397175516837552,0.5687675965031365
TEST_01182,1.5650469655603003,0.7053754385742699,0.489065011723274
TEST_01183,1.9963351488827488,0.06596018421217267,-0.1905843112032101
TEST_01184,2.568627328989834,-0.19264759213246296,-0.7915576162822933
TEST_01185,3.0921863358901387,-0.5775725008726528,1.1754797517762294
TEST_01186,2.711789740375625,-0.2883784825289714,-0.07043878839427521
TEST_01187,4.047217643267511,0.5990140598059377,-0.99593742037838
TEST_01188,2.276270769135257,-0.06376785114730944,-0.20911086050555558
TEST_01189,2.4659979257293947,1.3811392691037103,-1.0165703695582242
TEST_01190,1.669176673331137,0.8261782708408476,0.5709597189771644
TEST_01191,1.4004250195029657,0.5130702255839452,0.20008971748620635
TEST_01192,2.6253753505637394,-1.7978419431390653,-0.8801060387745253
TEST_01193,3.6101434733758064,0.9105834389284952,0.6414696069344852
TEST_01194,2.3936667291648894,0.6088141575743713,0.4002647527314384
TEST_01195,2.1888493089545094,-0.4206012050251153,0.17639071277032517
TEST_01196,3.188589364314478,-1.5893762301552121,0.7011647761998742
TEST_01197,2.936880936858579,-1.7840950433279352,0.33862240120487197
TEST_01198,3.1573540046321056,1.3143965307734706,0.5830981997076096
TEST_01199,5.412147226306738,-1.4979094784698928,1.9993073246367048
TEST_01200,1.8370499955241193,0.8582093930034743,0.09430940115706667
TEST_01201,2.6210621905136793,-0.14200843525990933,-0.4672958601406751
TEST_01202,1.8584833087903025,-1.037525945061229,0.869591757028207
TEST_01203,1.4190173233480428,0.27756570440565753,0.40623864896897577
TEST_01204,3.347255795123273,-0.6569803951631777,0.06806281281220841
TEST_01205,2.417764391366715,0.05131832648352958,0.13482610952913268
TEST_01206,4.1449899013177545,-0.16107469181808906,-0.01682076659493186
TEST_01207,4.695146560507492,-0.4413320149646083,-0.5936842706167453
TEST_01208,3.1201875707347124,-1.102023521646289,-1.107671953703033
TEST_01209,3.5626607657778657,-0.090353532020942,-0.793238709899032
TEST_01210,2.1862309651879297,0.3379631689430937,0.09816760272969557
TEST_01211,4.327402586965495,0.5359504109729482,0.4644245387659635
TEST_01212,2.6902922509135476,-0.7036363159022984,1.122714730266816
TEST_01213,1.6511330528597359,0.41342918952229674,0.3145050648508687
TEST_01214,3.192282801996386,0.6614398011062755,1.5891685825020816
TEST_01215,2.706350402018931,-0.5948884948098933,-0.12051944991028654
TEST_01216,2.351549680928605,0.4459647138001829,-0.07470588752843219
TEST_01217,1.9327174444916226,-0.1236989103576033,0.5507999018168831
TEST_01218,1.234804991719106,0.6227090503059111,0.0911958957443245
TEST_01219,3.751184511538923,0.41844147607136645,0.26062333991808045
TEST_01220,2.707688681733369,0.7587457378978959,-0.019751058135219032
TEST_01221,3.6300934261157636,-0.5147386730164955,-0.24015637836805764
TEST_01222,2.1774709908772327,0.28841580585772475,-0.7978228745675406
TEST_01223,2.5828199637571734,-0.7573661523897562,0.21678473335502607
TEST_01224,4.186630026230049,0.11359994877472031,1.0764081129485374
TEST_01225,1.9340787819083711,-0.8757948750638047,0.5964223806771818
TEST_01226,2.2438220344012834,0.01564355419111635,-0.007454448692958327
TEST_01227,1.3277004732190913,-0.188063356425534,-0.3962473938662622
TEST_01228,2.292433229288698,0.21583563098676917,-0.043433905535293714
TEST_01229,3.678269789021937,-0.6731596878695646,0.628636098418056
TEST_01230,1.109821625241677,-0.6507419020393647,0.1664186630610076
TEST_01231,3.012343750134166,0.39298402181583336,0.06845646259913983
TEST_01232,2.0782818761492843,0.29752067334027527,-0.1268516520392079
TEST_01233,2.647727420096219,0.18636890056286234,0.2964512664700492
TEST_01234,2.242420634657013,-0.03790389229144055,0.374669733245633
TEST_01235,1.299563306150865,-0.43305582904442064,-0.06018866385653365
TEST_01236,3.4758762015804705,-0.14388614754102985,-0.26170892937308926
TEST_01237,3.0808741633789545,-0.8334288514875391,0.16061408572037963
TEST_01238,2.32675400693954,0.5832531503633862,0.05485572225759951
TEST_01239,4.906771137598355,-1.5160004438365655,0.9210946873308169
TEST_01240,3.017182960429348,-2.1508199880809715,-1.070458438260911
TEST_01241,4.127201255911749,-0.6898669696416988,1.051508905338149
TEST_01242,2.9063442029340414,-0.054464109024557075,-0.6307568688315726
TEST_01243,3.0725805951715204,0.7962846424003396,-0.46872710494989533
TEST_01244,3.802864821505237,-0.8625609451445886,1.357058096422312
TEST_01245,2.4473645058681535,-0.8526652315858819,0.40175667464971165
TEST_01246,2.6425715882966,0.1034518816263406,-0.16214646775013733
TEST_01247,2.9596293936576203,-0.33605556645858564,1.018217424250045
TEST_01248,3.191491613291668,0.6062585663071316,0.95739311619848
TEST_01249,2.765705121377742,0.5430926978881699,0.42657113783020406
TEST_01250,2.1667943742135374,0.35273021361672763,0.46317191722386214
TEST_01251,3.048961951048517,0.25454573387469354,0.09740156136001246
TEST_01252,3.601844543618317,0.39051414444075927,-0.8771541213144507
TEST_01253,2.3084223961643002,0.22068486055611441,-0.3933484513838336
TEST_01254,2.5212686220271263,-0.4998731301609887,0.29268297533302473
TEST_01255,1.8850328404729346,1.211477516027186,0.17366171811276465
TEST_01256,3.2656262254450157,-0.3612884441121726,0.7762350110249977
TEST_01257,3.385964741355686,-1.8958975360489563,1.5819914245594806
TEST_01258,1.8981051292295559,1.4341007046794154,-0.02541187705511656
TEST_01259,3.163803852185206,1.4490253260669186,-0.3608579366269851
TEST_01260,1.2426107793143362,-0.014957030816342443,-0.49441960673844926
TEST_01261,1.9444334473492524,-0.4447970176525634,-0.2935482075512197
TEST_01262,2.004274023975182,-0.49477345150869523,0.5166926250510293
TEST_01263,4.130748679549484,-0.6786633512037413,1.2945012575429427
TEST_01264,3.752794772621791,-0.17783331699684407,-0.07987376633200131
TEST_01265,1.1897305189405305,0.4458289401022957,0.31194448927455704
TEST_01266,3.0088372849838825,0.1009906983480521,-0.16041117011161388
TEST_01267,3.4783648109289715,-0.3682706454309711,-0.2267752960451998
TEST_01268,2.47687052507147,-0.09744129724320297,0.2271094151714975
TEST_01269,4.3859930335698305,1.7808826141140366,0.8172663577419841
TEST_01270,4.148771602365903,-0.6111666137503107,1.067777134386079
TEST_01271,2.8423104448134997,0.4956132999446799,0.07559531140089117
TEST_01272,2.0231313591612885,-0.8548649818884426,0.8279781024321088
TEST_01273,2.0270393322190987,-0.1472292881955666,0.24088815548164716
TEST_01274,2.709694011758135,0.18078448999964208,0.07151558568714102
TEST_01275,1.2380581981789682,-0.3206915993598301,-0.11776220747226461
TEST_01276,3.8666169613447208,0.09388985262641492,0.06714592397789147
TEST_01277,1.4859368556511143,0.01598248289773592,-0.16251240675733716
TEST_01278,3.1636454654053656,-1.2137381266100762,-0.9885662567016925
TEST_01279,4.892674936171138,0.07997690422089483,0.29494566790605586
TEST_01280,3.5397626607029284,-0.6862411078470091,-0.5135551529204565
TEST_01281,4.256518003828521,0.5763943820738728,0.06944958327049265
TEST_01282,3.6811167301592387,-1.4184475259954903,0.2999082668554661
TEST_01283,2.745287285576646,-1.6006871799579778,-1.119106247929295
TEST_01284,1.6888238206561716,0.25146816395783905,-0.23449531837413354
TEST_01285,1.525122697216876,-0.034278450629084335,0.5656537057698899
TEST_01286,2.089542056811166,0.18936883244776806,0.26426085268850286
TEST_01287,1.9634786292865878,0.7775090385466029,-0.021168591368697243
TEST_01288,5.213847391046959,-2.1128929882587033,0.8509407005569193
TEST_01289,3.6711489359131986,-0.05464055808772235,0.35195657364052224
TEST_01290,1.6722101388082358,0.6384605389712331,-0.22704469793148926
TEST_01291,1.7885941152548874,0.08854984624491509,0.11710252100329026
TEST_01292,4.380271827797475,1.2772275127497548,1.411269566301723
TEST_01293,3.036231139108555,0.2721380128399894,0.20735264439849702
TEST_01294,1.6901980040008953,-0.5231733565188595,-0.6545550303820509
TEST_01295,3.777459551869018,1.1656397523498332,0.38226693448371885
TEST_01296,1.241752363847707,-0.2591338659881075,0.08070402273784626
TEST_01297,3.3045262866467104,1.3361642154175701,1.39039802212093
TEST_01298,1.9044978908200902,0.09275357034483815,-0.4601863164333096
TEST_01299,3.0798068357409223,-0.19098336703759178,-0.2755609100206281
TEST_01300,2.6449824558496813,-0.4232677284411301,-0.27448625056936565
TEST_01301,2.3908342312230646,-0.1648191177153735,-0.23635854878817866
TEST_01302,1.5055902626269926,-0.4430117217793093,0.24460446387802018
TEST_01303,2.976960508518618,0.07033375257203711,0.07653508185821208
TEST_01304,1.841332596646238,-0.04284854643077079,-0.4929995301928176
TEST_01305,5.489535059256367,0.866822697538896,1.1432648467952726
TEST_01306,2.936716081967174,0.5153226617397803,-0.3989129864362993
TEST_01307,2.0353653666774343,-0.6540356689077467,0.25282160528993686
TEST_01308,2.209214638102982,0.350459026124297,0.48807294875193163
TEST_01309,2.848045133479454,-1.4087214468577212,0.614407551592103
TEST_01310,4.143669403657232,0.3414205734926359,0.5959776522988577
TEST_01311,2.6437545518937062,1.0052277542569643,-0.159776733435255
TEST_01312,1.5087490841796696,-0.31457729513209165,0.03980078327833776
TEST_01313,3.2374854699242546,-1.4728094853592173,-0.3715233537599992
TEST_01314,2.159345672384345,-0.6876012604515273,0.11503354103059069
TEST_01315,0.8575943331826404,-0.06566215026839506,-0.18267172761448647
TEST_01316,1.8656628604935268,-0.5123416447981467,-0.0681149584291752
TEST_01317,3.508331890581601,-2.21536975977103,1.137608488820425
TEST_01318,3.042866876555902,-0.6057320929899593,0.4601204144673093
TEST_01319,5.492189593139969,-0.2529134951505922,0.34480819950047753
TEST_01320,1.4308747212707194,0.6012009270489216,-0.44219621641150186
TEST_01321,4.854877709401519,0.5621224889095869,0.1285364582076705
TEST_01322,4.722691087061039,-1.5249121255804985,-0.8049442166389527
TEST_01323,4.212374317889311,-1.6572489216220148,-0.17559364232999233
TEST_01324,1.0143551551339625,-0.15306797057624655,-0.20963158309592397
TEST_01325,1.9848631785359774,0.2965698721336879,0.35556072346761347
TEST_01326,4.172864715982596,-0.8020432381002693,-0.031983360450190984
TEST_01327,1.9467702278242789,0.9506990513497848,0.4463064674381575
TEST_01328,5.387073267870393,-1.347006610791328,1.5148137541980273
TEST_01329,3.395443250305369,0.29204659193488536,0.21714751200015017
TEST_01330,2.8169098721276353,0.6290718424492239,-0.7333197134698286
TEST_01331,3.105155673884115,0.11227900104324126,-0.07792002787761942
TEST_01332,3.0964071298252103,-0.08585269453604881,-0.14421342154016217
TEST_01333,2.464886916941769,0.09668546748504575,-0.14567086671239868
TEST_01334,3.1863547891766832,0.23439257224458757,0.20565313131107082
TEST_01335,3.768041497004527,-0.2604238220752072,-0.10485020774850028
TEST_01336,1.6482165642786266,0.3714919449821628,0.34903073290971465
TEST_01337,3.0811764363885517,2.0120966076187754,1.9189616167700523
TEST_01338,1.287247198753507,0.753307959300578,-0.18962372686306364
TEST_01339,1.3050189300866988,-0.1932432416507263,-0.027074513349102144
TEST_01340,1.9253337985607868,-0.2501570771353414,-0.34100352918994414
TEST_01341,3.4423246815991937,-0.2778434314910133,1.1192918846435687
TEST_01342,1.696890883442991,-0.9696587597662645,0.28782035857076255
TEST_01343,3.4403527221271855,0.23294231773106144,0.8386590033094068
TEST_01344,3.8624329537642748,-0.7053162665366796,0.9956230670689648
TEST_01345,1.3852570512830475,-0.4808357874873705,0.021774019750029197
TEST_01346,2.2772342354681383,-0.5929272785581404,0.22529829638566126
TEST_01347,2.264746317443789,-0.6729533363863108,0.4586201343169987
TEST_01348,2.6983053346522774,-0.010900165196584946,-0.1767445461537177
TEST_01349,1.901400344007753,0.4389380705152086,-0.3814204490466145
TEST_01350,3.343312836692076,-1.1993536253827186,0.9842222701065501
TEST_01351,2.2841593847234547,1.0473971803606401,0.15608339990954817
TEST_01352,3.306686584436289,-0.0454247541414265,1.6765362170377889
TEST_01353,1.6433821373173914,0.054771263401360556,-0.006059837922789885
TEST_01354,1.8583290981358456,0.6239737434839147,0.3016308438321098
TEST_01355,2.2820464744725553,0.14062907026914723,-0.060732759067371994
TEST_01356,3.474481135935113,1.7598399942943523,-0.3150820154562192
TEST_01357,3.205895811765332,0.07315289830161342,0.8231090678818492
TEST_01358,3.6843730981250897,0.07946610040059593,0.7775926101372063
TEST_01359,5.5699022214099,1.6539210105357816,0.22479977166751916
TEST_01360,4.42967051022732,0.9773148464465689,0.9101572877700047
TEST_01361,2.7011550643774815,1.5364388710058825,-0.1646917267495032
TEST_01362,2.4206376019323503,0.4354210076043215,0.6769852527195301
TEST_01363,3.085878337086424,-2.082614249937923,-1.1507463521770367
TEST_01364,3.6940125294893904,0.6822469554798447,1.079372503228106
TEST_01365,1.50154186229883,0.4770519198060307,-0.07026664533458868
TEST_01366,2.4104060111132126,-0.4173380728936382,0.39364830284133007
TEST_01367,2.5088086007349704,-0.19398139673053902,-0.22290932048412546
TEST_01368,2.8131070297510936,-1.0071154863647083,1.2053856216611016
TEST_01369,2.203709630566482,0.31885290137836164,0.25988992790734905
TEST_01370,1.5814128938141498,0.7728968641743513,0.00027120359006621315
TEST_01371,2.170543143241333,0.04222996377161094,-0.44795913520325686
TEST_01372,3.87029544785281,0.5807606512858261,-0.9998182069831294
TEST_01373,2.3841788778757986,-0.6243941733924697,-0.09496068974675462
TEST_01374,1.2633107234151455,-0.28547141058386444,0.28053312768455485
TEST_01375,3.158581570411096,-0.509090781256039,-0.01225583088077525
TEST_01376,2.676194265943992,0.413818428116896,1.0153524273128256
TEST_01377,1.5568182313400696,0.6891014177757784,0.03109720543175242
TEST_01378,2.6685353829507754,0.6884889040411388,-0.7219811129732332
TEST_01379,4.370916198358496,1.159949432814772,-1.318293634237762
TEST_01380,2.2089192177159163,-0.6903072715615772,-0.27128651300630163
TEST_01381,2.70978050959559,-0.5408122763063962,-0.3245591920212872
TEST_01382,1.559647177446457,0.18233993635690388,0.08469161405780223
TEST_01383,2.344247004174745,0.5821837803439913,-0.011020480765474032
TEST_01384,2.465305451785418,-0.06095334533857115,0.05254630547264426
TEST_01385,2.564286300891085,0.28235705080337276,0.4093215223994826
TEST_01386,2.4693062752906694,-0.20546717468433634,0.35633238032277326
TEST_01387,3.548600987875241,-0.09922259997156445,0.04975578309344282
TEST_01388,2.36080534839718,0.163598485401186,0.28445817885458474
TEST_01389,3.880855269127228,0.2970977596311235,-0.3139468129739138
TEST_01390,0.9848761315017858,-0.12445403672372037,0.07268679031883335
TEST_01391,1.2417496203746223,-0.06320402660244931,-0.05369710926743203
TEST_01392,2.669862163823152,0.6192305805576334,-0.48686174135197313
TEST_01393,2.1975021798887586,-0.17435169569948392,0.5376277551539408
TEST_01394,2.769889369802695,0.0025310481089737547,0.07587431622033375
TEST_01395,2.03005089020387,-0.43979843067421764,-0.13804304471102194
TEST_01396,2.6223421025969333,1.1690280895739267,-0.6438215391169887
TEST_01397,2.202707317178798,0.5825754911037418,0.6536562018581743
TEST_01398,1.706992189499519,-0.2768475765209237,-0.0486037668436571
TEST_01399,5.870555577330111,1.4058240136266031,-0.4251752655649979
TEST_01400,4.682451888875289,2.2245069096897767,-0.4948822772695618
TEST_01401,4.363347648661178,1.494972965619583,0.7299523171283974
TEST_01402,2.494671605422212,-1.27431821690685,1.1289111602161568
TEST_01403,1.815557261416911,-1.7064111528644132,-0.6039754182519637
TEST_01404,1.781633596196003,0.9360283873875127,0.2914056645019317
TEST_01405,2.857955709404671,0.433803563950554,-0.3142703705235619
TEST_01406,3.80817141592023,-0.32195327193278367,-0.21862967519209872
TEST_01407,1.3831168164673777,-0.8817561808202883,-0.07917482113958135
TEST_01408,4.379374545308817,-0.7117969060646491,0.9092812630417899
TEST_01409,2.455793372262711,-0.3486570000667751,-0.4639409154577882
TEST_01410,2.1303264220206075,0.2838092704265216,0.21912348469329826
TEST_01411,0.8156445152585959,0.33403890497496225,-0.04724735717950038
TEST_01412,2.5742921893566937,-0.3754024962780708,-0.1903026468206644
TEST_01413,1.1922782449547435,-0.11369281606979663,0.3183068314413973
TEST_01414,1.6842501743125313,-0.3248148852310837,0.0217751654430922
TEST_01415,4.036401829918191,0.8386249832076733,-0.8314449576144147
TEST_01416,3.2186913152607963,1.0646806121662322,-0.5843982327974744
TEST_01417,2.8558740499422646,1.2247923664416285,0.3446703128108328
TEST_01418,5.285261733072352,-0.7039208960268198,0.5948777073398629
TEST_01419,1.8485302507421075,0.619233423505882,-0.20727570356168976
TEST_01420,2.466065104458488,0.9073470091299828,-0.7990586185817603
TEST_01421,2.548357171694787,-0.34950695038885093,0.2131178613125314
TEST_01422,2.0890424372504017,-0.0764653652957419,-0.21394224920381896
TEST_01423,2.893941182664543,-0.47198014648373154,0.120481269872059
TEST_01424,2.6505896199408108,0.1391909546675053,-0.04414409669664219
TEST_01425,2.2147657997145527,0.6590105784044852,-0.5667365777561788
TEST_01426,1.076247205322433,0.20552594717155423,0.2656714544288236
TEST_01427,3.9044184349892523,0.7705373391247161,0.9099435144508399
TEST_01428,2.155375344381533,-0.12169999289918573,-0.1521030597685528
TEST_01429,3.650808678555424,1.0313581942758288,0.42726640717748826
TEST_01430,3.0145225378566347,-0.5917564989183185,0.7456696750265689
TEST_01431,1.525766770671762,-0.9316207249423621,-0.35739813927023845
TEST_01432,2.8464802478777504,1.3471910078536373,0.3707258836143985
TEST_01433,1.9498023479386577,-0.3703447215884086,-0.21838914209854426
TEST_01434,1.811594562587812,0.013876923714739961,-0.10693278689858284
TEST_01435,2.047722864938853,-0.7215164178368114,-0.6909335985130471
TEST_01436,1.7847561048408258,-0.050720408166286556,-0.140722186381771
TEST_01437,1.6651477431370338,-0.5408553655492438,0.14466009661791757
TEST_01438,3.4283840661357736,1.6672949627749407,-0.5642577248222118
TEST_01439,5.636600745534411,1.0292390209966633,0.37121956794574285
TEST_01440,4.399544934732815,-0.7760418927137317,-0.8061794023486604
TEST_01441,3.101530604771608,2.1414803447488677,-0.1891180155348241
TEST_01442,1.647274084282311,-1.5982114447508562,-0.6784309167322031
TEST_01443,3.4297462746968876,0.420943826085788,0.5520622296386679
TEST_01444,1.8204462481693777,0.326569548571516,0.5184998752382304
TEST_01445,1.0314867342819416,-0.13387173895858978,0.1934312195734425
TEST_01446,1.7052774881831778,0.14481620661414726,0.054634408281075776
TEST_01447,5.117094700689086,-1.0270670332078853,1.2871658974321463
TEST_01448,4.059349890160433,1.1380744197595578,1.206813892418874
TEST_01449,3.8513950487933495,-0.2963715019444379,0.860578532991421
TEST_01450,1.959681629638191,0.6567506418113204,-0.11868188474450811
TEST_01451,2.4876169286738485,-0.3210051398473735,0.37678449715357526
TEST_01452,3.8592183848949237,0.5839588567477478,1.645293881036386
TEST_01453,1.0966687741018515,0.1240356938394099,0.12318614251926552
TEST_01454,1.7073213779503364,0.9878110450767151,-0.5983645671420076
TEST_01455,0.8832477237297477,0.37660809643892323,0.12735197151224287
TEST_01456,2.0631401428585563,0.5017655685181178,0.04159396409614976
TEST_01457,3.7733181539091,-1.7828629428827862,-0.436442701130797
TEST_01458,2.5844210427141756,0.9475576322812341,-0.7737079467788172
TEST_01459,3.46019620279149,0.2748955390569503,0.24938078003881525
TEST_01460,1.760589877621,-0.13440507166048965,-0.3126273276867358
TEST_01461,3.2408903917002148,-0.02361528379564914,0.5927801764289573
TEST_01462,1.945163405202963,-0.4551490051369261,0.21219487961458725
TEST_01463,1.9744302916061045,0.5595674888225275,-0.6753771439382898
TEST_01464,1.681352703879465,-0.6063612693967919,0.1119598971735178
TEST_01465,3.609116345330677,-0.23828134069867446,0.558824592484169
TEST_01466,3.1940564155053286,-0.04664837403038438,0.21073668103636076
TEST_01467,4.026632861936389,0.7910835237369113,-0.8214958469039715
TEST_01468,2.5312546575069628,-0.4644111959714621,0.11119123925496405
TEST_01469,3.2647654857257313,-1.2274359143289093,-0.3997857040936399
TEST_01470,3.65914477163275,-1.3726655871569564,-0.3115381816920808
TEST_01471,2.0269224953064913,0.05779339161965922,-0.044937839291465616
TEST_01472,3.719294857119587,0.7375862534975133,1.2255850746945334
TEST_01473,3.6144765556498797,-1.0646187677793224,-0.1398096156748153
TEST_01474,1.8385461437324906,0.12957733115557707,0.46266825263343536
TEST_01475,1.7683053601110692,0.4353144364178698,-0.11866708659816433
TEST_01476,2.2311232103539482,0.25616672306812976,-0.5538631460076228
TEST_01477,2.4245355647216917,-0.03591065209786524,-0.35040732977738104
TEST_01478,1.292422894929924,-0.3828257608777086,0.5208355221838006
TEST_01479,5.6162403911084,0.7714555023968346,0.7683150183229565
TEST_01480,3.4049423736783706,-0.595263327002344,-0.5950547003283669
TEST_01481,2.7139093747977863,-1.9596333056413702,-0.4522930333727069
TEST_01482,1.3115381024704762,-0.8051667757029233,-0.674709573061095
TEST_01483,2.6710924421270614,-2.1074462450764,-0.044881385810566804
TEST_01484,1.865347302651834,0.351533850582603,0.4122180933456517
TEST_01485,2.0852490810850184,1.0059942680818759,-0.4728300144825169
TEST_01486,2.492109251275074,-0.43032682527210125,-0.39782616847439933
TEST_01487,3.911834050056617,0.7035653422933087,-0.4526703113421727
TEST_01488,2.9275206445908877,1.5594703152841805,1.1096735481372344
TEST_01489,3.367299715801073,0.15125376493145498,-0.4038434109178897
TEST_01490,2.8954239964420405,0.07346004514606617,-0.1268257219461493
TEST_01491,2.723577458805971,-0.05094072558747344,-0.9043306889181951
TEST_01492,2.563026972640906,-1.5659978992783243,-1.1392265625401892
TEST_01493,2.273119210165513,0.297395051348362,-0.2553553028949608
TEST_01494,2.8461408243043893,-0.03164934133339912,0.6197677138946481
TEST_01495,3.360752251727418,0.18514074438091843,-0.26749673528987905
TEST_01496,2.5981691086797736,0.5885326928013845,1.2896939607300986
TEST_01497,2.1744792140201623,1.0652769019780555,-0.24250482054377254
TEST_01498,3.3521496165581226,-0.7760225231174561,1.3818445138033104
TEST_01499,3.6932784915060495,-1.0941855550211728,0.19339223814855694
TEST_01500,2.1897446982394055,0.5802768744633359,0.20701361959767703
TEST_01501,2.0472407891826956,-0.18356334464243468,-0.644148426037489
TEST_01502,1.7574629524171952,-0.9161978998972361,0.6547013113978948
TEST_01503,4.326856236627935,0.7194712161868215,0.2585770918701684
TEST_01504,3.4735651357973403,0.12384809358593413,0.44433459641810386
TEST_01505,3.427237879111126,-1.1419927685207327,1.7556792960962804
TEST_01506,1.4597894292625235,0.11694565845359936,-0.07998380889242832
TEST_01507,2.739504179364212,-0.2946826049876477,0.28942149876510886
TEST_01508,2.999200306408251,-0.5485336135163318,-0.20204778647138308
TEST_01509,2.2608036530048925,-0.020946137526182376,-0.4364361632246652
TEST_01510,3.3940715171043423,-1.3038763747684978,0.8042973820170468
TEST_01511,1.9208257348983353,-0.38692266850302537,0.09099537260456389
TEST_01512,1.2663052415277996,0.4793649362532268,0.19499495024566804
TEST_01513,2.9875306909132204,-0.5652885763277288,0.5907266667969406
TEST_01514,1.487306221959305,-0.14275229714553384,0.2661961345119071
TEST_01515,1.0165733859159392,-0.48451529483854355,0.25627428770811633
TEST_01516,2.3361390567859455,-0.08043101488338972,0.7460699172429973
TEST_01517,3.053420687356893,0.13259527410007435,-0.8282969176488387
TEST_01518,2.383467033134567,-1.0367130108552505,-0.8248549018802003
TEST_01519,4.913007312427065,1.0792521204166001,2.326480446482969
TEST_01520,4.100491835054329,-0.334755774355637,0.3572865244551484
TEST_01521,1.165083691078886,0.4682104678351071,0.34968775078244857
TEST_01522,4.247200627897406,0.192731283119082,0.06156447556882569
TEST_01523,1.5358430421143057,0.5798574486369887,-0.45551046489927294
TEST_01524,3.293625679661674,0.03580647851392815,1.1402934489617342
TEST_01525,1.8524171983316737,0.3207658421666677,-0.2181670420104286
TEST_01526,4.785277231443112,0.816044835803275,0.8402594993132064
TEST_01527,2.3446456917459884,0.3268182668022509,0.5253586796560085
TEST_01528,1.3761536241508967,-0.16105378675519016,-0.169322845887504
TEST_01529,1.771085972449639,-0.01677586746235585,0.06353417192674904
TEST_01530,2.243435240056491,0.10693544817490992,0.5436886789066133
TEST_01531,2.363070266756211,0.00250060203246851,-0.36035711786828006
TEST_01532,4.878152193054467,1.0199252021658527,1.8320956859365238
TEST_01533,2.242238983645931,0.008447669598241225,-0.21263131291673515
TEST_01534,3.139913825584935,0.5734212591753479,0.6740870984164963
TEST_01535,3.059520751259918,0.4690554311589876,0.717177430070761
TEST_01536,2.6377424282531625,-0.9590694858471459,1.3326098810256575
TEST_01537,1.7143940396497497,0.6331854869178263,0.7566944996726254
TEST_01538,3.8981990582637653,-0.657194220410169,1.5511239751634693
TEST_01539,2.8586414631360917,-0.47958450190735247,-0.07755195627316655
TEST_01540,2.178428166661,0.7651925253270526,-0.4424351527669797
TEST_01541,1.3256377132870003,-0.6117964369896878,0.05792593461063539
TEST_01542,1.2958139229825896,0.206920758719148,0.21277946036246176
TEST_01543,1.2933933254547882,0.03943872624643523,-0.31975248152336
TEST_01544,4.152493713591612,-0.09070539562996834,-0.43487136052392716
TEST_01545,2.8671445790809256,0.25802258634791775,-0.7286392966514715
TEST_01546,2.889631327561988,0.22039008310713518,0.12484940692207516
TEST_01547,1.6632002392461525,0.14250158715505834,0.09536129291228113
TEST_01548,2.882535139877804,1.2958804992326014,-0.8879947105803093
TEST_01549,3.9956867654729016,-0.6185275930603519,0.8101829212853643
TEST_01550,1.629986696229518,1.0913362809514866,0.006395297178100463
TEST_01551,1.8088055581602938,-0.5246716949245587,0.08529284106384029
TEST_01552,2.4667942030733587,-1.111931910698469,0.468656518480954
TEST_01553,2.6739886609018635,0.6647277025570668,-0.2737433212712163
TEST_01554,2.1803982382497704,-0.3482915740195204,-0.3515521136600317
TEST_01555,1.6710608681257486,-0.22119853582196333,0.1225432199428773
TEST_01556,3.7487728530426576,0.035173576785963744,0.6662748790393995
TEST_01557,3.6400887847226366,1.1884377661553729,1.0584255819948285
TEST_01558,3.5215687655368777,1.1148712663361613,0.6225259197792009
TEST_01559,5.140448258861725,1.4644313629417671,-0.8443167061664896
TEST_01560,4.494087022890441,0.30581880144139,1.154588616158538
TEST_01561,4.091216686179647,-0.8621080399337733,1.192697357745079
TEST_01562,1.739840870466908,1.2417486751407985,-0.7991808420362569
TEST_01563,3.8918211653790946,1.5008703760088842,1.2930448532811565
TEST_01564,3.2565580021165204,0.1440974546939849,-0.3206905750917114
TEST_01565,2.001436109187126,-0.5273306112422117,0.46620977159753296
TEST_01566,2.5766475766040298,-0.503399534157933,0.14315136889766442
TEST_01567,3.2313354008177684,0.5731169035030893,0.3277909269626701
TEST_01568,3.2429526001743554,-1.8590334965883133,-0.2633677882136748
TEST_01569,3.4483777365046793,-0.17601055635083127,-0.35523828236252986
TEST_01570,2.6460575624066953,0.22201553940354088,-0.49064688413837715
TEST_01571,3.918454037700351,0.31419449442498315,-0.4114100013063444
TEST_01572,3.8566349630170484,-1.4559382412900452,-0.824132581646799
TEST_01573,2.630183227603832,0.153605206448762,0.07921490338366204
TEST_01574,2.046643929683458,1.1517078759878723,0.021609187548572134
TEST_01575,2.0684018778852513,-0.5609708017907384,0.5804522853293294
TEST_01576,1.319492090634799,0.44655760127840344,0.7352846325540804
TEST_01577,2.733585176349487,0.7717549205976753,0.7146749374713027
TEST_01578,4.5713655186011515,0.2384320205204991,0.3366075896840172
TEST_01579,1.6165526695444465,-0.578768789210441,0.3554300271889722
TEST_01580,1.6918904754747035,0.5116527418749669,0.6230961327522482
TEST_01581,1.9596682188701917,0.12939206305742645,-0.9109996451827079
TEST_01582,1.5361057451654392,-0.539673738544231,-0.2594375684515079
TEST_01583,4.318854500617316,-0.7887185121364376,0.9202955065087857
TEST_01584,2.457267333893045,-0.1314775343140179,-0.03621428025809029
TEST_01585,0.9320608008067998,-0.5314908159269256,0.3102202465779214
TEST_01586,2.8118796514174274,0.3145640055781401,-0.5021071253024968
TEST_01587,2.725504533475463,0.6145255576915832,-0.4802003260920787
TEST_01588,2.643255904674415,0.5359647470596317,-0.06302776871948118
TEST_01589,4.567154344292402,1.2146709164153566,0.9313437042711099
TEST_01590,1.367976929367438,0.950230368780909,0.03245485986165295
TEST_01591,2.4194518249620516,-0.41593211140419994,0.16999125278956861
TEST_01592,1.3696705931458406,0.13342507835489326,0.27023087783986427
TEST_01593,2.7222274666064386,0.7743344465294346,-0.768045472352296
TEST_01594,1.5839325101172246,-0.17285562804465904,-0.05870920905256265
TEST_01595,1.0665917107375558,-0.3315561683656253,0.12905945209382488
TEST_01596,3.292132504690849,-0.26439660358627526,0.8897806572224284
TEST_01597,0.9615948173587214,-0.16713700329340467,-0.07930602513584847
TEST_01598,2.5641023653688895,1.1909144750672975,1.0458998168166955
TEST_01599,5.28142221357763,-0.5483527586269548,0.27452398209940965
TEST_01600,4.635016833474184,2.03781579261841,1.1762102072084386
TEST_01601,4.328009398068229,0.13070243818719182,-0.7619402117316624
TEST_01602,3.451241175322561,-1.234342264827657,0.21320050154000847
TEST_01603,4.020596339016225,-1.480788214379453,-0.6104677711643616
TEST_01604,2.522214301303026,0.6834846795279472,-0.07340596778740807
TEST_01605,1.9222843089592188,-0.26468497181215134,-0.0714141182353528
TEST_01606,4.0582420872042615,-0.2788312491096417,0.16006682290582275
TEST_01607,4.503865934464217,-1.1825912955065883,-0.33149770050774924
TEST_01608,3.562010575298988,-0.941611314614035,1.2865262995511468
TEST_01609,2.965929602606081,0.4601000627931269,-0.10737758244353104
TEST_01610,1.9800709733525357,-0.4577931525452974,0.38653018799377015
TEST_01611,3.550892366271581,-0.26026381972317153,-0.03321346710763477
TEST_01612,2.9986733079090233,0.954380049461969,0.18850694202073648
TEST_01613,1.8075669943116488,0.04842288262844923,0.16835319856000414
TEST_01614,1.6934865961666146,-0.8588485796069041,0.8576534400584614
TEST_01615,2.5788382986818115,-0.2283752233842051,-0.6056314356672201
TEST_01616,2.7847237246406613,-1.2710979333961632,-0.31720316100539925
TEST_01617,1.96123988910895,-0.7122966074035635,-0.21270258054237753
TEST_01618,1.3050871243697397,0.06700453539585684,0.40012234411228875
TEST_01619,2.0086185871978164,0.44005182051510594,0.253960324645151
TEST_01620,2.315575782512611,-0.8855883886295386,0.11936175824477535
TEST_01621,3.277738310903284,0.12399761658162249,0.12220474561894334
TEST_01622,1.8933425590305126,-0.41122927719872193,0.3008024882565448
TEST_01623,2.463792840368866,-0.6653690560744046,-0.5700495402029466
TEST_01624,4.142850426912642,0.2230874190495846,-0.8195192678690271
TEST_01625,4.612587019299745,-1.6953457748223149,1.034272124836666
TEST_01626,1.8033759556718936,0.10269723433445078,0.4417590230422288
TEST_01627,3.5653765978402228,-0.24252536223486798,-0.27132140411652117
TEST_01628,2.8674918010984096,-1.1523228684312525,-0.32934441067762404
TEST_01629,3.6240696740025586,-0.27002240742862926,0.8587198301702145
TEST_01630,1.2075105174960652,0.4808591040666501,0.32665170270581617
TEST_01631,3.1332419647234793,-0.7867295529207322,-0.5590017713605057
TEST_01632,3.4938634192334823,1.4505784186308532,-1.0377679023155664
TEST_01633,3.439984828899006,0.8648262388611796,0.7680162284247884
TEST_01634,3.718072100402465,-0.4443943163715955,-0.6523007346153449
TEST_01635,1.5529962820678378,-0.2737799468556005,-0.18377415745460024
TEST_01636,2.5567243161446114,-1.493588155488575,1.0634891332328196
TEST_01637,3.012716782803348,-0.29356227237991955,-0.10756391220605006
TEST_01638,2.8481027833553085,0.5050783225032851,0.16795667606433015
TEST_01639,4.109913609400074,0.9989266122426546,1.8094189749488452
TEST_01640,3.6022070075769754,1.1009835750610932,-0.6463335167296868
TEST_01641,3.420912879143937,-0.0766899717766127,1.1051903621560286
TEST_01642,2.9206274547099342,1.5971640746077085,-0.6408059888535012
TEST_01643,2.876936105844529,-1.1750826944085455,0.33706887914296535
TEST_01644,1.81496550371993,-0.20051026142774875,-0.19230521841010056
TEST_01645,2.136262231225664,0.5731098335211375,-0.14859433139779693
TEST_01646,4.705899552230359,-0.15649794029483025,1.232031297430001
TEST_01647,4.94142576310514,-0.899813244015768,0.26830957903727326
TEST_01648,5.136201446175317,1.2436865673496988,-0.33832683938054997
TEST_01649,2.7812308464556463,-0.20711001688890188,-0.2770527315968739
TEST_01650,1.7454654582722677,0.14767838804700847,-0.11260754888211473
TEST_01651,1.7654243948674246,-0.0010402489484292528,0.2058432530482011
TEST_01652,3.564101709709174,1.3831007249942073,-0.3235113583711788
TEST_01653,1.5172721901410635,-0.2316548407871455,0.3449230111123959
TEST_01654,3.253105018014516,0.735399961558477,-0.6198917751093617
TEST_01655,1.3028005658094681,-0.8295855622192276,-0.21454727956029535
TEST_01656,2.66663314830385,-1.2727072214045894,1.060983069821637
TEST_01657,3.8859439800260165,0.5293025773566403,0.5821624212279505
TEST_01658,1.488893657359665,-0.3345801269539154,0.20757158361508368
TEST_01659,3.7501591497380935,-1.4785447351303282,-0.6178266084148789
TEST_01660,2.115610057476534,0.8841697496291547,0.7783991444188435
TEST_01661,2.1342361408900246,0.2553434750290529,-0.49646964322379666
TEST_01662,1.5618552336092357,0.17540401678769413,0.1919594870581991
TEST_01663,1.6662811129400752,0.6624542080706042,-0.569751468482798
TEST_01664,2.8715783825137793,-0.4811440236064143,0.28078090347835527
TEST_01665,4.595528419189077,1.3300956908020585,-0.934211872832696
TEST_01666,1.8004192766691116,0.14791978993953245,-0.4824804797322501
TEST_01667,1.1808114799165186,-0.24962244559450494,-0.2752303415405663
TEST_01668,2.6643867276969915,-0.4548256715075572,0.6581644257783577
TEST_01669,4.640066951887174,-1.2165900804597285,1.2832776525602467
TEST_01670,2.5289913647733586,0.33820341885994376,0.6856250626590528
TEST_01671,1.139822938852618,-0.262634517505838,0.05024217325257995
TEST_01672,1.7429725981390247,-0.5906502906596537,0.4655370178374703
TEST_01673,2.605190219928617,-0.700664978507831,0.5977691651071327
TEST_01674,3.1719800825356894,-0.53383457251981,0.08007204477137753
TEST_01675,1.9087005827838472,0.5486692251430164,-0.2639482663407729
TEST_01676,3.74901544121844,-1.9493107152034295,1.0232683361570678
TEST_01677,2.6248603733540863,-0.6585349579059293,0.4173223659272417
TEST_01678,1.780831059286212,-0.05280415528520393,-0.45178739161185805
TEST_01679,5.418891516018673,-1.9401465685827108,1.3282533487249222
TEST_01680,3.2749118599215645,1.434509040301523,-0.3033350196383257
TEST_01681,4.1490883963761,-0.03190798280854813,-0.6701942475898394
TEST_01682,2.2912690322870803,-0.2631698364919268,0.8282366872805816
TEST_01683,3.337381006310207,0.4800512998184063,0.46874397033626575
TEST_01684,2.0275076541839674,-0.3305886906932345,0.22570231959386455
TEST_01685,1.641303810425324,-0.826167036046201,0.5822675887567245
TEST_01686,4.390251917649414,0.7760244456120758,-0.08844005232194276
TEST_01687,2.0826529917496046,-1.063480929646402,-0.22725891509537363
TEST_01688,0.9677724920057058,-0.7928789533267426,0.30610624818565113
TEST_01689,2.9769355054045215,0.25359018411402845,0.34217457513849564
TEST_01690,1.9132798755912799,-0.09232324367141127,-0.038486909312951734
TEST_01691,3.4152539018019175,0.017840683330374682,0.1313079256048425
TEST_01692,4.681662820824957,-0.1190922418643293,1.4314673498456802
TEST_01693,2.9545129853995284,0.23916393875822597,0.5867488441726996
TEST_01694,3.820802340844241,-0.16249892451838902,-0.2265934846015644
TEST_01695,2.5636631228319793,-0.34070189074882445,0.030379550460792996
TEST_01696,2.7107003785676342,0.11495092283510538,-0.4263586103305941
TEST_01697,2.7292966447612024,-1.4528941425373358,0.5153062861250747
TEST_01698,1.2267240011382166,1.028760921156442,0.45003305953366907
TEST_01699,4.647709405302394,-1.1096405608879254,-0.6229561401547917
TEST_01700,1.051631425855749,-0.3708856190912301,-0.11958789047354634
TEST_01701,1.4764750105764977,-0.2705175378942246,-0.48092010195521506
TEST_01702,1.8808138653878925,0.8306102096229255,-0.47749693542221316
TEST_01703,1.3748053449171018,0.6796454404782198,0.34656191290810384
TEST_01704,1.8037456561693068,-0.04989393846187641,0.08387296584511351
TEST_01705,5.005550467368261,1.3933941234197547,1.1732842528881748
TEST_01706,1.09121455245907,0.4502261216777814,0.5851820318591566
TEST_01707,1.3346267981227096,-0.03269621260637438,-0.233234949372185
TEST_01708,2.7189373291564287,-0.05542274574831613,0.031143431801209542
TEST_01709,3.3933809124247443,0.1633425160979455,-0.13257020951134796
TEST_01710,4.5231676108157135,1.0322380632883217,1.5351615462383708
TEST_01711,2.086545158891129,0.2656049198714647,0.13440379814677678
TEST_01712,2.012798041770749,-0.8088001837004196,-0.2231211038283319
TEST_01713,2.2794090008983696,-1.1346861883156123,0.31504858967120897
TEST_01714,1.5875684805434165,0.1383338644073893,-0.020944856186910936
TEST_01715,1.885112128318466,-1.185924667977289,-0.6240755655191577
TEST_01716,3.270618063381855,1.416211339176194,0.9154521604424698
TEST_01717,3.7419828341830264,0.5964188419449123,0.6834383325868231
TEST_01718,1.466985379757231,-0.2470297497660337,0.3563938719692938
TEST_01719,2.314475768738281,-1.1655624955068735,-0.1340090067010817
TEST_01720,3.276621013056866,2.3394017437498626,0.9816916934292613
TEST_01721,3.7222603054125494,-2.386613559166278,-0.7546665391228651
TEST_01722,4.224450977799585,0.14756128952551992,1.5236848642919154
TEST_01723,1.1578893076179555,0.6078904098848442,-0.3363441004407445
TEST_01724,2.2820257905072654,0.9783051547775236,-0.2073004571045744
TEST_01725,2.4723998066688746,-0.02405105629933246,-0.07426071524140732
TEST_01726,4.649885605265833,1.229733661704805,0.0809203512284311
TEST_01727,3.0257268391914027,1.0314031461466024,-0.17415697929671672
TEST_01728,4.685487469238574,0.15776368906921198,-0.3715650928923959
TEST_01729,3.053731274431792,-0.0025150118687595853,0.38200279047182234
TEST_01730,1.470033050555525,0.5850770591703833,0.05315515713125239
TEST_01731,1.0131433844575195,0.29037255128406536,-0.30769332951304956
TEST_01732,3.5632535388701454,-1.0367557601161181,0.17223876985139383
TEST_01733,1.1548672721608428,-0.4477973907933197,0.17198146110789841
TEST_01734,1.8088914367596163,-1.045422526206239,1.1847163672546335
TEST_01735,1.4113806333600951,-0.5235808940852686,0.5212451520275578
TEST_01736,2.6345532458005883,-0.22041973484319863,-0.5357372816344672
TEST_01737,3.7219707377828186,2.1728983808012075,2.0289982751882167
TEST_01738,5.429515668124421,-1.1177651066547256,1.6809305259087663
TEST_01739,1.3107067513629682,0.27546092894718455,0.05496119247853385
TEST_01740,2.1527773673333153,-0.6987497672288197,-0.13832599409407678
TEST_01741,1.1757861171165145,-0.44246526640056283,-0.21105424948475
TEST_01742,1.9886858185716159,0.8993302602738225,0.6198654173580849
TEST_01743,3.2755951643532755,0.6067421253324241,1.143054544542188
TEST_01744,2.8537466587952975,-0.35552925882783976,0.21554785242984717
TEST_01745,1.4858572656336928,-0.49475726346895715,-0.17547695443994388
TEST_01746,1.2951290655778744,-0.8110398444577845,-0.5503881318294078
TEST_01747,4.1173653026267525,0.3410575149073621,-0.828871862392767
TEST_01748,1.7577653307937338,-0.23634849212537587,0.10395808861668905
TEST_01749,4.456906521330832,-0.7718397016990659,0.7409005203476657
TEST_01750,2.396271734627767,1.4439619140029796,0.01316746005306028
TEST_01751,1.567095072395835,0.10955282150804672,0.1210773937576864
TEST_01752,2.7681508375409862,1.6015581047212697,0.3865347688689668
TEST_01753,3.0710988011707845,-0.6865856737154167,0.6151100765920573
TEST_01754,1.6061382118795906,-0.16024116522552545,0.19509683928953073
TEST_01755,1.7847038484468472,0.1847347979298083,-0.5220727704150088
TEST_01756,3.379421310106406,1.3862974341644687,0.553579235658289
TEST_01757,2.6958779346497677,-0.02378719718339899,0.5826334792375686
TEST_01758,1.6539758885013647,-0.49096806748629346,0.03469285211081066
TEST_01759,5.899121349264728,0.2644487264722453,0.3853980525465788
TEST_01760,4.737879334522836,-1.1210459508278325,-1.5026734402085893
TEST_01761,4.350128188525723,-1.8456203275984984,1.143786991374172
TEST_01762,1.878163643274938,1.6575457483985627,-0.5571173322914085
TEST_01763,1.277921765097447,-0.17322583437642392,-0.4982669465341878
TEST_01764,3.1972863867593553,1.173885607384779,-0.03520925283793018
TEST_01765,1.099432124122691,0.24408137601757457,-0.10941706156545992
TEST_01766,3.334732465774565,0.13981540601961978,-0.7433822636759827
TEST_01767,3.5250633428584854,0.029490749982467746,-0.6067394692276878
TEST_01768,0.8450751691393749,-0.14713800920385392,0.27337642163190257
TEST_01769,3.4941085001241077,-0.06452645448511894,-0.3236129882720875
TEST_01770,3.605071493467798,0.36126251987380814,0.25820347057777
TEST_01771,2.6326475646648606,-0.22735319876292293,-0.07033933648520165
TEST_01772,1.9946827327913554,-0.09708200677982819,0.4354990550930033
TEST_01773,2.7748836504434045,-0.3222291925402182,0.23125351695492366
TEST_01774,2.7632654801467975,0.23569337310998428,-0.4510629381764711
TEST_01775,1.068747923685548,0.41787375403603744,-0.30987322992288086
TEST_01776,2.946325982430078,0.26789755666508924,1.312579237098841
TEST_01777,2.2179131336365083,0.11009511993586456,-0.5792744898802153
TEST_01778,1.6206121777803388,0.03655522562130924,0.17872229355323271
TEST_01779,3.6522580353541203,1.2076660227984417,-0.43834735653325074
TEST_01780,1.8873831013055271,-0.48057018888320535,-0.6127014316402647
TEST_01781,3.306598899430929,-0.1689151736477342,0.5594823311464928
TEST_01782,1.911317286603464,-0.393179951192296,0.4227920382620695
TEST_01783,2.386707005521698,-0.3105280857914028,0.5365951869555554
TEST_01784,3.138005906477728,-0.5338127467685003,0.7951808893896212
TEST_01785,1.9260540050273331,0.07814872668701957,-1.0061040469006723
TEST_01786,2.854090769106754,-0.022522631843329827,-0.018652961033538487
TEST_01787,2.3232488800956475,-0.1914322174790191,-0.3999044812786741
TEST_01788,1.9329358520449365,-0.3465114545195074,0.2426134830252116
TEST_01789,4.974135641287085,0.866984328438193,0.10931170563326925
TEST_01790,5.348144444143629,-1.1820607607145286,1.2913695824702756
TEST_01791,1.954768695646805,-0.27719926752618407,0.08817733971419985
TEST_01792,1.5166068754721507,0.27179479456263017,0.3718103809485128
TEST_01793,3.276983449056817,1.2334393582823415,1.657781622358329
TEST_01794,1.8953395014418055,0.5280667109358085,-0.01372289364318545
TEST_01795,1.6536958771096952,0.30115546100650703,0.35260007541666205
TEST_01796,1.2550419485492672,0.35674639531374164,0.4882052829848428
TEST_01797,2.9976557991105435,-0.5288109245334249,0.040052581234423526
TEST_01798,2.5236562293620377,0.2554382070791583,0.3790312936328316
TEST_01799,1.7895360266785258,-0.8833376918412195,0.44651570070262064
TEST_01800,1.4215508215118156,0.9997142712196389,0.29422062519327974
TEST_01801,3.114938672951816,-0.20626957267338403,0.6197744271005935
TEST_01802,1.4989822229239427,0.5955183094076023,0.7322557978725528
TEST_01803,1.1768723530424567,-0.5577968625905618,-0.003938114426181244
TEST_01804,1.9460535934297623,0.7503306544787546,-0.1211717205764437
TEST_01805,1.6747652908214439,0.35800828420112707,-0.3526213647782975
TEST_01806,4.209460546927135,0.3320269914472743,0.7104825575959927
TEST_01807,3.4186852643270287,-1.310627576540851,0.6090366303412871
TEST_01808,3.830858648618657,1.480265134703467,-0.3562037202392065
TEST_01809,2.039376356497562,-0.11394242897116688,-0.17140922985791665
TEST_01810,1.6876720867908306,0.24307386380301982,0.43521546695555474
TEST_01811,2.212237057525949,0.06987078963499475,-0.16509386563594813
TEST_01812,1.6073336121567647,-1.1765965785399164,0.09201228561582062
TEST_01813,2.6331424690366556,-0.3839047173989382,-0.6138900938969712
TEST_01814,1.512123582481307,0.45061328640277826,0.12394343240209361
TEST_01815,1.028654146149063,0.02240017191608186,-0.18713116417525805
TEST_01816,2.0453178291615597,0.8419727269717365,-0.8987752248938402
TEST_01817,3.757753030551055,-0.1825655073186755,0.5467136916419165
TEST_01818,1.0443008605559099,-0.11116380587524188,0.01304842812698002
TEST_01819,1.802180996392968,-0.9716060206501433,-0.035363076115256804
TEST_01820,2.1332175757446965,0.06728572127419989,0.5662774661732589
TEST_01821,3.2208590766906653,0.21709717030722173,-0.2097298524944131
TEST_01822,1.941321384131508,0.7472258595525993,0.38621724243630284
TEST_01823,4.090863020993709,0.2871338106338107,0.6813628785380249
TEST_01824,3.7335724851066088,-0.6884297692376076,-0.22853094959335693
TEST_01825,3.227338270202001,1.4762605176229968,0.5399820654187141
TEST_01826,2.4935722321566507,-0.11634748128848824,-0.16927488742927838
TEST_01827,4.254548735561904,0.16064215266559662,0.8607073174096311
TEST_01828,3.1233478090076794,1.0528812486082042,-0.6427566795443761
TEST_01829,2.705738030768392,1.7889725561953438,-0.46786444254043286
TEST_01830,3.6326642790419275,1.6938614663617853,0.48125402408919493
TEST_01831,1.9496474439687483,-0.042943056970582726,-0.17340891191746338
TEST_01832,3.4175950091631204,-0.9660803367055958,1.0004652076651341
TEST_01833,3.0327517847054875,0.7624996685278399,-0.09651390627258792
TEST_01834,2.0215860299100434,-0.2937065935768726,-0.06326697583160065
TEST_01835,2.0948352455402173,-0.3882765208182341,-0.5566457948728359
TEST_01836,1.723988484083045,0.5633416815776096,-0.5152906296675724
TEST_01837,1.9746539903470435,-0.2972341708305529,0.27338291110004836
TEST_01838,2.9592063209160253,-1.6055691611663419,-0.28121795677900147
TEST_01839,3.2787134179259674,-0.45931978409168034,1.1289690821848548
TEST_01840,4.848089437517587,-0.13500172473888536,-0.8348049676240995
TEST_01841,4.528111486767209,-0.22484815237549743,-0.5433366743852391
TEST_01842,2.0918154836432326,-1.2155918617357673,-0.7186522194202993
TEST_01843,2.391734352136582,-1.187659703703923,-0.04743828657544476
TEST_01844,2.116645825776097,0.28775510465252935,-0.5569936539677056
TEST_01845,2.172194636503836,-0.152833936715056,-0.45074993371007654
TEST_01846,2.271654769933354,0.336073854721763,-0.5558872627004411
TEST_01847,4.8430661578941905,-1.2810774041786746,0.6386051351980385
TEST_01848,5.689379218545539,-0.9943192680810423,0.3871773523138216
TEST_01849,4.4018638687700555,0.5679632134817464,0.017307121887723625
TEST_01850,2.43695305870914,-0.13327147742347098,0.6510485344716705
TEST_01851,2.761169840541373,0.03590451430971849,-0.48180550360498675
TEST_01852,1.7569561757253433,-0.30214067749248835,-0.6128353965088361
TEST_01853,2.0491877939203187,-0.2092957618806253,-0.006140710625662548
TEST_01854,2.9548923801207487,0.009210330151299231,0.5388144480856998
TEST_01855,3.0613829829776655,0.7621414194190436,0.22308003826800296
TEST_01856,1.2529433802940815,0.5054326449694695,0.31706632188933104
TEST_01857,2.496131894289963,-0.7880797588502031,1.1531389197659492
TEST_01858,2.9098561451175464,0.815545516115511,0.3523435438388493
TEST_01859,1.93694481769843,-0.912966615810827,0.201920419957302
TEST_01860,2.3890423056945362,-0.46417252466144865,-0.8573222123110686
TEST_01861,1.680620828547291,0.5328700852980326,0.4883866666037959
TEST_01862,1.8946360853816262,0.6833828177479396,-0.15911468400871873
TEST_01863,2.4315126161623457,-0.08292233199970958,0.32334230189805424
TEST_01864,2.423464830467563,0.008028193322124053,0.1188153171507528
TEST_01865,3.8064025102452868,0.08362281576767797,0.8541668262894714
TEST_01866,3.0934304093918588,0.6617229890389015,0.3375986449253191
TEST_01867,2.4502304798189942,-0.5598831703669294,0.248485377335964
TEST_01868,3.1035799320891826,-0.39091768709099745,-0.05331959548741411
TEST_01869,4.3516440815666115,-0.7648836810635212,0.2721482482650272
TEST_01870,3.7444027429900713,0.7161139094274716,0.656282454685372
TEST_01871,1.3298466233713284,0.2750028675811048,0.12741199816922072
TEST_01872,2.4350898844589652,0.6391496284006277,0.7292854159126148
TEST_01873,1.8204174934436383,0.2717961836463124,-0.2800676710869172
TEST_01874,2.155257406989323,0.6031589191374777,0.30711394365270134
TEST_01875,1.8718379539633019,0.06094723609275709,0.5259070469468717
TEST_01876,4.092928293137861,-1.3876284945306379,0.3810793679485244
TEST_01877,3.107538762963591,1.2398584465061862,-0.560855772211403
TEST_01878,2.811402797414849,-1.235113564895774,0.2958811467107037
TEST_01879,5.146563624773422,-0.3906658220710801,0.9529729571694583
TEST_01880,4.704029042228014,-0.20255758097214005,-0.515514234349834
TEST_01881,5.2963773952856625,-0.9912799166489833,1.2635221490181563
TEST_01882,3.9237578852273134,0.5916377005137063,0.8404065265946467
TEST_01883,2.319286166408466,-1.5265567099410016,0.28442410455503947
TEST_01884,2.1052711524698275,0.7773790059042058,0.24819737712807832
TEST_01885,1.1200032008342817,-0.1451197413917216,-0.26193944169586253
TEST_01886,1.5436550541003098,0.9806492466193927,-0.4534249304703492
TEST_01887,3.800325237418084,-1.3313215771315954,-0.8724245618177306
TEST_01888,4.43431588509355,1.9367809867744976,0.1754808551928689
TEST_01889,1.2786139734319273,-0.38602878925938783,-0.16579670262114984
TEST_01890,1.402395420055921,0.09208335345637063,-0.13151251155150073
TEST_01891,2.102737057609013,-0.0801274878462375,-0.8169867873609008
TEST_01892,5.132077565554467,-1.1914551239632512,-0.8506988160109324
TEST_01893,1.4478869240596508,-0.26699283606470825,0.20020595656580153
TEST_01894,3.09315824761559,0.24993684337672198,-1.2052415528122857
TEST_01895,2.5041741839075886,0.6320129166144483,0.09966773720428747
TEST_01896,2.7050624661957454,-0.23120527733508955,0.7689080450124356
TEST_01897,1.6479548204514507,0.5028842494959951,-0.38888903715730394
TEST_01898,5.146558398460619,-0.9801862017014776,0.00480223881110471
TEST_01899,2.000335312344657,1.3112086722595209,0.32554702740649444
TEST_01900,2.7645396362701415,-0.24135690154443926,0.3575538006434375
TEST_01901,1.8472279155296893,0.08737372563780717,0.08771522950334158
TEST_01902,2.2595767754977563,0.2707611191447537,-0.8495011383181574
TEST_01903,1.3313908462041846,0.3644661323788556,0.3645848965862133
TEST_01904,3.528717450542503,-0.3241671912411687,-0.07872741984827261
TEST_01905,1.2956418128213893,-0.2847138197083513,-0.37302215996957694
TEST_01906,2.4940658199898222,0.3889175273005026,0.4482173480214763
TEST_01907,3.6191854092829474,-0.47467796342751184,-0.10982892419422302
TEST_01908,2.861216635318635,-0.07140529158046478,0.06996923113788919
TEST_01909,3.721233750843407,-0.10753374612533813,1.069107701364285
TEST_01910,2.309941200849229,-0.6667180197262514,0.31282369320790715
TEST_01911,3.021616058274494,-0.7129607538754507,-0.003988032328796012
TEST_01912,1.1850302899867848,0.03317786121137776,-0.20154050297450968
TEST_01913,1.84428193349226,0.7109985826617176,-0.740956361423185
TEST_01914,3.374567863114575,0.538821225803734,0.8630877951853776
TEST_01915,1.7310885874800743,-0.8322647444782315,0.44238972228237167
TEST_01916,2.3808521565201457,0.22077819203154428,-0.08057205532444431
TEST_01917,3.0447474703495256,-0.5704502572168624,0.32740747505426065
TEST_01918,2.6086034593536467,0.379539315658903,0.028796534258694488
TEST_01919,4.898335799626528,1.047393339839351,-1.066109080433301
TEST_01920,4.357189833335981,-0.8803936034903118,0.5039718626384236
TEST_01921,2.8022670801404477,0.24745703337627536,0.6371379847292556
TEST_01922,3.4360820423273455,0.6434485472991758,0.8827891973957452
TEST_01923,2.4810884828008595,-0.9701729476972052,-0.9814945709419096
TEST_01924,2.9050218546067206,-0.49839592701503566,0.14765335615321934
TEST_01925,2.3372283391868525,0.35681841314003493,0.1781043189844943
TEST_01926,4.27978327582371,-0.13836664104545912,0.16109056328498259
TEST_01927,3.1055151094052644,-1.3657819520366723,0.07012761342529193
TEST_01928,1.344310444647102,0.4725726259991227,0.5865713716827723
TEST_01929,3.66408597237692,-0.0038525757645118536,0.3738201074230488
TEST_01930,1.180854815989217,-0.16621462170029547,-0.1430210234049502
TEST_01931,4.309318076994434,0.47496130712531726,-0.21136933487743195
TEST_01932,3.641200314589663,-0.2893801110222803,-0.2484106824284347
TEST_01933,1.6613308832979607,-0.26756423285261033,-0.2732926235146916
TEST_01934,1.7427483248550808,0.12529837914480182,-0.5231751378121541
TEST_01935,2.9136826003368768,0.5950651752690517,-0.8121303749531548
TEST_01936,1.139263497756727,0.1922394810086892,-0.061038146065514755
TEST_01937,2.687079431495893,0.3443936447916259,0.2898878341609018
TEST_01938,5.314008524775549,0.5390182881702404,0.37589444809347416
TEST_01939,3.3858258106963017,-1.0149589028834738,0.2574202912162888
TEST_01940,2.7328903417577224,0.7922083355817137,-0.08727048864344243
TEST_01941,2.127304291097497,0.449773553119454,-0.6990965657408227
TEST_01942,1.7019462207451328,0.31748424302502326,0.2814256532776607
TEST_01943,1.4225004388780684,0.23225811260555168,-0.19205834631550084
TEST_01944,1.3122821074822701,0.24436658195486594,0.2682839368411677
TEST_01945,2.0403551155432935,0.16387359350453676,1.1018287236800615
TEST_01946,1.9178978821091728,-0.009284533440020231,0.4346053010006172
TEST_01947,3.942694735179841,0.13489593465239777,0.0033880637688456206
TEST_01948,1.9608768559079388,-0.5794189115812416,0.3228898451115563
TEST_01949,3.2321795632894137,-0.8320517332372098,0.26082372458324754
TEST_01950,4.005719461200376,-0.2144138397268409,-0.7630595371271303
TEST_01951,2.8140697865789193,0.5496984334341508,-0.5718495580113839
TEST_01952,2.690532714234514,1.4265918394182135,-0.4765093559399972
TEST_01953,1.6853058750609773,-0.3059214579060918,0.1826848239678617
TEST_01954,2.664551074937194,-0.19964981746150462,0.09991448082913074
TEST_01955,1.9475303098808434,-0.21179279497808645,0.21914199406341056
TEST_01956,1.6359203426387554,0.6474840905489644,0.42876792010791787
TEST_01957,2.0863661320832203,-0.039971290660523934,0.42818679016934813
TEST_01958,2.6632218575145665,-0.5541902976898677,-0.40062013305755095
TEST_01959,3.9574902549314874,-1.3558865492675856,2.395734532521634
TEST_01960,4.587845945646426,0.4658784588799626,0.9582304958501314
TEST_01961,3.636840619382856,1.9852632020670045,-0.6186395450387389
TEST_01962,2.2637842221661604,0.3414837578828723,1.034394403766971
TEST_01963,1.772773226037972,0.3968718065546604,-0.541541836837312
TEST_01964,3.3150828608127774,0.6471273278865736,-0.8461872699588647
TEST_01965,2.0218787866080996,1.1114621455850056,-0.6748643161179259
TEST_01966,1.306951092680355,0.7720442317946943,-0.1754751574280007
TEST_01967,4.099120111623838,-0.3068965258084381,0.15952246305627285
TEST_01968,3.9443970565276225,-0.39520721688689925,0.7216522969826176
TEST_01969,4.3689438483176,-0.07905704099444466,-0.9791117530227644
TEST_01970,2.382969828444229,0.4445622685367206,0.628775408429517
TEST_01971,3.2014575722544967,-0.04492818775310304,0.6233825787317977
TEST_01972,4.882964377375298,-0.006483861061977398,-0.98704198250606
TEST_01973,1.0350959537232498,0.16884964545894446,0.21205740251820016
TEST_01974,3.290997003859184,-0.6219815218735714,1.0469320420221404
TEST_01975,1.1987142608064603,-0.18329016191557548,0.41248387483721394
TEST_01976,2.673144317830795,-0.8054212413385543,-0.6521595384007991
TEST_01977,3.6824060706541193,2.2399659974851116,-0.1407488977401755
TEST_01978,5.6538633798447355,0.5233491491960406,0.7214286013468046
TEST_01979,4.644419312219606,1.3825300961525417,0.03501073266541095
TEST_01980,2.084953680843384,-0.8102593591648006,-0.2644122986977462
TEST_01981,3.1131325370625005,-0.20112373763411207,0.07117350664620427
TEST_01982,1.9903147801671208,-0.7609959315357312,0.6911984236625296
TEST_01983,2.603128708366712,0.4043196320270787,0.5055013622826161
TEST_01984,1.5746002902100769,-0.40897126870337036,-0.32489431454174494
TEST_01985,4.868659821941903,-0.16722957816229528,-0.04692908877767567
TEST_01986,2.7203840144483564,-0.337948400329966,0.4559119856218526
TEST_01987,4.671859147165207,0.3933404073332393,0.3339793245340242
TEST_01988,2.390769789979938,0.5328073839952898,-0.329524470331111
TEST_01989,3.0958180751178124,1.3900133275914408,-0.7655992313310511
TEST_01990,4.912136615223309,0.7607556100122411,1.5800385120671145
TEST_01991,3.1858041089938265,0.4761821468115267,0.4596720507502928
TEST_01992,2.0177755494858993,0.6408718110360591,0.4713105356078785
TEST_01993,2.7832369345813963,0.10032974297046518,0.17701962627600773
TEST_01994,2.340254019464374,0.43445081432975136,0.11433663236250462
TEST_01995,1.7292453370709133,-0.6031669063872589,-0.09874796868766791
TEST_01996,1.885309309946209,0.19655848332318493,0.45895382479917013
TEST_01997,2.080380035855753,0.23114855002521456,-0.17765091688440837
TEST_01998,2.7166276076550937,1.525574483385189,1.0201616920793262
TEST_01999,3.1635045392899546,1.8958657338844782,-0.8146240518495909
TEST_02000,3.93274922846503,-0.11139662885580812,-0.6056769604059202
TEST_02001,3.490626869564593,0.2923930349019584,-0.002022554872574434
TEST_02002,1.7858703582328805,-1.4477256251684174,0.4910484921714691
TEST_02003,3.456106283716598,-0.7144607558236962,-0.0017969860588809387
TEST_02004,4.040402003996646,-0.6708647330362463,-0.19548110305186817
TEST_02005,2.2305548131871675,-0.08137775915105737,-0.39847896755440215
TEST_02006,4.301692775171162,1.1196220174142781,0.6016249596948445
TEST_02007,3.0463089749838064,-0.9629972690814367,-0.023816029864743526
TEST_02008,5.075390976285644,1.674290227208053,0.008190634858691944
TEST_02009,2.793864192127555,0.3669888346490279,0.4711899797815762
TEST_02010,2.0151819996089073,0.06337486010451823,0.08873272377105046
TEST_02011,2.452562807514251,-0.3483682787639333,-0.18683142811707323
TEST_02012,3.0393994581325,-0.8114974845426058,0.10960042573970122
TEST_02013,2.8114128708463,0.20778332629250565,-0.010659388628144601
TEST_02014,3.33889270087367,0.06425782488841476,1.2646074484955039
TEST_02015,2.7224083406548294,0.47948524813562304,-0.1995469384974028
TEST_02016,3.0192729170920583,0.3836188660012656,-0.5138194390266685
TEST_02017,3.6412021481142802,-1.7688244711678318,-0.44471251337235423
TEST_02018,3.414977514874028,-0.18952813967668314,-1.0421166698617
TEST_02019,3.6217499014922563,0.9264586738621233,0.9867877913118301
TEST_02020,2.6924136008368738,0.9371456686374088,0.8794189808088685
TEST_02021,1.5029541458368305,-0.22495075733898265,-0.15120609292030548
TEST_02022,1.1495995057745683,-0.26853483297918784,0.44832980416134355
TEST_02023,3.5548040798881484,-0.2032672973679655,0.15987128824568225
TEST_02024,2.4614237594599255,-0.22902265490125853,-0.34451372139177966
TEST_02025,1.3062947746823008,0.3575849705307257,-0.09632072779365002
TEST_02026,1.6654745000020652,-0.48561747534353733,-0.3688079843491537
TEST_02027,2.9453811452554812,-0.24193538512850518,0.9239645164056672
TEST_02028,1.978102527735245,-0.1402547178333247,0.21433415726375638
TEST_02029,4.684919506214201,1.1004653879415562,0.49384394683750715
TEST_02030,1.9627058064593854,-0.7855271503138023,0.7498376469481488
TEST_02031,2.353108048186731,-0.1392362392760541,-0.43112057244272123
TEST_02032,3.8030491007126983,-0.3349797807943327,1.9651902288737626
TEST_02033,3.33159080991365,0.18774600121909119,0.3143704163794893
TEST_02034,2.1497129499591456,-0.0607595835693452,-0.10621962533756586
TEST_02035,2.3550744775288672,0.6482069522536211,0.5518352009120973
TEST_02036,4.16046772332235,1.7667402928798717,0.31979316253680584
TEST_02037,1.5934460373705643,0.34528003546506014,0.22899396190930338
TEST_02038,2.3553356508259222,0.9751762557527703,0.959953190052897
TEST_02039,2.659356709512807,0.6063439465458664,1.4020109799019282
TEST_02040,4.247330565258478,1.0132592486255374,1.5772833648281102
TEST_02041,3.2275740231692573,-2.568151980665736,-0.020086119006168433
TEST_02042,4.733583112218418,0.4296244127662079,-0.5905959348425328
TEST_02043,3.7545169597195396,0.3802211885016083,0.12020589402700448
TEST_02044,3.3981165240251676,-1.681057985485049,1.3651063984142648
TEST_02045,1.4469003178056175,-0.4738365833307045,-0.013646019028059474
TEST_02046,4.502780183267423,-0.7896223980497209,1.1757847615682846
TEST_02047,4.9883826458232114,-1.154616767596062,-0.08506616110704492
TEST_02048,2.8413184571201455,-0.8971740908189456,-0.9223395874960719
TEST_02049,2.8414329668468126,0.2906970946989597,0.46841711641479034
TEST_02050,2.974534407852815,0.3957236210153525,0.15190002177820844
TEST_02051,3.3766123023654107,-0.06590534192602979,0.0951674372174338
TEST_02052,2.1304272182277613,1.0991549136155814,-0.7275984221575346
TEST_02053,3.1238890600085094,0.31782112598050705,0.22430814964488038
TEST_02054,2.865160793598662,-0.1790654869276579,0.7949185697754743
TEST_02055,1.878127153491381,-0.611102078757546,0.304000901320215
TEST_02056,3.5763239869068846,0.6324613381949068,-0.4339231746139593
TEST_02057,3.6970669505715463,0.4934268439610602,1.1578415987101693
TEST_02058,2.9402292587651346,1.5327192472993734,1.110517646560718
TEST_02059,2.7323251780222138,-1.5504160244421255,-0.8285027234489935
TEST_02060,1.1084215243267783,-0.3004607071451512,0.11501777295296625
TEST_02061,3.0690859827641477,0.4621272414612989,0.8917096650782863
TEST_02062,1.6196296328670892,0.13185435818109745,-0.09439647805284172
TEST_02063,2.8353707929944325,-0.6615983009797766,0.4584245927037018
TEST_02064,1.5184439779674088,-0.05118495942983123,0.23823743105372083
TEST_02065,2.622987409138872,-0.16899117599697422,0.26545770266797997
TEST_02066,2.404681642779953,0.38286119032122456,0.21377015084919393
TEST_02067,3.9540787953605165,0.45785725202325345,0.5073366680781345
TEST_02068,2.796198238653574,0.13013633249565287,0.14805062957854423
TEST_02069,3.2159406225700757,1.2058055136115278,0.514851991662058
TEST_02070,1.8248136447942247,-0.6837621242922315,-0.3584452585969028
TEST_02071,2.536487281574052,0.9913890583828703,-0.6670178604562667
TEST_02072,2.8034506996622715,1.566379815101198,0.11855553349391298
TEST_02073,2.944286869422461,-1.272805502625016,0.7522056532353495
TEST_02074,2.787331556643301,0.06665408075011804,0.1441660584239126
TEST_02075,1.8195992262375302,0.36157365420252685,0.32096957660961856
TEST_02076,2.217161931615129,0.9004156854641348,-0.47296335238243903
TEST_02077,3.09724329232221,-1.1793848423649744,0.0162009255792388
TEST_02078,3.4454469788174062,1.731127678556415,0.8491539591114105
TEST_02079,5.144306810898047,1.402045660940723,1.8704152641203173
TEST_02080,2.7251490627628434,1.4230885073047228,0.5995102195836046
TEST_02081,2.0670823156300404,0.35491217438898115,-0.6144538920793693
TEST_02082,4.4696988970048,0.3797134130440945,-0.5342707180794148
TEST_02083,2.227009136222229,-0.23065702783526693,0.6314103316675199
TEST_02084,1.4512434823712919,-0.0794178544214544,0.1900327307645229
TEST_02085,2.744737670212652,0.4290830767623332,-0.12502267027677702
TEST_02086,3.3592482419398633,2.263981637920636e-05,0.962950169084248
TEST_02087,4.445770328355692,-0.5877319999286372,-0.162333759542359
TEST_02088,1.2787965974145827,-0.050474268408128964,-0.2824210914214256
TEST_02089,2.4457876536759695,-0.06629110971026413,0.07949660946641741
TEST_02090,2.63367427494503,0.5538475244268295,0.08744088453154317
TEST_02091,3.1998955195750756,-0.14827053873875953,0.557803625592598
TEST_02092,2.1660197813834947,-0.979192839791832,-0.24147838352254875
TEST_02093,2.4245691302689347,-0.16747794653886994,-0.06961761587177294
TEST_02094,2.7167645726805216,1.0514341822639146,-1.02218029021282
TEST_02095,2.8324461179122062,0.017052582205722828,0.03737688567465637
TEST_02096,1.6359528839510025,0.6780224238137438,0.8789352793520963
TEST_02097,4.276115012347989,1.0456001577820453,2.2158747445284788
TEST_02098,4.868546994355919,-0.5608867015053984,-0.17969169090412376
TEST_02099,3.872731565593389,-0.5635561072560713,-0.43606139325577725
TEST_02100,2.728122702031662,0.004356298722530313,-0.773835287136188
TEST_02101,3.4408694979922347,0.008909267164725542,-0.6283001214525361
TEST_02102,1.8568836985025299,0.332323278692777,-0.3491805963724939
TEST_02103,4.346930113299334,0.175690270927545,0.6233049741502213
TEST_02104,2.632362797842446,-0.1779967661428948,0.37988310135377457
TEST_02105,3.7301296519049885,-0.9469842584149173,1.3182726303910663
TEST_02106,1.7403970256653474,-0.6590851808710093,-0.48279388321207983
TEST_02107,2.332672737720783,-0.3520943537715734,-0.4227776588447076
TEST_02108,2.7757507613542747,1.282257702286747,0.8696797043531603
TEST_02109,1.7455978355790087,-0.7045093464682477,-0.3153822167984685
TEST_02110,4.918840820425226,-1.106503149559498,0.9821445494414628
TEST_02111,3.4588798067114315,-0.5680766795636977,-0.2818701068607334
TEST_02112,3.3750635679888106,0.5967918476546054,0.44651901902957064
TEST_02113,2.79101317464904,-1.0215768341187508,0.6634690030518055
TEST_02114,1.9610698973148795,-0.39266627130181603,-0.0298696117334944
TEST_02115,1.7996442667909185,0.2520734085527544,-0.20446335441607547
TEST_02116,1.4916006627044591,-0.32113380292796834,-0.12874303598914463
TEST_02117,1.901173140749855,0.055714129641173275,-0.17787957240791316
TEST_02118,2.9535382109333796,-0.7655985456225616,0.7795967191904782
TEST_02119,4.067703530207622,1.1142000489973576,0.6375434466659147
TEST_02120,3.183044176377297,1.6507830255848561,1.0346554056552197
TEST_02121,1.3335515209021864,0.8853732089898355,0.07719908916569966
TEST_02122,2.94868429407166,-0.759916088725175,1.3668802876877468
TEST_02123,1.75468988973793,0.4759661831769208,-0.2826240127210356
TEST_02124,2.668666515869989,0.11261804144910356,0.21218291339205378
TEST_02125,2.20816297037386,-0.5339977930663334,0.7526954906771232
TEST_02126,1.7522643512516742,0.9055220892361513,0.25968470199749205
TEST_02127,3.4596442498852595,-0.12899560306404592,1.267122715219744
TEST_02128,5.658497590207196,-1.5187688667340098,-0.6876820286569783
TEST_02129,2.784201522230257,0.6893210731120857,-0.16675142920637515
TEST_02130,1.9277413508321897,0.3892416653256775,-0.3323788395649948
TEST_02131,2.6207648013324163,-0.32770586119727196,0.2870156446862503
TEST_02132,3.6200587033378517,1.3901852148817264,1.1822860720443975
TEST_02133,3.145582876610305,0.2769424434748406,-0.11181026738693964
TEST_02134,3.065920068199595,-1.2117504462189757,0.05439450077712784
TEST_02135,2.0605930365527656,-0.0996025055130076,0.06220133705665658
TEST_02136,2.2517804915848614,-0.16435531875574463,-0.3045179755554925
TEST_02137,3.492141143514181,0.11948279582269948,1.952755633671237
TEST_02138,4.095156558198706,0.9816286366953973,-0.7745581431331329
TEST_02139,1.1814175657235326,-0.6591281726489181,-0.167323835942967
TEST_02140,2.4442652443759094,0.010769725493848985,-0.014280877860537302
TEST_02141,1.9517602889835048,-0.17486588832446462,-0.6136847788644482
TEST_02142,1.7511006023759184,0.012348751778482752,0.4691908257877128
TEST_02143,2.654634056020524,0.2822243897385797,-0.021025470248417635
TEST_02144,2.693527966378388,-0.2925500710469424,0.8439440573428545
TEST_02145,1.643469765108432,0.09341750968907633,0.01249756090265945
TEST_02146,1.1460801083303949,0.11019233154448055,0.3336382119246565
TEST_02147,2.5542589479032576,-0.6447657432508438,0.9631739407739306
TEST_02148,2.48311616845624,-0.03942809436214224,-0.09275427172789102
TEST_02149,1.778672119863594,-0.21478280101878863,-0.745555121685935
TEST_02150,1.186247322028949,-0.17759342183061289,0.24434746521471434
TEST_02151,1.8539267295257593,0.2467880801888916,0.40718680587851297
TEST_02152,3.3752664608914094,1.5422838921538928,0.5476262005306284
TEST_02153,2.991447695199486,1.375877997442935,-0.4692543013832872
TEST_02154,2.7490787782925126,0.1705930603904231,-0.2597086570045172
TEST_02155,1.8323989389314683,-0.03421673275924309,-0.5371461396901107
TEST_02156,4.205230547253207,0.5445096688402429,-0.24821964646590466
TEST_02157,2.5693046128592223,0.5611126794939642,-0.46168753957604086
TEST_02158,3.664168582926827,-1.3386432765655785,0.3678705150459355
TEST_02159,4.122137774413743,1.6869435013817813,-1.3395865200502781
TEST_02160,3.1143960381770914,1.3350966066785999,-0.5261830754576221
TEST_02161,4.928218240420593,2.322056918881499,0.00480446258266746
TEST_02162,2.816897528423869,1.4829410520467519,0.006254138111436042
TEST_02163,3.4916596160846614,-1.3517302707261467,-0.0037477244625483443
TEST_02164,3.0606405997216193,1.3217675000423734,-0.11353233516788122
TEST_02165,2.6626472023198633,0.8174473744211832,0.4318864338547158
TEST_02166,4.592886763846174,-0.5634471748966695,1.0608490064059781
TEST_02167,1.7205105417462947,0.011538247119087361,-0.48049246392381467
TEST_02168,5.269854817367872,0.7615851020155204,1.3277909202952511
TEST_02169,4.058326056472268,0.006181729541019932,-0.21183269671943256
TEST_02170,3.1370801030786564,-0.01482320785834837,0.6476745439063607
TEST_02171,2.0995636875182107,-0.37702072481787596,-0.43915298567263755
TEST_02172,3.505817644395546,1.2039446057003396,-1.0844529407424233
TEST_02173,1.6728330402294374,-0.5153334328155064,0.08760309530950217
TEST_02174,3.52528202632361,1.282678122588482,1.3052573276500794
TEST_02175,2.4151586359318347,0.10009059949926372,0.4398189016910348
TEST_02176,0.9190432177647345,-0.2595585440656094,0.17826773304632856
TEST_02177,2.4511849412852666,-0.8228492999920736,1.43447702582574
TEST_02178,4.541182960069639,1.5502417338170593,1.1187563500102362
TEST_02179,3.9130187325213845,0.8428917000559234,0.9503530749268654
TEST_02180,1.6218446358516572,-0.31055504744249457,0.7445193374637169
TEST_02181,2.629966098967329,-0.17510748404996546,-0.8192641117008971
TEST_02182,1.8720315646364611,0.3447055397197271,0.07325295174763621
TEST_02183,4.342484940257793,-0.36028670569157367,-0.6255804107157852
TEST_02184,1.9534960831480543,-0.17516787932577677,0.4776273216467179
TEST_02185,1.1832104793203688,-0.6314251968854574,0.2432592270640112
TEST_02186,1.1701316525799552,-0.06343326259822299,0.39211921113830644
TEST_02187,3.599911281248683,-0.4273668470156558,-0.03365556915266935
TEST_02188,3.1598837706831033,-0.5981103977389686,0.8518095808492248
TEST_02189,3.780929418645823,-1.5040378715099545,0.25270016238539833
TEST_02190,2.7958250019657984,-0.14411786249976907,0.2541918480105542
TEST_02191,2.0601494230863127,-0.7693144085279036,-0.22597806653345187
TEST_02192,1.3521745471649491,-0.20394862442138453,0.27573465111969264
TEST_02193,2.1863218924618133,-0.6094145256809242,-0.1691494342159933
TEST_02194,2.0451468858820583,-0.14209528490313153,-0.00988357375171177
TEST_02195,1.1109266823603834,0.24777724106137744,-0.15632526509944308
TEST_02196,1.3747562057725613,-0.3969733295174963,0.22075018411087652
TEST_02197,2.060876342953032,-0.8169862944378575,-0.05558894682713321
TEST_02198,3.5663188451143903,0.5547152894821403,1.2749120504255527
TEST_02199,5.8684720642734165,-1.2195148800595659,0.5162868749476616
TEST_02200,4.109497254546334,-0.10017210747146495,0.1301107964323662
TEST_02201,3.4494783457589735,-0.5683225559073436,0.5450512837577751
TEST_02202,1.3140571098054834,0.8292555760833896,0.09455620223419922
TEST_02203,3.54729711838789,0.9560175889511061,-1.1629773156833694
TEST_02204,1.3803383075763693,-0.5137989675927316,0.13289251741122332
TEST_02205,2.768601415729824,-0.9701398601754668,-0.860823163958962
TEST_02206,3.512427544902617,0.25057645433032044,0.12160638102856029
TEST_02207,1.9618092241668919,-0.2857244717311916,0.13294556318415712
TEST_02208,5.305959752822302,0.9385641655104864,0.080275241145759
TEST_02209,2.693315560717201,0.2996654158205752,0.1260375794052156
TEST_02210,2.654448646362817,0.335380657152613,-0.7639615131038854
TEST_02211,4.382790016492423,0.2816708799047816,0.09103825222582408
TEST_02212,1.3541897189186256,0.014800194595040679,0.3840713112300022
TEST_02213,2.536773799321937,-0.20076534500944918,0.198420445305844
TEST_02214,2.7994683313512705,0.010934950677086129,0.965621356456996
TEST_02215,2.001763261926675,0.1085364965786182,0.5587885074795336
TEST_02216,2.5996875460017708,0.14845854309432532,0.8360517242890544
TEST_02217,2.2102559872705956,-0.036940932281090307,0.8548252309879284
TEST_02218,3.0157358942778068,1.0715177060491343,1.5619857973149118
TEST_02219,3.9922076620268236,1.0397662892669264,-0.6553694935459303
TEST_02220,2.484705212827966,-0.8853292811185538,-0.6116027198035859
TEST_02221,1.2282385511695537,0.37798355867966454,0.5103423290408098
TEST_02222,1.9532569656939307,-0.39189377574372597,0.3639732637235828
TEST_02223,3.8052929949210244,0.5993747012939925,0.9223220024372737
TEST_02224,3.0821534730891726,-0.029538141974558313,-0.1251859703795975
TEST_02225,1.6827101753252474,0.9875681333740669,0.24235029278269551
TEST_02226,1.3926548245062231,0.39732216002830895,0.24866691430042703
TEST_02227,3.3420275087921913,0.4721443201596136,0.3862103323524469
TEST_02228,2.9370228070087494,0.7995409708539906,-0.3916089652711101
TEST_02229,1.5204013979160251,-0.5894817377148284,0.9851795189341028
TEST_02230,4.020292560633214,-1.4679075968671291,0.2255194300763432
TEST_02231,2.0954903726955947,-0.3556738643516721,0.12442098788742592
TEST_02232,3.1164753937902794,0.5666279076595001,-0.09338614310903424
TEST_02233,3.782753765011586,1.3554877221636783,1.023155532988642
TEST_02234,3.5099674717901004,0.3190378881476821,1.3364033820110017
TEST_02235,2.2368506356750513,-0.386424950472826,-0.04425824197790701
TEST_02236,1.51606469440182,0.0944144939001721,0.205423039802396
TEST_02237,3.4145389801650357,-0.6175276076620848,-1.1054640582727027
TEST_02238,1.0913059447304205,0.17640682258039903,-0.21398001866202782
TEST_02239,3.28043595107566,1.48922303704273,-0.7419842910082404
TEST_02240,4.271154567189401,-1.8696737645012211,0.8684743504868568
TEST_02241,5.13662718840503,-1.0077241455142172,0.6867408508132882
TEST_02242,1.1385184246624112,-0.4588229189551915,-0.5496087047800526
TEST_02243,2.5800104370656403,0.6295142987222048,-0.04303722759055345
TEST_02244,2.153697675926667,0.7928512582852943,-0.02477013313542889
TEST_02245,1.480835302293393,-0.20737428086743462,-0.5472292638798757
TEST_02246,2.3946899077270856,-0.19944863263565327,-0.1347115149615615
TEST_02247,4.672226570849795,0.3310974184652565,-0.1898576875219445
TEST_02248,1.8542780105876315,1.1845313979506535,-0.6846697844484068
TEST_02249,2.0185377573751335,0.12467320580663772,-0.3611834328409832
TEST_02250,2.899923513185144,0.3034198914649955,-0.7254905249056212
TEST_02251,2.3837968502836544,-0.2908304256851398,0.2996355396739664
TEST_02252,4.149780120232338,-1.444522140289528,1.2316356517192668
TEST_02253,1.5223628512915195,0.031451695684298744,0.14047105348337013
TEST_02254,2.7764312985409307,0.7804823581687165,0.378188826093904
TEST_02255,3.4323320043380043,0.34683443512985757,0.27052885988260855
TEST_02256,3.423359371885711,0.365558947955641,0.9999355175928756
TEST_02257,3.1538528600116433,0.8552411513837286,-0.22737609270809409
TEST_02258,2.3413626639256706,0.2918118162042378,0.008987404623883748
TEST_02259,4.117362776717813,1.023250194238688,0.15986704634161925
TEST_02260,2.872434506378634,-0.026576634499239075,0.07741831463475513
TEST_02261,3.1200986333002834,-0.1427767100304549,0.10227377075878656
TEST_02262,2.321704851988568,0.0680746760041558,-0.30113098607970246
TEST_02263,3.979251737245482,0.4080632122190586,-0.06563171334954948
TEST_02264,3.9408857967940003,0.037663344976364525,0.15075291818279968
TEST_02265,3.6542058191354827,0.41432643098668115,1.675422022948405
TEST_02266,1.3099290251180096,0.08816198969583895,0.3135211087462231
TEST_02267,3.2476297464086215,-0.14026590239221068,-0.37641714056018816
TEST_02268,2.0511860756459126,0.40467264847578405,0.30552312487924177
TEST_02269,4.838180148999986,-1.411393653786295,0.807246587327942
TEST_02270,3.2085889777415875,-1.4052615540947544,0.4672988757296614
TEST_02271,2.9984533486087668,0.9476234480314534,-0.6458001122970979
TEST_02272,2.7074963838790844,0.4806038787903581,0.5749855702790632
TEST_02273,1.6319919187227712,-0.8175765322264569,0.19331995458405488
TEST_02274,3.491636112792582,0.019897416347469044,-0.6723910218745992
TEST_02275,0.9794246175503624,-0.31228148285812085,0.27325923965334936
TEST_02276,3.7294714319627382,-1.0995129528436185,1.0069291342021007
TEST_02277,3.804618552746421,1.0382696581363828,-0.19421060381667013
TEST_02278,1.3195716064998326,-0.1959021736768967,0.5150949656771907
TEST_02279,4.498712092509479,1.1321378736793397,-1.1802323577439477
TEST_02280,3.9683904504954324,0.7660746096077232,-0.45422850523935654
TEST_02281,3.2065615311038056,-0.2669637203394451,0.8838950255502068
TEST_02282,4.220700210292854,-0.5015064200610034,-0.5371624344679253
TEST_02283,2.24813993644434,0.410061674884778,0.09050172465720133
TEST_02284,1.7384764868641893,-0.41772027848855514,0.300212734936503
TEST_02285,2.657991108711447,-1.0276456190190804,0.28964022778173004
TEST_02286,4.615038641942381,0.1914028277704445,0.2827827439468969
TEST_02287,3.841394019108003,0.8738758570624242,-0.41153128107084314
TEST_02288,1.1701838545689747,-0.3424451149983866,-0.10439654519352645
TEST_02289,3.5769387680738216,-0.12904414442623435,-0.34608596327351226
TEST_02290,2.2013931728355756,-0.14062942239552265,-0.2462904358580018
TEST_02291,2.200029508700596,0.41500157840036733,0.725953994586887
TEST_02292,1.335491016670302,-0.5572306900289091,-0.15716274639567265
TEST_02293,2.682803436820761,0.4916576751534426,-0.28506318204346204
TEST_02294,1.3266618537590615,-0.7967579467590293,-0.5286287228229186
TEST_02295,2.6860023638399055,0.5235365288706111,-0.029618502946495033
TEST_02296,2.4888575230251426,-1.794844636335687,-0.17961413234068252
TEST_02297,1.7921484732691986,0.4207461745526799,0.6185772245529493
TEST_02298,2.2335444004408114,-0.9604377179998299,0.42005198871561833
TEST_02299,2.8165675679988738,1.1847177561790903,0.16260310710156076
TEST_02300,2.302203514937771,-0.6953082796778854,0.2422413881711918
TEST_02301,2.142111001576535,-0.17847499048408152,-0.30287214596587547
TEST_02302,2.045795743563258,-0.33523807678015544,-0.04392539317399157
TEST_02303,1.5845344745342547,0.08469405917849276,0.10496468070535334
TEST_02304,1.9977746269978762,0.27334082740610627,0.10324647799558272
TEST_02305,2.5781961230239507,-0.723002183323739,0.5759508119000936
TEST_02306,2.7732872565411757,0.4524002655156704,0.13109207290795266
TEST_02307,2.61077568072394,-0.5673284290304809,0.47123810928452253
TEST_02308,2.1309726498424792,-0.5531704323063223,0.45633738035867544
TEST_02309,2.8337724567021914,-0.1468825684192326,-0.36899362513952777
TEST_02310,3.2793767786875425,0.6470358356688536,-0.3661190966699131
TEST_02311,1.7711816410481696,-0.9624933491003304,-0.19429896957229703
TEST_02312,2.2555251357950867,-0.19623335491411345,-0.11816097766450628
TEST_02313,3.0801099302411123,0.6548054472011046,0.018997227619808623
TEST_02314,2.7292705853903008,-0.004932140004842095,0.13195465311349433
TEST_02315,2.3705611433293914,-0.778735343861758,-0.944974190912886
TEST_02316,4.076917804922425,0.6545705372785194,0.3838874633977677
TEST_02317,2.352369173148325,1.180072729027311,0.5736060312546974
TEST_02318,3.099646661417095,-1.471799142631949,0.152196004529709
TEST_02319,5.746266663421007,-1.036134805587673,0.36329433635012415
TEST_02320,4.707293647588963,-0.4889283948783488,1.141554892082291
TEST_02321,2.7513758039301885,0.5541798366194886,-0.12042802169079768
TEST_02322,4.592334211224453,-0.1472774204542313,-0.6342712764687184
TEST_02323,2.472929631685225,-0.40993652706704337,0.3099289580599888
TEST_02324,2.5336294907152443,-0.9985401255899354,-0.8472929095927383
TEST_02325,2.528148381794791,-0.16300098089659562,0.3419949614888291
TEST_02326,4.784990097555458,-0.38679760176746747,-0.14235690639833948
TEST_02327,3.994823941964044,0.9894780177344872,-0.5235097554255947
TEST_02328,5.234394956364337,-0.3980522832891535,0.35125214402271887
TEST_02329,4.236439270080007,-0.5926937958250577,-0.22594326518279143
TEST_02330,1.1721574574662426,-0.1577897870236062,0.09641356424929062
TEST_02331,1.5122624190726364,-0.19239908103401396,-0.209448721258608
TEST_02332,4.288922259289062,-1.4768168355866138,1.9522696512568438
TEST_02333,0.7101577178059447,0.24289487679323468,-0.1946118731132516
TEST_02334,2.866561506441597,-0.8061314404894045,0.6972106004768353
TEST_02335,3.12523008502477,-0.7721667603360809,-0.4578528125159258
TEST_02336,2.668052576191851,-1.4265602855455153,-1.018228029096411
TEST_02337,3.0437534645445634,0.24233706678233813,0.7356867445056721
TEST_02338,3.391498652296693,-1.1286741193716605,-0.7275077568240037
TEST_02339,2.9895990196085496,0.7582610377674935,0.5769393875112694
TEST_02340,1.3528338377027629,0.2404907407059357,0.4149481776800524
TEST_02341,1.6681010053357657,-0.36162810345552016,0.6803893669616454
TEST_02342,1.8310146158201661,0.12796627627897778,-0.15609105555489858
TEST_02343,4.299263963163168,-0.49921495188124276,0.26756601356921605
TEST_02344,3.445325480153327,0.2672081398916674,0.21474996801701907
TEST_02345,4.943024908673168,1.5674047355707246,1.823943819764253
TEST_02346,1.5457712932065037,0.7343157414747544,-0.13032128134208015
TEST_02347,2.8551411687735206,0.42022404609371755,0.2553528501292756
TEST_02348,2.8773015262293535,-1.1164859587536122,-0.998111693163806
TEST_02349,2.6402837731271376,1.8304259508311793,1.405452866695831
TEST_02350,2.6062006507661444,-0.6313062417362227,0.7393458163872083
TEST_02351,2.167519519280003,-0.7821950962960871,-0.22911823701979467
TEST_02352,2.4258720454824902,-1.5638376560714942,0.38355169426606345
TEST_02353,2.1016157290021784,-0.6588063342134306,-0.2889317719983181
TEST_02354,2.2576081674379833,-0.4060886101036013,0.4222667439828379
TEST_02355,1.1399676260834972,-0.03293709777618616,0.2294942560649455
TEST_02356,3.8026356791411766,1.795003435167055,1.4723718793289096
TEST_02357,2.164228900668752,-0.4374005279566077,0.5405509884892826
TEST_02358,3.4214113373445483,-1.0226704566851033,-0.7687791184183337
TEST_02359,5.021449496612594,-0.9422001975132652,-0.17242499353882984
TEST_02360,2.125018446564997,0.6645354535218668,-0.21201124309428399
TEST_02361,1.9270050039337463,1.3235674861417213,-0.014878509700164055
TEST_02362,3.948669120221228,0.7215093307512753,0.0295662450364018
TEST_02363,2.164367279541951,-0.08389599264383783,-0.6865518710542982
TEST_02364,1.5692964064913955,-0.1053662683074593,0.20554916076178784
TEST_02365,1.9288965165603693,0.19891229959024218,-0.0762927288113497
TEST_02366,4.0766033263848325,0.11384035143867197,-0.39738066459074967
TEST_02367,3.2320496317981458,0.6862304107116822,-0.22155340299043003
TEST_02368,3.4651535041406,0.3853181275903559,-0.8941752604815831
TEST_02369,3.3839755982589015,-0.20542866926364414,-0.30153739542116714
TEST_02370,1.8619927119216524,-0.2249075959039308,0.3954404615699721
TEST_02371,2.604194841900344,0.01073779083556907,-0.3123799404474585
TEST_02372,2.419504302847442,-0.394351432415,-0.11714327976521975
TEST_02373,2.8726593812892474,-0.3069279422487657,-0.5220315925850145
TEST_02374,2.5430663003532685,-0.9375429836660188,1.1206864620783046
TEST_02375,3.607627349272891,0.27238078513463665,-0.07653791858249137
TEST_02376,2.6273575205556603,0.09963009986239547,0.851548672457472
TEST_02377,2.8940270272162287,-0.2472749111711183,1.1496287055260497
TEST_02378,2.093154626362018,0.3357008455664894,-0.3674898817601796
TEST_02379,1.7181017731848063,-0.9983518614310363,0.5874667239098518
TEST_02380,1.9260021244794252,0.6567407012595285,0.10738209771829461
TEST_02381,1.6105391409997805,-0.4173866453027774,-0.4063235154629958
TEST_02382,1.614409042786914,0.35705350867630464,0.30642917516749496
TEST_02383,1.457049234702709,-0.19899675853824966,0.31764446165726234
TEST_02384,3.690329159277477,-0.2943284229458342,0.8141917175973579
TEST_02385,2.3483930963227357,-1.8984602596233033,-0.17670372187171826
TEST_02386,1.760282360459786,0.04146160812142886,0.16772146764211912
TEST_02387,2.6172683958464114,0.2727539721755384,0.3051505638625615
TEST_02388,2.870794397225213,0.6837958375104094,-0.7214509328717321
TEST_02389,4.618711472022929,0.021801263397406314,0.9790335369108117
TEST_02390,5.2598679285866785,-0.17960206553514318,1.0703124423611807
TEST_02391,2.71728078885616,0.3324528328971046,0.6152114953485106
TEST_02392,2.1017728277182988,0.6211584171031107,0.2686860573403862
TEST_02393,2.7236853463472785,1.4844701575182406,0.8020917202285238
TEST_02394,3.078813606820806,-0.06958204928123753,0.4505825290525089
TEST_02395,1.4636896874266034,0.6362169812899291,0.3506736536796368
TEST_02396,2.234868273659833,0.7194287266578315,0.007121485182233039
TEST_02397,3.9884407459385387,-1.0036706912113513,0.43147465305316857
TEST_02398,1.8307902887444658,-0.3423486802701345,-0.5373935989065345
TEST_02399,3.3593752318434524,1.0907201625170957,1.4791341740194683
TEST_02400,3.1260437792496703,1.1887402841212167,0.3047045297959979
TEST_02401,3.5203525560655122,-0.2674540019227253,-0.8215147482658217
TEST_02402,3.987139491088764,-0.8461412827625168,-0.762564242662747
TEST_02403,1.9094907361406297,0.5461818018121672,0.48451897560791957
TEST_02404,3.098520630459543,0.9111783243224896,-0.7592367096063802
TEST_02405,1.6276859730466284,0.06943642680865343,-0.011599935326686558
TEST_02406,2.7050145745605025,0.6348937917683033,0.14393611803005887
TEST_02407,2.0113560334819374,-0.8668782636702439,0.07151711981662714
TEST_02408,2.1694637419234866,1.645123598926627,-0.5145507183298512
TEST_02409,2.8543721322726023,0.38799406079694665,-0.5174687783356858
TEST_02410,2.4176644459946592,-0.09845078801178715,0.012831094077635241
TEST_02411,1.656890399733831,0.312098164220549,-0.42815932079986097
TEST_02412,1.5758690969123696,-0.5304394047492402,-0.38357277232464043
TEST_02413,1.7960089912683062,-0.4218648352606134,0.28536302885499343
TEST_02414,3.500420474559877,0.5351534409959375,1.8683621420697603
TEST_02415,2.0520133272104335,-0.08112331992421071,0.19126659783505032
TEST_02416,1.5146348015626951,-1.2565406650204873,-0.22310184019670418
TEST_02417,2.547566906219025,-1.2948485609043028,0.22018842288057724
TEST_02418,5.123973977309753,0.3704939757390821,1.4006271795932523
TEST_02419,3.0319056072007315,1.5855741731582715,-0.09097183183510989
TEST_02420,2.7152091933171705,0.2939292215540186,0.3484707678820138
TEST_02421,3.459318897100599,-0.11289385717140589,0.35868317301273084
TEST_02422,1.757138728400233,0.18517995292886735,0.23104434916729621
TEST_02423,2.1918095637161574,0.8522234918637448,-0.3177751207143933
TEST_02424,3.245375445181925,-0.08990689538280378,0.13054970115619777
TEST_02425,2.198038714053771,0.032270885802535405,1.133941604473884
TEST_02426,3.367445311119987,-0.7523601466307871,-0.4190696340386701
TEST_02427,1.936589493315194,0.014372219963698318,0.6471667003195152
TEST_02428,2.134207072951179,0.45960313272558584,0.17350086049346455
TEST_02429,3.4962236541129617,0.5197997634511552,0.08896662153104329
TEST_02430,2.0549403029625224,0.36140322935403063,0.10753534999462108
TEST_02431,2.543598959603804,0.5835827503058049,0.032647883142846564
TEST_02432,2.273098230890806,0.13821378220777464,-0.42011489772142907
TEST_02433,3.6849318836698437,-0.12147420027655013,0.5645094056093467
TEST_02434,1.5561032495556293,-0.04591409897501983,0.03868466804064828
TEST_02435,1.2485261381443908,0.43833818471778907,0.20224259535354827
TEST_02436,2.008182127649963,-0.2397700284185838,0.6054809033427185
TEST_02437,2.130287208801785,-1.1948042404699108,0.08181564132787658
TEST_02438,2.7800583972743884,0.9991873405057539,-0.2192046613559001
TEST_02439,2.0612102400285988,1.4709595325879892,-0.629427873577082
TEST_02440,2.8573809151018095,1.8132315605283988,-0.6615974816782403
TEST_02441,2.3720038309738225,1.8354084246372138,-0.858596410393119
TEST_02442,1.2193554250404144,-0.5832188349074872,0.3992887075283398
TEST_02443,2.0185685836706857,1.9875629728047837,0.8602377188149766
TEST_02444,3.1584564858024384,0.017631809485134334,0.21832576372389936
TEST_02445,1.9261948754661127,0.41432067409845835,-0.17366880986048494
TEST_02446,1.1729238433642812,-0.29161046180301725,-0.1635751970318627
TEST_02447,1.7437614500377707,0.12256510810126972,-0.3857843162895851
TEST_02448,3.5158524237826185,-1.1831744009545768,0.054188926943427446
TEST_02449,2.1575856092130374,0.4745006711107223,0.13005034693239761
TEST_02450,2.150633126233924,0.35284837562548516,-0.06052333735997628
TEST_02451,3.2732845416807947,-0.06277799221449151,-0.06904693088314191
TEST_02452,4.684930800544789,1.4318869882878826,0.6623968102590978
TEST_02453,3.106710731238424,-0.2132415462567639,0.35688767889973216
TEST_02454,3.5686949018786738,1.2564951645240685,-1.1826994904493926
TEST_02455,3.539675639666835,-1.169183612524077,1.1090492800926486
TEST_02456,2.956865040410663,1.1549367892197921,0.28575759115851956
TEST_02457,2.231975682616724,0.07929305358266303,0.06266461131775901
TEST_02458,4.487210375802467,-1.3917621632960107,-0.5210009047602986
TEST_02459,3.0249058479987725,0.3243193444942151,-0.666614455913233
TEST_02460,2.257133779973883,-0.05842169364254366,0.6437072074737413
TEST_02461,3.4468347892034137,-0.2599025560094686,1.0434094959128692
TEST_02462,2.3988889191420926,-0.3297228273401872,0.3522855060517843
TEST_02463,2.8755860459208193,0.144478080487139,0.563346244653989
TEST_02464,3.7348348148424435,-0.07972836158688539,0.2965839767201334
TEST_02465,3.661403289892729,-0.39613129408052444,0.476174005360937
TEST_02466,1.875157559869081,-0.5528205359707257,0.6577613864197984
TEST_02467,2.913696176037705,0.2074469150379552,-0.6281606029631903
TEST_02468,2.4812408429603505,-0.9076403832386628,-0.5537480138100642
TEST_02469,2.8159074695511084,0.7477780344398801,-1.1195837686631311
TEST_02470,2.468225966430809,-0.30182686989621943,0.5760499273914177
TEST_02471,3.114377714394074,-1.1805490031009591,0.5636525127249464
TEST_02472,2.086575151958809,-0.8323929902774603,0.019382087593554236
TEST_02473,3.391825188058527,-0.27458673984740883,0.27811046647703885
TEST_02474,2.051124040412429,-0.10257300185191882,-0.006391428550758341
TEST_02475,2.417184753928884,0.6239950895981674,-0.37515590121341374
TEST_02476,4.648070429252403,-1.5477037683370667,-0.7635003645269248
TEST_02477,3.156862058836431,-1.1788616076489895,0.06168813092386545
TEST_02478,3.6575395078515283,-0.0971766340800026,0.9344087745156815
TEST_02479,4.800335343364983,0.3963116959742346,-0.16210002316839303
TEST_02480,4.023667483316365,-0.7154411358273278,-1.135871422407483
TEST_02481,4.643646797763169,0.04643576551563922,-0.52520105536668
TEST_02482,2.316832465717856,0.4713957257965985,-0.3510961695775235
TEST_02483,2.0435626813783005,1.0697079180984757,0.3288601340654423
TEST_02484,3.4316636980632746,-0.04920742423567709,-0.5057196832903004
TEST_02485,1.8692032971848649,0.7670424096955532,-0.47606211883491517
TEST_02486,2.710889062645807,-0.46904577840358036,-0.8978240176416242
TEST_02487,2.7499271008508517,-0.8407547308795145,-0.2688791330043217
TEST_02488,5.432291526948519,-0.3022529958940155,1.2043321782657184
TEST_02489,2.0851500145234074,-0.1084270735317608,-0.05932451066682447
TEST_02490,1.0999880120766277,-0.16799117227473806,0.09244390651782658
TEST_02491,3.4975303553308015,0.38710437869595565,-0.6423686472983164
TEST_02492,3.050515757289873,1.0730530384043573,0.2647776722412291
TEST_02493,2.532282975012252,0.3410590560264444,0.2461814345252827
TEST_02494,1.6749490781231353,1.0325749549424228,0.47040945033082465
TEST_02495,3.439098724737644,-1.2746341811875426,1.1805391493729547
TEST_02496,2.783573125455869,-0.8379205363059851,1.3343248768103342
TEST_02497,3.2264031026415263,1.5381149472054,-0.4833016467292759
TEST_02498,1.4166697419047942,0.5065645114678697,-0.44919763113802824
TEST_02499,2.530325256637064,-1.1736195056957397,-0.18122442945285347
TEST_02500,2.5244025871396025,-0.634806284775418,0.08780432629908189
TEST_02501,3.1067734846574897,0.3481788392761589,-0.46309407108799583
TEST_02502,1.4671190215049537,0.42977714166628406,0.23691288462083684
TEST_02503,2.113048441369887,0.29755831732414934,-0.5901387453334976
TEST_02504,2.110230960241895,-0.6160135498818747,1.0324668165696158
TEST_02505,1.9885295403512113,0.8965121354108961,0.33565553774921575
TEST_02506,2.482172380356693,-0.3477625853139122,0.45639543763799517
TEST_02507,1.1762479194935054,0.45943524853611084,-0.16008941215887434
TEST_02508,2.1825225141703775,-0.5069630403078821,0.09544311471540551
TEST_02509,4.307974076223581,0.8443957064882782,-0.39909066159510315
TEST_02510,5.204595088302776,-1.6343495322336767,1.8162962792820694
TEST_02511,1.380594590576995,-0.3174483725779734,-0.037247906608356154
TEST_02512,3.032888157677254,0.16901280916776898,0.1403577821587519
TEST_02513,3.7524967366301394,-1.638124182420736,-0.5067365564281957
TEST_02514,2.0598615201003265,0.44338669649032425,0.009556502350849472
TEST_02515,1.6726307997789462,-0.09490730916917524,-0.25861763870911203
TEST_02516,3.110369796945419,-1.043348761041781,1.1338225489584162
TEST_02517,3.287431047314449,0.21095023792591328,0.39822204974640885
TEST_02518,0.9969693118246351,0.3168183046138936,0.333415107252306
TEST_02519,3.316754950832922,-0.35330025926395914,0.9216661215597504
TEST_02520,1.6756045627571226,0.8997653070390308,0.20461860968336162
TEST_02521,1.255066236471726,-0.4023286254623117,-0.27988731292077734
TEST_02522,3.0509992447752037,-1.200542556288317,1.1314752687319731
TEST_02523,4.156060691573153,0.3674732025089952,-1.0708663755696286
TEST_02524,2.3524778179955024,-0.9419329135039258,-0.5351262967557285
TEST_02525,2.6122748837869425,-0.03812656300978422,-0.6371898974797333
TEST_02526,3.9279953082103685,-0.8966540646485005,-0.90142018111032
TEST_02527,1.3366587673257835,0.628075898913205,-0.1575752432895278
TEST_02528,2.022877128484266,0.9847047524347036,0.4115066702084628
TEST_02529,2.13012593117971,0.05932666229457641,0.3253942285395251
TEST_02530,3.1644519738185606,-0.5129942681992119,-0.6428676201154306
TEST_02531,3.1676329731560773,-0.06015591307509441,0.019628783106376262
TEST_02532,1.7596069341992628,0.364221520133082,0.10486458104296187
TEST_02533,2.1062306642307025,0.22396921042102363,0.37446795621697265
TEST_02534,1.9121752499065388,1.349943835976148,-0.16508710924687905
TEST_02535,2.3146192486391546,-1.0775852643595918,0.2772758023660208
TEST_02536,2.390125965304329,0.7386274092421884,0.6196496221098876
TEST_02537,3.332063724851319,1.6879833102489727,1.40132484667065
TEST_02538,4.322951696162223,0.4373662798875062,1.3901993567962645
TEST_02539,0.9131348239631552,0.34433199053979974,-0.09041456782745821
TEST_02540,3.4054721310677256,0.03400827660548083,0.9213563280010169
TEST_02541,2.830986950112102,0.20818462259581816,0.266360353443036
TEST_02542,1.426463416721937,0.0812957884127567,0.11846092500053243
TEST_02543,3.717300860285914,0.24679677194941013,-0.26832518200223543
TEST_02544,2.73619193093509,-0.2867199016190007,1.1366598223250621
TEST_02545,4.547315108116978,0.9535080124713662,1.0331950225171564
TEST_02546,1.6676182042178753,-0.2016838831557933,0.3676730890201961
TEST_02547,2.933261661124586,-0.03313191110619438,0.6201955597595309
TEST_02548,3.101596097283844,-0.06567956880484249,0.5908513759348333
TEST_02549,4.45242165240557,-0.0034512491002398633,-0.8233995952431264
TEST_02550,1.7127406779391896,-0.9445172983535669,-0.6950153097649205
TEST_02551,2.9463634957518545,0.027699778914318685,-0.11487449668533926
TEST_02552,2.3914559878006365,-0.8061411938665957,0.3800909302879395
TEST_02553,3.0434107311450593,-0.08730931673770718,0.4030915870508042
TEST_02554,2.1865088705506133,0.12915046088688395,0.27788759824212894
TEST_02555,2.3757244056022695,0.39483071297788314,-0.057855545057778276
TEST_02556,1.8332944574200598,0.7797573112530981,-0.2971388506720576
TEST_02557,1.8714353490008022,0.09806314492563291,0.4965399484929162
TEST_02558,2.2529287324689578,-0.515355773486991,-0.8445031726084684
TEST_02559,4.966600127967718,-0.3900881544071505,0.7725970203231338
TEST_02560,4.102701643486281,1.0758885372807814,0.15690504662248686
TEST_02561,4.369224234488051,0.863498059250092,-0.7289022202729599
TEST_02562,3.412484012204941,0.3235501494163157,0.11899518520874203
TEST_02563,3.759057284648935,-0.35555648180457433,0.6289236601670668
TEST_02564,2.8008176253247545,0.5654655992903062,0.15751102689411808
TEST_02565,2.3426061991023577,0.2332931609831943,-0.946797188735742
TEST_02566,1.0930375914014359,-0.6868536209202482,-0.38636334106404524
TEST_02567,4.7851290272521,0.11962786181358852,0.5730484204858421
TEST_02568,4.396118108271497,1.0386161414509443,-0.7106023564628265
TEST_02569,3.4503556873631935,-0.41233628106519715,-0.5954168251272942
TEST_02570,2.441144280252242,-0.034609380014635656,0.12794576363187232
TEST_02571,1.384064686878998,-0.1570351281034248,0.054339698039119845
TEST_02572,2.6678978768687123,0.746457081767163,-0.9282411717456117
TEST_02573,3.003054737040439,-0.37688406819053133,0.5516818470298469
TEST_02574,2.5749907432477896,-0.7142871130209661,1.0870266755645641
TEST_02575,0.9976380924770605,0.15735907675439598,-0.07184437803333904
TEST_02576,2.4437243729900775,-0.33236203799559766,0.614941515134
TEST_02577,3.6032244729609118,2.115947245520763,0.06633009823838253
TEST_02578,5.621195400408085,0.11936855355327007,1.1570917013737745
TEST_02579,2.7412383028453204,0.7341588854009753,-0.2244586955466902
TEST_02580,2.607492538836348,-0.5763886787819394,-0.22765969074732723
TEST_02581,1.0487908618563846,-0.34563467156812977,-0.2803638764268187
TEST_02582,1.5625774957756589,0.4887157637268167,0.12224768130325946
TEST_02583,4.477206830576223,-0.5155475700626778,-0.7095243754696879
TEST_02584,3.8209680530957146,0.09048819661149474,0.17397442506114738
TEST_02585,4.869169469390987,-1.7713148524011226,0.08257147782481558
TEST_02586,2.3910571233400195,-0.46464916593687894,0.3555280272325837
TEST_02587,2.840811976702231,-0.44024100267494165,0.4046066607825101
TEST_02588,2.6290979126995953,-0.22928760758243244,0.19633553534715278
TEST_02589,2.1119452757852577,-1.411239751869835,1.0605142036699593
TEST_02590,2.698278727364091,-1.3609889682073133,-0.06862236688763367
TEST_02591,2.8500990464352034,0.04190536474376965,-0.6109900290976906
TEST_02592,2.140844943893244,0.7088906693909531,0.6192140870333305
TEST_02593,1.5234524433273193,-0.447290306278498,0.5330136285588433
TEST_02594,2.083861180288018,0.3656553179350177,0.04012151526158517
TEST_02595,1.6256593021888006,-0.14200990481645637,-0.10518836420185557
TEST_02596,1.9036981842779885,-0.0001850586085175598,-0.013173680440675389
TEST_02597,1.6514724808803298,-0.0688972936299774,0.2681414616183388
TEST_02598,2.7378691705299767,-0.3234180727406367,0.22422625114106293
TEST_02599,5.926971793396381,1.374090785779046,0.8218539151913037
TEST_02600,1.9611467118185129,0.6665793474422358,0.24425902467917887
TEST_02601,4.862617033580396,1.432527484173189,0.2256441504102884
TEST_02602,2.9699361097761847,0.8196493529457559,0.48069355618217074
TEST_02603,3.11730569360036,1.2388118271807607,0.8299184846072155
TEST_02604,2.5817949027370197,-0.32603207801433837,0.10390393639006455
TEST_02605,1.0656838109572733,-0.07212840302302954,-0.25742111178147326
TEST_02606,4.649560271361595,0.19691562173806132,0.4594318244719966
TEST_02607,1.132314228422497,0.5569961025103841,-0.3608496391268766
TEST_02608,3.0599603924156904,-1.0473862387352657,0.3158605962249965
TEST_02609,4.289184068520052,-0.009846684134058141,1.01331778877964
TEST_02610,1.3423198696805132,-0.03664467597573291,-0.010114532068884123
TEST_02611,2.6154915233997658,-0.20252411466964013,-0.22215388815930312
TEST_02612,2.216064641005173,0.35553345272409387,-0.22263383616298751
TEST_02613,1.246577396190148,0.3362841401180683,0.15978620653888137
TEST_02614,2.647597891491825,0.03630397221260858,-0.5848680925842267
TEST_02615,0.96591812531343,0.45298523731631657,-0.05587104610805779
TEST_02616,2.332770979572064,-0.4004351005422792,-1.0065172671422566
TEST_02617,3.5016260461875928,-1.8788971865751338,0.9812910889942972
TEST_02618,4.240507284848684,1.20407158297868,0.9884398122983824
TEST_02619,1.5997737368771165,-0.1863217816065736,-0.5130076663291048
TEST_02620,2.0935592524146784,-0.7688150740639953,0.07799986306866558
TEST_02621,2.9022808066642334,-0.05446294191871384,-0.36524473285593145
TEST_02622,1.9220982953735117,0.7282026555705734,-0.05513696679442385
TEST_02623,3.7333555350011025,-0.33207318133117597,-0.2918189366658664
TEST_02624,4.06057896717572,0.23685831187237671,0.4075764386403476
TEST_02625,3.189145919100757,-1.1555846349627448,-0.4979287472901617
TEST_02626,0.8864314417063217,0.06600060132543792,-0.3043643204753886
TEST_02627,4.173800038144085,0.14096897966950453,0.23969772174057272
TEST_02628,1.6240977425199743,-0.7428497451206846,0.3728561699829239
TEST_02629,3.909057357219864,0.6672722296845489,-0.08769673963222102
TEST_02630,4.0584569876302865,-0.9076610384462535,-0.4046629551727342
TEST_02631,3.265241372506565,-0.4417408686373444,0.717857794926687
TEST_02632,1.5718209233090428,0.5813642736798387,0.4387022648130327
TEST_02633,2.0175803034596043,0.14615869778485815,0.5401356203066974
TEST_02634,2.73625955735561,0.14558189126289164,-0.41868580144093487
TEST_02635,1.140087386145664,0.36614611904556454,-0.06484138338659906
TEST_02636,4.621232632713017,-1.130276641205078,1.0017444394838553
TEST_02637,1.178018436028903,-0.2925102762764074,0.2812335328779867
TEST_02638,3.4168447367081423,-1.5631566394498588,-0.8359510729178685
TEST_02639,5.3023026155191895,-0.5565982658796783,0.1549996851293278
TEST_02640,2.984734179318101,0.24489265407489916,1.1070375650957418
TEST_02641,1.1217314199690664,-0.8818066243008762,0.16429299964843538
TEST_02642,2.268711494122223,-0.5704210557488801,0.2744803123748568
TEST_02643,1.3199177015987107,0.5198475623907908,0.13676039733155199
TEST_02644,3.1117392586635666,-0.8249563559614457,-0.8653580999908908
TEST_02645,2.237427266438389,-1.0782417716666397,-0.7809044397812628
TEST_02646,4.509405922312613,0.7202779197656007,0.1931303949779277
TEST_02647,1.9542850445200564,0.6541446107563368,0.8221572539405411
TEST_02648,3.8793162455696684,2.039965928861242,0.007818548704191892
TEST_02649,2.5162414786699188,0.11884139528316047,-0.04025296986697123
TEST_02650,1.9498048905683374,0.08090828259224526,0.5345766622625601
TEST_02651,2.7707230008516444,0.1039300923461311,-0.02679066322057269
TEST_02652,1.6223604651337307,-0.9313138699951801,-0.613560197703559
TEST_02653,3.1071047289392095,-0.05236636535026747,-0.41054326152247395
TEST_02654,1.1168416979953881,-0.38060889881922916,-0.2732670895731371
TEST_02655,1.3726538853325587,0.42059561666649065,0.19204467517333398
TEST_02656,2.9398160807339777,-1.0391971200438033,0.7091805007770228
TEST_02657,2.764939522575059,-0.8802348652017044,0.2807788173624151
TEST_02658,4.584670861721852,-0.13491725027881407,1.0029705642511595
TEST_02659,2.174705899235391,0.766007687269604,0.2526228633558379
TEST_02660,1.642909931019433,0.040693519971431176,-0.6167346220904357
TEST_02661,3.4696961471115517,0.12339433060303244,0.8269611725177302
TEST_02662,1.9240444545942146,0.2077510067789054,0.031200853762442034
TEST_02663,3.0968652686047404,-1.0253660330080536,1.105086804773247
TEST_02664,1.9259397127140674,-0.3645907217276875,-0.34627261661483166
TEST_02665,5.360482704525922,1.2941154916485504,0.4625996920710822
TEST_02666,2.9011735355042845,-0.28903512904960044,-0.34453206833774386
TEST_02667,3.3369904135776567,0.38898570014176326,0.19261670214634524
TEST_02668,3.3334927793333358,0.04411510165891732,-0.26888090363850675
TEST_02669,3.740614686890622,0.29056181253354046,0.5226472675062098
TEST_02670,4.294120508746412,0.7090319441659758,-0.8366293374389825
TEST_02671,2.6876061418921693,-0.10913437766534398,0.0009124023356544392
TEST_02672,2.3311079610430117,-0.13794113643301947,0.5255639744316108
TEST_02673,1.9385262228162206,-0.6904604304200361,0.05033799807287427
TEST_02674,1.7845980842995872,-0.121819866247854,0.2873956356790013
TEST_02675,2.5040576090163422,-0.5188204929586634,0.4656668382255653
TEST_02676,3.028784127927075,1.0292513038864626,0.32785014560490794
TEST_02677,2.133181026182305,-0.22961640686234516,0.324831586082388
TEST_02678,1.241557926506674,0.13837416575558842,-0.09473185230445345
TEST_02679,3.101829034936826,1.7301449879257356,0.9663711711775633
TEST_02680,2.2770032071507478,-0.9912757831505546,0.17053340845171883
TEST_02681,1.5309272867035044,-1.4565445319675476,-0.35555127448362017
TEST_02682,1.471700127331836,0.6188428111336356,-0.6652922039932909
TEST_02683,1.1704858604884218,0.06199582256514312,0.15340458072451493
TEST_02684,2.4609692505691076,1.365727729442728,-0.6020678321713168
TEST_02685,2.181018194229153,0.3474068959910835,-0.451015937998501
TEST_02686,1.966727863648583,0.766993063438381,0.3771964671620578
TEST_02687,4.21810789346214,-0.4894978318497088,0.18160444080644864
TEST_02688,4.821127812476958,-0.6284214471731563,1.1596176629979014
TEST_02689,3.7890883810808624,-0.16199661536740345,-0.6658073141796518
TEST_02690,1.4083840009234883,0.32988532705577706,-0.41622422092633105
TEST_02691,2.0275045424983187,0.3210255850425862,0.4061480172116364
TEST_02692,2.1836786698938697,-0.6830404453367788,0.7071371841934735
TEST_02693,2.4159729450327316,-0.1814692810522904,0.2881067346645309
TEST_02694,2.386815100804189,0.8576310430371397,0.7055299084435049
TEST_02695,2.95865106449463,0.004204510205577285,-0.04268953705193946
TEST_02696,2.869590920419356,0.7663243986902185,1.0986461516337576
TEST_02697,2.314809031513416,-0.44012652281604253,1.0378042030237675
TEST_02698,1.3310407850486328,1.0347585511546253,-0.6946743022647198
TEST_02699,3.7660073047681353,-1.3825335495411728,1.206224834040085
TEST_02700,2.1898171158454613,-0.28244864059572766,0.8135955163020786
TEST_02701,2.130904196449868,0.18390365319155447,0.6362147196783687
TEST_02702,1.3314333439729722,0.22977837164478698,0.10390577459439852
TEST_02703,3.2364305229390427,-0.6986110021248519,-0.03259869558356852
TEST_02704,2.5780741186322182,-0.20642260420515568,-0.27837390383279326
TEST_02705,3.348462542354387,-1.083815964214416,-0.851344422171216
TEST_02706,1.2860574203712756,0.17825059230323237,-0.3021978134990397
TEST_02707,2.112674861733944,-0.18190193366568377,-0.6087967225257958
TEST_02708,2.259592974501678,0.9882624125059148,0.3027609526380812
TEST_02709,3.2383543308249325,1.8611404622306944,0.8337124988907031
TEST_02710,1.546890952268197,-0.5154939681135817,-0.43778712474733744
TEST_02711,1.9287007530908815,0.9755820019195393,-0.4105325777583523
TEST_02712,1.2331151371138116,-0.1967288813963159,0.07195180667268535
TEST_02713,3.778778533277561,1.2393151955059847,-1.0453520866762027
TEST_02714,1.2292371389637198,0.13246129152641853,-0.00683064040375554
TEST_02715,1.7539586706473889,-0.15064544285643464,-0.03779388779204363
TEST_02716,4.096542856012658,1.2973820637708988,0.4099031526553751
TEST_02717,3.1889991734768928,-0.8102665938452214,-0.5132418120987146
TEST_02718,3.5041286982212405,-1.7911855325432005,-0.27661386482682004
TEST_02719,3.5759789629159746,-0.3021698752583885,-1.4940610016561786
TEST_02720,2.488833396965957,-0.8666436316921293,-0.4921255502765549
TEST_02721,5.297277137992439,0.6793949730808495,0.7086707531619298
TEST_02722,2.2415615584702477,1.1669650763286987,1.062482908032511
TEST_02723,3.197707651279384,-0.7152907666979859,0.5296393987575196
TEST_02724,2.6977008090741976,0.42067449830052017,-0.27979260293912617
TEST_02725,1.590034097452333,-0.538416734377027,-0.013668596984208175
TEST_02726,2.067531212788139,0.33120586662083956,0.529627015625622
TEST_02727,1.465077251170854,-0.512880775395825,0.3860587726441324
TEST_02728,5.652610673952815,0.7042693421854999,-0.2023455127731304
TEST_02729,2.357367037459974,-0.2244180845366347,0.5288168886907958
TEST_02730,2.8937437591461936,-0.45159059138017427,0.40695594865811485
TEST_02731,0.9662344451262566,-0.22166407657845819,-0.10631767970608141
TEST_02732,4.845427484984278,-1.1787163408183936,0.9394669668121732
TEST_02733,2.5162500797620573,0.1752156503728142,-0.013976079441239044
TEST_02734,3.0993362041444232,-0.36014186010049143,-1.0400431377496555
TEST_02735,2.479107564250368,-0.2004379190811956,-0.016013212887318495
TEST_02736,1.303287174736878,-0.17269394812338365,0.4546847216340339
TEST_02737,2.6654471314639783,-0.6994949845111894,-0.10166357007584384
TEST_02738,1.2938553514833242,-0.7305086639011569,0.247951544543941
TEST_02739,1.7166499880911246,-0.9013485435653263,0.10107761931979628
TEST_02740,1.3986423480580055,-0.349483874883875,-0.5880996280067431
TEST_02741,1.2168267881543047,-0.12501009000400956,-0.28082327008957625
TEST_02742,1.270734194493027,0.44818183095866737,-0.18964912262191608
TEST_02743,3.868461952285001,0.12027577793530686,-0.46364827639916234
TEST_02744,1.340188055930109,-0.3783393072678012,-0.35852136875040913
TEST_02745,4.212686129293286,0.8053385821042136,0.10345913833008648
TEST_02746,2.0663235687589894,0.4448419060503054,0.5082107945193233
TEST_02747,3.69099090602174,-0.41847344249016594,0.6842930612045092
TEST_02748,1.890352671187681,-0.009955140869353373,0.08201625368370886
TEST_02749,4.538509371904483,0.7044273070367286,0.8724724184832087
TEST_02750,3.1274808309041635,1.18407777595513,-0.3739165854352816
TEST_02751,1.4739309332675474,-0.7277004858482807,-0.09533899387287434
TEST_02752,0.8008426037212023,0.030970061791762572,-0.12404929745369736
TEST_02753,1.9073846700582229,-0.43741836053315564,-0.006753713898321869
TEST_02754,3.576745154300165,0.43267191587127785,-0.9826810965252667
TEST_02755,1.969762657291113,-0.8294014655506557,-0.2111686006188065
TEST_02756,3.9993085343330486,-1.2424075753872743,-0.3387879850746409
TEST_02757,1.5249804728376686,-0.2051174485898636,0.0822592848038371
TEST_02758,2.1229085252603626,0.43090291540668235,-0.6619424785009246
TEST_02759,2.470304756253067,-1.1672658151360564,-0.8824637464414379
TEST_02760,2.597010959160111,1.4381160885993953,0.552525709211294
TEST_02761,3.7667941232997184,1.710861921470306,0.865752282772038
TEST_02762,1.5449946898354094,-0.8621049980896737,0.7329199279495865
TEST_02763,2.0339411150457263,-0.07032620461245523,0.5622087721940788
TEST_02764,2.9398928038099674,0.9351327466330727,0.11475346319049098
TEST_02765,1.8024893070060126,0.19264791353249017,-0.5393316683140744
TEST_02766,4.096793372729459,0.7676361658008545,0.16848859030683536
TEST_02767,1.692980849864654,0.1906589306455057,0.2612382806053214
TEST_02768,2.770104221382293,-0.08016776282954764,-0.16986918566409454
TEST_02769,2.5698617712210776,-0.034682965940620016,0.01299077210047991
TEST_02770,2.019604837673271,-0.5435000638791103,0.2802337025999481
TEST_02771,1.9869332001704252,0.10525559244641833,0.26564872153161795
TEST_02772,4.95827768373769,0.01085413470701261,0.9742919017038117
TEST_02773,2.5914917534471646,-0.19376085524080502,0.20555700533940807
TEST_02774,3.1616099334466314,-0.9197076278047046,-0.7639757334647027
TEST_02775,1.8226194398892015,-0.2607078420936093,0.05756085003618733
TEST_02776,1.502185073831168,-0.2580241156686623,0.38186753771854487
TEST_02777,3.734112596298118,1.9019021002865883,1.8279109544743284
TEST_02778,1.7334374798468914,-0.13111644781244014,0.5628576329535058
TEST_02779,4.339492681306066,-0.3965382957874246,-0.20385930623992982
TEST_02780,2.6481063994078102,0.5597831528687974,-0.897336248195656
TEST_02781,2.8161222303886273,-0.3629050878257036,-0.5927993303441228
TEST_02782,1.265663799870203,0.21029629707816833,-0.04265850443093258
TEST_02783,3.2425592650450423,-0.597218580544196,-0.2973990293780895
TEST_02784,4.202187947408329,-0.8033378257232847,-0.5730577504995866
TEST_02785,5.389092744894584,-0.14617118981202537,0.6340217707127744
TEST_02786,2.7412855141927484,-0.07779397598734122,-0.05481815467367332
TEST_02787,1.1652451481494135,0.025128986264303488,0.22193512652435338
TEST_02788,2.200095733291396,0.46323228985890746,-0.08981382690970297
TEST_02789,4.406973841642131,1.5889373799453599,-0.330556683765376
TEST_02790,5.0511287792859685,-0.4819576723295985,0.6080655683304115
TEST_02791,1.9196615294962198,0.13033241582316885,0.2010454562828631
TEST_02792,1.3447161918140529,0.22559925054726424,0.3386517239162403
TEST_02793,2.120415712946055,-0.18828919788758391,0.25881902466936707
TEST_02794,2.535408872589774,-0.32708291822009045,0.40193119115021564
TEST_02795,2.0003429827481076,0.33766491759855016,0.3091391894630394
TEST_02796,3.2720816781509714,-0.5338601677719416,0.07311720620796529
TEST_02797,1.8064680199696619,-0.8474682623376171,0.06519450593118412
TEST_02798,1.8237406205893643,-1.0876944828911799,-0.8518430955825526
TEST_02799,3.3168821946311295,1.0017469728006685,-0.7902347600926312
TEST_02800,3.3083656110243265,0.5002685792287965,0.03353101459398005
TEST_02801,1.5602965756031932,-0.13482098023052452,-0.1514202444085437
TEST_02802,3.270448269814685,-1.734452004020944,1.2466590167599532
TEST_02803,1.0933896450893312,-0.6098523282623406,0.3765193815936048
TEST_02804,2.9448759724369005,-0.8158975736472379,0.12107339800379677
TEST_02805,2.7092502612355447,0.07641481578839239,-0.195832904726566
TEST_02806,5.024064176153349,-0.1356245511329781,0.34046155098676706
TEST_02807,3.564691515542996,0.012509392929201142,-0.7773783013378949
TEST_02808,4.913798509653554,0.2806250989185396,-0.061836861773104095
TEST_02809,2.49314784851672,0.24903019750867006,-0.23007542450480037
TEST_02810,3.4692448828369744,0.5529239843595282,1.1613393584592628
TEST_02811,1.9507899520761365,0.4286213665056768,0.3953262454913956
TEST_02812,2.4120020845914247,-0.15210231542944944,-0.3858007509019821
TEST_02813,1.95312307034617,0.11012953936527646,0.13784639867784354
TEST_02814,2.1968464179488314,-0.3991167243615797,-0.41106255879214704
TEST_02815,3.0517763036743113,0.16194517843355732,0.3634803419391461
TEST_02816,2.6901046794813555,0.09308958174866708,1.3685890635975768
TEST_02817,3.6536397723269034,-1.8683263200028462,0.13167917257535688
TEST_02818,3.484308249935114,-0.30122196661827455,0.8957568937289799
TEST_02819,1.7732376324010388,-0.5532116659305211,-0.07753901806001935
TEST_02820,2.8526303709943206,0.5816733660493091,-0.12439325931689943
TEST_02821,2.5780571504087164,0.13664931693520224,-0.4901374939392522
TEST_02822,1.5700060088791554,0.37658985247143206,-0.46402574597570423
TEST_02823,1.9905851482075885,-0.5667343298494191,0.7447248756177427
TEST_02824,1.8374002505383071,0.0395333770483894,-0.7477789278133853
TEST_02825,3.7085427636887625,-0.11644941835369121,0.45954120792389724
TEST_02826,2.651944283807185,0.2366522673417878,-0.10580145717097601
TEST_02827,2.2330446548775797,-0.40266975932729887,0.3928775201699045
TEST_02828,2.887447395296348,-0.17221398600702373,0.4402096992249576
TEST_02829,4.58895074161456,1.1322458958367687,0.9161660307846248
TEST_02830,1.8320740632192123,1.2473326837909062,0.5608226534557111
TEST_02831,3.103771615745124,0.8831174268672336,-0.45906996994955834
TEST_02832,1.249803465430868,-0.33918841515049736,-0.17533172760350374
TEST_02833,3.5415409087265957,1.2512189653980041,1.2815528603780684
TEST_02834,2.953020977880434,0.1819010444795037,-0.16168967552547048
TEST_02835,2.4420641578478435,0.45514539477742116,-0.0006249895781992748
TEST_02836,2.227287309515406,-0.17353011014208655,-0.44183015433356715
TEST_02837,2.1951494660039805,0.27489980263225555,0.7497988339172926
TEST_02838,1.3909629153405034,0.23076460300517693,-0.404148036357778
TEST_02839,3.6649024489579,1.2922914752809986,-1.0487496470277196
TEST_02840,3.427125819855522,-0.91340036771801,-0.017469479310195456
TEST_02841,4.5174395015277025,1.268977724374427,1.4732046141200652
TEST_02842,3.5071178496183375,-0.7001898937342513,0.8711093519986434
TEST_02843,3.3953387867378106,1.8512234915142822,-0.7706949204576949
TEST_02844,3.394436791042943,-0.18160087053291268,-0.30176972812249064
TEST_02845,1.6810837861512353,0.7727884808796858,-0.3617251507733514
TEST_02846,4.559086386059248,0.9510446553239045,-0.5768765570970523
TEST_02847,2.6206809538393165,-0.16512600033135727,0.008665367420090131
TEST_02848,1.4180805687468454,-1.2881502003412653,0.02743012401326435
TEST_02849,3.734996448762308,0.1928586615244709,0.7080519221056133
TEST_02850,2.179974290844354,0.32294613213991,0.335864599063789
TEST_02851,4.132810110447123,0.19219379784655038,0.9734151101679182
TEST_02852,3.860928728809439,-0.6877164818022597,1.0220867061032994
TEST_02853,1.0287627494157021,-0.3212666192052644,0.22727849212166176
TEST_02854,0.9844118880474036,-0.7644949522475725,0.14250953346013392
TEST_02855,1.8069521553362755,0.07613463759538021,-0.3375850867084127
TEST_02856,1.6305970010399944,-0.05267048598177471,0.4554602414700062
TEST_02857,2.3053585303375486,0.45387388071289164,0.4824991876835041
TEST_02858,2.063785610754524,-1.0314707023361183,0.5289439928009854
TEST_02859,3.9320827870214687,0.887387552718417,-0.5580199016155059
TEST_02860,0.7055340362133471,-0.3950823821834165,0.36077028131259653
TEST_02861,2.8998581182303194,0.1418479448082837,0.4144798978536317
TEST_02862,1.930117156898306,-0.15926088643160627,0.16392699011371667
TEST_02863,3.5454828424363085,-0.5246228063271008,0.9236722421434181
TEST_02864,4.075587728798872,0.6093533600336458,0.8306157350442309
TEST_02865,3.43725111864396,-0.21163079189973127,-0.3413351808891704
TEST_02866,2.664093118565392,-0.2538456876438129,0.46994303635651136
TEST_02867,3.1704094022421287,0.03346814750407169,-0.9759458913519689
TEST_02868,3.0552268778509037,-0.1487636396439202,0.0649422041320818
TEST_02869,1.6709961406233726,-0.2347248236924559,0.8540991570590521
TEST_02870,4.591263857735969,-0.05645298247237574,0.7491694885341766
TEST_02871,0.9822177382601139,-0.6897902751606447,-0.21478119413656488
TEST_02872,2.971620590136322,1.193241004517988,-0.7733522382699495
TEST_02873,2.4034249863528037,0.43488561261186015,0.23798401397412106
TEST_02874,2.401277295804494,-0.24382332811864676,-0.026163046781821003
TEST_02875,0.880526779246622,0.11193330081566492,0.27441815806575964
TEST_02876,1.5077803593324925,0.4347646756842033,0.4428208682658566
TEST_02877,3.100256471485094,-1.3913263138542298,0.5881114796983952
TEST_02878,1.8456228839774138,0.029088945253352254,-0.4974326946378678
TEST_02879,2.4613175568985097,1.2418542936406873,0.4112543762023074
TEST_02880,2.811705134514775,1.4851396149867209,-0.7400492098075268
TEST_02881,4.90545600151918,-1.8323807237940186,0.39494264780792787
TEST_02882,4.041452484971911,0.09399357678530039,-0.7059690828182694
TEST_02883,2.3119994545833435,0.2374831088903779,0.13209126148440659
TEST_02884,2.608879303028326,0.11399886837376089,0.29386030896826154
TEST_02885,2.0828654116001823,0.2322624025795891,0.35037112316996577
TEST_02886,2.908546963742326,-1.0423400538218046,-0.6827671903886227
TEST_02887,4.283730229858449,-0.029246612519266118,-0.6774190482512464
TEST_02888,5.849300889806602,-0.0968690338050799,0.9240405184204034
TEST_02889,3.8665448443987294,0.46271739507450654,0.09449972574533903
TEST_02890,3.223981151560689,0.24239031177578946,-0.08218821050703758
TEST_02891,1.492423270823248,-0.014115145822286904,0.02928610843568551
TEST_02892,2.4162549110082727,0.8755889176263717,0.8744227392374103
TEST_02893,2.8466086594229014,-0.2482057822881897,0.0967450628292064
TEST_02894,1.9887618204988893,0.014787196252697785,0.06508843804982412
TEST_02895,1.731416732267917,-0.3265672578867653,-0.1958934602781908
TEST_02896,2.4539088393074326,-0.5456545964086716,1.048948437115551
TEST_02897,3.0545663169260564,0.7416426621828441,-0.17746515070512445
TEST_02898,4.449149523020551,-0.5421737051555202,-0.1752093338235515
TEST_02899,3.3297542838086964,-0.4470627955828492,-0.054058741695649316
TEST_02900,2.851797063593283,0.5221948015678622,0.3048122132076169
TEST_02901,3.6593416005630135,-0.4269693969742453,0.040371983314899114
TEST_02902,1.4731626952173502,-0.3693742071382332,0.291130073838205
TEST_02903,1.0754613220776752,-0.300203710001354,0.23708778079805704
TEST_02904,1.8824556475897245,-0.3146300313952804,-0.2695705962085743
TEST_02905,1.5751103113133915,-0.041481546674845875,0.917285052020465
TEST_02906,2.43238905941616,-0.1816867064862059,0.3412333452366603
TEST_02907,4.502650407131618,-0.038580826512681375,0.6438333897018184
TEST_02908,2.605227665265957,-0.16198133047326843,0.10176342753851964
TEST_02909,4.0511770725996055,0.3459667758673492,0.4597924471357779
TEST_02910,3.583512731399786,1.7967738045987753,-0.15125049666827114
TEST_02911,1.6592021746499517,0.46378710731875333,-0.20614505579491488
TEST_02912,3.8063877835930593,-1.579066243464437,1.8331611732134527
TEST_02913,2.8401765999050723,0.2490126874224741,0.594044731437575
TEST_02914,2.4518389878001265,0.1656128455715686,0.02984637631335392
TEST_02915,1.8954463667294863,-0.10908892104747875,-0.40891497089891204
TEST_02916,3.731874318581255,-1.0886784631978843,-0.0362788446579499
TEST_02917,2.745450091687406,-1.4714162782865439,0.604738552238225
TEST_02918,2.9074227261385968,-0.5563213431828279,-0.7477539702782595
TEST_02919,4.373216277106137,1.4156941047112654,1.8120013190388333
TEST_02920,4.2411098300433,-1.4277540636458994,0.8071188453288711
TEST_02921,4.611222722877743,0.20773635179830957,0.3232779202067223
TEST_02922,2.352213659086042,1.7122627676317397,0.32804811373044274
TEST_02923,3.592095413969804,0.307373378532267,0.10120165425752416
TEST_02924,1.4436542657561506,-0.04858979365903213,0.48354541851655225
TEST_02925,1.114646181802531,0.24031630064455078,0.07178396713837076
TEST_02926,2.25566932804663,-0.8397464617778818,-0.3027165848924292
TEST_02927,4.910702819251882,-1.1541265783341368,0.22529764660085108
TEST_02928,1.5287123684053459,0.2609933836070547,-0.2944143927821251
TEST_02929,3.7182739982553707,-0.13077904685695524,-0.4448731824024138
TEST_02930,2.185953366799129,-0.01011473254749031,0.14884956751894374
TEST_02931,1.8324919452068316,-0.3360654832381097,-0.14737521852890895
TEST_02932,1.6012434688174424,-0.12361057514663024,-0.02672344626020814
TEST_02933,2.6934267360612107,-0.1831261583318346,0.2561388818082637
TEST_02934,3.4161590077915065,1.536058178517747,1.2920368261536122
TEST_02935,0.8083485456606949,0.02829194720511798,-0.2763252123092534
TEST_02936,2.0109349718464333,0.9929520729501037,0.2456790996545403
TEST_02937,1.4738134411290047,-0.5459371329781769,0.11207776245527537
TEST_02938,4.027818880058723,-0.19642288256566445,1.0996115473667516
TEST_02939,3.1285646869545425,-1.4432278068499689,1.0803049151968656
TEST_02940,2.4700242095506897,0.19392078668554957,-0.05141607141433998
TEST_02941,2.2911732706520826,-0.2619977155905838,0.11464111536898776
TEST_02942,2.252213395633155,-0.761649221408664,-0.7903490217196775
TEST_02943,3.9865053430271495,0.6433637149234313,-0.9327168213422931
TEST_02944,0.9664321831154825,0.3265924048695971,-0.20531448206084502
TEST_02945,4.950369327726859,1.4404768886162604,-0.8648099956739128
TEST_02946,2.54792477958747,0.1943156094603535,-0.03935454257360133
TEST_02947,1.9973030484646357,0.3237179117220824,0.3611785360545055
TEST_02948,1.7089401163962241,-0.6131904447666275,0.24189101777916028
TEST_02949,3.525212041860273,-0.6321740219779106,0.8241783432132866
TEST_02950,0.9662660772112164,0.38035385983817943,0.27000663648206386
TEST_02951,2.325064941422632,0.43973118419585266,-0.2456556096624089
TEST_02952,2.569398900923667,0.3555378715445835,-0.06454145331207696
TEST_02953,4.062421296216139,1.4046807791738054,0.76464874395861
TEST_02954,1.5437667675117055,0.2391782055001414,-0.054736624735834065
TEST_02955,2.3865550575402796,-1.0339712081929928,0.07636194152315755
TEST_02956,3.7017298911739194,1.1746946614433673,0.8609717888949792
TEST_02957,2.7511025766329005,0.9354799786260594,0.27294800611026765
TEST_02958,1.2831002625437016,0.49231112082434053,0.20147339449389798
TEST_02959,5.335148306828187,-0.502913545967998,-0.38566379089088887
TEST_02960,3.966247403440773,1.456715256739785,-1.155691824292452
TEST_02961,2.865637536031243,1.104164510371347,0.20755586651184413
TEST_02962,1.9425369445934526,-1.0960112355860474,-0.6574586153918545
TEST_02963,3.6801825584613472,1.252914306286685,0.8712473607841699
TEST_02964,3.39225278435512,1.0043854489311208,-0.053278358396229075
TEST_02965,2.6415540166525164,-0.7128425682400105,0.5785535005997676
TEST_02966,4.328889574418566,0.40910972985309224,0.0015723675577546396
TEST_02967,2.2881400030390444,-1.0738752390864306,0.531790863454128
TEST_02968,3.5105559878642723,-2.0684123068803193,0.5256885384046589
TEST_02969,1.890942317372492,-0.4674998543687989,0.09933428161112601
TEST_02970,2.9956064720334123,-0.10296416368130877,1.0719588382414702
TEST_02971,0.9195262921552019,0.15813275319811052,-0.2860987634572493
TEST_02972,1.6862488424370576,-0.5853033609321677,-0.8103609598923239
TEST_02973,1.5383003443562688,0.2303275917250598,-0.04005298147213436
TEST_02974,2.884576900159256,0.10291624558697664,0.2750918692421918
TEST_02975,2.69575027910269,-0.43782062231782837,-0.5661516696283013
TEST_02976,1.001374605132663,-0.7956595519244878,0.3540263603660301
TEST_02977,3.2008400710849205,0.5646901097709371,-0.6128149226500474
TEST_02978,2.3138414460893184,-1.058486568328541,0.11283210361372531
TEST_02979,1.620309844867316,0.27446487114112195,0.012397093268017398
TEST_02980,1.5407521312364474,0.3613530078102492,0.03238170649965598
TEST_02981,2.4653400466710296,0.12359968720126484,0.4480978912272654
TEST_02982,1.5199101337504737,0.5289735522598447,-0.012815807274347096
TEST_02983,3.1060844913317136,0.5524524994855667,-0.12369825997061916
TEST_02984,3.4052570827779425,-0.11506619110573145,0.23375358415373595
TEST_02985,3.732810168718503,-0.5838944498537003,-0.39737072537227897
TEST_02986,2.9435212313205965,0.5623161010598992,-0.1908540373471599
TEST_02987,3.913861667425151,-0.3795062207316968,-1.1330938458523911
TEST_02988,1.6005844088417256,0.3453656950599438,0.22435907550183679
TEST_02989,4.4588903288491135,0.07238355404811767,-0.9196164945789768
TEST_02990,2.400016210892498,-0.6605058745749889,1.023474462370328
TEST_02991,2.638215454926692,-0.30689658936750636,0.02588950610873799
TEST_02992,2.9414749382938936,0.9108147641995603,0.4279466530332803
TEST_02993,2.317549676002831,-0.5954936865649851,0.4963522247075411
TEST_02994,1.588669902687098,-0.5443724850867504,0.2859039360597809
TEST_02995,2.0736976418904383,-0.3426402661044194,-0.3992002401915172
TEST_02996,4.406333060752605,-1.332892277389811,-0.7747231228761007
TEST_02997,3.0399393162442174,1.961748695719204,1.0389869627267923
TEST_02998,1.54510584830292,-0.9094244434091128,0.14102390337009435
TEST_02999,3.400284030031495,-0.3457753537816964,-1.4202200852079463
TEST_03000,3.936603221336992,0.3284205618985481,0.46688200668204805
TEST_03001,3.1881104217089775,1.3598468780416433,0.2844901772049511
TEST_03002,1.8303687666609274,-1.256324954105746,-0.7384458159440718
TEST_03003,4.193071175159065,-0.5401106882416593,1.34464467780025
TEST_03004,3.1800515368045765,0.9067435946599274,-0.7631598081499867
TEST_03005,1.3424945520851308,0.4742899925286951,-0.05083260479422551
TEST_03006,4.9202517633246785,0.42554213148113423,-0.3171365231699873
TEST_03007,4.356426960173561,-1.4941080589501448,1.1994562905473165
TEST_03008,4.042495214327703,1.4693657800350932,-0.46475883365214254
TEST_03009,4.325134372265655,0.18623965307508872,-1.0015964182411523
TEST_03010,2.6705339128387666,0.020211540291435227,0.19928922402432492
TEST_03011,1.6980709548200306,-0.42495348717738163,0.2911550143595897
TEST_03012,2.8972401345318786,-0.0057796666105435855,-1.2072526526176584
TEST_03013,1.228532394224536,-0.05070580048060364,0.05465616604293834
TEST_03014,3.1027524578240313,-0.05716886175187782,0.19343622130945604
TEST_03015,1.4270862762113181,-0.020834009514107556,0.03924235451772569
TEST_03016,2.510784741585174,-0.04692217287507773,-0.8831738170603101
TEST_03017,3.6536769074987356,-0.5757021663785552,1.1279191582861474
TEST_03018,2.355251301396519,-0.42086762916331927,1.2237076604919566
TEST_03019,2.365507786269143,-0.0676356828248381,0.7397261286159384
TEST_03020,1.1134885173958138,-0.5651844040954033,0.077138611700665
TEST_03021,2.147215240908222,-0.6242494282248969,-0.25433766021516796
TEST_03022,1.3107297185694602,-0.3232934157152562,0.11557180928135309
TEST_03023,1.3602443492618022,-0.21954043571173548,0.4489845192119356
TEST_03024,3.3497421804118215,-0.39509986589530316,1.2363028786786996
TEST_03025,3.6730716256288214,-1.256719808429246,0.7902886228362795
TEST_03026,3.1726931332298847,0.0956287055007752,0.37664939384178725
TEST_03027,2.7123539732616186,0.044773859152310906,-0.07313234411876701
TEST_03028,1.9518141413976817,-0.26895996794300037,0.1945281346887231
TEST_03029,3.354825901775728,-0.7469914779107305,0.9782241466250805
TEST_03030,0.9083761103684077,-0.48231680138575744,0.2524877001660046
TEST_03031,2.674979007715039,0.7694343100031975,0.5504865696281446
TEST_03032,1.9701750322859988,0.12035490800081991,-0.033660714424495336
TEST_03033,2.742750646172365,0.21949770916933573,0.06833494431760187
TEST_03034,1.5637697139315774,0.0702507638221309,-0.05387703928294681
TEST_03035,2.044074408070788,0.6854366181063204,0.03763636446029856
TEST_03036,2.152059084489172,-0.26258459398236367,0.6239053619541156
TEST_03037,3.5763939131872413,1.0076264324194975,-0.24045659457949212
TEST_03038,1.3676036664967546,-0.004297455311178903,-0.27452559562797485
TEST_03039,5.228310641117293,-0.9190959834476067,1.7415303359127738
TEST_03040,4.627958271074211,0.3072828434577235,0.1354208378260105
TEST_03041,4.438443101962433,-0.7138491176927124,-0.007497850506677877
TEST_03042,3.8673384208225117,0.1050427600182906,0.19565537775968195
TEST_03043,2.8289084938090125,-0.7189431384529238,1.0717227577979316
TEST_03044,2.71102909122088,-0.5630394847614836,0.8158723796114303
TEST_03045,1.1250092782580636,0.5948318910746075,-0.18320059100885586
TEST_03046,1.368074590752877,0.4228259103172419,0.2642632255582622
TEST_03047,1.8505796592417463,-0.7385599278546908,0.11439123395913094
TEST_03048,4.943624010334485,2.1032820731611843,1.032986898443667
TEST_03049,1.7486189928047922,-0.5198286693964514,-0.024379906990478768
TEST_03050,2.6614251864693586,-0.4302598948290866,-0.9319807188503696
TEST_03051,1.9437957351926949,0.36335006170627887,-0.32773241945714154
TEST_03052,3.546624505546483,0.016217108546630575,0.9766786282406318
TEST_03053,2.6264526350364865,-0.6483716005810344,0.6515651302216345
TEST_03054,2.0406218595242542,1.0616691079547997,0.4084000671372848
TEST_03055,1.673395053982499,-0.24050087485339913,0.11836288961681479
TEST_03056,2.3057452654218595,0.8392022845938565,-0.7816191895412061
TEST_03057,2.5962272133356983,0.5187126450101646,0.6589646024062145
TEST_03058,2.95587717588986,-0.7448959240923086,-1.0023240449459083
TEST_03059,4.299764427632395,0.7077516071050916,-0.057585609720946056
TEST_03060,2.544132674015281,-0.35406034563120536,0.6451209547693468
TEST_03061,0.7849761350739322,0.10655411694381904,0.2667546912768738
TEST_03062,1.7932699406614638,0.9579144274983309,-0.3223360382647404
TEST_03063,3.234412821311611,0.3642352310754576,1.1471610632775708
TEST_03064,3.1513189198631455,-0.3435363692068447,-0.23161605410696592
TEST_03065,4.324962699837392,0.41766355818044326,1.731847182172708
TEST_03066,3.262062877946769,-0.3684683215394591,-0.10521169477365981
TEST_03067,2.6360406596153907,0.7028717726234733,-0.5680728642462196
TEST_03068,1.5362588412442533,-0.5086001482806507,0.4307494714290645
TEST_03069,3.3432088677928546,0.9433486062391737,1.1028880970209258
TEST_03070,2.31875791728474,1.693328165241505,-0.6094570867658315
TEST_03071,1.2463383146063454,-0.22850401967023568,0.33114152103268724
TEST_03072,2.183282294893343,1.3071401885894482,0.7118337361227288
TEST_03073,3.089774960109563,-1.226625199015026,1.2453097148063688
TEST_03074,3.048188490245766,0.08788948479062111,0.8705680385912191
TEST_03075,1.3397635809795498,-0.15395776971574154,-0.22030633165067268
TEST_03076,1.5222385370059885,-0.12094951420618988,0.040816526188717436
TEST_03077,2.149543715728696,-0.2703766639665671,0.43179029012637743
TEST_03078,3.62811559740225,-1.095673445762146,0.5887993744634973
TEST_03079,4.980189635867686,-1.6378029309816287,-0.615699901935443
TEST_03080,4.824641364190427,1.0414990355570535,-0.6320752518495958
TEST_03081,3.943169046621919,1.6696415739748902,1.3700850797922752
TEST_03082,1.2575520036034713,0.16513398995388726,-0.03588586245293961
TEST_03083,3.7729593039523053,-1.6657276122494,0.3287479574174113
TEST_03084,2.3153117640042895,0.7154865493539717,-0.20412741539569518
TEST_03085,1.0124465583751734,0.18584495111808277,-0.33680390367265367
TEST_03086,3.012708912223186,0.6475060949158129,0.24991290179722117
TEST_03087,3.579787879479019,-0.5131385768130756,0.6594567343406569
TEST_03088,1.1227236575700972,-0.7775003844559768,-0.309286944492334
TEST_03089,4.168888527356213,-0.13782137624327784,-0.2056698064893141
TEST_03090,1.784875214102675,0.4388295341214491,-0.5491966463018235
TEST_03091,4.321314525975081,-0.2980172919426543,0.3358230705431866
TEST_03092,4.8073732026980025,1.3310865120288524,-0.5670140083153756
TEST_03093,2.1648921275875326,0.39605112217311084,-0.13270301249139607
TEST_03094,1.8336127496163859,-0.6308420717404991,-0.30244146975138797
TEST_03095,2.5003735497262194,-0.28646410415584594,0.15378050253183528
TEST_03096,0.9961940667565484,-0.2748735173406687,0.32486344880406387
TEST_03097,2.988600552967067,-1.128964729527271,0.7552584405199582
TEST_03098,3.8547526499038347,-0.16318791283543013,0.23385395516655258
TEST_03099,3.7570768491309763,0.25276304466589483,0.6654943925160229
TEST_03100,2.165920519128377,0.4329940735175993,1.0218446168058595
TEST_03101,1.4754674910438308,0.3166458815981042,0.34177211746260266
TEST_03102,1.9078737993663677,-0.07015378458790565,0.21058157198349647
TEST_03103,1.9930045843811999,-0.04142261612421698,0.38287550991358243
TEST_03104,2.4920324500844306,-0.11211060311690399,0.5628311965147847
TEST_03105,1.6199504355181762,0.08953689898992977,0.2242145675499523
TEST_03106,1.8583225821710145,-0.08652917620305789,-0.44711414669152644
TEST_03107,3.6047481140320805,0.04204998595007669,0.5597919880835358
TEST_03108,2.861279804361752,0.04749432962463637,-0.4998870663299372
TEST_03109,1.6445406812490613,-0.2356834696061914,-0.16352588202216903
TEST_03110,4.519884291673263,-0.3923404228341505,-0.24537181878253975
TEST_03111,1.645509072280117,-0.6900402749765905,0.25507608269679505
TEST_03112,1.4641961896817943,0.7832274072516046,0.23107039473140767
TEST_03113,2.4916503526304687,-0.9405156737784223,0.08549921256058976
TEST_03114,1.7913595383584255,0.09868776683137692,0.10815208566552852
TEST_03115,0.8695385118778793,-0.2010884951166458,0.2712420989665079
TEST_03116,2.1819242027579713,0.9981493506045259,-0.4689475522063067
TEST_03117,2.9299281736804277,-0.23792090002637675,0.032530414155078756
TEST_03118,3.1997450072537714,0.36447157220728527,1.301048378570589
TEST_03119,4.72796852030041,0.9933582264506116,2.046232001108905
TEST_03120,1.4567664737411932,-0.048939514630241744,-0.23894671388531397
TEST_03121,2.698971408217429,0.9931146721584936,0.4545143855858355
TEST_03122,1.5137894181686329,-0.4776098055653076,-0.7404741132343008
TEST_03123,2.464048799677222,-2.2403600820325513,-1.1653776936407343
TEST_03124,1.5231780028907063,-0.11340563875261084,-0.03237440857198669
TEST_03125,2.7329015101837784,1.0362943444817183,0.5916736896037863
TEST_03126,4.3035306239723115,0.09891064199642995,-0.5873527839460684
TEST_03127,3.019743655833732,-0.47973662778688075,-0.8436021995008347
TEST_03128,4.615465824092889,-1.0290899587719147,1.066822506621569
TEST_03129,2.7948893471054896,0.5181974053329989,-0.3429613292712422
TEST_03130,1.7913431828415847,-0.4539591951755338,0.348286595642391
TEST_03131,4.3588434909832845,-0.5813530622791755,-1.0516398465020973
TEST_03132,1.2819492385002995,0.5667681847514751,-0.2750753257115817
TEST_03133,3.3867006764244247,0.3490244191253224,-0.4742633298179774
TEST_03134,2.576254704883474,1.3076709421633426,1.1401167717283842
TEST_03135,2.161257489937791,1.0281919232573902,0.44185367455102137
TEST_03136,1.9824772884546642,-0.5564781171220916,-1.0049568655677943
TEST_03137,1.6312835784488398,-0.10813595319724416,0.21657001484283897
TEST_03138,2.2628435466974928,0.6958384582496083,1.2510997172534868
TEST_03139,1.4456860610465565,0.13871707829917296,0.15278801190156394
TEST_03140,2.99578986934084,-0.2041221560417959,-0.5006390322208751
TEST_03141,3.279314390045635,-0.11309880531766643,0.41411844782270035
TEST_03142,1.3413535905962743,0.3958710903982768,0.01178581745969003
TEST_03143,3.077961917614684,-0.9933592977984149,0.5304323500872612
TEST_03144,3.6202922790296332,-0.008278155638456648,0.578416810793296
TEST_03145,5.207365344259776,0.7386382433984594,0.30430842375294054
TEST_03146,2.7215452889360363,0.18017200059419652,0.706403136118623
TEST_03147,4.3715174685739235,-0.5676922408962176,0.9617351110025351
TEST_03148,3.292412473747581,-0.717673941598381,0.7389425306943457
TEST_03149,4.355296207688677,-0.8360985947527858,1.2393077707884514
TEST_03150,4.20751616690822,-0.06258635016158125,0.5854555417664378
TEST_03151,1.235923962527853,-0.155317723400126,0.18567389163808193
TEST_03152,3.3212742148632373,0.013031664956891505,-0.3123847976119312
TEST_03153,2.582857516190423,-1.4897061472113782,-0.4564127192071241
TEST_03154,3.059360376793201,0.41869240240685396,0.32104194141180104
TEST_03155,2.686733347966439,-1.0216121763484474,0.6962414780935746
TEST_03156,2.7944882340864443,1.2631286499054968,0.3180815591222628
TEST_03157,1.764951123347985,-0.29886013563166747,0.39300177062296854
TEST_03158,1.3939817029416606,0.8752598929757457,-0.4444938011665488
TEST_03159,4.6639974803496775,-1.6139601581124035,-0.9393403486246206
TEST_03160,2.6628384810787535,0.2618692632759427,0.35564094105487065
TEST_03161,4.598737294825154,1.253583137933353,1.116883410658101
TEST_03162,3.632932048317366,-0.3123867564776897,0.06311293849698928
TEST_03163,2.775985945930223,-1.6042453180828453,1.242140791584186
TEST_03164,2.1213498986077126,0.07795227552484245,0.9747096397513992
TEST_03165,1.8290715587783357,0.9879089970875827,-0.12176909482087428
TEST_03166,1.963316531195655,0.0849438911677384,-0.43777605526192515
TEST_03167,2.490717864750976,0.3803150991142904,-0.6142438316672837
TEST_03168,0.7897257647677745,0.3241155423467475,0.0670565884350747
TEST_03169,4.490803646733095,0.4016992496048029,-0.0843337080560486
TEST_03170,2.849441756726835,-0.5667951075647233,-0.4680048331946816
TEST_03171,2.860337177463326,0.502818989417199,0.7226042972919073
TEST_03172,3.7863799028605842,0.4103137362877356,1.2386866945054258
TEST_03173,1.2053178359478813,0.3812066550471223,0.0004879053376297257
TEST_03174,1.7957253281545023,0.9695684675291462,-0.41187508380298
TEST_03175,2.50091668966963,-0.2271816199861238,-0.506361421776604
TEST_03176,2.5011256619878006,0.6781556520140065,0.05561616295746519
TEST_03177,3.8783958015221067,0.8983120348101095,0.47224366952775404
TEST_03178,4.416274701293399,-1.0774064244342858,-1.0725606908551428
TEST_03179,3.788012586849383,0.5682444488243621,-0.3981479369678179
TEST_03180,2.4686481421762587,-0.5095143642847211,-0.36961930811520266
TEST_03181,3.0977360682503874,0.04612333794493834,0.513316964901093
TEST_03182,2.249065916597626,0.5227235023487223,0.5269067478104754
TEST_03183,1.5181372008816225,-0.8254730760592314,0.29769083337092817
TEST_03184,3.4336415324643905,0.36032131332084094,-0.3649739644932223
TEST_03185,1.8164893796110184,0.3153529430136742,-0.07713864605478826
TEST_03186,2.4897328298307744,-0.5353601982969751,-0.4917223014314566
TEST_03187,3.328273467033016,0.4146881493054709,-1.1039348044015609
TEST_03188,2.5947508526127536,-0.8146774870021349,-0.10658957613769326
TEST_03189,3.8192602309961914,-1.1915548502559181,-0.6922341114385978
TEST_03190,2.7256454612569003,0.9388072333548171,-0.3094470788570944
TEST_03191,2.9155546061715314,-0.9041814763349154,-0.32687907690904394
TEST_03192,2.3569208749724306,1.227094764170654,-0.4761797673747533
TEST_03193,1.3817107225429657,-0.420597526810503,0.2575666258281104
TEST_03194,3.2551371104103675,-0.2868034917386659,0.9615810891693624
TEST_03195,2.247463764301416,0.42847327794750306,0.4066598731811158
TEST_03196,3.2683299437927316,1.0073981060609574,-0.33382955645141393
TEST_03197,2.59973073517991,-1.0894280522074093,-0.5185597050847383
TEST_03198,1.7114932116587773,0.33978815739171603,-0.5607817121186085
TEST_03199,4.610520104498592,-1.7449908790834203,2.087374988599682
TEST_03200,1.291388397604549,-0.20241769576241164,-0.3584719272715406
TEST_03201,4.973093445152951,-0.6424624713197619,0.7560814865891621
TEST_03202,4.682247972919446,-0.8998383678035766,-0.5740824042773637
TEST_03203,3.730710134749577,-1.625597722317939,0.30059415160822134
TEST_03204,2.6818431717944433,-0.22082327012808847,0.06573091453647004
TEST_03205,1.3044723261457225,0.04539465689332875,0.07147749049081636
TEST_03206,4.261110929600586,-0.9065771474159654,0.06261650555762666
TEST_03207,3.0506460013481367,1.0503130417009627,-0.15832566527228786
TEST_03208,6.4044577904523665,-1.4363226793755794,1.6083156698791652
TEST_03209,2.9108626304681042,0.023822712611157752,0.2492413131756973
TEST_03210,1.7073775817947876,-0.46515702776819734,-0.016124577212566486
TEST_03211,4.090492602913751,-0.3395626070705944,0.733474534740782
TEST_03212,4.189456385858165,0.509639147172434,1.1287887684352518
TEST_03213,1.4794173849477033,0.1572439360401376,0.26590582159578735
TEST_03214,2.1487636179857157,0.14414301919708009,1.1163777074927086
TEST_03215,0.9271364312264154,0.09447543311227735,0.1684521431868236
TEST_03216,2.4113146767201474,0.6808509933660706,1.034025124046577
TEST_03217,1.437456338730205,-0.09221000978707995,-0.01671720501178874
TEST_03218,3.4497026786434546,-1.0334244566827318,0.4642661215492591
TEST_03219,2.059359748571584,0.9634053555253025,0.2566000112025287
TEST_03220,1.206339136418492,-0.12768989849177187,-0.14148354568108729
TEST_03221,3.1414150549445194,-0.19325525967873453,-0.10004943214649287
TEST_03222,1.439628267950619,0.2901026365137469,0.25964487055347407
TEST_03223,2.741803808197205,-0.5885418082643437,-0.012932754455880501
TEST_03224,1.9801212958355954,0.6192425398550823,-0.32665877748242206
TEST_03225,3.5918555423083096,1.5047780422467631,1.584393112744841
TEST_03226,2.1156172927642243,-0.05996141871846697,0.05715395263280739
TEST_03227,4.161734133040124,-0.6871493408555852,0.642744983052338
TEST_03228,2.991330710521188,-0.5144605686672532,0.033924850292259945
TEST_03229,3.6337005388283106,0.3889987932724427,0.5113494470418771
TEST_03230,2.6934462955553626,0.5332715540147187,-0.07138182594681694
TEST_03231,3.2615958282681343,-0.3426687186551581,-0.13545608109328489
TEST_03232,3.218080329453041,-1.4291384954219346,-0.1282547685254649
TEST_03233,2.336273461975094,0.025903247969068795,0.494408918611634
TEST_03234,2.479501105023911,0.3005317388681875,0.09345907637406196
TEST_03235,1.0901030700074545,0.34517740746549197,0.004207862743196553
TEST_03236,2.635646704289638,-0.5152801382045725,0.6410062889339053
TEST_03237,2.4331960255652048,-0.24167762467744924,0.530864183173554
TEST_03238,3.274036993429847,-0.7566515127468865,0.8641827831971904
TEST_03239,4.549094160095235,0.6104560752134771,0.4671151601442324
TEST_03240,1.6607605835430392,0.716833713110116,0.1909592585101891
TEST_03241,4.987974237418834,-0.6724624641451655,0.9009597504948007
TEST_03242,3.618995164683566,0.6083553416482747,1.1114002100271585
TEST_03243,1.5432932807281663,-0.30875907936362745,0.010341365767608536
TEST_03244,2.875351234200264,-0.813091302364883,-0.24179477581333533
TEST_03245,2.6136255521657903,1.1697376259623582,0.9508248791969369
TEST_03246,4.467374829020121,1.3735109419947626,0.0496835140516963
TEST_03247,2.3435812441315824,-0.25350837582291996,0.49897399295299866
TEST_03248,0.8812360848010234,-0.8989041597341019,0.20577608835204253
TEST_03249,2.8747372188160805,-0.12057639122987633,-0.3719107599835712
TEST_03250,2.330221229485891,0.6131925232509577,0.056801977055375354
TEST_03251,3.0647242795081096,-0.06829942217255631,0.19920104989997248
TEST_03252,4.221611275737711,0.8725053356917623,-0.9606375918749193
TEST_03253,1.6102501124957842,-0.31114573136211354,-0.19118688057964847
TEST_03254,1.7554001933541372,0.9879765818021894,-0.5559625060195016
TEST_03255,1.828297770373957,0.6432255318878378,0.24698675553590888
TEST_03256,2.7555594153301195,-1.020604029163232,-0.8199983768201757
TEST_03257,2.878751740575601,0.49666713444870375,0.7351073223607072
TEST_03258,2.4338024813014485,0.17965312743315498,0.8982091511965222
TEST_03259,2.633137630813195,-0.7487790239033659,0.18363081150541
TEST_03260,2.414908547914642,0.1403335988952249,0.8213017970266355
TEST_03261,1.7012394351439024,-0.12197602696926914,-0.0377802281364219
TEST_03262,2.1207087245277885,-0.4010712229645104,-0.5827332999201024
TEST_03263,3.831225569085137,0.18526779644614555,-0.77374651633644
TEST_03264,2.6602790844636917,-0.19079290161245402,1.0029491203573129
TEST_03265,4.922901322685501,-0.8237963507715925,1.6260452872652962
TEST_03266,3.35544605437486,-0.4902861237120084,0.6626877323102334
TEST_03267,3.4524276816821855,-0.2333139815569226,0.1187294321389885
TEST_03268,2.7100533288641118,1.0872983387915587,0.7534243883063477
TEST_03269,3.217409773279076,0.0056819607769945735,0.0962458546675032
TEST_03270,2.6775285172530574,1.0747541099345148,0.32491518351866117
TEST_03271,1.3299973667221936,-0.2860971088821952,-0.06228784270764519
TEST_03272,2.827469925811379,-1.034322538037698,0.13143599914049145
TEST_03273,2.874057422538965,-1.0510700632474164,0.5979627298656435
TEST_03274,2.4613140598980676,-0.0004328386886143199,-0.19799405975289192
TEST_03275,2.562700444127747,0.8092353469125185,0.19230868090128142
TEST_03276,2.44187936988326,-0.24065678998947143,0.5692992351847624
TEST_03277,1.62589129236872,-0.704649461837928,0.19715154099570154
TEST_03278,1.4637611119833391,-0.31060285644894675,0.11079715190584735
TEST_03279,3.9881832236246573,0.4103774275032262,1.6690805588144442
TEST_03280,4.958602241368872,1.3978148031464275,0.6698965239442546
TEST_03281,1.893842552443935,0.9549138116249953,-0.49222190561443435
TEST_03282,3.024060735643176,0.8184535076800148,1.096069037231169
TEST_03283,2.9069465009765363,0.5837037402371806,0.4053652385664894
TEST_03284,3.198196524615945,0.6274451365764621,-0.4376525527872141
TEST_03285,2.0592493606783555,0.937701023185459,-0.11699250901420952
TEST_03286,4.191453257255273,-0.7500233019224023,-0.2641560767941622
TEST_03287,2.50242523256559,-1.3000961216862956,1.1730290028162427
TEST_03288,1.8789055173196243,0.6202094176750842,0.2584269496543614
TEST_03289,4.39772994924561,0.24050733937814672,-0.19359155534001313
TEST_03290,2.0941375591493534,0.23327550601694716,0.22215038951938465
TEST_03291,3.328949821161754,0.16278345116501958,0.7579377422884321
TEST_03292,1.5836132073324216,-0.2753484575175138,-0.016471050165873444
TEST_03293,1.577161449028536,-0.5231173209941735,0.19028181717328876
TEST_03294,1.3271538369259446,0.9165943436915736,0.30134571945040595
TEST_03295,0.9214014651208675,-0.2758095888531434,0.1935196234203123
TEST_03296,2.7728215861286594,-1.1554824293900257,-0.06321726019374116
TEST_03297,1.9260700295597786,0.4342949983296174,0.4221243465624315
TEST_03298,4.074683202924623,-0.4932116677909032,0.8469836017162105
TEST_03299,1.8925284992875566,-0.6799918825277289,0.3359178271186746
TEST_03300,2.7362957110477244,0.23369110245415214,0.704875200459181
TEST_03301,1.856370319178449,-0.4607468145626797,-0.2603920178484559
TEST_03302,1.6872535367398003,-0.20240083840834744,0.2160334845541729
TEST_03303,2.588874895838012,-0.7397158975263337,0.5529679451925053
TEST_03304,1.8951147708361855,0.18460274255465692,-0.3484536719983225
TEST_03305,4.888769769020455,-1.7207332436518423,0.4086038220117635
TEST_03306,2.384665076978927,0.3204325801236446,0.7278665333276688
TEST_03307,3.0287677520946588,-0.09521009239264264,0.5995082109124998
TEST_03308,3.133632011172855,0.15036334087182177,0.16369684103777035
TEST_03309,1.8736463462579322,0.4816682033380263,0.10453591187561868
TEST_03310,3.6425987326887,1.0544605243976874,0.5346133894346456
TEST_03311,2.607263457692011,0.1490351028643257,-0.08759832842766022
TEST_03312,3.4966764584673506,0.40694206965721,0.7066541610262062
TEST_03313,3.2018098866763065,1.3511680919101003,0.22838133837227934
TEST_03314,1.332530566183596,0.1005010052330139,0.13204770825887724
TEST_03315,2.010551925057149,-0.6583525789868838,-0.6911387004257383
TEST_03316,1.8943617279025307,-0.4731393750262235,0.24341086884814306
TEST_03317,3.572145435430309,0.035985684156343074,0.27796065669367115
TEST_03318,1.474248873123734,-0.3647799901392086,-0.19453362963498408
TEST_03319,4.539708687803872,0.6704720213998654,-0.22884968992857196
TEST_03320,2.342239944731148,0.7260131055452984,-0.10209856928310222
TEST_03321,3.4496696579910497,1.9309391392981001,1.210377526795642
TEST_03322,4.493350394076088,1.4286653969124896,-0.2905551362934922
TEST_03323,1.4545903154858375,-0.7383020166765603,-0.23573797070641106
TEST_03324,1.4275710512423483,-0.16636964304369137,0.15334666776497566
TEST_03325,2.3436802901696776,-0.6758948234253038,-0.29732310099496406
TEST_03326,2.8626330076745075,-0.7001780530257344,0.21957381096995696
TEST_03327,4.433001590500088,0.709949769921305,-0.44414935304584785
TEST_03328,4.980726539591149,-1.8712144906220765,-0.651462012144024
TEST_03329,2.483542269425686,-0.06313358551003598,-0.6564736665318399
TEST_03330,2.284509627067013,-0.20367080078955763,-0.5632762494894403
TEST_03331,1.6430352205214442,-0.32168842616849336,-0.21134173663011582
TEST_03332,2.228291587173806,0.11353919164867915,-0.2902096502938557
TEST_03333,1.2114836611755022,0.4135513758135151,-0.00444802941439016
TEST_03334,2.8986895923133087,-1.7619257403429545,-0.8949855487695962
TEST_03335,3.89176112038419,0.27343779741379154,1.249182960901108
TEST_03336,1.1594047345756058,0.3359199480633694,0.09424130163571454
TEST_03337,2.0294839857692777,0.24435809434553635,-0.04364307380202189
TEST_03338,3.8870787193395264,1.2740655999153485,-1.1844245009312002
TEST_03339,3.8828257529971046,-1.0891926979922255,0.2914993881741297
TEST_03340,1.8059360650318497,-0.026676491605675114,-0.3273256988506541
TEST_03341,2.4644182009671223,-0.3997905665121671,0.8240999824164046
TEST_03342,2.0853294285213297,-0.28404522766278134,0.1304466441042269
TEST_03343,3.1981442023371947,0.4447803437658627,-0.5699258936598393
TEST_03344,1.3903899935879125,0.43141275933704926,0.6197106633427641
TEST_03345,1.750645909633268,1.2383719548122376,0.6480417420419677
TEST_03346,1.5158396685480227,-0.29823430235353293,0.48495417697721727
TEST_03347,1.3273720377403426,-0.20552599765062787,0.12713834270179802
TEST_03348,2.7809946216294033,-0.657106403960132,0.5818952111632687
TEST_03349,1.4175127121116078,0.47454319916469057,0.21946109365005356
TEST_03350,2.628493585992083,0.8365350105228858,0.5670052973126223
TEST_03351,1.971878066602587,1.1270200290668904,-0.3492489125573392
TEST_03352,2.8167098341206946,-1.286113916593138,-0.7904986972106658
TEST_03353,1.5827808866859794,-0.3621396534232509,0.0158641585452711
TEST_03354,2.501802706695237,0.400466113733015,0.2422450914302819
TEST_03355,1.803093412439536,0.21537391804028802,-0.32584639115299735
TEST_03356,2.7499880542320385,1.7561381534654694,-0.6004195105916484
TEST_03357,3.240820774935242,1.0467794228050504,0.4179251911898417
TEST_03358,1.3227730042457362,-0.6200416369343292,-0.5094228360720151
TEST_03359,2.491400897737029,-1.5476527757044354,-1.4756280487972433
TEST_03360,1.2840192204903118,0.8876673326528963,-0.07803650619788174
TEST_03361,4.2336911760169755,1.4407882955548232,1.0103925620288796
TEST_03362,1.481904121837985,-0.5152170677723704,0.13107716695169858
TEST_03363,2.906712100261293,1.4803265145399627,-0.3175990504302575
TEST_03364,2.535309968470071,0.559502900766069,0.8613568198796581
TEST_03365,2.109258632512517,0.08602434084185177,0.08848530477795463
TEST_03366,1.876248195979297,-0.164898108784378,-0.3109304287618032
TEST_03367,4.1064753001243055,0.0827551872094867,0.15436833940048875
TEST_03368,1.4065925773925596,-0.09400623576180511,0.7020305335577516
TEST_03369,2.3647865968416433,-0.12976469286246314,-0.09327971884295798
TEST_03370,2.035640244049438,-0.2658421505454635,-0.0574606064023899
TEST_03371,3.066196449228409,0.2622385210701624,0.04942418041482784
TEST_03372,4.0116636077813,0.4822105357743178,-0.21864532319404237
TEST_03373,2.3851996085687954,0.13933036080955724,-0.27569774943183434
TEST_03374,3.2033891985064713,-0.4430257918611036,0.6920435964801224
TEST_03375,1.2264958699247863,0.07980779968379492,-0.11707883719591276
TEST_03376,3.1071529829122913,-0.721336070439714,1.7011095248355284
TEST_03377,3.9996255837426573,-0.8659517767797992,-0.06705194081366954
TEST_03378,2.8987319215058354,0.7442718189411376,-1.3210341540763846
TEST_03379,4.1575113136557835,1.8266112294795571,1.349214700848279
TEST_03380,1.3188614183731988,0.07197025184380723,-0.1888539542449045
TEST_03381,2.6444989515284942,-0.316016057126589,0.19408302164206573
TEST_03382,2.098693584873965,-0.11405267030079819,-0.3189382267682271
TEST_03383,1.6868500550044476,0.07555934508536505,0.5872431257080407
TEST_03384,4.02117750740368,-0.20564696847305977,0.1414852426529054
TEST_03385,5.614231428975247,-0.9991591346763105,1.8117753018752227
TEST_03386,2.238635938802337,0.19619619481405381,0.8940611122412535
TEST_03387,4.083304217376994,-0.6063596919004057,-0.558813719030197
TEST_03388,2.461360227519576,1.341594651520019,0.24930435490017594
TEST_03389,3.1986479829191876,-1.7848995112738693,1.1797885816959077
TEST_03390,5.27137204507436,-1.7425853492771257,1.1302308826732537
TEST_03391,2.45074296307012,0.38047865680285414,-0.18993736307545228
TEST_03392,2.5475425670364658,0.9974195404328791,0.8016240893071281
TEST_03393,3.2929434734644,-1.8426347741680114,1.109036299541711
TEST_03394,2.324986543726267,-0.6526594436013158,0.40808167481697183
TEST_03395,2.3265443280010722,-0.7639600499937901,0.6486224438297515
TEST_03396,4.005082286789965,1.4442341517564659,0.07292688042156573
TEST_03397,2.455366389608515,-0.8554773399941018,0.14074269775788223
TEST_03398,2.974755203969295,0.018166380352889908,0.7743966524294488
TEST_03399,4.812806223637387,-1.071908200616406,1.6752138162345014
TEST_03400,4.537914536595565,-0.5609190727155426,0.5888168671151842
TEST_03401,3.2722017569917465,-0.629408661022467,0.5183574619474022
TEST_03402,3.0750486798001253,-0.19398608815408713,-0.643783733274058
TEST_03403,2.315339239727103,0.7031742896322081,0.9921578518646544
TEST_03404,3.2087402659950572,0.889352641939344,0.06403398367120908
TEST_03405,2.473403060597754,-0.7900881723046403,-0.34121368575099
TEST_03406,3.3605754956537184,-0.1562670592678012,0.854938475087568
TEST_03407,2.4186203886183577,-0.3627885782029223,0.2778224112321878
TEST_03408,5.639062241410085,-2.3598599109525447,0.7214350607386677
TEST_03409,3.3718294182020028,0.22331238930629838,-0.19602614899237725
TEST_03410,1.8420623402885659,-0.2120007239567333,-0.23315366729005027
TEST_03411,1.0243150553116829,-0.010658064694729012,-0.17777705587538067
TEST_03412,3.7180043547310366,0.6269229356079802,0.38749361188163106
TEST_03413,1.0634731121774474,-0.3372434959658875,0.14048208309007254
TEST_03414,3.666240200410057,-0.4850260806881431,1.7986096008836778
TEST_03415,1.017050894983327,-0.41567995586407647,0.07296676535163421
TEST_03416,1.3620965122596818,0.34255432541390834,-0.16793032802801938
TEST_03417,2.829079918187275,1.2672707200194298,-0.24375977824872028
TEST_03418,1.087142588379871,-0.20103829609476045,-0.2695217611265743
TEST_03419,3.0264234389019378,1.4013651000770937,0.16720059668509873
TEST_03420,2.464003349170778,-0.5811980748255853,-0.20796664991791344
TEST_03421,3.313791400267355,0.17899591612769444,-0.2788888812987033
TEST_03422,2.3551287121898214,-0.1056279436425918,0.20402998098462252
TEST_03423,1.8244564688797855,0.7869178853514885,0.5407299337365268
TEST_03424,3.1165147452990904,-0.0689054596930658,-0.44866295351712027
TEST_03425,3.8576036398031865,1.133999335783351,-0.26762655643014677
TEST_03426,2.8948317398203334,-0.21993902580651473,0.5122590064184261
TEST_03427,1.9467523427113145,0.26670270938166113,-0.36770362980132587
TEST_03428,3.223716828536411,-0.32483208590278057,-0.2565026318019178
TEST_03429,4.20025608562264,-0.07628065280430721,0.09013579443506609
TEST_03430,1.9023487350983845,1.0032288407539847,0.04919149200910435
TEST_03431,2.8128277497090806,-0.9092068351458839,0.554989827550146
TEST_03432,1.7006656220575456,0.7178840581364181,-0.07509227420638115
TEST_03433,2.8869787148021455,0.45496361287555515,-0.5997979224446953
TEST_03434,1.2685707269134379,-0.40063531817377873,0.029782227877915013
TEST_03435,2.2631522297138766,0.06859742357808667,-0.19639310861027345
TEST_03436,4.43326067361796,-0.1844213482514822,-0.03312274507098065
TEST_03437,1.216884536105361,0.3203007820895604,0.3254164046043205
TEST_03438,2.7183841290078012,1.3276992770751945,-0.32662988254945347
TEST_03439,5.851463284782235,0.8689673122491989,1.2373129890914139
TEST_03440,3.6933105148283056,-2.000760923291785,-0.8920669092714245
TEST_03441,4.204022843734583,0.25027355255434147,1.3398482354492605
TEST_03442,4.412722111881203,0.02110530149227052,0.566383853281424
TEST_03443,0.9801579349743773,0.42026708120226486,0.3519053806007097
TEST_03444,1.9505694827444142,0.3177015528244426,-0.2829538011250233
TEST_03445,2.164147404669367,-0.4848355796330212,-0.27390092051533754
TEST_03446,4.808130690863453,-0.6024800735389433,0.9451300260144141
TEST_03447,1.8737008187305557,-0.9716025180392854,-0.24782386118640237
TEST_03448,5.297702631715108,-2.513083494703188,-0.9393982965061523
TEST_03449,2.1881909514534894,0.4844806560664727,0.06673818633401289
TEST_03450,1.018982357208935,0.44658421318647723,0.2650389819047534
TEST_03451,4.225137793917067,0.5127204970004441,0.24848994833585053
TEST_03452,3.209030090495143,1.2663510368395883,0.3826388707996891
TEST_03453,2.1999323622914853,0.5361729168720638,0.08045031522327101
TEST_03454,2.922365223253198,-0.2153440932808277,-0.28102719427899336
TEST_03455,3.668593708391355,0.7951943579305845,-0.4499160948616463
TEST_03456,2.078634516562224,1.2324031501214754,-0.9384404818409752
TEST_03457,3.338323435109884,1.0686637559868084,0.16416192007152283
TEST_03458,5.454400126955289,-0.36446233169864645,0.13972864092798135
TEST_03459,1.663249985899695,0.20661357211809536,-0.15126535330950497
TEST_03460,2.9261289363181886,0.738595490844205,-0.0757772035941909
TEST_03461,1.4513364707084022,0.041962313068941805,0.026639959438914465
TEST_03462,1.9623889612232697,-0.13971261603675156,-0.4368087829820997
TEST_03463,3.27838763493795,-0.2430273593588966,0.09731339270721996
TEST_03464,1.4064282838180349,0.4481205867446147,0.5872690452956715
TEST_03465,5.937538545608511,-1.7886886333676775,1.7291588967511824
TEST_03466,2.7871287799294584,-0.3757498378105038,0.7913574970421182
TEST_03467,1.8001615682323833,0.424053217291171,-0.3048528569484347
TEST_03468,2.9648771771958815,-1.144026177720629,0.8908681513567326
TEST_03469,2.2288471653345496,-0.2571455993148542,0.5848914986886314
TEST_03470,4.732973071976443,0.6184918736285646,1.6527650440531672
TEST_03471,2.0900030705382515,0.4764543522686831,0.026708089173406172
TEST_03472,2.2453347855676853,-0.18008937381749296,-0.6213673918091109
TEST_03473,2.7316293312833917,-0.7207660902777024,0.05944060573252598
TEST_03474,2.7036919210277093,-0.08919417274052463,0.06255296920658789
TEST_03475,0.9162857074103584,0.16957801565722563,0.09293319402053
TEST_03476,3.4207105820867256,-0.7653272317951003,0.4289969319234813
TEST_03477,1.962037779043647,-0.4613592914387206,0.1335691672328127
TEST_03478,2.941659542322175,-0.5035456233831392,-0.3558352044036056
TEST_03479,4.862057620006295,-0.625290059020647,-0.27390720361787174
TEST_03480,1.6602095837452828,-0.18298843523339636,-0.18289146063301243
TEST_03481,1.209949508823147,-0.9439450850840579,0.06611522810850064
TEST_03482,4.5460769278889295,-1.5888368870886795,-0.3228074665757176
TEST_03483,4.171647235093078,-0.3863182246433948,0.004723797055005117
TEST_03484,1.7118672545437499,0.309136433870649,0.3082446410668145
TEST_03485,1.1034461353749847,-0.18645758097888618,0.2411842273919882
TEST_03486,3.6497698123412343,-0.8440514462100474,-0.615622917436143
TEST_03487,1.5962845097110383,0.17447586498998152,0.7299834152438801
TEST_03488,5.1574307723249,0.9096185729907644,-0.1837510262169632
TEST_03489,2.122881153261386,-0.10896014342475213,0.18988591958306636
TEST_03490,2.7037696655590473,0.12728689889634603,0.11569926723390314
TEST_03491,2.5370531690947553,0.2109929975982051,-0.4267197656145269
TEST_03492,5.053047096157212,-0.995701332863007,-0.5594557566063375
TEST_03493,0.9834163714878023,-0.33060856252036286,0.05995630030873192
TEST_03494,1.456276061690547,-0.4862761773592427,0.22886174240666923
TEST_03495,1.5001974367410327,0.29241362871533455,0.09350174466741186
TEST_03496,3.094596414923216,-1.235423337127856,0.3089586069891163
TEST_03497,3.752623955916243,-0.36134708093708173,0.11619264411402627
TEST_03498,1.0753126009300935,-0.6601001762087764,0.4861777243503482
TEST_03499,4.015125405063069,0.41828242670827964,0.3392353744710712
TEST_03500,2.5244131332205004,-0.5649676495432348,-0.7935452598416594
TEST_03501,3.5408779567927624,-0.4623945559178285,-0.6117226162132897
TEST_03502,1.8711479833739522,0.5799710359880207,-0.4277123172813515
TEST_03503,3.078710349966703,-0.43858560429758237,-0.23411554185347616
TEST_03504,2.7010425980946153,0.23757977248542528,0.19564922108766875
TEST_03505,6.062970503254029,0.5889119769839266,0.9661747088456595
TEST_03506,2.362759154027722,0.17697413118281713,0.6199815792846995
TEST_03507,2.52945160203091,-0.11477871051051032,-1.038348761355328
TEST_03508,1.7447408653614886,-0.5756045353003242,0.261664305286189
TEST_03509,4.483981558178033,0.7821065409669808,1.077425405691802
TEST_03510,5.184197038377156,1.134156764973535,-0.889218244210023
TEST_03511,3.5332622893222654,-0.7773193120907423,0.27541466817349225
TEST_03512,2.3071262249517295,0.3361238082494066,-0.313977626237605
TEST_03513,3.208468522864987,0.1833932817194961,-0.5728509034433034
TEST_03514,2.9680073896550017,0.23712676927064874,-0.7495241286742222
TEST_03515,2.1026409993196857,0.40414796208775333,-0.7496054864545348
TEST_03516,4.463157037071036,-1.0575734876638179,1.1774099213056413
TEST_03517,2.775264576843626,1.3828841324882912,0.19480881180400486
TEST_03518,2.558541619918367,-0.5928501442909655,-0.4104715616938041
TEST_03519,3.04985316237811,0.02318407190681101,-0.7092373893004544
TEST_03520,2.333714157421251,-0.06658907937446411,0.457777323086013
TEST_03521,3.341715676434084,-1.7399936240194454,0.49942565185765664
TEST_03522,2.83692340992268,1.0220897660366162,0.6446150930669761
TEST_03523,1.8572671004418557,-0.951210144720685,0.21535403676685264
TEST_03524,2.8446365259880126,-0.9416374706400319,1.0916372879008194
TEST_03525,1.0521746684878237,0.03825772957924149,0.03168206907053275
TEST_03526,3.4956667798343366,-1.033496966932888,0.5495171774472702
TEST_03527,1.0802794750524352,-0.19166154629349233,0.3175441802684895
TEST_03528,4.779875436888813,-0.8315887615172682,-0.9152865960382046
TEST_03529,2.8173152214390904,0.4576485578081384,-0.2746995352183304
TEST_03530,2.843521610777609,0.12032448590582906,0.3993333505166402
TEST_03531,2.787647026510896,0.2719052019093781,0.7169429770594204
TEST_03532,2.7527492791931865,-1.1191492009351263,0.9148123633620134
TEST_03533,2.6408055871247,0.014779380215031127,0.15498162485171377
TEST_03534,1.352213139871238,0.14210298010952996,0.34302418617752645
TEST_03535,1.64031276656276,0.10733421268703712,0.12628521342847765
TEST_03536,1.9132132755196711,-0.2698753061527629,0.2585285267386625
TEST_03537,2.2762515227814233,1.002962662560969,1.2111575468350637
TEST_03538,3.785223840715795,1.5994335583764172,-1.3617021736400023
TEST_03539,1.758356269762938,-0.7276028259400045,0.17280611613181507
TEST_03540,2.291959024955641,-0.05238561727442772,0.2003874580716487
TEST_03541,1.5204506871775634,-0.6738407572679604,0.09501377179624605
TEST_03542,1.536357492970377,0.24600173173138837,0.22056790359369666
TEST_03543,1.7861239353639677,-0.07364978741578664,-0.5871788245952984
TEST_03544,4.016092978207481,-0.9251951541949136,0.20845845243328637
TEST_03545,1.2341113422269268,0.22053403888736486,-0.21483047948418887
TEST_03546,3.0096798817375054,-0.7000364183209178,1.0898972406966108
TEST_03547,2.682739052244796,0.46414247124548647,-0.6162860891465712
TEST_03548,3.4733712091819666,0.3328427995117526,0.2543317260159436
TEST_03549,2.981403115951191,-1.5323150630410065,-1.0946652826360237
TEST_03550,4.840500401803769,0.2330660549508217,1.40821191395459
TEST_03551,1.8446808199271107,0.11601460294328911,0.3463218850213651
TEST_03552,3.429457145520616,-0.49168080830286465,-0.15451648319740016
TEST_03553,2.3582280334267014,-0.7127701157164226,0.3699666747156175
TEST_03554,2.3827065127246194,0.304562596129053,0.006337362210939306
TEST_03555,1.1727421829693256,-0.4391463020937871,-0.12456736619366915
TEST_03556,4.514087481454118,-0.958709270577404,-0.034254020462647194
TEST_03557,3.424048248422454,0.2949099083651892,1.0072568530051909
TEST_03558,3.6101981602178226,-0.09033480094789359,0.6918139595389794
TEST_03559,3.644277157858189,-0.08056811117019254,0.1605747221293441
TEST_03560,2.3512829206996444,1.495539186144557,-0.6618319371082357
TEST_03561,5.000855513878417,-1.8521713638287673,-0.23813445818455237
TEST_03562,4.551369769272692,-0.4284922056066741,-0.1623895096932325
TEST_03563,1.2457684715684323,-0.501804547127439,-0.27503194596188435
TEST_03564,2.633883407676579,-0.026761272966962214,-0.36861366693787584
TEST_03565,1.3181709631103489,-0.10722655529326133,-0.2565665677841593
TEST_03566,1.323334774459434,-0.050465687156333525,0.24117138819749123
TEST_03567,2.3020444414505117,-0.042159480396067074,0.28622301179271625
TEST_03568,2.213844380013649,-0.49438266699978534,0.16664106666869127
TEST_03569,1.2042102421237255,-0.04418507846005482,0.12023315897388695
TEST_03570,2.0339057373811165,0.4189653637832861,0.058834793064069156
TEST_03571,2.2218151505514827,-0.1499113852814933,0.2943495143016783
TEST_03572,2.6934189278098657,-1.374336586537816,-0.5671067264264766
TEST_03573,2.6104694929510583,0.617203476051063,0.4394805684573924
TEST_03574,3.0475896028862475,-0.858494512333133,-0.25455059351914533
TEST_03575,2.363266859396482,0.6596392288404695,0.4324819940337555
TEST_03576,1.1787606622671574,0.4651045836843132,0.16137657017861193
TEST_03577,3.2869949306927957,-1.9483412956948696,2.1386643135451813
TEST_03578,3.9941072520448957,1.2126728544963852,1.601875292335906
TEST_03579,2.2034371255794554,1.105162101811783,-0.34765639611944826
TEST_03580,2.9980230360094566,0.03330312622498383,-0.9501719161647728
TEST_03581,1.1771967964162156,-0.5895153853131905,0.2765981773166076
TEST_03582,1.26949140092223,0.2348400324286561,-0.1488212303681707
TEST_03583,1.891641454281324,-1.062061225883075,-0.4334319522382401
TEST_03584,3.844066583953596,-0.5943935662557225,-0.12544481270779556
TEST_03585,4.177328937975576,1.5766567597378442,1.317980642196547
TEST_03586,1.9194902682581163,-0.40313312429401654,0.12803445446423836
TEST_03587,3.2398353805307205,-0.5481333861957076,-0.4054030345030823
TEST_03588,1.8142011934650548,0.11384119600959494,0.20949110599207735
TEST_03589,2.9594208119304084,1.7168932182155545,-0.7853760349388776
TEST_03590,1.7107863211269225,-0.3813959672712749,0.0006460915058125974
TEST_03591,3.0954214235404574,1.0248557979130535,-0.5673068165178425
TEST_03592,3.2079057428697118,-0.8911847109517523,1.7757616072331304
TEST_03593,2.6268595846997664,-0.8699112497606964,-0.280272947375108
TEST_03594,1.4840596596550617,-0.1286274870626869,0.17946672148162593
TEST_03595,1.457263643848274,-0.45583945310284635,0.4172438292475762
TEST_03596,3.5878086674128005,0.9495020806035246,0.754409993434077
TEST_03597,3.202179030448267,1.1323469146473093,0.30167857821426425
TEST_03598,1.8521519670602118,-0.4633936502055783,-0.6932114609251062
TEST_03599,4.276610146741137,-1.6368982414932873,0.7404716006892076
TEST_03600,4.05948248366986,-1.0846758644398644,1.1138477189971359
TEST_03601,2.387407531718636,-0.11910307214582808,-0.7014126843324494
TEST_03602,4.058309747100465,1.7189350882855676,-0.8913711362390689
TEST_03603,3.524573310764016,1.0123965231151055,0.8129497425699724
TEST_03604,1.7969060167236584,0.012332945769111961,0.23336887237456072
TEST_03605,2.447800935993797,-0.8209184772250121,0.4806512440281079
TEST_03606,3.2170289051500247,0.03342003258400364,0.31795916265622653
TEST_03607,0.8070922021640989,-0.3501417132724855,-0.18780777612967098
TEST_03608,6.286904326999786,1.0502426007060686,-1.1496150958993403
TEST_03609,3.6482919670588485,0.5181369087880474,0.2202903354292621
TEST_03610,3.0076147342783517,0.5659554933923989,1.1824285380107986
TEST_03611,3.4633603605126178,-0.06724903771892166,-0.02864305037160106
TEST_03612,4.794647762007338,0.5048472261838436,-0.060878882495406766
TEST_03613,2.4496334270733215,-0.24479296180569882,0.08172250189544403
TEST_03614,1.6416657382309106,1.2059139476940735,0.8089029700330463
TEST_03615,2.5873598603990935,0.8140015464166601,0.4975392001846412
TEST_03616,2.739933366011691,0.24098563479470655,-0.18420683229104584
TEST_03617,3.914657309572915,-1.6304161129731611,0.45372938208364544
TEST_03618,1.0677481168559504,-0.2725282809738464,-0.3920369747131292
TEST_03619,2.7553434930081906,-0.29352458488935057,0.06578027850723822
TEST_03620,1.6196790800152447,-0.7471484342703861,0.27318517489324917
TEST_03621,1.7464942777671946,-0.6913107130457878,0.3589360029888667
TEST_03622,1.6676190368299313,0.21823119293056656,0.3108208655737818
TEST_03623,1.1948191259089542,-0.4291323805401917,-0.45854103425116105
TEST_03624,1.8804476762430387,-0.2535155173814139,0.6203161603098013
TEST_03625,4.881745396817107,0.1443363948272827,0.2319842961703677
TEST_03626,1.6477130176795851,-0.30019387193226604,-0.25947939693684585
TEST_03627,4.56485255789141,0.32449955435260697,-1.265148918378794
TEST_03628,2.802706205137289,0.6981295328971849,0.3679901073623216
TEST_03629,4.505498589451217,0.6370448949477754,0.4733178471533634
TEST_03630,4.711824766439981,-1.8269178236519534,-0.9898893771646962
TEST_03631,2.39308573146372,0.019543731536174606,-0.19734193970362973
TEST_03632,1.7445583097473394,-0.06878779425509562,-0.6884359289622122
TEST_03633,2.447883990506199,-1.0055783240599736,0.6772880133616243
TEST_03634,3.048867704668113,0.6121784552709602,-0.9240562273847731
TEST_03635,2.437283548894616,-0.9995398934281896,-0.5374628771413412
TEST_03636,1.1308714622028446,0.6576776419951219,-0.3914969373266066
TEST_03637,2.0906605432029766,1.3470563914965943,0.2860881492294792
TEST_03638,3.446903382147106,-1.61071751825032,0.5783463413769665
TEST_03639,4.8755610805193195,-0.20650913730714882,-0.9008164713438637
TEST_03640,4.84200542323083,-0.8090243845407654,-0.8675094438072684
TEST_03641,1.948605438589139,-0.4947660372025565,0.10132906026834786
TEST_03642,4.70194836638899,0.046807012008171195,1.6208866819655503
TEST_03643,1.3297919457195906,-0.17039286307484494,0.2877408297602341
TEST_03644,1.4909372535052605,0.46887147213718905,-0.2414342898463908
TEST_03645,2.725798339659834,0.6963897548816306,0.9131423093004342
TEST_03646,4.869025677329917,-0.3780403196855236,-0.6016484691224175
TEST_03647,4.1151678628147526,-0.2656827921197009,0.4310836976085465
TEST_03648,3.0130960258274415,0.7203229927259607,0.12335709187215127
TEST_03649,1.9132888565494925,-0.3526488442105325,0.25042499243227534
TEST_03650,2.369524389159224,-0.13738881933631675,-0.03536590953789291
TEST_03651,3.6651499635102622,-0.3012333709016438,-0.41101469035570204
TEST_03652,2.49767502866009,-0.32217169837588167,0.5188228400219987
TEST_03653,0.7889904630872059,0.194177954008684,0.1785473685482616
TEST_03654,2.5075986250652536,0.5288046479081515,0.924868895003934
TEST_03655,1.4746818891965112,-0.4190210946491175,0.3844751548508387
TEST_03656,2.8158368489882273,0.3854243594468359,1.123387367585041
TEST_03657,3.0797511783137557,-0.6986086358432324,1.544287088224518
TEST_03658,4.6709938214522975,-1.0361472981952646,-1.2055572212925412
TEST_03659,1.8374990336853039,-1.0912234140703638,-0.5009467418385295
TEST_03660,1.1927660500175323,-0.0744200990803458,0.2321630237197922
TEST_03661,2.644756615640535,-0.31549028974355914,-0.06096508574589239
TEST_03662,2.1014006671937153,0.32370265994329617,-0.5804028384042643
TEST_03663,4.256845974729359,0.36288080044210824,0.4884803179187087
TEST_03664,3.5786683772452346,0.03294451733107952,0.9058663502898869
TEST_03665,2.3857369351388065,-0.15281743674177917,0.6877609056916683
TEST_03666,1.6195553347893297,0.036451344925189345,-0.025658482158330727
TEST_03667,3.8669388629412826,0.4893400565233518,-0.3196876781662009
TEST_03668,1.610707303091568,-0.16594322163186284,-0.025698035653280826
TEST_03669,4.057549144615741,0.22252631555384164,0.2058487441106994
TEST_03670,4.327707800390609,0.5787514844817927,1.4032576643834642
TEST_03671,2.4850120022800395,-0.12318630513195794,-0.045430888341008946
TEST_03672,2.0407523238099015,0.6462575799067085,0.9537373033179769
TEST_03673,3.5664093066458027,-1.6057457833124384,-0.18700119355973868
TEST_03674,2.5160170602676692,0.38359053842254986,0.04017594685969191
TEST_03675,1.264645462712751,-0.25839851963182353,0.43578108778628033
TEST_03676,1.4115653741618595,0.16560719288645456,-0.11555732605532917
TEST_03677,1.9292258472749666,0.19350942390064438,0.521470746446179
TEST_03678,3.184897024504175,-1.893248192264023,-0.7418447262138224
TEST_03679,4.822684606005585,-0.049275833850688934,-0.14321335109486827
TEST_03680,2.097933955767533,-0.46752979523466265,0.4288504706133557
TEST_03681,5.15245100765209,-1.6228432608675365,-0.553334243138015
TEST_03682,3.626392345096903,-0.2793927970483553,0.5540885298590714
TEST_03683,1.9732179203624083,1.7416664453573776,0.6317028712644858
TEST_03684,1.0073516480527918,0.06662620410203947,-0.1555171851847228
TEST_03685,2.494671089414875,0.15470485256383162,-0.5565530675839901
TEST_03686,2.83025091734072,0.32814830565252867,0.3523462222308917
TEST_03687,3.8934785989032807,1.3500493508331848,0.9553242094708421
TEST_03688,4.5485965090672575,0.25756520871462446,-0.6424611762399263
TEST_03689,2.6995636332942374,0.36454267277023344,0.49497808594990494
TEST_03690,2.4551204989654827,0.1588911413248025,0.7756011937425433
TEST_03691,1.8595784182121653,-0.40644551684267605,0.6151278987214535
TEST_03692,2.632996121652107,0.003425344004209661,0.09816397817726218
TEST_03693,1.073061412115669,0.4570830395150389,0.08048028278116043
TEST_03694,2.1289811185873875,-0.8045146214949682,0.6463139796329516
TEST_03695,3.3067587774032927,-0.24204113329207283,-0.7127292960654423
TEST_03696,3.027192996738625,1.0221953758738007,0.05547987050298356
TEST_03697,2.794541950693565,0.6440165223355893,0.08173877060209234
TEST_03698,3.5793732055525695,0.3871007758396772,-0.6073994667895531
TEST_03699,2.6568652589166892,-0.8134789773659971,0.09432875433910978
TEST_03700,2.5026020955797748,-0.28608569513868076,-0.14380046819579334
TEST_03701,3.09293256519713,0.026951911236279914,0.18819269886291756
TEST_03702,1.7287224301527755,-0.00330000882633805,-0.18350190475727468
TEST_03703,1.6831666012938018,-0.013314084410242174,-0.037204494997292566
TEST_03704,4.011530458692807,-0.2134407112277438,0.5241054718452186
TEST_03705,2.1506502891948966,0.4632323112782953,0.6373399185162912
TEST_03706,2.6855511788807953,-0.14733376334276835,-0.5384329435877142
TEST_03707,2.9747260812686864,0.13830205752411456,0.1265387329839136
TEST_03708,3.0888717530077887,-0.1486055560039376,-0.17161429390675853
TEST_03709,0.9572033097662938,-0.5787562713585299,0.5163006896862117
TEST_03710,4.505271301841054,0.7705818401442578,-0.7285407058583158
TEST_03711,1.1146303556070103,0.19307383204199213,0.09878868013448354
TEST_03712,2.8595119134297633,1.5909372669986146,1.1915394496371776
TEST_03713,1.3456893188523191,-0.5390283815890535,-0.07313571247595062
TEST_03714,1.4055002729933204,0.07829618626674353,-0.05131615484640739
TEST_03715,2.6221178302142287,-0.23061573193543317,-0.46344566019535294
TEST_03716,2.7137630963827784,-0.9201138766558076,-0.363100753496496
TEST_03717,3.164063503249448,-1.841539804017592,1.046121266629235
TEST_03718,1.3323880639752372,0.25722730189532456,0.014628752443886117
TEST_03719,4.099201596463546,-0.26962158558992577,-1.1153428446388722
TEST_03720,1.8123530201952172,0.09315892118960628,0.21654516696334244
TEST_03721,3.433124600585189,0.6429812810896254,-0.1046106574825831
TEST_03722,2.5720948107639696,-1.1702421918006973,0.9964836332149227
TEST_03723,2.5783250994642404,1.797803680817642,-0.7369321871841265
TEST_03724,2.3797620681132297,1.0741295919068796,-0.2911784633924355
TEST_03725,2.419117548917019,-0.1706273513305852,0.01851370978929884
TEST_03726,1.1109120698303792,-0.09781080082096655,0.10241721939816491
TEST_03727,2.5921504571732643,-0.891663883900326,0.6596623374551613
TEST_03728,5.8364641069740575,-1.7247507956489825,-0.7545508158291098
TEST_03729,2.9923135044719467,0.6797785292471636,0.008883019953498387
TEST_03730,2.55237920988099,0.11638468533064138,0.20396024414156855
TEST_03731,3.884125720924024,-0.525466044688709,-0.002210422572475497
TEST_03732,2.55309783793502,0.002556636576689017,-0.10442050596036666
TEST_03733,1.6528245574903169,0.5709004585892278,-0.025394940086077004
TEST_03734,1.7412633906123123,0.1496772159850315,0.31338779256322863
TEST_03735,1.712037952217402,-0.43869368201827175,0.4907031289341062
TEST_03736,3.014430723863222,0.5764226321458621,0.4901927069002274
TEST_03737,2.4921626390438716,-1.0892246958743033,0.6723111783324618
TEST_03738,5.170356325200179,1.2312951645962784,-0.30512708340725353
TEST_03739,1.3799770733640808,0.6510569698776064,0.09209324341745599
TEST_03740,2.752310395506302,0.12992263063168835,-0.01581015969738636
TEST_03741,2.122365251496852,0.2304141571256975,0.2333518685823082
TEST_03742,1.9191611111866638,-0.0774119733779564,-0.3260982362083453
TEST_03743,2.7163268458987213,0.39338642316115846,0.47123113345230966
TEST_03744,1.174129200739851,-0.006702360305640151,-0.11128146618538427
TEST_03745,3.185781196353647,0.1276927973150679,0.1442144060633584
TEST_03746,1.159751064734635,0.44123929491653996,0.04448829904462284
TEST_03747,4.303193705750021,-0.863813817783168,0.46925113905649657
TEST_03748,2.886691136170319,-0.5710707722556625,0.36223414136817833
TEST_03749,4.1470954689493755,0.06089513031320537,-0.33946739414088545
TEST_03750,5.633662395021383,0.7272699096514751,1.3169003020924945
TEST_03751,3.1856763949656304,-0.641768868841759,-0.5748602168216647
TEST_03752,1.5503831251590483,0.685939718243402,0.48202984789275355
TEST_03753,2.709480405615197,-0.48868277159137413,0.6305811466662993
TEST_03754,2.811095712178732,0.2629402945646096,0.31381120962107506
TEST_03755,1.8539591253321979,0.7878655495226025,0.576849979315819
TEST_03756,3.733500128113481,1.1107939212241347,-0.09195650154478124
TEST_03757,2.3301810096834927,-0.00755126161815515,-0.019708427121175667
TEST_03758,2.646619612755911,1.0926007115725038,0.9835722628105901
TEST_03759,3.444876201395208,1.3212540013742948,1.8409930469716231
TEST_03760,4.377817782477521,1.3241658032563233,1.2811507133830573
TEST_03761,3.30628496597119,-1.8704824626236187,0.5990268012603095
TEST_03762,3.737550622008878,0.5113965107268066,0.2849481834220469
TEST_03763,3.0217444985132076,0.6423508762914788,-1.0272015632342586
TEST_03764,3.2717518670200088,0.19544873837762453,0.1027963321795654
TEST_03765,2.5935090407795847,0.41344349767424726,0.5896812204104447
TEST_03766,3.8139404001922936,0.23482399368008305,1.1668792845166072
TEST_03767,2.2971184272024683,-0.15499749703946028,1.0576395813292208
TEST_03768,1.6159983102573006,-0.1527558980947609,0.01420729438556566
TEST_03769,3.1356492092116386,0.3150580235166379,0.24352324482311166
TEST_03770,3.13433411468876,0.055361526034204946,0.054050110719548634
TEST_03771,0.8318534972321443,0.006732673604686531,-0.28881949843140503
TEST_03772,1.7276839939375492,0.8586664407460193,0.3717699317000544
TEST_03773,3.1696760286901067,0.6338028802377229,-0.47682879045021287
TEST_03774,3.4132580128023577,-0.9704633753327733,-0.6149315590935114
TEST_03775,3.687222153420503,-0.12513360253957956,-0.5026055836040422
TEST_03776,2.359357985141082,-0.021938824244757002,1.3219936871651423
TEST_03777,3.275622119858559,-0.578559538603567,0.9492437502902655
TEST_03778,3.098660152281234,1.4280187022802253,-1.0379762663101544
TEST_03779,3.052364512564726,0.5073045925392902,0.44052822045446705
TEST_03780,2.015370252229761,1.1682631839197972,-1.0257331400698613
TEST_03781,3.322360598005384,-0.39307333319825255,-0.1874703196916426
TEST_03782,1.1990814088330284,-0.12352438154340577,-0.22920024343990264
TEST_03783,2.7798033275252316,0.4012371505797881,0.12265707047955496
TEST_03784,2.3416721991093934,0.07584249795710009,-0.08261709989689917
TEST_03785,3.7172343598927906,1.2087793152354909,1.557136416981257
TEST_03786,2.3360869345501016,0.024818626394392557,-0.37999464971614094
TEST_03787,4.35989081911289,0.6183222394604435,0.23135482070456218
TEST_03788,2.5372297683530256,0.00452856786550522,-0.11278305808292163
TEST_03789,4.597109581004712,0.5563191961473815,-0.39424806648705985
TEST_03790,1.631143368837872,-0.6703098292955011,0.37270120321920064
TEST_03791,1.5383623139508766,0.3539265367830935,-0.0003326885251866067
TEST_03792,1.4069138879152623,0.4306573542446459,0.12813780796658125
TEST_03793,2.898157019448312,-0.3122547230867669,0.6284207749944143
TEST_03794,1.715956562704603,-0.22399045045986132,0.09626260009452636
TEST_03795,1.5603932738192252,-0.3930407602580629,0.32527919587060206
TEST_03796,2.5636557559593127,0.4245612590902169,-0.24155815879988554
TEST_03797,2.8079909610743594,1.8150036139927452,-0.24712922848991728
TEST_03798,2.5299735792154534,-0.5560621202302195,0.17852898487580582
TEST_03799,3.3156467981539373,1.6619984757679638,0.3451352902604652
TEST_03800,3.9351867854122875,-0.1392651735074079,0.10837931211021644
TEST_03801,4.604915831485187,1.7698297664779772,0.4645282242275006
TEST_03802,2.4250663159923826,1.8320195968796495,1.511016400513382
TEST_03803,1.006369280584317,-0.6925690608723449,-0.23326224104769808
TEST_03804,1.9652077321159551,0.6936336866684432,0.5109742961453169
TEST_03805,2.5030079464966435,-0.49849073158044604,-0.24744322547396402
TEST_03806,2.4352437189328824,-0.671860713204288,0.5883518142781166
TEST_03807,2.763755517762946,0.2553271085488086,-0.7200772973295266
TEST_03808,5.508906811920868,0.2052466797019011,-0.5170271291210565
TEST_03809,3.7775070536244817,0.06610783190453041,0.08561717924089837
TEST_03810,2.687332453773078,0.08560215853326221,0.45825394632978805
TEST_03811,3.376779632700435,-0.26442489353794907,0.014766127157772787
TEST_03812,4.839300866407204,1.4834424870995528,1.7213915268008906
TEST_03813,1.5434020453096475,0.33395181843380983,-0.24969247850508514
TEST_03814,1.4596285794828256,-0.7356533512749388,0.3089886427768419
TEST_03815,2.1334547385555775,-0.057123750796836126,-0.23109655719159944
TEST_03816,3.1446234495352954,1.0493593102572434,-0.010976687540612564
TEST_03817,1.472865061091504,-0.11444122762637776,0.3780980752300749
TEST_03818,5.4300551696096795,1.5419850395244212,1.0773856078335156
TEST_03819,2.6941230390591255,-0.8231541032641758,-0.23596278219128383
TEST_03820,1.245549352295256,0.1554779281936365,-0.04452422296211402
TEST_03821,3.171914051494352,0.07507091492879125,1.1226958199302124
TEST_03822,2.155260321826327,-0.2201923279198827,-0.1784721353361751
TEST_03823,3.1375573693916974,-0.9965963702887101,-0.2687885665588448
TEST_03824,2.855140489341709,-0.3167156168176063,-0.3166115421822435
TEST_03825,1.3502460701568697,-0.3561059531522565,-0.5469184202047951
TEST_03826,1.3679498172679891,0.23012595417453638,-0.08009741885695576
TEST_03827,1.3136220099772242,-0.10455118867255668,-0.2414282390031379
TEST_03828,2.5414495039771734,-0.5469276891909801,0.37154344843266185
TEST_03829,3.5996408510173508,1.4250819955119582,-0.20014506134325313
TEST_03830,2.8474203671372744,1.6441537001429347,-0.5441911583480116
TEST_03831,2.2862475316290696,0.20653565877038962,-0.14365123557197737
TEST_03832,3.166331327119456,0.22748082842985812,0.24126269817585555
TEST_03833,3.7809986467126975,-2.5088889569479744,1.0490924720774442
TEST_03834,2.020943958193928,-0.11217972587231799,0.5151988338157261
TEST_03835,1.1033272708289474,0.007540433286381109,0.013200594026168444
TEST_03836,2.9396555617808593,0.4378051243619342,0.8407617759313301
TEST_03837,2.7828174433037653,0.32901743816700035,0.4294129409686827
TEST_03838,1.1634975603931936,-0.1964743183966159,-0.24685320807013414
TEST_03839,1.7234502262783002,0.39443434164425767,-0.4580582101465052
TEST_03840,2.4187861180581813,-0.7482149164478111,0.8215878721737405
TEST_03841,4.692955263159302,0.07396291509610523,0.3800957252296816
TEST_03842,3.815715813312575,-1.0893200476048461,0.5325504145157965
TEST_03843,1.5114866637851017,0.46607903490783614,-0.6166614216050882
TEST_03844,1.7241700671240927,0.04188251988054458,0.20160501045364826
TEST_03845,1.9855819773553132,-0.6856877218107496,0.5678188834592846
TEST_03846,4.594532162277328,-0.5843956286079812,-0.6803884444746281
TEST_03847,3.6577203922390535,-1.1908704163938053,-0.1334069650253502
TEST_03848,2.5311887825771806,-0.6833065284276653,0.40464130935119696
TEST_03849,3.4531134506129564,-0.14565507799896968,-0.026975039105997564
TEST_03850,1.7888846059048786,0.4570120309409942,0.16448851211293364
TEST_03851,3.0862669074460247,0.17219323058808686,-0.26905865224634806
TEST_03852,1.19256856842564,-0.44950105499832027,0.13193089436998237
TEST_03853,1.8897765344974895,-0.07387535974113205,0.11151852722128723
TEST_03854,1.7847757929387889,1.5533602274633298,-0.738822476236756
TEST_03855,1.7137800423377572,0.7265217470602658,0.3979812714710317
TEST_03856,1.5691417889090393,0.9361612907441671,-0.3701527388375001
TEST_03857,2.3230536525998673,-0.3349536911658484,0.7975276171818061
TEST_03858,3.6641724716730835,-0.8691311645915846,-1.0974107803031345
TEST_03859,2.792201156490465,-0.8289190370542243,0.5987610530028901
TEST_03860,2.826586504453236,-0.032169667638651304,-0.29875375419462885
TEST_03861,2.6925965479323475,0.09893717285662795,-0.43311174314558964
TEST_03862,1.918478463866229,-0.3112497487509547,0.0279000873607842
TEST_03863,3.690169162246604,-0.523130684957613,0.7152714572148909
TEST_03864,2.5793978745001795,-0.19536751157863358,0.7808029064638357
TEST_03865,4.230255032526429,1.276283562432229,0.15422162151297528
TEST_03866,3.3357349205909106,0.17129940070056035,0.9052230142801564
TEST_03867,3.2626508917266976,0.5968682310047883,0.4336571987794385
TEST_03868,2.985107993908175,-0.487054941689738,-0.1723279201479281
TEST_03869,3.091480468942534,-1.4139012631120935,0.16440737974885916
TEST_03870,2.065033258099766,-0.013810172753605934,0.4600350493993567
TEST_03871,2.8086595745375327,0.7611411450454877,0.06157423578490484
TEST_03872,3.7449356573222743,0.9625264056093511,0.8790353486513791
TEST_03873,2.5985818385666817,-1.3304518885675234,0.6798228642973942
TEST_03874,2.0492127644937264,-0.3154803193136453,0.32733409600805324
TEST_03875,2.022074193875959,0.0033968149279952984,-0.2158048140441449
TEST_03876,3.156572775100933,-1.0773194746815253,-0.28785612014922535
TEST_03877,1.5795825824596041,-0.08497838827036328,0.3794000453425036
TEST_03878,3.737369452373584,0.04720325737082419,-0.4598448369494563
TEST_03879,5.403745593295014,-1.6384446779315882,-0.5621654745202685
TEST_03880,3.628581579819842,-1.821217992950607,0.684521431078328
TEST_03881,4.884813309624708,-1.6721166465748436,-0.7838793895775495
TEST_03882,3.1511897675767746,1.1391214402525334,0.8732317739608679
TEST_03883,1.1977752277286722,0.49564688355756487,0.22130713709999905
TEST_03884,3.2207685218398687,0.968325240696334,-0.7274442969447298
TEST_03885,2.5396673506028122,0.9546539403706559,-0.4905145387012693
TEST_03886,2.249268161353194,0.6599689620329525,0.26911145672303277
TEST_03887,4.004430493586583,-0.09769364766653323,-0.7125377689556249
TEST_03888,4.425453358105817,-0.8702562677159168,0.8792511084910751
TEST_03889,2.8976910100783617,0.02115757701474402,-0.0823944575609378
TEST_03890,1.4746082668316884,0.051162564383427395,-0.14681285888156426
TEST_03891,1.8063252976826092,0.25783659774636636,-0.04613612672071156
TEST_03892,1.9756095438810215,-0.1807846884179829,0.40388867975085363
TEST_03893,1.3294607294991396,0.03408157156618593,0.30026569279754944
TEST_03894,2.711233369834718,0.20374401207239115,1.3434415007288416
TEST_03895,1.9709423863922986,0.869504989978801,-0.2741053601499643
TEST_03896,1.965246312616842,0.12437660948174761,-0.6054140095694883
TEST_03897,1.799825939509693,-0.6633390053614323,0.20295381534463533
TEST_03898,1.0813730142752962,-0.46830607087888537,-0.20083936874903846
TEST_03899,4.52084502298629,-0.5286310445117568,-0.16094851944166558
TEST_03900,1.9517010869207572,-0.2893017313197624,-0.3929130870034212
TEST_03901,1.7964700536327145,-0.1546815506422366,0.2780115405498169
TEST_03902,1.8681743965640714,-0.16322741963051543,-0.38953004556338133
TEST_03903,3.2804001447887416,-0.7134976203888528,-0.8832176808267526
TEST_03904,1.5772027636729904,0.30244249461465317,0.34232543925852105
TEST_03905,4.15561897375422,-1.0751858391284441,1.1296582134684128
TEST_03906,2.6012361999058844,0.06703620478502324,-0.7422290007697016
TEST_03907,4.316747338616968,-0.1526778210767301,0.3446105468761618
TEST_03908,2.7088281958493026,-0.17445254916959194,0.26417974402147654
TEST_03909,2.2638142008764706,-0.12077058409344368,-1.0941297084256847
TEST_03910,4.59219255627768,1.5069965803069598,0.4895360197692544
TEST_03911,1.3061224562721063,-0.31830870290956587,0.14573422714744383
TEST_03912,2.7022453280387055,-1.134703652542385,1.3041876141666662
TEST_03913,3.3609441962027704,-0.7405647412570501,0.8456886941786007
TEST_03914,3.340086426975376,0.1851002239785768,-0.05960215327860867
TEST_03915,1.846718879261048,-0.5179000050702198,-0.5283372571870807
TEST_03916,3.476841821454084,1.8987193943266751,0.37597902110487885
TEST_03917,1.9361654151644,0.0002965363248138951,0.31710029558952674
TEST_03918,2.5625844875792065,-1.220627614985672,1.0622657928985921
TEST_03919,3.0654286007584606,1.2996987481298021,-0.5860732116802044
TEST_03920,3.6769531730342213,1.165843476607709,0.6543551599346746
TEST_03921,2.3425055477680745,-0.2210453617355404,-0.7211546836512327
TEST_03922,2.9315659176144027,-0.8661150667321748,0.9113434323015801
TEST_03923,2.438945169977524,-1.9494974436038657,0.5146298012688574
TEST_03924,2.0222138681063866,-0.7451937244528158,-0.1860926192489222
TEST_03925,1.3906410512383398,-0.12652662720779365,-0.033874332132965035
TEST_03926,4.275471177014777,-1.1121475853672418,-0.6894432678987019
TEST_03927,4.458880448310133,-0.5696207979636088,0.6449683364169594
TEST_03928,0.7663822499229258,0.1496383664958475,-0.11152020053558143
TEST_03929,2.901185144647952,-0.2992436525339184,-0.13898505347988338
TEST_03930,2.0851741850598344,-0.21597564560585403,-0.18342645154021592
TEST_03931,1.7673632149985958,-0.30556468670841136,0.10959170368200456
TEST_03932,4.794531404920101,0.35740023297579887,0.3850651725392529
TEST_03933,2.6899912361109166,-0.5156540270410832,0.29675284386737694
TEST_03934,3.1441395094491345,0.6719888192659638,0.276755870360262
TEST_03935,2.200829069292766,-0.27149514329293334,-0.5885713536681189
TEST_03936,2.8471276332452886,0.5468594902990688,1.053384734920717
TEST_03937,2.18820638858545,-0.3366474527207708,0.8741310244337728
TEST_03938,2.480497023293356,-0.8959696831142882,0.3070915212709442
TEST_03939,1.4318743980283064,0.49488967644289805,0.031531843118493386
TEST_03940,1.5343389157137204,0.5471422067073326,0.1257004179346912
TEST_03941,3.1964946228887996,-0.27209146064516737,0.05733019331685466
TEST_03942,1.7733742877686631,0.21386728456515283,0.19851216806428418
TEST_03943,1.2062409127783984,-0.5358302214688797,-0.42699897407399107
TEST_03944,2.473273872317528,0.16391709794021847,-0.06952923512067805
TEST_03945,2.4184629088390617,-0.8197834048090665,0.1829858151415382
TEST_03946,1.4335773770597215,-0.3173632797077819,0.31315597594568645
TEST_03947,3.2010650396602736,-0.010033495363275182,-0.5570043215773176
TEST_03948,2.859945319677448,-0.6711002539094396,-0.659141479886985
TEST_03949,2.862103798430183,1.5997115120742476,-0.05434173719701023
TEST_03950,1.0557881006799616,0.7800489548497468,0.252010695493512
TEST_03951,2.729896712999398,0.4658500720085565,-0.15169071635425294
TEST_03952,3.6445161349126955,-0.2185961593678848,1.6488287326276794
TEST_03953,2.393726720541822,1.047739158484734,-0.6182359034252497
TEST_03954,2.499567621069569,-0.11452280948825216,-0.4429915692185805
TEST_03955,1.805258269052147,-0.6220001754681633,0.22633168836297574
TEST_03956,3.055091805558582,-1.0449318570108543,-0.7182234901818069
TEST_03957,1.6839073170994572,0.37574842441301837,-0.04076820927802951
TEST_03958,2.7622356076762693,1.287834279843487,0.9432670785848347
TEST_03959,2.9752069261773078,0.6327781570394306,1.3062841145727675
TEST_03960,1.9825872161675868,-0.6358531906390413,0.32707351430850745
TEST_03961,2.648880474201314,0.12291694187618075,-0.4204356768706291
TEST_03962,0.872500144681258,0.38192256908082073,-0.3558649904276409
TEST_03963,2.5876804021417774,1.3820911283719248,-0.7890106822142888
TEST_03964,3.002102915131802,-0.03758614145727253,0.46299077631357854
TEST_03965,1.0030447906070796,0.34889963319321154,-0.3241296309141936
TEST_03966,1.5515279168054452,0.3620015060814301,0.3140159016089888
TEST_03967,2.531773692910381,-0.05104888623917813,-0.1522587378330408
TEST_03968,2.1261554633387263,-0.8432460873731435,-0.17327210596300252
TEST_03969,2.1189833567663845,-0.323472830087465,-0.2905336743243783
TEST_03970,1.8950296459840015,0.32032561013952066,-0.6683318745907912
TEST_03971,3.6971365686957762,-0.786856907324935,0.33087175564069105
TEST_03972,2.5849347323292506,0.5117426884892068,-0.7954673878863097
TEST_03973,2.551294645725246,-0.011678936898825511,0.4932753337220649
TEST_03974,3.6735440604936227,-1.145174079542341,-0.7767074032961401
TEST_03975,3.5291730321369963,-0.573379209813689,-0.10318181366145371
TEST_03976,1.715693950450966,-0.9413953085760753,-0.3013526152366324
TEST_03977,1.5865632555230633,0.29766800669557747,0.023206810149011832
TEST_03978,3.9686288435502837,-0.2854882994079623,0.10324679831961109
TEST_03979,2.0975227665509277,-0.7621125561567884,-0.17107659263602024
TEST_03980,3.1207130476903178,-0.8402732744077558,0.14442819844610263
TEST_03981,1.5838539022022313,0.35129923820528974,0.5449211742720744
TEST_03982,1.7339714163448356,0.686105975568597,0.007140635850439447
TEST_03983,3.169556593252052,0.6401971953891614,-0.3385828819824796
TEST_03984,1.6849023581193827,0.31621525555225394,0.6371159586401933
TEST_03985,3.174808702488049,1.1361069019425043,-0.6957439833805527
TEST_03986,2.183430772604612,0.33265395215354093,-0.34630511990764
TEST_03987,4.486625983583466,-0.0666529917961951,0.5305813055083448
TEST_03988,1.4596943581337947,0.4603942968395861,-0.3495406932612858
TEST_03989,3.6703778826908415,1.2295016136338754,-0.6671952188319611
TEST_03990,4.8084167562826,-0.5111699650045426,0.4629923567076589
TEST_03991,1.5703653072001582,0.14726966569435798,0.024751179339079166
TEST_03992,2.115324431763491,1.41017887168467,-0.8693938837253098
TEST_03993,2.425919096279731,-0.19658879611437907,-0.140072206705736
TEST_03994,2.8162430734881436,0.3131711590305346,0.9336406876056361
TEST_03995,2.117022252456053,-0.3363371103130463,-0.012385240558793172
TEST_03996,3.0115824511439087,-0.20876297723013612,0.6700109616270593
TEST_03997,2.1956006712273948,-0.35961149546534044,0.07617692911399239
TEST_03998,3.3886556291522196,0.7124907524456613,-0.4528641107529109
TEST_03999,5.395164649529283,1.3041976295785798,0.8385919129286037
TEST_04000,2.384081518217837,0.11972225459195664,0.2654098918583384
TEST_04001,4.696390802118168,-0.16521770828280963,0.7606661973428913
TEST_04002,3.5807212470172516,0.9529348521182678,1.377044230852054
TEST_04003,3.1656245716149694,1.8187810529962372,-0.797121571970575
TEST_04004,3.274685494802436,-0.09901055804232801,0.25179034393016314
TEST_04005,1.465626381214784,-0.3148202432073284,0.061007530225807745
TEST_04006,1.1772258950852035,-0.33969464874224703,0.3982762138546267
TEST_04007,3.5764074840999904,1.231247730653797,-0.47947868769166274
TEST_04008,2.009122719732699,0.901533921178132,0.5176019928341061
TEST_04009,1.2509709379230511,0.1395116538278871,0.30898091508640596
TEST_04010,3.0880931782805403,0.024565666398197763,-0.8246379996490579
TEST_04011,1.49923592591622,-0.04648658707073903,0.15978137944043114
TEST_04012,3.371994928023242,1.1811337377824984,-0.6448834075188291
TEST_04013,2.5148305695616004,0.6999767936450878,-0.2670288527862955
TEST_04014,2.0138050882489407,-0.9186248725982175,-0.1254818556204716
TEST_04015,1.90939687097867,-0.30861145009299856,-0.21588444849996374
TEST_04016,1.1651074229685858,0.24360509915300171,-0.3667849884054153
TEST_04017,1.4759316104834315,0.47267650174827647,0.4794218527061595
TEST_04018,4.95931678349795,-1.0319337341255659,1.629026148660663
TEST_04019,1.8476604543573978,0.24024387274352524,0.3789503506159408
TEST_04020,1.9164297652645121,0.10649713076917204,-0.12094992207873925
TEST_04021,2.4078021242922074,-0.4519154317682532,-0.7628326454306249
TEST_04022,1.5991550295056383,-0.28218675391922365,0.23351180951200473
TEST_04023,3.5200345193898896,-0.1686567050972098,0.3130582538791853
TEST_04024,1.5007194802991863,-0.24863336139134815,-0.3983661466026053
TEST_04025,2.665206532027294,1.305757511976589,0.4572215531730299
TEST_04026,1.8350688035292706,-0.0695275420688893,-0.26170866829741996
TEST_04027,2.6359710365066102,0.2468123861521417,-0.744171462510073
TEST_04028,2.809914011011105,0.11806314795081452,0.3841051671393776
TEST_04029,4.123821786419677,1.3491504064518742,-1.054127131328306
TEST_04030,3.108463413138224,1.447998544532525,-0.763072297339781
TEST_04031,2.8464924151325497,-0.21381935237504673,0.3586675958775253
TEST_04032,2.6883281932833456,-1.324839583857658,-0.5358259593607377
TEST_04033,2.759406212198898,-1.5170593783664557,0.7980235713555388
TEST_04034,3.757576802811776,-0.2428788303278051,-0.13841474579069063
TEST_04035,2.1794244585950615,-0.8782492726790397,-0.885426475921681
TEST_04036,2.83903502196915,-1.2814623914185919,0.6632336687391724
TEST_04037,1.2860273473263297,0.388744963636549,-0.15213156678232967
TEST_04038,3.2490661441264432,-0.04555775137917722,-0.2550999541862419
TEST_04039,4.882190019334414,-0.8736321201790201,-0.06742641940286273
TEST_04040,2.171516966733979,-0.21926112061595585,0.3966784715113949
TEST_04041,5.094068881027748,1.2342906577532646,0.8102472003500384
TEST_04042,2.947180988543084,1.0954228224072233,-0.5673549635167779
TEST_04043,4.251228314728734,-2.2333898035860456,-0.4217570761180825
TEST_04044,3.206214941919931,-0.1887379930312831,1.1074828902603453
TEST_04045,2.2562389682055635,-0.9360490785657781,0.7877721258963305
TEST_04046,2.6325602934923324,0.6938966799283334,-0.5431116091160123
TEST_04047,1.4642438984835375,0.6418954233011869,-0.3132271947164572
TEST_04048,3.3922643879648744,-1.9348870658654782,-0.12370342480306516
TEST_04049,1.6593766890911799,0.4400934632737652,0.19389066915252787
TEST_04050,3.225727567792506,-0.1437378229544235,0.230723586090423
TEST_04051,1.4952365009327688,-0.33617196869890814,0.34248022993375044
TEST_04052,4.532753163055449,-0.979873677944017,1.3982941594820906
TEST_04053,2.329344416831576,0.4586744014127172,-0.17358137128595466
TEST_04054,0.7772582877092314,-0.5496965462223905,0.44145360599247774
TEST_04055,3.0367259032204115,0.9523542573543997,0.7416114399575292
TEST_04056,2.931831908072945,-0.10844981291343664,0.2386401275647732
TEST_04057,1.581738365617921,0.29533920917072953,0.32146354036388614
TEST_04058,4.603016148211309,0.45681955763538745,0.8101872075281714
TEST_04059,4.6981553525875075,-0.9195986964844152,-0.7997783208630164
TEST_04060,2.1037390352212086,0.15594186215237946,-0.5407145189710639
TEST_04061,2.579310629773559,0.02576968720541651,0.956412432101243
TEST_04062,1.3885660671549112,0.1897303063978058,0.2568502026623871
TEST_04063,1.2031144278858095,-0.07957067997362177,-0.21652506305696267
TEST_04064,2.6282255182667944,-0.21455168000771319,0.6406092215883284
TEST_04065,5.560859933068355,-0.07201173717555949,0.6854312179463103
TEST_04066,2.7824658025806706,0.5109238287060248,-0.7703495605553687
TEST_04067,2.5566634822508876,-0.01756607379946417,-0.0841634018728044
TEST_04068,1.7316035534216072,0.47418202771010387,-0.27984701057182454
TEST_04069,2.071246290219652,-1.044104564356033,0.8211248382490566
TEST_04070,2.263136160180198,-0.7923459966042775,-0.7585103603218187
TEST_04071,3.2085635078862365,0.4819747991503861,0.3853333197121629
TEST_04072,2.8689303318158936,-1.7528142666666844,-0.1893251264053086
TEST_04073,3.3845599574878054,-0.6337940876341516,-0.1010434068487552
TEST_04074,2.782683820543728,-0.3428160876416603,0.11471325190049239
TEST_04075,1.307718179730174,-0.4901994272716446,-0.19213386687008818
TEST_04076,3.897211803443963,1.0451219207974807,-0.059880707195838934
TEST_04077,1.9064647366623244,-0.8202586976944156,0.11709490946945134
TEST_04078,1.301244901614565,-0.21861666957360976,0.45385405522273875
TEST_04079,4.91786110494932,-1.3066824431964383,-0.15882690715953696
TEST_04080,3.0920910541632947,-0.774494817351152,1.0578931723875324
TEST_04081,3.164266449940032,1.094007444523475,-0.34786069183211266
TEST_04082,3.460345597553451,1.1053023738546137,0.3485490662765447
TEST_04083,1.9847470440927362,0.6064856131836901,0.4348825895906509
TEST_04084,3.0326743899059414,1.0129810025477561,0.9825327626575507
TEST_04085,1.4480379992644108,-0.21677841492958558,0.21803729113029305
TEST_04086,1.7558157616925396,0.07649426956342326,0.3665468032795341
TEST_04087,4.555483836741844,0.5566427626511469,-0.39715090774882744
TEST_04088,1.6141406141253918,0.8166424230490354,-0.36438587178840093
TEST_04089,3.7018572999798547,0.04214885099697867,-0.3137463660500866
TEST_04090,2.5956115897101166,0.3035266631480708,-0.7185432869409
TEST_04091,2.211290153326434,0.2473762279023048,0.09503300643986007
TEST_04092,1.2860921571668311,-0.17499507464250125,0.45273229450180547
TEST_04093,1.1182818970396877,0.06957611689454468,0.17401205230436206
TEST_04094,2.1280010574055006,0.7725956794587192,0.4470590127130141
TEST_04095,2.6152955796616664,0.6020201478394211,-0.35761800766235047
TEST_04096,2.3664936801690915,-0.6347308638040272,0.3100339055221792
TEST_04097,3.1278350698151423,-0.7178275481170667,0.05088494905323961
TEST_04098,3.6147330076006328,-1.0698768557085512,-0.6190487480038459
TEST_04099,3.2416671442463736,0.06185667771511484,-1.046122966710113
TEST_04100,2.0961890910350363,-0.35440226680229203,-0.3985715238401826
TEST_04101,3.1703078265267868,0.05010728272476093,-0.07738045011930278
TEST_04102,1.8082732484310517,0.03411891273940664,-0.14475482690263253
TEST_04103,3.1397505820978666,0.8187260699817315,-0.6820913347305633
TEST_04104,2.1294629031494066,0.040924078192814954,0.5012598010601061
TEST_04105,5.262697942740475,1.4258899676651497,1.8784315677412877
TEST_04106,2.2409004773708263,-0.5349779171912565,-1.064924318665567
TEST_04107,3.449153010991809,0.7030165273371506,0.7026500421111618
TEST_04108,3.2579883494146333,0.4056842600734639,-0.9287392624800153
TEST_04109,3.3374250160895156,1.0837439980751946,0.6949183392202813
TEST_04110,5.265528500457632,1.1140632276610083,1.9901885267266242
TEST_04111,2.6898806938128454,0.6599306657787936,0.3622868111751468
TEST_04112,2.287942968227382,-0.36889580741713185,0.7334709768231898
TEST_04113,2.5104971040916033,-0.5567256351844343,0.18319430399374048
TEST_04114,2.5936899654507157,-0.24646548209711844,-0.5980025984857653
TEST_04115,2.2513152692813265,0.9110164966226051,0.8585020532895066
TEST_04116,4.640268130286269,1.4404049972822293,0.08790582275756904
TEST_04117,2.019163756336513,-0.7714249940226758,0.086342412602796
TEST_04118,1.375375791114121,0.1367083836056137,0.19720520092734037
TEST_04119,4.493675103210629,-1.2143085242296066,0.5929061184505441
TEST_04120,3.8976460313506784,0.765581287879708,-1.3281472572878021
TEST_04121,4.846505306195211,0.24654385085119843,1.1312590078696483
TEST_04122,2.2563553082918264,0.7234297637996504,0.9139349333686608
TEST_04123,2.5428855679958358,1.52439419023464,0.06258597791410042
TEST_04124,1.7535387115770096,-0.33002016454898964,-0.17616515892445944
TEST_04125,2.1763784417683363,0.984661307802181,0.12453173135537565
TEST_04126,3.653835404502013,-0.6780108950207328,-0.18359569558814243
TEST_04127,1.237312907605868,0.3022985054001687,0.24935270233005427
TEST_04128,2.982035706132506,2.4881257653577324,-0.0617388586742297
TEST_04129,4.11581062428492,0.3175144014326013,0.7502400526188318
TEST_04130,3.5071205588131273,-0.1428525119405181,1.019545476730458
TEST_04131,4.156778944286064,0.26441883831537355,0.15126728956262048
TEST_04132,2.4004699676792542,0.7124444031371651,0.7469860208727238
TEST_04133,1.5049699235420924,0.3576256714481883,0.26377510150680383
TEST_04134,3.421932947760242,0.5893566024028273,-1.016336506375902
TEST_04135,1.5275784776876478,0.6493083809878588,0.0841839992619122
TEST_04136,2.5659926013759993,0.1496093974059412,-0.5452478466696945
TEST_04137,3.1604443633860133,-1.7942303403515234,0.39009390278547146
TEST_04138,4.801537425080818,1.304247741121055,0.1284296898979853
TEST_04139,1.8696097665506037,-0.3370830504169938,-0.5230070753265711
TEST_04140,2.50381410351918,-0.12381129144290148,-0.02925456463750237
TEST_04141,3.084851336846142,-0.5291916176619756,-0.6926624742799203
TEST_04142,1.9180010733328356,0.09122176075292068,-0.34736391121633886
TEST_04143,2.5764770026781942,-0.12687606602371934,0.681346434446896
TEST_04144,3.339956939079377,-0.39304652194749284,0.3194543012599466
TEST_04145,4.646605113517813,1.5725347549945832,0.6529287027336401
TEST_04146,1.8495889137765538,0.5824678493269801,-0.7225528028870443
TEST_04147,2.760442599495106,0.15969153443980155,1.0086708444276424
TEST_04148,2.541432423148632,0.041838384136992535,-0.10959061627599447
TEST_04149,4.220007025794587,1.58508838107736,-0.4269645086556648
TEST_04150,1.5548165485429077,-0.5175328559510673,0.42420956494140366
TEST_04151,3.1260072929603546,-0.7999680261060492,-0.5837424174271537
TEST_04152,1.8696961917878037,-0.7723593770076985,0.7489513696375187
TEST_04153,1.8856582532391024,0.9908858364014916,0.5786737581369826
TEST_04154,2.745715227220334,0.018080488560139014,0.02894116086337471
TEST_04155,2.4765863818988123,-0.10965538825902728,-0.3968141800766254
TEST_04156,2.7798713613225656,-0.20180765184321012,-0.14438716616922803
TEST_04157,2.260997267939568,-0.3428310382365285,-0.6177021124423061
TEST_04158,3.534198163875776,1.0673248757792628,0.262490893106588
TEST_04159,5.06284026689693,-1.5203596543971887,2.0390201818595846
TEST_04160,2.68469482077725,0.2940756591956992,0.14630827720002115
TEST_04161,4.858789450696274,2.26421409865298,1.197799905732461
TEST_04162,4.159345888948281,0.7448619490049024,-0.5642564623779628
TEST_04163,1.1579555537983988,-0.8146903282673602,0.2487612999152432
TEST_04164,2.250882267936912,-0.18283014672836823,0.16290623583997418
TEST_04165,2.589924559412043,1.012946948448203,-0.6585152574381022
TEST_04166,4.686927479339974,0.9456524122160971,0.5318597577382143
TEST_04167,0.8986357213886942,0.2107780990895348,-0.12564832005183305
TEST_04168,3.886501744014681,1.655254952966641,-0.06589672711987984
TEST_04169,2.0644550378157023,-0.4531189223661444,-0.26773588651178054
TEST_04170,2.8789087275273966,-0.03787961779901872,0.03582265792217206
TEST_04171,2.11187567076626,-0.3472208497243664,0.47558186591875906
TEST_04172,4.32029556027723,0.42001970286660567,-0.22941555303599248
TEST_04173,1.265293543338309,-0.40951886577280605,-0.0109940073937018
TEST_04174,1.3065056529447585,0.0870313599679542,0.5934347190895858
TEST_04175,3.9650535709298995,0.9533201760199462,0.3392507400642379
TEST_04176,2.072506893644131,0.10931568223652141,-0.28752755512390726
TEST_04177,1.608360781158984,-0.3608902311098973,-0.36446424211543066
TEST_04178,2.0874999145068394,-1.4086210655966125,0.9026092560616289
TEST_04179,2.6782737537915704,0.7112873894309617,-0.7764145856260491
TEST_04180,2.7812897137843717,0.49040018917779876,0.7617454685392676
TEST_04181,1.556884517868717,-0.36691407887097854,0.08317758455620619
TEST_04182,1.316262909270568,0.6375833427617051,-0.17950873295080924
TEST_04183,3.7375550967340576,-0.16673186132271878,-0.300807743487263
TEST_04184,4.0213141334714075,-0.14468527480909757,0.2894461720072277
TEST_04185,3.233452566237462,-0.570359686220798,-0.5573260799601422
TEST_04186,2.6595856390502237,-0.10887923433213273,-0.09533299377340712
TEST_04187,3.9927924861509454,0.5093023051571464,0.352424758647972
TEST_04188,2.135096647016523,0.9334900239973971,0.4000627760539024
TEST_04189,3.972339661283309,-0.5054255648034371,0.9245448134159447
TEST_04190,1.8300795379596906,1.159936282279539,-0.5042006777911605
TEST_04191,2.5537253369042254,0.670437408422355,-0.22418565632179965
TEST_04192,3.578392086750744,1.4470569311857828,1.192165255988821
TEST_04193,2.7168585211848777,-0.10029574869885889,0.39568366440426395
TEST_04194,3.110458980641901,0.2811975298542051,0.3434403797302111
TEST_04195,1.4620819139974155,-0.6039509294047131,0.4685034084450843
TEST_04196,2.061994617927028,-0.3170504335457918,0.020100141716422354
TEST_04197,1.7212034472772613,0.7569935231237618,0.2910715706360272
TEST_04198,2.175709461691306,-0.27769886041787645,-0.021264337577861024
TEST_04199,3.8248826159000324,-1.6079224509657004,-0.18086808800828147
TEST_04200,3.1481860237907533,0.09389699005994004,0.34919197504219346
TEST_04201,4.260327989754376,-0.3083900548668013,0.8968702517074632
TEST_04202,1.237017014607737,-0.44041758999781994,-0.5801398973055215
TEST_04203,2.0335973028175984,1.3151197516512636,-0.6796260622083292
TEST_04204,2.633333718912408,-0.47727443375871165,-0.39525618780229355
TEST_04205,1.9570380162329086,-0.8288885660091391,0.16816577839065325
TEST_04206,3.418086825594418,0.8061220008947174,-0.5436913237617564
TEST_04207,3.751278629635615,0.6671845064692727,0.32114594717507894
TEST_04208,2.6649079678677947,-2.0499174350804967,-0.4435756717962598
TEST_04209,3.759662763408125,-0.019307405248902752,-0.07459004448011429
TEST_04210,2.183764503084547,-0.06255472924195168,0.4532857723790061
TEST_04211,2.3229618895918476,0.10064472935428558,0.002188044282072876
TEST_04212,2.398627791772945,0.650234175340027,0.42825047823387186
TEST_04213,1.0873188823655342,-0.09710044593252713,0.29776663812059956
TEST_04214,1.3997595329215833,0.6046756471798279,0.4611203020228403
TEST_04215,1.1113668401319097,0.42287459316945103,-0.1272666796917962
TEST_04216,3.239083279982305,0.9640683870015687,-0.9632301160428128
TEST_04217,1.6769784820857792,0.48348315935422864,0.33175368161558727
TEST_04218,4.032670728598334,-0.1796221139004336,1.2464674185743432
TEST_04219,2.406533747453139,0.8094421053461228,0.9439705329359015
TEST_04220,2.4576386270261987,-0.700708531144988,0.6446963536693899
TEST_04221,3.2104894696370834,0.3431531093638871,0.3881866584075641
TEST_04222,1.3282076743147908,0.3404303770040904,0.31753848171962656
TEST_04223,3.9734431645113797,-0.30910810292473434,1.191374494720999
TEST_04224,4.058734947064928,0.09548314670447898,-0.6494504251916566
TEST_04225,2.5979497283022543,1.695930553193869,0.5407385088606883
TEST_04226,3.343916798079647,-0.03846913288947844,0.7662842316770744
TEST_04227,2.950438102188604,0.6504955064361043,0.7247716414571218
TEST_04228,1.9568355880812074,-0.06770789037499941,0.26690307082949394
TEST_04229,2.568320448565665,1.6816757408934924,1.2346822492531784
TEST_04230,3.286524307961842,1.119441165528866,0.10188541081383917
TEST_04231,2.4271089528105185,-0.21085821850242736,-0.08053383358689858
TEST_04232,1.5190378151241066,-0.23227325114310035,0.5537298923443429
TEST_04233,3.3850589584646107,2.09452394142197,1.0111127066987025
TEST_04234,3.1612690193993562,0.7696038823977208,-0.8884796108149992
TEST_04235,1.4542345626489854,0.4746144074901007,0.033374094004575854
TEST_04236,1.3781132257966588,-0.6632319005911474,0.21761213631210305
TEST_04237,2.167710103660291,0.7339036003493933,-0.2956559338246634
TEST_04238,1.2032773900124878,0.2054675967530863,0.14998967604696645
TEST_04239,3.2743158609119076,-0.867593623011204,0.9784699915782945
TEST_04240,4.678708538925609,-0.4547305648888635,-0.12418578185577492
TEST_04241,2.5205881130898664,0.7625767744072833,-0.36149164603851536
TEST_04242,1.9567398910865703,-1.2002864320591426,-0.44276710812408393
TEST_04243,2.787407154975531,-0.7294610674122487,-0.09624711768623954
TEST_04244,2.5011692164342993,-1.1183106675614767,1.0198931066148378
TEST_04245,2.6205310041087286,0.9801197591204582,-0.5971760297845873
TEST_04246,3.5193998714246315,0.5000083601951748,-0.34282333152406164
TEST_04247,2.2997027033291446,0.4351972274428863,-0.5621743416540177
TEST_04248,4.808489259294063,1.9826170063304867,0.2143913194717408
TEST_04249,2.0991944112952887,0.051644551584994015,0.3168363008164249
TEST_04250,2.5826730309763075,-0.028001087754927767,0.15593615403035066
TEST_04251,4.145673370024559,0.40374334407830914,-0.16714221640012636
TEST_04252,3.117279765619556,1.593767976758437,0.29635956879496433
TEST_04253,0.7455871761403798,-0.05036241123116749,0.10383496155898408
TEST_04254,2.7171989367242197,-0.4867646757228049,1.2013615534383004
TEST_04255,1.0474582194606668,-0.28505575529659505,0.22528512822886118
TEST_04256,2.708574905219587,-0.5580008787010239,0.8679384069855185
TEST_04257,2.260606796697279,1.3428863191812739,-0.5968291252872875
TEST_04258,1.8253903556137683,-1.2654233918399276,-0.42628532667165325
TEST_04259,4.09915724420295,-0.6792303623000465,-1.0992454979130508
TEST_04260,1.6114787934482466,0.18300778624295996,-0.4178968166233986
TEST_04261,1.1362907728681575,-0.5018778450571831,0.12183509175271075
TEST_04262,1.699534674349495,0.020625547532704288,0.0745820179790371
TEST_04263,4.0275166059798035,-0.6473761250771181,1.1912846356965514
TEST_04264,3.3653874184000414,0.2897931277101895,0.024588616028788184
TEST_04265,1.758226171681139,0.5205908904493529,1.034934959678022
TEST_04266,1.1062793793691028,0.25585486773282423,0.4609165808244121
TEST_04267,3.5501860786453032,-0.0893994696129868,0.021939787491799922
TEST_04268,2.6501678696391275,-1.0934568477459983,0.6307654390104893
TEST_04269,3.2269540817487963,0.8190828538106864,0.19618855815089992
TEST_04270,3.4244415067472995,0.7682590325791837,-0.38314856114394236
TEST_04271,2.4331919086522538,0.4942813380548924,-0.08931024250742231
TEST_04272,2.9471804125634935,-1.3561329876285517,0.2671022596495502
TEST_04273,2.331112048620631,-0.9239476644355417,0.5109194652974945
TEST_04274,1.4350174422377777,-0.47723389517054915,0.10476945993031063
TEST_04275,1.44056098264021,0.05893817551340298,-0.040725475600409004
TEST_04276,2.8263030250401187,-1.9958062077868002,0.699533919795777
TEST_04277,3.3220379752043634,2.183793827268754,-0.23482556218851922
TEST_04278,3.1770452885525153,-1.6517992001777244,1.0036869019966734
TEST_04279,3.182176318497706,-1.9254063419773657,-0.6879807703623008
TEST_04280,4.362332418443338,2.451779534706942,-0.15939185778815168
TEST_04281,2.624063264850826,-0.4865871914006614,-0.5874318823734623
TEST_04282,3.1308762384214504,-0.7911137561266715,0.8740663417291827
TEST_04283,1.6711077437031454,-1.5122497435756481,-0.45011435073411127
TEST_04284,1.069817620779702,-0.39137224009801214,0.4209286971986711
TEST_04285,2.2896726661571924,0.20863552550335668,0.06952694524072862
TEST_04286,2.5353098285975744,0.2635842027832704,-0.28237756167355177
TEST_04287,2.402785437232898,1.4524182882292045,-0.8661318981170515
TEST_04288,3.3014255052014185,0.2678622095522898,-0.9759167628395137
TEST_04289,2.7030345777615494,0.48663137801733736,0.18398156877048255
TEST_04290,3.275633828522242,-0.44827584149283956,-0.6995712391481099
TEST_04291,2.5096948382619764,-0.14453892896947873,-0.4006690981234783
TEST_04292,3.547134578815439,1.2344213582258954,0.2697209371845542
TEST_04293,1.4214456641501028,0.02013380192226772,-0.010032452167190332
TEST_04294,1.1201560761728915,0.7531417417590024,0.4662833367100603
TEST_04295,1.3745264925391998,-0.46522806514095494,0.13676050418165403
TEST_04296,1.5342175057180192,0.3815784350053936,0.5014386066507148
TEST_04297,2.9105747847819443,-1.8641106756348205,0.26219334517374
TEST_04298,5.392765953441452,-1.0070775216701684,0.8809968387133262
TEST_04299,2.194087414286942,-0.07658165544201465,0.7275495081970437
TEST_04300,1.6918060709158518,-0.29542932087087925,0.45880993866335346
TEST_04301,2.076946145137013,0.290368184473434,-0.28851145131880707
TEST_04302,1.7940946053049784,0.1512237113505135,-0.5190135611730975
TEST_04303,4.417357921429091,-0.5404858833318733,0.8351549982045163
TEST_04304,3.718513004380975,-0.03589956602163583,-0.5450654633818597
TEST_04305,2.212120184630671,-1.4644018390536468,-0.7113505031781179
TEST_04306,0.8684061223050408,0.4880507810633238,-0.10938117659128829
TEST_04307,3.871411970938717,-0.327720833660654,0.10213078957510383
TEST_04308,2.740082099047154,-0.06533908882793672,-0.4557716603239333
TEST_04309,1.9022973490590775,0.46780246578523055,0.13862832851067097
TEST_04310,1.907263647765977,-1.385711676362579,0.6418139387141767
TEST_04311,1.9362090398595238,0.2041251575009309,0.09534281568904468
TEST_04312,2.633648639681489,0.803186407233004,0.5717113990652498
TEST_04313,2.0462139685890874,-0.10220555190913425,0.06721133270544867
TEST_04314,2.2539474497482614,0.18991300095200037,-0.1686467598110997
TEST_04315,2.2739367935875214,-0.09188017844094774,0.008062385366195888
TEST_04316,4.269658222983639,-2.0605436743666035,0.7318740162825398
TEST_04317,1.504867283785456,-0.2983337075799512,0.14623252273157983
TEST_04318,1.5295472658228344,0.6296691726246656,0.18236567676066456
TEST_04319,4.140702440588153,-0.27292562937719267,2.2180741204027106
TEST_04320,4.458536373672741,0.44448313100192843,0.4875868420186231
TEST_04321,3.2872230457616745,0.9749840479798562,-0.05084276927035777
TEST_04322,2.8091684824027,1.6136663943887066,0.25045319841105357
TEST_04323,1.2534864568564732,0.1717821984581433,0.16101798884749094
TEST_04324,1.699045487593825,0.2182777689914932,0.17751478248388386
TEST_04325,0.882718627314188,-0.2978343394177642,-0.1714604214744921
TEST_04326,1.2679182944311538,-0.34320518368108527,0.030749441179215523
TEST_04327,5.1434482515787385,1.5768759606975897,0.6279224676787883
TEST_04328,4.681819787380982,1.4035331679690066,-0.9580546882384375
TEST_04329,3.330459780203149,-0.07050695736425451,0.16423315187117374
TEST_04330,1.6749797524475116,0.2537760017040078,-0.2486045415636624
TEST_04331,1.0768334477191273,-0.27286631081989166,0.10897336959412939
TEST_04332,4.219142285479941,1.3715807156665547,0.7402157393862916
TEST_04333,2.15594622255463,0.3995719106822506,-0.0633736091233563
TEST_04334,1.4197278452735382,-0.41308742182369623,0.3210975291619263
TEST_04335,1.2051094261432838,0.4525570307450417,0.20735095942813808
TEST_04336,1.522351623846375,0.4106380594523538,-0.21315729615281748
TEST_04337,1.3259925264890624,0.25505614491369943,-0.3284924453490377
TEST_04338,4.376399012995248,0.004501861943935123,-0.846277778378596
TEST_04339,1.2684418984504946,0.5892818348057542,0.25336440852644093
TEST_04340,1.3091129329890765,0.5630753392676799,0.0032810448145098713
TEST_04341,3.0086071291129395,-0.4746641637814747,0.41002194765879496
TEST_04342,1.8680184387221543,0.6353435658646799,0.18798692583925966
TEST_04343,1.2491405915104705,-0.22019651579993837,0.28985170210044675
TEST_04344,1.8952839186689725,0.1304777244561335,-0.3925345225774042
TEST_04345,4.929734593624485,-0.44626102297436643,0.871498884970235
TEST_04346,3.1822210659476347,0.04716468964527358,0.012867949524115699
TEST_04347,1.9257968310663558,0.7074910288904882,-0.38603500609112756
TEST_04348,1.6965862699121108,0.4383920700400438,0.39934774631993014
TEST_04349,0.9167502724741878,-0.15229733612036025,-0.16933231372883004
TEST_04350,1.9967889566393704,0.568384894502872,0.0811567053997302
TEST_04351,2.4099484067900927,-0.7438555436249663,0.5068917410510895
TEST_04352,3.8090183920805964,0.9467747830519945,1.6334275531545035
TEST_04353,3.8609716673565204,0.680313567635316,1.9556364190155062
TEST_04354,1.9175589031579405,0.5164429637292717,0.11582050550589841
TEST_04355,1.5629065026715592,0.4039148124836261,0.22959633913874544
TEST_04356,1.9124506812128315,0.8014503387213322,-0.4828503749697155
TEST_04357,1.9595853174963795,0.626634897892917,0.13123034284049395
TEST_04358,1.1803764445005127,0.5665457782514197,0.27560722134974375
TEST_04359,4.661086511071131,-0.018689839746511616,0.5358114711354347
TEST_04360,3.7395748332120955,-1.9204045885591758,1.0713227127137688
TEST_04361,3.6211969057337146,2.230060364805345,1.2960202513664938
TEST_04362,2.9486764242065475,1.0791237971137568,0.7103086574701958
TEST_04363,3.3852771937893156,-0.5322829282399703,0.8258015522950497
TEST_04364,1.7818189032596121,-0.020121234843187535,-0.4017872506013219
TEST_04365,2.0343957094893765,-0.49397550301710447,-0.2062726498559627
TEST_04366,1.7644547989024608,0.017792122191140135,0.0689665116962856
TEST_04367,2.754902722412317,0.1317159162054392,0.6138073135326347
TEST_04368,2.576978693682527,0.5275119763962897,0.9468285701580657
TEST_04369,2.5410950751991908,0.03722254806110954,-0.2181018762782847
TEST_04370,1.4230849244886692,0.3727788608856572,0.261089487261534
TEST_04371,3.076173908892331,0.18020082178232366,-0.0843330207902183
TEST_04372,4.068041268104844,1.6299673038268652,-0.6620723972369487
TEST_04373,1.2705147938611412,-0.023110967387892895,-0.09427379034741988
TEST_04374,1.9275566243759146,1.5291300064838909,-0.4051840773461028
TEST_04375,1.7331957347695652,0.19818099470671063,0.18736224322005154
TEST_04376,2.6535753188457076,0.6451526737125813,1.5873619520480913
TEST_04377,2.9495351683122775,0.5357883555349672,0.5940070412069265
TEST_04378,1.4825746986177224,1.1854162577004796,0.37078601343496487
TEST_04379,3.7662501905589303,0.8314601341293655,0.05775562613567597
TEST_04380,0.9859752748530974,-0.30860333097137194,0.10921874298341121
TEST_04381,3.357406062637046,0.0851439014018813,-0.15370484082319716
TEST_04382,1.8146100593600416,0.20477157983017483,-0.17012821593603794
TEST_04383,2.6141338581121327,-0.5860977181974623,0.6503207123345001
TEST_04384,2.169982942024017,-0.011356340293463487,0.38442342563123094
TEST_04385,4.468035449874485,0.4331497608861513,0.3121647587371123
TEST_04386,2.6388917368754767,0.6697349129009564,-0.8337729050277941
TEST_04387,2.094206470143722,0.3088977858176962,-0.5984449192171022
TEST_04388,2.2433870441879677,-0.6153857517905093,-0.3544025170329667
TEST_04389,3.0596733836288847,-1.7551948985412267,1.3584922065549536
TEST_04390,2.429485703109901,0.6742684913701105,0.8681737846863777
TEST_04391,1.8478235084934185,0.4257886711765958,0.03734299713230595
TEST_04392,3.14510439590877,0.7361172672760431,0.9697278714968087
TEST_04393,2.704797018399527,0.30807803147464313,0.07270192110441995
TEST_04394,3.669728018450181,-0.7637818298470352,0.5885040211682354
TEST_04395,2.3808787619677223,1.0862569950118368,-0.9029276997531487
TEST_04396,1.5511953414183293,0.6892485522092131,0.5005112332574416
TEST_04397,1.845568693743637,0.01619531959199768,0.508360221999379
TEST_04398,2.6154392865449165,-0.13375036752403854,0.18560484248927048
TEST_04399,5.298764362018412,0.6095625270684805,1.4058719391762284
TEST_04400,4.122010772523148,1.2176766168139812,-0.08397595075095902
TEST_04401,4.53078708522511,-0.6254867182475674,-0.28141837080722837
TEST_04402,4.307505032441435,-0.8162627823305878,0.41027663509310763
TEST_04403,3.040762146728594,0.06513807043836307,0.4280184763680935
TEST_04404,2.237958865180987,0.3389229347536275,-1.001662946603925
TEST_04405,1.8703861246819073,-0.39211090612347427,-0.41718904985544
TEST_04406,2.118928816701194,0.6817207753892436,-0.24456637235096626
TEST_04407,4.971214842119713,0.043517267827670236,0.24389593264085913
TEST_04408,1.2859206104189598,0.5474205838774183,-0.5820937437028991
TEST_04409,3.482506747439864,-0.1306169386419848,-0.14698146366711098
TEST_04410,1.1384915392914805,-0.12471893995040867,0.056802503305820894
TEST_04411,1.9497963476665965,-0.4173513516776405,-0.324752188474595
TEST_04412,3.7147634459685532,0.9480885684050833,-1.180315250436096
TEST_04413,2.7623101455502423,-0.24401593380558204,-0.16563532646118895
TEST_04414,1.4817872452299614,0.24527083094489877,0.07982320877210153
TEST_04415,3.788462624241524,0.13706425555352428,-0.6400471560347463
TEST_04416,2.1280802634944176,-0.7210960714867846,0.2544955530984796
TEST_04417,4.116941633580917,-1.6947168400781591,1.9312337532241868
TEST_04418,4.634911746206126,-1.361542809042102,0.6745334815923764
TEST_04419,2.592560366183982,0.708876258438293,-1.040606098944986
TEST_04420,1.7043242515286077,-0.31191418170647134,0.1606739028189543
TEST_04421,3.25162890287601,-0.3992345084260494,0.363078838331552
TEST_04422,1.1715565858848656,-0.22767559865634937,-0.10120614928931677
TEST_04423,3.720206838889856,0.5132433453010655,0.6644637165992251
TEST_04424,2.537640487727512,-0.3397075600847887,-0.3573216399900508
TEST_04425,2.074095185543282,-0.7079788734733017,0.5883018780828448
TEST_04426,2.254639506226874,0.06844547388862023,0.40824953394332625
TEST_04427,4.226242123809416,-0.18317398248072783,0.9806391960758326
TEST_04428,3.1912036124343772,0.1731514009862616,0.15600395277673973
TEST_04429,4.996976718222621,1.3669735708624722,-0.19977812867987702
TEST_04430,5.31316986523992,-1.7368107183851518,-0.936543688162407
TEST_04431,1.9866871525012941,-1.2204559434202387,-0.5400445638288656
TEST_04432,3.338003385872641,-0.6073395508596676,1.5638204544650434
TEST_04433,3.81496688913356,0.1293492263589845,0.7711233532571572
TEST_04434,2.9573771824941497,-0.4069295941752394,1.0007962972935636
TEST_04435,1.3989882194263048,-0.11933304913537847,-0.05178747569169585
TEST_04436,1.9214236823599442,-0.12624680473840252,0.6883289119052735
TEST_04437,1.6455986033536285,-1.0756839081918332,0.2797947641038268
TEST_04438,1.996171177409225,0.14416944812866203,0.4611429779701819
TEST_04439,3.9887956500103376,-1.5652296568975679,1.4486734727466655
TEST_04440,2.454013960590903,-0.9508802053290493,0.5601370868281832
TEST_04441,1.3944307877327702,0.47303267044635483,0.14239594690531493
TEST_04442,3.8523981796423166,0.2816536849531112,-0.870729891700447
TEST_04443,3.6963293755081543,-1.3076599479071644,-0.32556092672289755
TEST_04444,2.3999506148009373,0.5831496655876822,0.40187383798801635
TEST_04445,2.363116843397486,-0.02708035983933271,0.07902038563139657
TEST_04446,1.6497259627758585,0.42881741819389935,-0.1931385241097685
TEST_04447,4.235834229274324,1.4119543213134211,1.0007147695149896
TEST_04448,4.295419059943807,1.6225594667745347,1.5013882259906404
TEST_04449,3.276340925180585,-0.3498541360292195,-0.50276208066632
TEST_04450,1.2699947040861788,-0.0512982363715091,0.19436729237660486
TEST_04451,3.0224446472796735,0.5510395018490992,0.15418059027918926
TEST_04452,4.730849761358534,-0.2096483279636736,1.6107136944083493
TEST_04453,2.318148242789574,0.08390335294643038,0.3878332610674837
TEST_04454,2.3076929008367677,-1.5284499828468965,1.4167907746123747
TEST_04455,1.8591854719858698,1.0436611513175758,0.13737486133357887
TEST_04456,3.380529674592354,-0.3698382402521384,1.0302883207092546
TEST_04457,2.2882750855446243,0.07807856885298281,0.1051324321705231
TEST_04458,2.7179723293130014,0.22131962526646293,-0.11653112024341969
TEST_04459,4.608367338518601,-1.442372170774672,1.0407503791846897
TEST_04460,2.4532837838098764,-0.18620367531655002,-0.6954872111343421
TEST_04461,3.1855005753898573,-0.46835126245747866,0.767381742404803
TEST_04462,2.0279315779392713,-0.22280054226751178,0.1448791441647306
TEST_04463,1.8595797911256498,0.023523876099846668,0.5849364864492449
TEST_04464,4.288734037970362,0.29406055151584864,0.6937834321922461
TEST_04465,4.28288689366965,-1.6562780308782525,-0.3120278702360379
TEST_04466,2.0938904422720035,-0.05853495046558753,0.30048819179439945
TEST_04467,3.663704390505994,-0.7935502747220585,-0.5913200512200766
TEST_04468,2.5821700036296753,-0.8069245756243728,0.4819476890681347
TEST_04469,2.635412457059759,0.08986337411721121,0.8053811798349139
TEST_04470,2.3036083268795284,-0.10375062583168325,0.6266936514467717
TEST_04471,1.270397458116747,-0.6004492465664218,0.21396316906501178
TEST_04472,1.2098540587490807,0.48641087299680313,0.022595407252137968
TEST_04473,2.2278775498691927,-1.0246989093471552,0.8697915556826927
TEST_04474,1.5216420563328221,-0.20786419571762943,0.1073893851359145
TEST_04475,2.340346855557725,0.7216716230675677,0.5247579819149032
TEST_04476,2.878605844938089,0.4357369537446887,0.8306686532379941
TEST_04477,3.0677691354357743,-0.2408692394538405,0.9738517326102769
TEST_04478,2.9433892946079,-0.8793838420469842,0.7707249304001285
TEST_04479,4.2203035610424,-0.1830542354764255,-0.08713577207588413
TEST_04480,4.367926037907238,0.5133569878221154,1.4692619082665062
TEST_04481,1.3948761089060933,-0.20696894284833045,-0.11202101187381178
TEST_04482,2.484635559253888,1.4568975071462822,1.6174246350990382
TEST_04483,2.4249950791099266,-0.9812301184041984,-0.8662496954854919
TEST_04484,2.1193448405914665,-0.29650279686615844,0.07482443506948346
TEST_04485,0.9445667911722411,-0.004526716260678094,0.29864066744866424
TEST_04486,3.798511844543558,0.493770854033257,-0.6643102558878431
TEST_04487,4.2372729831198575,-0.6866723413730039,0.21617422084157534
TEST_04488,4.597369614349472,0.4422362785139175,0.24168574678361396
TEST_04489,3.1697556871570187,-0.08448996507649517,-0.08184384724949423
TEST_04490,2.5947333731948867,0.27038800918210937,0.5875516532737848
TEST_04491,2.864731027287865,0.19340754868432125,0.5147691788608643
TEST_04492,4.637363391372761,-0.7958871077615154,0.7601321475350369
TEST_04493,2.553221193836075,0.029704187752215457,0.011733383436448122
TEST_04494,2.2071666436470103,-0.18094592651629096,0.01549806492568254
TEST_04495,1.4596980913226802,0.8358719042833613,-0.20007214808632104
TEST_04496,2.9598444760500366,-0.05121958674621111,1.3280679100292967
TEST_04497,3.5401602769440945,-1.8485125424596742,1.8288872228299866
TEST_04498,5.081780729286417,0.6404069489748645,1.625451523908662
TEST_04499,1.9924786053358223,1.2282413885378447,-0.4295174912936557
TEST_04500,3.044978104862797,0.3571691122779362,0.5140325491309994
TEST_04501,1.170945100272952,0.07431254253996956,-0.12471358444203931
TEST_04502,1.9473181427176722,-0.2799085585419785,0.4977826212240013
TEST_04503,2.2051713536535757,0.11060367446013869,0.5946679642998173
TEST_04504,2.7132889257230968,-0.1349391016466396,-0.6006727200950451
TEST_04505,2.765161124106719,0.9502057187342434,1.0457243655593607
TEST_04506,1.5500283240472383,0.5114566441683375,0.3120621355784869
TEST_04507,2.073511915940282,0.5168488711640599,-0.14639207577351485
TEST_04508,2.7977072669687377,0.34293304181021445,0.6368766650971925
TEST_04509,3.317639542846007,0.49018088139719534,-1.1701138067628798
TEST_04510,2.690520280795906,-1.1639019103370332,0.7192738104012739
TEST_04511,1.145350001002861,-0.40936354638160877,-0.11265027668721435
TEST_04512,2.2074514638143543,0.7410516920324767,-0.3080954688656786
TEST_04513,2.083235291742415,0.05578397186584011,0.30665991948446786
TEST_04514,3.0665069455226996,0.1463714283543967,0.013044931318625193
TEST_04515,0.9829327177924551,0.4958091398454956,0.07113104912093181
TEST_04516,2.908587538475714,0.7105885915121599,0.4527811304420476
TEST_04517,1.4664856619625783,0.3973018219130979,0.40140890343363805
TEST_04518,3.5132458897841703,0.44127516674151024,0.8803579263999538
TEST_04519,5.469278332548099,-1.02092877591484,-0.9381583904772979
TEST_04520,1.9351780770824918,0.94972467093196,-0.17161746579999296
TEST_04521,1.6602185738759307,-0.6781434384140189,-0.1929768039871447
TEST_04522,2.6009114249911383,-1.4335434738493549,1.3572820682906115
TEST_04523,3.3013964590278397,1.926071416914753,0.1426989102862283
TEST_04524,3.6456259247145084,1.1546504256794252,-0.5272580346754873
TEST_04525,1.826242498240618,-0.09033515055791051,-0.03366657242380898
TEST_04526,2.9554499461558668,0.2947997344171302,-0.31225011510066125
TEST_04527,2.8885811088176787,-0.5974832879682899,1.3245625638106242
TEST_04528,2.755811220470513,1.1229278287413464,-0.4846288008598662
TEST_04529,1.975555895452685,0.44062119045035264,0.06331586274518462
TEST_04530,2.570219669278658,0.4735202481430605,-0.313436543113181
TEST_04531,1.1544328787831486,-0.12340331194008249,-0.31152422442456645
TEST_04532,2.66765284571733,-0.5971845937682018,-0.9604039080422628
TEST_04533,0.9305102269139004,-0.055135908672984256,0.19298871872318446
TEST_04534,1.6033496746748643,0.23661296154655168,0.2185983416846606
TEST_04535,4.144103564889709,0.3653117539379746,-0.12947240591804993
TEST_04536,3.207266572125604,-0.8727707970523098,-0.6512201414595191
TEST_04537,3.560326780015837,-0.36159142023017654,0.7419304786736534
TEST_04538,2.979119567762609,-0.9049989690509577,-0.33411797961781353
TEST_04539,2.1412610427687246,0.13254083848369205,-0.7302160715881616
TEST_04540,1.5833112026173117,-0.6852680787406757,-0.13520185583479039
TEST_04541,2.301780477289619,-0.011801901014718268,-0.3338180503639012
TEST_04542,1.5465591825659246,-0.3812423656142746,0.43588760617182887
TEST_04543,2.3028013335962725,-0.41280691051090773,-0.6262690102160824
TEST_04544,3.773178135458382,0.5427516570029125,-0.2259826342895562
TEST_04545,4.439507141173999,1.5900751118375722,1.6840441693060986
TEST_04546,1.2474566023864557,0.1977472103243375,0.04036653204928694
TEST_04547,3.9396630460894815,-0.5098001535062389,0.6754646363137218
TEST_04548,2.8229375468227764,0.5925289089287515,0.2064582282878986
TEST_04549,2.6353991771884684,-1.248448288671504,0.2098529393604853
TEST_04550,1.9529196101613706,-0.4914713465740951,0.6143490891398582
TEST_04551,1.3946500946914588,0.18406220251524127,0.027605172020370647
TEST_04552,1.726349411351771,-0.6583953226811577,0.047047796151798466
TEST_04553,3.665475375633944,2.0815706917673342,0.7061548719174593
TEST_04554,3.694078849297406,0.3107560989141037,0.33269853697706775
TEST_04555,0.7417128076103252,0.37264684966961226,-0.229832107093867
TEST_04556,2.7553538873399916,1.1200152256159306,-0.7774211153933193
TEST_04557,2.8808118705245076,0.9814909241064852,-0.6336959468577751
TEST_04558,2.3051851218733965,0.8150591316902204,0.3314032861476101
TEST_04559,5.623195459991503,1.5711209341478662,-0.530342428597518
TEST_04560,2.8786989625640285,2.382489925518762,-0.10225011414711996
TEST_04561,1.5334724162695235,0.29494496599416353,-0.4741302768988173
TEST_04562,3.710336801042873,-0.5017645060948079,0.6433847789417316
TEST_04563,2.4029820493356353,-1.658900788823461,1.2282031877173318
TEST_04564,3.0990967717210522,0.2290134969190654,1.4598550292596382
TEST_04565,1.0990905024682571,-0.20387651317774394,0.33165050937341084
TEST_04566,2.7595480018607472,-0.08314405742922545,0.8440360523530612
TEST_04567,2.8980012865081157,0.6234283356962,0.7052077454394363
TEST_04568,4.715673737536862,-1.6979623823211667,0.9586983746767397
TEST_04569,2.5225743816132007,0.7004666530111934,-0.1348819436997503
TEST_04570,2.013245725171684,0.5847600675764708,-0.31381678910784105
TEST_04571,2.82009988653662,-0.2660825822651852,0.7917050587633853
TEST_04572,2.410099140384747,0.1859842878337986,-0.7592030862408293
TEST_04573,1.5445251769053756,0.1823931989961709,0.02222465370183892
TEST_04574,2.258280106851603,0.11191731697303672,0.405674249254161
TEST_04575,1.448611509515727,0.5080980479009451,0.28476148809527135
TEST_04576,3.114023039854803,-0.17082826942063462,1.0545014382178393
TEST_04577,3.2857768251859145,-0.0662299532768784,0.6511707422517399
TEST_04578,4.868367031266457,-0.6376317852339203,-1.159182416748235
TEST_04579,1.7308550041815947,0.33713109275122227,0.5318146885187212
TEST_04580,2.4261924852759784,0.09197520405780744,0.005847211692460779
TEST_04581,3.4816606265995813,0.3005277750291806,-0.6954786345963067
TEST_04582,1.6188962947813923,-0.5576357559568598,-0.49791611734288305
TEST_04583,2.0639572934766837,0.6401147548234507,-0.3701339950543185
TEST_04584,3.0848289586850233,-0.5348076380743805,-0.5122759386699751
TEST_04585,2.1406177917643934,-1.740945188970123,-0.47502542942308074
TEST_04586,1.925169845176415,0.1433230376542222,0.20750912267260982
TEST_04587,2.5276947555966562,-0.31819930264935514,-0.38429728688703507
TEST_04588,2.352921569020404,-0.827383751005183,0.09123195199429182
TEST_04589,2.8249779450057755,1.1759924298953623,0.5284639011943533
TEST_04590,5.098901463763391,1.4944903440550799,-0.02199490601509513
TEST_04591,2.1550054377168517,0.23655202897127972,-0.09378066992654722
TEST_04592,2.277640516298919,-1.2630306399480093,0.036916696562296625
TEST_04593,3.5354721797622526,0.7261824793151036,-0.3073194755568972
TEST_04594,1.7869839719841174,-0.050864355387957694,0.25735078718360244
TEST_04595,1.0627768643566076,-0.33983620020443034,0.4243134942015881
TEST_04596,2.217830614716063,0.657763996188433,-0.12238161928275484
TEST_04597,3.4968882311982608,-0.8948798839791445,0.7837806827148204
TEST_04598,1.300995494548557,0.3483722860882146,-0.05547995338310648
TEST_04599,5.49317220000334,-0.20540728122146149,-0.258066501770148
TEST_04600,3.8876174358038615,0.36301994297214235,-1.0291182490663286
TEST_04601,4.53910987344388,-2.1470593561370017,-0.32101923591485054
TEST_04602,1.8861263761850287,1.100993204613853,0.17462422466865019
TEST_04603,3.479364609159865,-0.8762753213735276,-0.07362605310575958
TEST_04604,1.4317043096381155,-0.13269934531560276,0.5104314973715027
TEST_04605,2.616296240461336,-0.028127594464992377,-0.6592343279694634
TEST_04606,2.93833282399007,-0.6832072171145399,-0.6723573796658373
TEST_04607,3.1872891780636117,0.924488206692173,-0.6961331058801853
TEST_04608,4.218980214718686,-0.6726717268509409,0.5357197537563351
TEST_04609,3.406249792576262,0.17324120893330228,0.46751788366432767
TEST_04610,2.9342381681807526,0.3192502467342471,-0.29245487576807105
TEST_04611,2.6279810186890304,-0.00955805214006393,-0.2136218782695668
TEST_04612,4.623769457050441,0.14282983705915783,1.2388319118245066
TEST_04613,1.3769208621853652,0.0945724568040376,-0.03978495985563922
TEST_04614,1.796915426790906,1.1350776605261133,0.3312412521634572
TEST_04615,4.063265654950656,-0.842550157052694,-0.6386806296813465
TEST_04616,1.7343363677318429,0.2570999053725357,-0.24872118324545833
TEST_04617,2.8922681097424103,0.0633593992966614,0.9438978904522061
TEST_04618,4.735399175823189,-0.7684268483739227,0.4952350094278046
TEST_04619,2.2512338225375244,-0.4219150722830262,0.10776784414204696
TEST_04620,2.83179604666703,0.20260164142612483,-0.008378222427811418
TEST_04621,0.7720642807322101,0.1443961839020125,0.08472021290491093
TEST_04622,1.7232274903021956,0.4912645843585057,0.5244322647727944
TEST_04623,3.3217665568189023,-0.2648434383039913,1.1004976976786334
TEST_04624,3.279942149186169,-0.04262258932278439,-0.14331723565996074
TEST_04625,2.6990720516863544,-0.6940103614854273,1.5180325012273854
TEST_04626,2.634250528313585,-0.28895813116620506,-0.39305068483069044
TEST_04627,3.961035856323097,-0.12864120581868202,-0.13538190764704386
TEST_04628,1.7555419992073746,-0.22937564549015588,-0.02211028208494215
TEST_04629,2.0098841908944034,-1.0887179985691213,0.36703325335591896
TEST_04630,1.1495055103361551,0.09147834642077655,0.2965625297991489
TEST_04631,1.5257781597234177,-0.7288935543078959,0.4527725690853342
TEST_04632,3.333358175298641,0.47600307541695414,0.1627620413281209
TEST_04633,1.701650236634392,0.5251713467817941,-0.2381915185315587
TEST_04634,1.7255726637587985,-0.3860856662707697,0.19764699933544327
TEST_04635,1.0547921152948168,0.6061824792930697,-0.35736925826953586
TEST_04636,3.916137315825778,1.8682011816953412,-0.7828821434237483
TEST_04637,2.3733270207063515,-0.46035527242258034,0.05073089343127456
TEST_04638,1.31604541232049,0.7299831200755796,0.17683591848130423
TEST_04639,3.4336927554666827,-1.1126524600115115,-1.222380487003795
TEST_04640,4.781442486114818,2.3060777234458385,1.0624360769252816
TEST_04641,2.7911977220948745,0.274742747410525,0.558307267220048
TEST_04642,2.746536358261342,-1.3866760059034446,0.16830791985139784
TEST_04643,3.711502863074632,-2.2616257368117316,0.16535022633989024
TEST_04644,3.40224837478007,-0.7083863894270793,-0.8605890313204926
TEST_04645,2.8126623836525857,-0.6678686565754526,0.1911418310929511
TEST_04646,1.5359983182176329,0.26945172568650017,-0.2341030313273704
TEST_04647,1.921364513475269,-0.23826386972648658,-0.11299655927895506
TEST_04648,2.857668174030462,0.5215655112131414,-0.4734408096673145
TEST_04649,4.0513516313292355,0.6203729578264215,-0.5335169783447373
TEST_04650,2.7852984970309795,0.6368880659292384,0.25351915149666404
TEST_04651,2.498317390937644,0.1927581463136938,-0.5303901656921227
TEST_04652,4.291853735095437,0.7083748697866136,-0.3303314752619483
TEST_04653,2.3438098331105444,-0.04472822884836887,0.20878377631670583
TEST_04654,2.007743178774171,1.630605456020916,-0.16072032368812178
TEST_04655,3.2092567056339125,-0.5852730659959136,-0.7395499417928604
TEST_04656,1.9727044824404276,-0.04339590392466383,-0.35281401067051665
TEST_04657,3.295456150879193,0.5013120131885961,-0.2671748395078418
TEST_04658,3.849412392805246,0.5492404146132948,-0.8381435747230986
TEST_04659,1.543946722941626,-0.5154773110093169,-0.15988088725209296
TEST_04660,0.980361893240303,-0.18195182588233103,-0.10682101035258187
TEST_04661,2.053706561218746,-0.037147698851937735,0.5496997998615502
TEST_04662,2.0814053152136114,-0.6705692403238438,0.0240506187318692
TEST_04663,3.828043133047853,0.20633697896378,-0.10350540901220577
TEST_04664,3.9994490737903137,-0.5397206930447724,0.7138996543556597
TEST_04665,4.10395985195713,1.196170604449723,0.08733354815499106
TEST_04666,1.785298821996604,-0.5655312563472392,-0.7922483518483668
TEST_04667,3.3890840165536322,-0.19106882379972243,-0.06897362335225926
TEST_04668,2.7967245564509726,0.20147613624860863,-0.14622167010493847
TEST_04669,2.8752419768855932,0.23744445796139504,-0.5669178977239085
TEST_04670,5.037123617308831,-1.1762089689097965,1.179359400143699
TEST_04671,1.3045830975335686,0.3297086545481183,0.16648764134791547
TEST_04672,3.0953873699146515,-1.3577534192464513,1.5142594103167217
TEST_04673,2.5626721565000974,0.4762524796899685,0.36910879632041166
TEST_04674,2.9349778448477406,0.14373030556608013,-0.048046153690377146
TEST_04675,2.419650582549807,0.9786593273992615,0.5865571063040722
TEST_04676,2.2350039087024958,0.1832156969151103,-0.058314343971369594
TEST_04677,2.2079078682484687,0.5175354320782013,0.028212290536133635
TEST_04678,2.1783151783866668,-1.1375563207115906,-0.5243679251343979
TEST_04679,4.973132919332005,-1.5916144734840867,2.1558508967014665
TEST_04680,2.260568439122622,1.8093302679754257,-0.37925632770188705
TEST_04681,5.066533077573986,0.9351478176845534,0.9529441669457315
TEST_04682,4.909847103989966,-0.03953516956441582,-0.8138290415031788
TEST_04683,2.6118371164049536,0.7099888983703224,0.20819607984332045
TEST_04684,1.8070679389199427,-0.3332397194900513,0.7005187488208887
TEST_04685,3.059971514157292,-0.044497225231795064,0.06285711788973783
TEST_04686,3.9057409685267372,0.36652939060279643,-0.21974509386646932
TEST_04687,1.322872000801321,0.26338975460076297,-0.4574809553951723
TEST_04688,2.495192988357648,1.3208512492791291,-0.9722616601655673
TEST_04689,2.3777272547685984,0.321987260124101,0.09401690986918779
TEST_04690,2.5616023108155788,0.7563896672647283,0.47450866826549715
TEST_04691,2.9318668110772688,-0.15153751101570273,0.6508319707621931
TEST_04692,4.035818341752728,-1.1807584209441373,0.5134280314314982
TEST_04693,1.3152154240592728,-0.4519676945931145,0.425360413695841
TEST_04694,3.202317348479337,0.05915376800682897,0.5423776346060388
TEST_04695,2.7215186425800786,0.19207549212802053,0.21174225116962178
TEST_04696,2.704794034103137,0.5513807725558892,0.004704650539410351
TEST_04697,1.4746658412124785,0.0498716419347758,0.21365475532151246
TEST_04698,4.367734385372105,0.06341253297712075,0.8281952461034646
TEST_04699,4.623202402996186,-1.4954004123167037,1.4146623825282598
TEST_04700,2.8594464914359894,-0.5059647602151777,0.4890557883560911
TEST_04701,1.499843956047648,-0.3855392439397417,-0.1098239677586659
TEST_04702,1.3611194574463494,0.3302213397560494,0.36916972241674556
TEST_04703,1.5158614294304202,0.09275567596317366,-0.19381297187911714
TEST_04704,1.2367986474962833,-0.5535904254772628,-0.27467075460234747
TEST_04705,1.9812909487010948,-1.5750400164867115,0.9902091908666744
TEST_04706,0.9762691616902633,0.03223713838690594,0.3313349946784885
TEST_04707,1.7294014639101778,-0.7123236456014684,0.02451763492278667
TEST_04708,2.5221567712930884,0.005415536967254519,-0.19571212290542378
TEST_04709,3.3378695199322204,-0.06079035622304275,1.4330518606225586
TEST_04710,4.2405397321568765,-1.1397759073001492,0.06007041305144992
TEST_04711,1.705986345279671,-0.31455916975634685,0.1838807962169062
TEST_04712,1.8410957446434253,0.4032199770223833,0.5288059650945673
TEST_04713,2.34815533989836,0.46050019377663487,0.0232840643836811
TEST_04714,1.2323142442646795,0.11702898578622452,-0.10265785574256188
TEST_04715,1.53397127786771,0.3783595403391519,0.32871921606239796
TEST_04716,3.7909198956520207,-0.2930613207839958,0.08155156040940291
TEST_04717,1.7423587650680494,0.0168547453175401,0.16428837343892644
TEST_04718,1.9962001364916606,0.3904137069747349,0.912668327397932
TEST_04719,4.161015061941829,-0.5573798500588476,0.600417373545194
TEST_04720,4.045860630192607,-1.2792169408175773,-0.57889719712797
TEST_04721,3.5055131744497356,2.284191336186639,-0.4911210500110811
TEST_04722,1.714919800536354,-0.7702757499739463,-0.5708237056976492
TEST_04723,1.47940340846078,1.0788364725091841,0.42348758133044134
TEST_04724,2.7578006155007304,0.6623227991912826,-0.3540798032069525
TEST_04725,2.782819920699322,0.22857180704444735,0.5603444001712009
TEST_04726,3.491768441162127,-0.012520063098957583,0.16168438350976935
TEST_04727,2.475638302458025,0.5375998032586926,0.8711260240390518
TEST_04728,2.531792216359764,-1.6283637462952476,0.570782386634907
TEST_04729,2.8602603709838252,0.4110780520954849,0.09634807419215229
TEST_04730,1.0573111454698818,0.0759666514879993,-0.22882133214143016
TEST_04731,3.819804065916349,0.09002096743031934,0.3557374027483752
TEST_04732,2.85385916710095,-0.7945035941251292,0.7129505913691447
TEST_04733,2.2398635409462933,-0.30369834707878357,0.6224801531894772
TEST_04734,1.9186446400454789,1.549526705773891,-0.31924397203724253
TEST_04735,3.992760748538823,1.3479595691411221,-0.4745159147477514
TEST_04736,2.870982752153183,0.01640276366945187,0.9285590263153028
TEST_04737,2.998321493105547,0.025677701694997473,0.15783199098753853
TEST_04738,2.371303206833305,0.09868954957374461,0.40752294419308543
TEST_04739,1.2476951468244812,-0.4232052917167793,0.15761430327182904
TEST_04740,1.4249563616473682,0.2612228609029117,-0.14812749622724714
TEST_04741,1.0500543823515542,0.13346845481155356,-0.3497582239493955
TEST_04742,1.9889203498746468,-0.2101492157232051,0.3206296487037409
TEST_04743,2.1547219942371414,-0.7374662735772332,-0.8235066987491886
TEST_04744,2.89418951606834,-0.3431126104379425,-0.0373355893088201
TEST_04745,1.4951030576151407,-0.08732578171131791,0.4714886389440146
TEST_04746,1.2321656065763522,-0.022466505479168872,-0.1628895119761756
TEST_04747,2.340526834080957,-0.08440294604806918,0.0757979676411656
TEST_04748,2.784097905153003,1.0239111858262155,0.31636229794362736
TEST_04749,3.372978397250757,-0.4486186833059543,-0.33147296186472786
TEST_04750,4.157123936833862,-0.10430445672856546,0.7634381081709335
TEST_04751,1.2825766373420404,-0.7081569677823301,0.06860948427369894
TEST_04752,2.1568087032738563,-1.330736238610561,-0.8038183075734782
TEST_04753,2.522982078798902,0.8029935350523771,1.0794946718927945
TEST_04754,2.2525144475682994,0.2993721620282515,-0.010674661278164538
TEST_04755,1.4665407519332347,0.44294962507107694,0.2441307470974944
TEST_04756,3.4724811036791046,-1.2497211605702456,1.4862068495848797
TEST_04757,1.8306509502988983,-0.23321437351599772,0.3200254337321074
TEST_04758,3.014112846077013,-0.3878774224361034,1.1533575177769524
TEST_04759,3.8571921349025486,0.3705851840370388,2.1408783771389834
TEST_04760,2.0189847096619586,-0.8279953152413935,0.2570846010195512
TEST_04761,2.5234903325937585,2.2622952390579787,-0.6217526131053717
TEST_04762,1.7238610889822406,0.47218351868144964,-0.7207097264171393
TEST_04763,3.136484548319279,1.4885391578546219,-1.2416384294842364
TEST_04764,2.542497502627768,0.08392432862626564,-0.5148663159426806
TEST_04765,1.0541929901599496,0.1277894864124637,-0.20853958004949763
TEST_04766,4.446321251731513,-1.019610057215601,0.5238124404808694
TEST_04767,1.3152215918283778,0.7053616767590055,0.4821524653658659
TEST_04768,3.242478268036664,2.238868917135602,1.60962920259903
TEST_04769,1.8590316683967287,0.10550354828067844,-0.08322897430438987
TEST_04770,2.256932620759169,0.1880670088670741,0.29888226288988173
TEST_04771,1.0700787069961653,-0.41890768059238964,0.11588551074383677
TEST_04772,1.1521845408129066,0.5365655112994842,-0.5787182919479235
TEST_04773,2.303301203584099,-0.817664665835549,0.13633732259859083
TEST_04774,1.8951881807111677,0.6651236383534375,-0.18615642666534069
TEST_04775,2.761130003341006,0.5066159687041332,-0.10242081414437454
TEST_04776,1.8377007064450674,-0.07879018812648197,0.8262503706461062
TEST_04777,1.9797819357983057,-0.8862718401637436,-0.013998215104062427
TEST_04778,1.7786894892659846,0.36964130082975394,0.5756233809576567
TEST_04779,2.2383332897757757,-0.4252466454585324,0.2431595272499414
TEST_04780,1.487070738694636,-0.6870003681282965,0.4769338694061154
TEST_04781,3.35949141859221,-0.5451829670732316,-0.10048669776494111
TEST_04782,1.8527011206361303,-0.2780716854423206,-0.5678399882497674
TEST_04783,3.100583636571358,-0.4109993356723951,1.2396856578598774
TEST_04784,3.2652005047691968,0.20070778745289125,0.21588187402031364
TEST_04785,2.823611992981071,1.7673310779353941,-0.5880685982218012
TEST_04786,2.822110588033131,-0.5768660906051566,0.2827070259300028
TEST_04787,1.6520061242335886,0.31919422112224394,0.37456326766689657
TEST_04788,3.4446099911027606,0.19166819781755517,-0.09957753780797578
TEST_04789,4.698132702013241,-0.413573916667113,0.4027014075426758
TEST_04790,3.5805055298235295,1.185335040519913,-0.25515440772563486
TEST_04791,2.1726014179180826,0.05594074394708626,0.6086945810129586
TEST_04792,3.3244052684591088,-1.309086032994576,0.5674340345209322
TEST_04793,2.975960303180821,-0.00762343542322558,0.985307841615775
TEST_04794,2.132234615711511,-0.2225206639727448,0.030549838051830366
TEST_04795,0.8339773034952062,0.001857650683054133,-0.03795423625520171
TEST_04796,3.5493262111686654,-0.8586577228269318,0.5170722194078893
TEST_04797,1.877541010076142,0.26366186878915926,0.5080068047660625
TEST_04798,2.159048446282798,-1.184913431935034,0.6441829698563144
TEST_04799,5.024446878584548,0.05691127693112117,1.6793445433965006
TEST_04800,5.0094092118401505,-0.21474841509951503,0.6112921761491102
TEST_04801,4.8520856307153295,-2.4345440860139895,-0.958390334480539
TEST_04802,1.355431182965895,0.890521802048121,-0.19299151811694898
TEST_04803,2.3830148694680657,-0.9811209155027336,-0.2537666116760628
TEST_04804,2.1353486408812468,0.18063945281340063,-0.15367336746283677
TEST_04805,1.1239020482306845,-0.1790878504832358,0.19136553312541055
TEST_04806,2.448812409711435,0.028549541213279295,0.1555331226040001
TEST_04807,4.062850066041005,-1.003357604547254,-0.6284173020799321
TEST_04808,5.869621366004923,-2.2722813208864876,0.5959278836647065
TEST_04809,1.7973084408863333,0.4517575904892927,-0.306528233945932
TEST_04810,2.0605484278236585,-0.4314002866956352,-0.5464439403982589
TEST_04811,2.090557983254752,0.10619274968802722,-0.4730681958633011
TEST_04812,3.007080006187159,1.3211277045319876,0.45818784095687987
TEST_04813,1.003730291448045,0.10249242910855758,-0.2258298488172148
TEST_04814,3.891162179687043,-0.17052618672236644,1.176292027245365
TEST_04815,3.9142071875003803,0.34398724143578796,0.4131882384459895
TEST_04816,1.3926166350646354,-0.7317710835709571,0.40768806302228117
TEST_04817,1.6501028284361188,-0.38182910290448413,0.604488992433134
TEST_04818,4.765777003099895,0.6768785126848835,1.5716558204673208
TEST_04819,0.8057563757264162,-0.04851374992045242,0.1782345969487954
TEST_04820,1.329038313474677,0.6243995423486273,-0.039101744972949215
TEST_04821,1.156983605987677,-0.2299203822198706,-0.07452611903479968
TEST_04822,1.4927606403939628,-0.013154583941507637,-0.20504750178271786
TEST_04823,3.750195605208586,0.06497607904197446,0.2142956220497971
TEST_04824,1.607168489177435,0.4562910071761216,0.5458295906385365
TEST_04825,1.7829191891668523,-1.100839859004182,0.22477823239885514
TEST_04826,2.5657678063550184,0.3404386289148056,0.12248539847746187
TEST_04827,1.7538024902017693,-0.29441919602384303,-0.5807085776813422
TEST_04828,2.7565716125026065,0.9174877653483603,-0.8289135293599512
TEST_04829,3.4599318298721373,-0.6579772465252265,-0.906332124316401
TEST_04830,4.565071429171715,-0.06691661701516811,-0.7605999397129019
TEST_04831,1.3802249829441684,0.07791396003738502,0.04722476205214755
TEST_04832,3.200518018492317,0.5391784739693656,-0.425558381797495
TEST_04833,3.701289256973214,0.6046522513750783,0.6765891256879444
TEST_04834,2.376410481743349,0.1664939770778774,-0.004956130243467076
TEST_04835,2.408898266427458,0.16537361646883272,0.38322779615960206
TEST_04836,3.6155553944909786,-0.37440369947068836,0.8497918071597157
TEST_04837,1.764550627226567,-0.16832521082969726,-0.1295352209103292
TEST_04838,2.1115033724040675,-0.9526216989729263,0.08283900217884375
TEST_04839,5.348178414895649,0.9612614921194778,1.2781845776407104
TEST_04840,2.098498956650308,-0.7017400434396919,-0.18669068383796786
TEST_04841,2.9380151398995387,-1.3342094490788143,-0.07987331416607249
TEST_04842,1.8313546038378437,0.17369506486665065,0.11071661517566504
TEST_04843,1.9468039426271888,-0.32507952559399234,-0.7683944647212511
TEST_04844,2.549238849797799,0.3132523439890367,0.2643368380780635
TEST_04845,2.264559553142014,-0.3260017248034011,-0.24249667259266772
TEST_04846,2.2270272568677294,0.3511304511260352,-0.3030576856687242
TEST_04847,4.080641345692133,-0.7317719722787178,0.44974532021453384
TEST_04848,4.070348460859902,-0.31885357877324694,-0.6662408734582297
TEST_04849,1.8791443862959496,0.0971576051990999,-0.04143374966291015
TEST_04850,2.0948858851189756,0.23902251754092269,-0.26903703535244344
TEST_04851,1.7947367716053249,0.08220788270232304,-0.02640885142440162
TEST_04852,1.6287876563667758,-0.22007611035275995,0.2011986901939389
TEST_04853,1.0367496198485286,0.19714231342690017,0.03989944203895572
TEST_04854,1.0236272600736172,0.33351243248949247,0.1765535138886165
TEST_04855,1.1760942061370885,0.6252494076893493,-0.1969911962364236
TEST_04856,3.387679179838876,0.6542560936665192,1.5393911920136552
TEST_04857,4.271667008292948,1.511706679639861,0.15399464834552876
TEST_04858,2.1822848761476097,0.13256610885415718,-0.0007026412511424549
TEST_04859,4.3649125205447135,0.9452369451314798,1.0481872829895749
TEST_04860,2.868181173488974,-0.8883361155287168,0.6731994556920013
TEST_04861,1.6999224738108423,0.011546358084912821,-0.34866388251013225
TEST_04862,1.3100308369867673,0.3671694206378957,-0.04288872962822039
TEST_04863,3.2079871994750855,-0.6241481331829615,0.799599924310914
TEST_04864,1.7807388029072542,0.6398208894438062,-0.0062765553165484815
TEST_04865,3.0644027273335435,0.7215009243327699,0.352575726228848
TEST_04866,3.180878227256459,0.026652002511273774,-0.07884700741002845
TEST_04867,1.4779605815004946,0.6385356394931029,-0.05764276442049757
TEST_04868,2.986837565927198,0.036447552692584005,-0.044607650256276644
TEST_04869,4.592400132766001,0.24823373087196124,-0.6924168567522156
TEST_04870,2.4998046598913377,-0.4588597478650785,-0.21031994218894737
TEST_04871,2.3019441765302595,0.5269469138571521,-0.45765941672027255
TEST_04872,3.206465049299187,-0.19871448943062975,-0.9084641212795267
TEST_04873,2.8527535399155237,-1.0033064747448028,-0.20336625513828144
TEST_04874,0.9891018546597198,0.029451326662133424,-0.14293080407325956
TEST_04875,1.4406821815891822,-0.33196116349573607,-0.21580686080873382
TEST_04876,3.748789048464375,-1.3917353656326432,1.0694675024012972
TEST_04877,2.3567659887888057,0.3041698640973937,0.2557380170270145
TEST_04878,3.173456398500931,-1.1828688253952548,0.1323914138629658
TEST_04879,5.55361566801124,0.9495565616750029,-1.2755576905153863
TEST_04880,2.4949306168091296,1.565724909399278,0.06002290434230554
TEST_04881,1.6378870500257987,-0.048975963427962364,-0.050013328129352864
TEST_04882,3.1854420609708316,0.9285845166346435,1.397050019001436
TEST_04883,2.508803048998465,-0.26042449618552366,-0.7111049981677536
TEST_04884,3.34821589327028,-0.24432086740710013,-0.5691337643115079
TEST_04885,2.4668537821903325,0.1412695725692107,0.17961506539517516
TEST_04886,2.5457003069626927,0.2588536887512069,0.009989264691451347
TEST_04887,1.196835549204642,-0.18007799103437847,0.44830804248175155
TEST_04888,2.24345801096954,-1.769346447896006,-0.6476837749437517
TEST_04889,2.902926831929391,0.4610719987815515,0.19658497993974983
TEST_04890,3.0907740469664873,-0.1692034726247203,0.16241786567210229
TEST_04891,2.446948549450351,0.002842728746254104,-0.13823223414261884
TEST_04892,1.524296982223479,-0.3859740408208953,0.2921578568489222
TEST_04893,1.7080670497285346,0.02905531601658627,0.01947140132899098
TEST_04894,1.9353904671625475,-0.5802272716579574,0.5895140022046822
TEST_04895,4.011142187274804,0.678174354789642,-1.4990500832520683
TEST_04896,1.1694640727200312,-0.8181611163033606,-0.6083611414544887
TEST_04897,1.5489186061429003,0.09493887691025966,0.33488425325954646
TEST_04898,2.933854692694746,0.4984724863211662,1.3203331135164678
TEST_04899,2.735047860801029,-0.8287417876226438,0.22112550317688695
TEST_04900,2.4907039264699646,-0.49628921894026073,0.2521702684875839
TEST_04901,3.1012407371541637,-0.12543582228777136,-1.0985376767642534
TEST_04902,1.620039029093066,0.3484274891113455,-0.20268706082286897
TEST_04903,2.0053452870011435,-0.686663636903724,0.7119764645297564
TEST_04904,1.8041318293926891,0.4493316385841319,-0.4376413249219015
TEST_04905,3.9697487690343602,0.6552881362754842,0.6348099322079622
TEST_04906,2.5387431599312618,-0.16368347670597547,0.27535683836232017
TEST_04907,2.1297886899298635,-0.21587603011151335,-0.731610024927632
TEST_04908,2.090388590610956,-0.4581441265972203,0.02108521400654778
TEST_04909,3.5614571504584314,-0.7747191283391021,-0.3068298232618249
TEST_04910,2.2620153434081858,-1.7265775180781895,-0.03821705965248441
TEST_04911,1.814763198561218,-0.7394958979809116,-0.046692398198915866
TEST_04912,1.8652777324932772,0.15969003890468855,-0.390881669780855
TEST_04913,2.975084657992413,-0.2635778471220078,0.004783719974423807
TEST_04914,1.9892188288540742,0.3721129045361346,-0.2664499873074357
TEST_04915,2.257927304513958,-0.4206025167049508,0.2505651145476965
TEST_04916,4.3105227446252234,0.48733283404028194,-0.11384654455426214
TEST_04917,2.3275242664322535,-1.6122130402409673,0.7924134976133502
TEST_04918,2.463436079614239,-0.6902455137576241,0.4005880628623927
TEST_04919,3.674849274280675,1.2592256603133007,-0.2260049181213819
TEST_04920,2.554354036827066,0.586862719877168,0.7627632247484717
TEST_04921,2.1251520311498817,0.07636593231138217,0.4923904368082377
TEST_04922,2.4816176593049586,-1.0180169313196037,0.008031638773822758
TEST_04923,2.0241818184165514,1.5631709466671668,0.6862155461987339
TEST_04924,2.640197757001468,0.09768019271708378,0.05713633851815795
TEST_04925,2.595166406028218,-0.45429426884873353,0.1650470514225152
TEST_04926,2.245842654131662,-0.5112711429426184,0.3368706148253385
TEST_04927,2.1064012817331568,0.13236851668811833,-0.47992904750121257
TEST_04928,3.020600136968427,0.31874596407270234,1.258683471842024
TEST_04929,2.348179210295076,0.617119962113512,0.05081437562192996
TEST_04930,2.2227284108886995,-0.3374994332854318,0.4142141441016796
TEST_04931,2.1809943594664847,-0.022769901035087525,0.11841083190513803
TEST_04932,2.163065711683356,-0.9420603777221744,0.31071594429982996
TEST_04933,2.4023303591801026,-0.21280810283007875,0.3442076656418039
TEST_04934,2.189098904318736,-0.27885244164236606,0.7097627157206702
TEST_04935,1.8173454903607624,-0.038319635294779254,-0.181553219665055
TEST_04936,2.4884629248380543,0.9530029791310035,-0.08230768978961266
TEST_04937,3.2162313177970474,-0.7632831578998045,0.0201430199842526
TEST_04938,3.4957944376930223,-0.01077704758550698,-0.807518652776201
TEST_04939,4.463929737528547,0.9730507484994412,-0.9530393136796996
TEST_04940,2.0325608110392133,-0.8020774565665824,0.8816669585754213
TEST_04941,2.771793339910697,0.4239079739132188,0.7142994497853651
TEST_04942,2.477716752465276,-0.10165799600646273,0.5585128264358816
TEST_04943,2.7016068084232154,-0.25548217112968385,0.10290074019993288
TEST_04944,1.4184930431691187,-0.6785002746182484,-0.5192753190982532
TEST_04945,5.340891242379449,-0.49662718159662794,0.10780796878102274
TEST_04946,2.4853429910726725,0.36252746842096517,-0.33453814755187566
TEST_04947,3.934892058007281,0.22715882150615,-0.17038509828625534
TEST_04948,2.792537163419136,-0.5159399298805238,0.2382889445220228
TEST_04949,4.13495405373102,-0.33716483789493135,0.06740470287911819
TEST_04950,2.7591813384859587,1.005025540931034,-0.5674181815894647
TEST_04951,1.236161347063864,0.21658353430810182,-0.23469297721001536
TEST_04952,2.609483043191255,1.592535125897352,0.11060816791534094
TEST_04953,2.2720200072109815,0.7593976256212635,0.5701131694134001
TEST_04954,1.8306493295693842,-0.04660271918287664,0.26573154163378443
TEST_04955,1.2497504595488684,0.029851768072568126,-0.06671578623858265
TEST_04956,4.376568113945532,0.5375760464298194,-0.17156109860775157
TEST_04957,3.515732754164623,1.729342832585135,0.011380064400243112
TEST_04958,1.9937446632050366,-0.49161147422817125,-0.27923756501922337
TEST_04959,5.695359826549807,1.5113822932419965,-0.5764967492890668
TEST_04960,2.5265610528873372,2.029885684193364,-0.5658578567916321
TEST_04961,4.766630156696208,-1.5680769456319548,0.940153158167789
TEST_04962,2.009464462365204,0.8739968284878314,-0.39270756564187337
TEST_04963,2.8190796799406947,-1.6619244218139966,-0.8346457619282509
TEST_04964,2.068794503081042,-0.3644671993363003,0.5162583748219999
TEST_04965,2.5730051139828243,-0.5345935437380595,0.4580066845873927
TEST_04966,1.6842391013715712,-0.22060304742084832,0.37162270705613504
TEST_04967,4.959062508208753,1.2016725741973897,-0.5069236700735662
TEST_04968,1.4131344719923282,-0.6417092927249506,-0.06837338678219532
TEST_04969,2.5541046307725708,0.09116964447094074,-0.5639183097264094
TEST_04970,1.7172085698232702,0.5671002634949245,0.5500097489344878
TEST_04971,1.691472750713493,0.11585819833976946,-0.3840239912023834
TEST_04972,4.745611740458599,0.8205606100570499,-0.20778224757232466
TEST_04973,3.0348605398584265,0.4907679737883589,-0.5140156187920945
TEST_04974,3.3760725901741773,-0.7975236727815385,0.8009867756011639
TEST_04975,3.3321259848628104,1.1635724866178987,-1.057931087608395
TEST_04976,2.346661877423949,0.4376640018162428,1.156983329830451
TEST_04977,1.9530788871669893,-0.07350179464491845,0.8442522160854719
TEST_04978,4.133009407771226,-0.16975954592651626,0.35162688417034416
TEST_04979,2.0768823365329943,-0.38046360225712733,0.2741887346908718
TEST_04980,2.651619417742118,0.11197346607279718,0.003894793272953365
TEST_04981,0.9231022862826306,0.5756585793649392,0.05570877981695571
TEST_04982,1.9204683124481923,-0.7521054794861365,0.5973496361764601
TEST_04983,1.3800997954899648,-0.2966215488697254,0.3090082427826334
TEST_04984,1.246335291299486,0.5064477307816326,0.44874234410009667
TEST_04985,1.338329444559476,0.5216701832566337,0.12305228487083875
TEST_04986,2.007730904400312,0.49002590319272044,0.5686214137143553
TEST_04987,2.279905258101975,0.5848626674337307,-0.4015095064627695
TEST_04988,2.5899532644498664,-0.17384148521912257,0.6823039172936224
TEST_04989,3.920730280803271,-0.006340141386013839,0.3170083565700118
TEST_04990,4.561293928688347,-1.027909313483897,0.486754243049875
TEST_04991,2.8971728687096747,0.6418629375965123,0.2624909385489877
TEST_04992,2.4259415875703194,1.0913703802422343,0.6036382010123305
TEST_04993,2.9750295636317974,0.7860068489778524,0.09858508228706846
TEST_04994,1.243080807808953,0.28989683745992634,0.2133966522386034
TEST_04995,1.9946501355668023,0.6014406652059604,0.2657016806303089
TEST_04996,4.1178583157563855,0.4692160675563513,0.8826437086283431
TEST_04997,1.6918240008155612,0.4164506528524053,0.010949978187624713
TEST_04998,1.367042910773592,-0.43582376362066844,-0.4616831349216706
TEST_04999,3.1805708638751873,0.2879825848124706,-0.16287376027133843
TEST_05000,2.0290090734594353,-0.11156372472400809,0.3515981065354267
TEST_05001,2.756968518142503,-1.7808047587848572,0.8080542965323955
TEST_05002,3.9969000736897873,-0.16081389585063866,0.5712263216219003
TEST_05003,3.941533792936006,1.790884682009168,-0.6342459901473968
TEST_05004,2.8074197950019992,-0.16304619146485078,-0.3015864693379272
TEST_05005,1.7998712942358879,-0.828984639376408,-0.6573750303113344
TEST_05006,1.584141413311071,0.31478787621698456,-0.3320262588471365
TEST_05007,4.00050694500704,-0.9037657092032421,0.7272544208652565
TEST_05008,5.406158369831926,-1.115512453549831,0.13079087997257105
TEST_05009,2.018635476717424,-0.6386374389247305,0.29301707369766977
TEST_05010,1.557718512811661,-0.557681017107127,0.471256524946292
TEST_05011,3.080659304741455,0.1960857788219444,-0.4936627583722667
TEST_05012,1.707956153480457,0.12008248215688727,-0.5958135628329294
TEST_05013,2.5297581686400425,-0.06970180156372238,0.17624463368856533
TEST_05014,2.0535373774619985,-0.10649621790545216,-0.9934495547404288
TEST_05015,1.986897060508937,-1.1463659822928716,-0.4194131174559234
TEST_05016,3.3682216972208674,0.7216578062709074,-0.46034832775181894
TEST_05017,2.436268011076465,-0.6131782085548131,0.03556062247062504
TEST_05018,4.224037276343177,-0.8854617163357428,1.6672155069214634
TEST_05019,2.1991211268163657,-0.607590592775904,0.5969865997335433
TEST_05020,0.9699639250114929,0.13411164464576444,-0.45772696959096476
TEST_05021,3.332416964011556,-0.07762885803632374,0.13903551118500312
TEST_05022,1.9887357306114322,-0.2643745848463588,0.3507332888017609
TEST_05023,4.372568432733764,-0.6683073247508945,0.2367372628958262
TEST_05024,1.701742300021446,-0.3465686821691618,0.11763766163548402
TEST_05025,2.7490193974068595,-1.4402947274877806,-0.507725506535449
TEST_05026,1.655275743272312,0.1954606259343572,-0.2814500490948039
TEST_05027,3.1326012213336725,0.5405875523070424,-0.04072305743762177
TEST_05028,1.5889809957415728,0.15596908145180233,-0.3451491989006234
TEST_05029,2.2433034388580215,-1.4665606105374163,-0.353603993952745
TEST_05030,4.624182971639505,0.3193445012817063,1.6648118097949203
TEST_05031,2.7111701617556156,0.26667131248964177,0.2814974324816623
TEST_05032,3.1206839604090035,1.0651175368025931,-0.14312009452375102
TEST_05033,4.232737692355901,-0.60210732817565,0.62776531821249
TEST_05034,3.4369275657880625,-0.11803937635822351,0.5291610282924681
TEST_05035,1.0350965719159344,0.3374419271633311,0.25777241395678024
TEST_05036,4.4690647051197026,-0.7755152472430024,0.2634003604931487
TEST_05037,3.756164864452098,-1.5759075044459905,0.09598143392245793
TEST_05038,3.0500394791067955,0.02359218702310401,0.23246094311048093
TEST_05039,4.5490532128989365,-0.3189698010528074,-0.16576873704909575
TEST_05040,4.682556220585106,-1.6485607574791539,1.3852262614257231
TEST_05041,1.2939587476390733,-0.23212216576938927,-0.11692469908842949
TEST_05042,3.031174741289984,-0.3848487191066722,0.7660329101857692
TEST_05043,3.4644774037047634,-0.1502819170161646,0.19198217636577192
TEST_05044,2.9005119944750297,0.9289931915029598,-0.5970138747246152
TEST_05045,1.803755806326132,-0.4532706562803628,-0.29809387711366303
TEST_05046,1.3654250238145065,-0.25440499454994986,0.461569047883972
TEST_05047,1.158481418219964,-0.31370645797633445,0.011566595433322864
TEST_05048,5.298457186493255,-2.0880597294861514,-0.4772817185626242
TEST_05049,3.5105631699689406,0.00797383061586052,-0.5195822626602533
TEST_05050,1.1976377112526264,-0.45054361402923987,0.08732079686868179
TEST_05051,2.7541687311720597,-0.336757971268673,-0.00018484186817242852
TEST_05052,3.1362282661009075,0.5285153726543754,0.5759571910680883
TEST_05053,2.3636929507032804,0.32351885279865783,-0.3595469300554859
TEST_05054,3.2475995548634407,-1.123092056166954,-0.5888144794904602
TEST_05055,1.5167959444231862,0.7660212173522251,0.1917118566094687
TEST_05056,1.7154950439109238,0.8768483495221174,0.9567758575770181
TEST_05057,1.6396848956497732,0.6601909937921082,1.0584139697490909
TEST_05058,2.430315693194274,-1.275536374248556,0.5794147274655019
TEST_05059,2.3120811594035904,0.4378945913398021,-0.2829246274738072
TEST_05060,2.919664488023398,0.3350794416119254,0.6236255947553933
TEST_05061,2.2353188693076884,-0.13172691661081193,-0.21107202472464343
TEST_05062,1.5649720208468016,0.15455207351231864,0.11782894638251441
TEST_05063,3.5652767756007315,0.9696220979109689,-0.88316700110157
TEST_05064,1.1199049713910205,-0.47609891130867793,0.05539974513638397
TEST_05065,5.064427789759329,1.4138769323158633,0.6183187865064931
TEST_05066,2.9024198376831394,0.08152047639383052,-0.98327593636719
TEST_05067,2.447625921627874,0.07894117028525373,0.48628606752440634
TEST_05068,2.8191641775363534,0.42893192333697255,-0.3825168814314673
TEST_05069,4.507029089392495,-0.5329710430358463,-0.9027577861283977
TEST_05070,2.4479840673253417,-0.41426255265349365,0.541658514071916
TEST_05071,2.3395173547048462,0.4371279818947959,0.25069175138344346
TEST_05072,1.149451614033853,0.3850505429167747,-0.25450278472127713
TEST_05073,2.040182155640887,0.3849340395264463,0.14665953839722595
TEST_05074,3.0035916588555907,0.15681242201282664,0.15071228804549006
TEST_05075,1.6174201951278544,0.41603047796814974,0.661156248748632
TEST_05076,3.1674619817322696,-0.34096831059715266,-0.20156711983588152
TEST_05077,1.5671195499031905,-0.5892750473367512,0.11851635904681021
TEST_05078,2.6928727117138185,0.6339848776119668,-0.894043425359775
TEST_05079,1.957231302741134,-0.14777729793934408,-0.9615966706566179
TEST_05080,2.909882991344584,-2.1119537345785013,0.8190550149888696
TEST_05081,4.2521441140092975,0.5840038194407846,0.3487675834567705
TEST_05082,1.8946276852735475,-1.1375863927132348,-0.24873906358148232
TEST_05083,1.1293231298904527,0.8161561102980546,0.3451794800467963
TEST_05084,1.9155109057051893,-0.04532764261632452,-0.13158678619097766
TEST_05085,1.921444592700321,-0.6647375504769105,0.2633843112270377
TEST_05086,1.2963314860777453,-0.45040782485676145,-0.35225352506699625
TEST_05087,3.519817355721101,-0.8241396294109848,-0.8728581229248534
TEST_05088,4.614471212949127,-1.0188047393630346,-0.5674240501490753
TEST_05089,3.524909134807835,0.24027826531742735,0.032722995535878076
TEST_05090,1.2300618784753314,0.25444383287086936,0.1901615278156862
TEST_05091,3.323825129002428,0.2914695263008589,0.665721589756391
TEST_05092,2.6509065176364164,0.18485427462144566,0.6635853010066055
TEST_05093,2.062906966766469,0.5674213881373844,-0.13394284408307386
TEST_05094,2.7760850873852028,-0.6011133429795534,0.7741964946633475
TEST_05095,3.941902408445569,-0.3291889171777841,-0.26248861960406605
TEST_05096,1.2582560033151813,-0.7276717762987966,0.03358383048644322
TEST_05097,3.8285527081514155,0.022180729983412535,1.6557697617168028
TEST_05098,2.990724002760888,1.3201677473045348,-0.82002588913996
TEST_05099,2.4892891777697654,1.444824946921326,0.3688835217593571
TEST_05100,1.5405521437789842,-0.4632374443849645,-0.15229092134083644
TEST_05101,0.9453936126986349,-0.04635417205701238,-0.19876644594306683
TEST_05102,1.9638854388244922,0.05997701794814939,-0.024873888814781912
TEST_05103,2.550766522543839,0.18611357701454434,0.30241624941120915
TEST_05104,1.4000610147892576,0.046868119849248796,0.03338389915582176
TEST_05105,3.795554492901457,-1.5239627195180965,-0.024509325400471637
TEST_05106,2.1742808050553175,-0.3409025887161923,-0.9511205110125271
TEST_05107,4.137980839516461,-0.3125029349285984,0.9808046692134381
TEST_05108,2.471104907717398,-0.7944069938829106,0.34202417640693067
TEST_05109,4.867387137026071,1.568821931832703,1.5555094929165336
TEST_05110,4.2091245129901464,-0.3129296795605449,-0.2937373214271634
TEST_05111,1.809607735721549,-0.8617141642988415,0.1475934175567696
TEST_05112,3.3768775277506426,-0.3785972575865029,-0.9091962567526929
TEST_05113,3.6471371196063584,-0.2925886976533239,1.1304787969233494
TEST_05114,1.4726945094475359,-0.35218646897856587,0.5026816736676701
TEST_05115,1.0731078855406126,-0.04597745752850262,-0.2552411706190886
TEST_05116,3.414302632778749,-1.8949695621276903,1.531812017175509
TEST_05117,3.0679284712045476,0.3949205764922711,-0.8515588594122392
TEST_05118,3.1479489188576166,-0.4807790904009026,0.47462168144823647
TEST_05119,3.665676154205259,0.7661373661553182,1.2209585618479735
TEST_05120,4.077650969003667,-2.020870475238093,1.3629506674930918
TEST_05121,2.2091924060867214,0.6021252276081511,-0.10093524242840252
TEST_05122,3.046193968998757,-0.8706862274790172,-0.6060703642124938
TEST_05123,3.79690870003686,0.5824150165996417,-0.2342112054704855
TEST_05124,1.8133184204959127,0.5430234378941786,0.12721318065293397
TEST_05125,0.9164640620356416,0.16926453498206046,-0.07847922548671495
TEST_05126,5.235303098064622,-0.8527748734767255,-0.4715462387605581
TEST_05127,3.601743226579005,0.4825732694385962,-0.8501333085407479
TEST_05128,2.9767056224729824,2.487793326118617,-0.9517570123208722
TEST_05129,2.8079077091429907,-0.2703372011440096,0.4192418815420819
TEST_05130,2.1833217250618175,-0.5090862330896505,-0.2597321277263974
TEST_05131,3.7914148811224293,0.46464785232453265,-0.0177570682613607
TEST_05132,1.4857052303559208,0.09741648990057153,0.6331736844582362
TEST_05133,1.5695736257731276,0.06695641236286887,0.06832943800075456
TEST_05134,2.674970533353102,0.060925985502300765,1.3836094649503679
TEST_05135,1.9934357890577072,-0.15684133171562026,-0.35111985197471857
TEST_05136,1.0407976656746147,-0.6145615860153164,-0.5301535861812473
TEST_05137,2.136424284874373,0.13162059907281817,0.7799957878292526
TEST_05138,1.1924668353886634,0.4344243774391116,-0.03595990279399646
TEST_05139,3.033174498450435,-0.4243340338185631,0.05521426503961276
TEST_05140,1.0849015849573063,0.09311977540483042,-0.09408030592514664
TEST_05141,3.48207726320588,-0.2137545655338556,0.7783367591266872
TEST_05142,1.6108329918411761,-0.5798644649433413,0.2184302962759974
TEST_05143,2.8174276253255117,-0.6297974753052703,1.1498379909710292
TEST_05144,1.6571066873978577,0.4647132343338142,0.32649025412036786
TEST_05145,4.091117926934384,-0.6649966133354472,0.4400813675961272
TEST_05146,2.5153998564750557,0.3194385847506473,-0.5215890899203316
TEST_05147,2.838605677366221,0.035289420943248946,0.27658959791142756
TEST_05148,2.2117995532702994,-0.19764356358633584,-0.10041611949681978
TEST_05149,3.3184749979629395,1.9520942245123805,0.5182877507065462
TEST_05150,4.450727173942065,-0.4842055155550135,0.7434179941562165
TEST_05151,2.2682687260324004,-0.19325381650492388,-0.1724178049930505
TEST_05152,1.6587550645362645,-0.4800254643248205,-0.31953752459052037
TEST_05153,3.0135654278773707,-0.8302016306899335,-0.35041098488634403
TEST_05154,1.7840797996809974,0.4110830940453502,-0.15785285045045153
TEST_05155,1.6368199854322312,-0.7361077818701182,-0.5527874138678464
TEST_05156,4.03976499029189,-0.4917694960493163,-0.3857169336770547
TEST_05157,1.810230117085454,0.46635236702383825,0.010081639578624253
TEST_05158,2.657519574010035,-1.2247645148073643,-0.13493333163838636
TEST_05159,6.113275558231094,1.6770165999680482,-1.2302924245451157
TEST_05160,1.6616570348772444,0.25134221268075285,-0.2990324217365616
TEST_05161,1.356916413894238,0.2125378959913431,0.02900198943601219
TEST_05162,1.7368684325863475,1.130012798218512,1.0196713583622232
TEST_05163,1.8753410353409143,-0.6013030190090867,-0.37581260248394927
TEST_05164,1.6262629767439203,-0.014657042489443219,0.4311069860768491
TEST_05165,2.92670393512204,0.6146876223866214,-0.40868775203764857
TEST_05166,1.9891365053813033,0.49788757340328876,0.1204559896535835
TEST_05167,4.810363380560316,-0.7946520701449925,0.2260248172762924
TEST_05168,2.6338220380550963,-0.7341965177171698,-0.37749363832350913
TEST_05169,3.5329098283380267,0.19087396060483983,-0.18999237649173362
TEST_05170,2.25617364544712,-0.38937829473373325,-0.24642213747329592
TEST_05171,3.5258309930761875,0.09092819598612678,0.06882702444354705
TEST_05172,3.2085753086360875,1.2036132124491599,-0.669622678768183
TEST_05173,1.9863303632112053,-0.38763277301074156,0.3716169183029751
TEST_05174,1.6556593297488102,0.46752140800653175,-0.05177439046037204
TEST_05175,1.958578528897772,-0.8299693724789404,-0.22476126570540256
TEST_05176,2.956126736647527,-0.5809854932357666,1.171619137685079
TEST_05177,1.6647221929671576,-0.5175364617090298,0.6985912722423828
TEST_05178,4.930757249456899,0.18445297640756636,1.500605384971599
TEST_05179,1.97053620886187,0.06065181787841624,-0.5285487618237121
TEST_05180,2.2200922382938115,-0.1597394691580991,0.10953570036038444
TEST_05181,0.9621200055328569,-0.4546514538901745,0.07882892310188082
TEST_05182,1.870271801271092,0.6587617430438233,-0.45732217986508666
TEST_05183,2.960117867686127,0.40259980533732476,0.43951085809988494
TEST_05184,1.8573587342960087,0.435258453548321,0.620396540703388
TEST_05185,5.355390344050862,-1.1977591193767043,-0.761031132366212
TEST_05186,2.554972596654111,-0.1203905748694239,0.7761795601876261
TEST_05187,1.6262187299166833,0.5155101283120624,0.5359402344001905
TEST_05188,2.6588285966878296,-0.716460804766878,0.4564825357524263
TEST_05189,4.806382270936483,-1.4696319064235515,0.7778645007229813
TEST_05190,2.5673253221436316,1.5889176343969753,0.09385960031384273
TEST_05191,2.6271683357541282,-0.252676449111478,0.6126150935344669
TEST_05192,3.55999313494425,0.6481406388944086,0.6381642574928815
TEST_05193,1.8913766266160577,0.48519146810709113,0.03813961133953898
TEST_05194,2.4395886293717832,0.13355718349792198,-0.24828034989048595
TEST_05195,1.7388341790459838,0.11644984602847618,-0.5609844075949785
TEST_05196,3.594612754618832,-0.09160290392682727,1.2577305386021898
TEST_05197,3.125032409718098,1.096240442497651,-0.536239222745644
TEST_05198,3.315868346208427,0.9668984628416346,-0.1940205848519209
TEST_05199,5.354177731893292,0.9565334799313774,-0.5592658058585395
TEST_05200,2.583234960536201,-1.0653785789121704,0.23058241993729953
TEST_05201,4.354061050003196,-0.910574090913703,-0.49000432616377604
TEST_05202,1.5591781832887657,0.3939112781421175,0.7592416200845393
TEST_05203,3.5668626722039063,-2.065059417853517,-0.34557505000012717
TEST_05204,3.2923621113023476,0.8377631870901382,-0.49338144616001767
TEST_05205,2.193676207383082,-0.5006862980507639,0.13967677895523076
TEST_05206,2.5641403359736556,-0.17966723260762052,0.5454282695998355
TEST_05207,2.8074172508774606,-0.19964115293633158,0.9925483968361601
TEST_05208,1.6655181625928714,0.3936610881904348,0.7213701065277636
TEST_05209,1.7365393795734254,-0.35221440095765666,-0.18369934116428863
TEST_05210,3.108893766154361,0.47431794671143634,0.3989589740988971
TEST_05211,3.157136488552476,0.0013974684263796063,-0.010970357375295206
TEST_05212,2.3651494026356756,1.285043242314461,0.3112206843463521
TEST_05213,1.2639028527522993,-0.47627528808317393,-0.0625905595381055
TEST_05214,2.976435117357304,0.1225947318395638,0.22088940702073673
TEST_05215,2.4862873910315315,-0.5951114308824489,0.20598838483962123
TEST_05216,3.1428719398941007,0.9979718497435216,0.2646944695844348
TEST_05217,3.223734635402622,-1.3080432822452506,1.4636630240631336
TEST_05218,1.1744053530518195,0.7902682792462248,-0.4045498796769061
TEST_05219,4.409915718603141,1.0343194211635862,1.1445536321836303
TEST_05220,1.990365960704071,-0.8966702777503596,0.14211579918494815
TEST_05221,2.2851652335746384,-0.1388065474946354,-0.8118893452675674
TEST_05222,1.2365218594716458,-0.405867859190465,0.17613509257415813
TEST_05223,3.5319254318220223,-0.40334061781194286,0.02904634191570349
TEST_05224,3.098442438808179,0.09981867193333625,-0.5001695789327187
TEST_05225,3.3559048149175568,1.8494905743956462,2.0019172277907544
TEST_05226,1.4697257465567304,-0.3586007249161337,-0.3701302904436755
TEST_05227,2.7940946405139764,0.22268033081574448,-0.9635526404017241
TEST_05228,2.9054402324292345,-0.36890169423056635,0.44482371219265887
TEST_05229,4.871626054268742,1.3357339579757241,0.6812297959226012
TEST_05230,3.580381165355796,-1.0605990382006694,0.9663071509222313
TEST_05231,2.619831880904549,-0.07372958699744264,-0.10668499832685888
TEST_05232,2.7372332429480903,-0.1413301574403684,0.24644980474686312
TEST_05233,3.135099543076675,0.2211006286011044,0.5268828825802884
TEST_05234,2.7685564261938835,0.021397802740117912,0.08692709163398323
TEST_05235,1.3898963829003363,-0.3006194940880048,-0.20106646119031363
TEST_05236,2.789650563636199,1.1427566076534976,0.011429330389077567
TEST_05237,2.432619189840012,0.8404047584422801,-1.0747109113816489
TEST_05238,2.565008904254523,-0.5222503518359753,-0.4066546653302634
TEST_05239,4.2455187614051555,-1.4939761775089735,-0.392573362960961
TEST_05240,3.4778031041715676,1.141552296975754,1.3267074366953933
TEST_05241,5.27495912129628,1.9716163023066602,-0.27391931032107797
TEST_05242,4.446845775595592,0.028618422082954016,0.9269609472961925
TEST_05243,2.605278432585686,1.4486995864807684,0.8449785861130072
TEST_05244,1.7851011335664513,-0.23166768895239565,-0.21830150248107544
TEST_05245,1.8901387458155874,0.5122700903943893,-0.3344314423360741
TEST_05246,1.639142733209315,-0.5737787404230446,0.13526675362726334
TEST_05247,2.2272590720767593,-0.9191727935012948,0.7866639132730489
TEST_05248,5.649233933960568,-0.0006417067570719521,-0.6582268306896307
TEST_05249,3.5100160365940862,0.0776576034190612,0.1722444226989048
TEST_05250,2.6409295785249753,0.6140298954387904,0.03030154629778907
TEST_05251,3.992391293535551,-0.16092901730767248,-0.2622016592334169
TEST_05252,1.4572621032852406,-0.1747333543396067,0.04631298929935513
TEST_05253,2.78459665365659,-0.0652952661210662,0.23474796551170585
TEST_05254,1.1420933876902055,0.8142109129383786,0.4286306026295711
TEST_05255,2.602883148021295,0.01005285227812327,-0.11012301573891424
TEST_05256,1.1358204695499756,0.36050268509013433,0.08752102817526422
TEST_05257,3.1594336874029647,-0.2603707896154321,0.5482406251846197
TEST_05258,1.7067316849375733,-0.8807714218509932,-0.766670699250675
TEST_05259,1.8451501490980644,0.7955863814867686,-0.46998510508175034
TEST_05260,1.6566498570920787,0.039338417995413495,0.3563088432461754
TEST_05261,2.751298190535834,0.06533524230951927,-0.00958860167931325
TEST_05262,1.333273999832652,-0.35983906480417455,0.28498420239550853
TEST_05263,1.9613735844009834,-0.7004766993837693,0.288406784648111
TEST_05264,2.290417408944949,-0.06716105746862562,0.5121121655899031
TEST_05265,4.081226476978365,-0.7347167177868327,0.7104494631250153
TEST_05266,3.2974968252955685,0.40588459688547907,0.2552929726668912
TEST_05267,3.793896235859265,0.7629541728050776,0.3273689947339333
TEST_05268,3.032583435067901,-0.5865997901107622,-0.14213282806204344
TEST_05269,4.0907532592134634,-1.0039576190041506,-1.198503516223269
TEST_05270,4.919507133078816,-1.3213401060551857,1.7573610086480072
TEST_05271,3.0352116451278066,-0.06703499188479774,-0.14745234194692272
TEST_05272,2.763399525190258,-0.7641969745806552,1.386700570024135
TEST_05273,2.4722807448174495,-0.12546889215244694,-0.14758054581451654
TEST_05274,1.411562142535844,-0.03355557110060223,0.5157181227566666
TEST_05275,0.814410010215025,-0.2826671597095578,0.1400980726436001
TEST_05276,3.507632532480102,-0.7658933388265535,0.244721286783738
TEST_05277,3.0092564892853035,0.4522506971753921,0.8248731933942535
TEST_05278,1.6315932737688355,-0.44333257075090216,-0.5657102123298946
TEST_05279,2.491605099074395,-0.006882134483805321,0.7966233255100651
TEST_05280,3.934643757673513,0.42328056134101094,0.5253140604927623
TEST_05281,2.9679494311243633,-0.22528978188471116,-0.8845192386258971
TEST_05282,3.991325009655503,0.49352470828066564,1.3863326306215527
TEST_05283,1.685118960890581,1.2724323825127093,-0.4289833340060217
TEST_05284,2.0874076692688304,-0.8044131162189883,-0.12064738082505219
TEST_05285,2.549148433927646,-0.8986226035989003,-1.010867290364258
TEST_05286,3.3834039140221663,-0.17903821305875267,-0.2144234054586207
TEST_05287,2.249274618534584,0.025086333090849157,0.8034281282455454
TEST_05288,3.857222025872782,0.8091183604703763,0.49476262858773395
TEST_05289,3.0044467436468434,-0.2068021998704318,0.3121041640870141
TEST_05290,1.8228545066245885,0.2466815123889723,0.36609307999700336
TEST_05291,2.5739654406908694,-0.04000988620306216,0.41509736809052694
TEST_05292,1.2985102064644347,0.15033098265790226,0.17562934556196763
TEST_05293,2.079132366612665,-0.06003480173316213,-0.04259835247130309
TEST_05294,1.2520112828241705,-0.3264040278169683,-0.09238552929844361
TEST_05295,3.4578637918382875,0.5712081759936005,-0.6221785431746916
TEST_05296,2.4487570249945936,-1.2092858358970193,-0.7260386241647085
TEST_05297,2.961910079883272,1.010699716483807,-0.6255961427327936
TEST_05298,2.0071569477017115,0.38947849085205233,0.04890742933254302
TEST_05299,3.351867879122593,0.5982734239201495,-0.5744850414881251
TEST_05300,2.7806523059304014,0.3282226081067309,-0.8438079451066886
TEST_05301,2.0398053555262465,-0.6033460551378178,-0.09832873034377553
TEST_05302,1.7054511741126193,-0.23114878109828976,0.07336714945276245
TEST_05303,3.1926058977339635,-0.6112756387915868,-0.8602160341573132
TEST_05304,2.827916473445283,-0.5468516939060704,0.26595120200701944
TEST_05305,5.033883565739153,0.24929492489797814,-0.7725173837712231
TEST_05306,1.6596540116574645,-0.06337946300097293,0.12249855232280973
TEST_05307,3.9928070939509372,-0.6992339076440066,-0.46556585443838255
TEST_05308,2.0175248238871775,-0.5692801677701576,0.3802203802241847
TEST_05309,1.8189731398174573,-0.8203568087057858,-0.5204038170505167
TEST_05310,3.324479941640741,0.026660086703560792,-0.2379596856938256
TEST_05311,2.553480175611341,0.9098605166628362,0.6328368500351689
TEST_05312,3.914251448670076,-0.7635621324159125,-0.7845741978765105
TEST_05313,2.587490743312234,-1.5719108857136972,-0.5469143396539526
TEST_05314,1.5846096258479971,-0.3756507676484724,-0.11983306059916564
TEST_05315,1.8794957894398192,-0.13891467954314501,0.0585860949503267
TEST_05316,2.371446768819533,-1.2077137391997637,-0.7041301843246279
TEST_05317,2.9458914140274963,1.222885714271125,0.6986626142954341
TEST_05318,2.434571761141147,0.3403593690556231,0.3811818000879215
TEST_05319,5.5047612338671765,-0.07940053758113767,1.5909807548026402
TEST_05320,2.9502695035028723,-1.0356665974206931,-1.0693423458896858
TEST_05321,2.081901192725457,-1.1114050710654146,-0.6384957488259716
TEST_05322,4.004913401492696,-0.09839571275819911,0.1364717810294056
TEST_05323,4.437686289182609,1.5445444584230432,0.04478959298554411
TEST_05324,2.4041619112614483,0.9766031262466598,0.008798066976449612
TEST_05325,2.0425143132747565,0.29379679730087466,0.6397879650270859
TEST_05326,2.7821228070862714,-0.5441085108685559,0.5438894538387196
TEST_05327,3.5209476362899164,-0.4597952007183097,0.6621770449257088
TEST_05328,2.27679403449466,-0.6009053949460254,-0.7984999789409643
TEST_05329,2.5722338535184934,0.3376871297572493,-0.20113776164877775
TEST_05330,2.3106878029674207,-0.469110104310967,0.14346199092943882
TEST_05331,0.7867710995536521,0.33843893465947494,-0.054914596804903036
TEST_05332,1.1537705227619928,0.2503971696059543,0.06042282437478866
TEST_05333,2.0234425302192545,-0.7359558577986547,0.20548901150986976
TEST_05334,0.9841812230202898,0.36417343003464814,0.023780502388671403
TEST_05335,1.226133692522339,-0.048908392376612375,-0.1498670004766677
TEST_05336,2.760132524438719,-0.3992327311443062,-0.0458955717576702
TEST_05337,2.897632459380336,-0.9329253676570213,0.7678316035108405
TEST_05338,3.39190369267249,0.1256736172121069,-0.2416910633130806
TEST_05339,2.3995061003735376,1.1534815998256933,0.4478979890483433
TEST_05340,1.7015895731354693,0.06625447003423167,-0.1097007277724099
TEST_05341,2.760809865059716,-0.4442528965514057,0.6194163838493122
TEST_05342,1.6091244340554616,-0.02753027250302409,0.11631466439733319
TEST_05343,1.741420536803379,-0.6753197532902995,0.34706722915734867
TEST_05344,1.1040766354039737,-0.2210454977530232,-0.08371856119746413
TEST_05345,2.06548567945555,-0.4834924277890591,-0.35724459067848086
TEST_05346,1.8701285750413323,-0.562501155058335,0.5040443106704555
TEST_05347,3.472205789700064,-0.24240847973210752,0.11777880960537539
TEST_05348,2.3217234872062043,-0.42983822683381934,0.3492048102103159
TEST_05349,2.7865220529387167,-0.5438820149586847,-0.19031925949437384
TEST_05350,4.382287192114589,-0.731251499747016,0.5556901334240663
TEST_05351,2.4410436153509765,-0.527047052043914,-0.706028374369563
TEST_05352,3.056199270845383,-0.7665857964543928,-0.9626098436582521
TEST_05353,3.455583041030447,1.765926980679796,0.8570227010975471
TEST_05354,1.1498579395543778,-0.24086260808956367,0.22417295493035472
TEST_05355,1.8093396093084873,0.0923853613247558,0.07840246204195508
TEST_05356,2.8464728697341535,0.22638012018627277,-0.4321374179675103
TEST_05357,2.1132234272120134,-0.26692167077196144,0.38440781999727847
TEST_05358,3.978796828836338,-1.077539171505261,0.8807398943389644
TEST_05359,4.254727691943423,-1.3448435886427947,1.7136108280276627
TEST_05360,3.623012876775957,2.2717805997338947,-0.5764854853323115
TEST_05361,3.964707540471538,-1.9104497309314967,1.5427548220045986
TEST_05362,3.2581817737121685,1.2158175521888412,1.1716162396599388
TEST_05363,3.6072446138534513,1.9805988125951102,1.0238611355686924
TEST_05364,1.9943281517259728,-0.2933570211832966,0.3428952818710062
TEST_05365,2.038491056761182,0.41679487410710464,-0.41841329319262843
TEST_05366,4.033569208398652,0.06058057519132589,0.19919594286150272
TEST_05367,5.216266818344037,-0.2979774604743821,-0.2482602964876358
TEST_05368,4.102049853606834,-0.7666668739870258,0.6399753716680636
TEST_05369,3.5084495426267273,0.2715617066505649,0.5033569493221537
TEST_05370,2.834499522729142,-0.1303579569888896,-0.17484834443755237
TEST_05371,3.999960863046204,-0.5469596397212846,-0.10344852910845581
TEST_05372,2.5415756948699832,0.2949029466688034,-0.09527064227084049
TEST_05373,1.639883960272288,0.4645284125245095,0.15543370136178772
TEST_05374,3.285177435386561,1.2291244888145478,-1.2001558100392076
TEST_05375,2.2627171167660207,0.12031394429754132,-0.17886162471178688
TEST_05376,1.90479072783157,-0.44441916934655984,-0.4892688550205637
TEST_05377,3.827624934983458,-1.883186128207422,0.5019012194095659
TEST_05378,5.612814747433306,-1.3575423215910003,0.5172896917461306
TEST_05379,2.8476101150170465,-1.200980848164924,0.5313259759450063
TEST_05380,2.2371944896065132,0.5153343989842546,0.45781957238856824
TEST_05381,3.7185150410987897,0.2931802571551164,0.4938637108041575
TEST_05382,2.1004740675695492,0.35261489911927063,-0.3969373927261266
TEST_05383,3.898978411606811,-0.5750058533838536,0.22623182403277667
TEST_05384,3.8332558511574484,-0.6622100203122897,0.19579738834375182
TEST_05385,1.727357971801032,1.2894532329276305,-0.962674952749962
TEST_05386,2.3731044867417106,0.2708141325539268,-0.40141343823378856
TEST_05387,3.749931824586188,0.7933845946094604,0.3357323365602154
TEST_05388,1.9505469022898605,-0.6791571864451015,0.05334438050200206
TEST_05389,4.16029139607457,-0.5169977982143383,1.0168833796242454
TEST_05390,1.0941924521646773,0.06426646457707264,-0.12296713164521192
TEST_05391,2.0607413901527742,0.15507977166719994,-0.30256034168971047
TEST_05392,1.6339136157103098,0.799208162897385,0.07077688051486256
TEST_05393,2.2889026222330044,-0.7377796679502843,0.06263119425816974
TEST_05394,2.669124725566949,-0.27822011153620707,0.16534515736925165
TEST_05395,2.2579156477841313,0.2977548217801299,0.7999469294145439
TEST_05396,2.3034508987669264,-1.0306232804248199,-0.17191382930635132
TEST_05397,1.3914224696390018,-0.18942894629923407,-0.13104563488596585
TEST_05398,1.1115168788584417,0.011714937893018048,-0.23474141398694548
TEST_05399,2.7237240108154848,1.2208076306679247,-0.5280579904737625
TEST_05400,2.4530622682369168,-0.46266195040985847,0.5958287092029112
TEST_05401,2.2239776037948262,0.6522280057122386,0.2284373317461669
TEST_05402,2.039945866644727,0.4459428498518221,-0.11857806769559172
TEST_05403,1.3022650667107476,0.6804124421395024,0.21197593774527773
TEST_05404,1.8764572586615005,-0.37287669435821125,0.22584930717096774
TEST_05405,1.0282914517801889,-0.02688058524880437,0.13030152676856496
TEST_05406,4.227419095562915,0.6206316368757964,1.1425890902796565
TEST_05407,3.826725108704308,0.6338431809867102,0.46730456012330135
TEST_05408,3.1671335534632172,1.2243744444716647,1.3313972194568122
TEST_05409,2.9877128146928604,0.46042325468874057,0.17047580716403318
TEST_05410,2.6411535868696374,-0.26207715770924883,-0.21386724005871655
TEST_05411,3.215066955526175,0.2662861705141624,0.12084997829517588
TEST_05412,1.9548609983280967,1.170165692308684,-0.7375334374448991
TEST_05413,2.398579289083106,-0.21652551668090755,-0.04037526770896079
TEST_05414,2.2421031310901394,0.7305538829385613,-0.8954557189718809
TEST_05415,3.02559948736828,-0.1257650646685622,0.04341168988597685
TEST_05416,2.1299932130389316,0.18724909414239502,0.8949357243377328
TEST_05417,2.719552078748505,-1.443530726880488,0.5581827020704704
TEST_05418,1.9452044999716114,-1.5464301229117376,-0.8527231361545651
TEST_05419,1.523841501482658,-0.5416655397947578,0.10154186003480861
TEST_05420,1.6918166223468991,0.04047620879378584,0.039084991900714516
TEST_05421,2.2898361498571598,0.14827838406304872,-0.884290221781434
TEST_05422,1.1670072296230884,-0.09053081491248718,0.11248189776739047
TEST_05423,3.077779720915622,-0.5308728772283168,-0.7010818608781343
TEST_05424,3.15079176324803,-0.06788344076271544,0.10545626512511266
TEST_05425,4.890475931386498,-0.3879941754168388,1.1286823897684317
TEST_05426,2.687556773481812,0.322027448792995,0.1002829893789466
TEST_05427,2.584664345753076,0.10800800156376578,0.7223171957851761
TEST_05428,1.7829344988577431,0.5361686076681046,0.056233104673680104
TEST_05429,3.437044818860331,-1.3049972134826986,0.8488873141936196
TEST_05430,2.2414180936213866,0.19763330573770252,-0.5097896268722497
TEST_05431,1.1641393020747315,0.012694217680441138,0.08269150842930581
TEST_05432,2.3773358226863857,-0.7970608109905633,1.2361966510846556
TEST_05433,2.58833443237912,0.21639907983780488,0.5509497096298386
TEST_05434,2.9970375685865935,-0.3059648737388018,0.0907134617455303
TEST_05435,1.9155481432919572,-0.5905935275321083,-0.11395228488930201
TEST_05436,4.595695056709746,0.3750709051817917,0.7795594787041933
TEST_05437,3.4459246987816883,0.13895619964591854,1.0189236625655353
TEST_05438,3.9628243562031606,-1.3708676900476036,-0.15037344342076547
TEST_05439,4.665422085095831,-1.2804818037837253,2.4341424730687415
TEST_05440,1.8114633107375475,-0.6579411208334484,-0.2481246489915541
TEST_05441,2.6557548712283388,0.9534285489205778,0.612441771897315
TEST_05442,3.0280445675392493,-0.7121700291791162,0.32751154802893545
TEST_05443,2.8834884308930477,1.1395957771901744,-1.3639173273618972
TEST_05444,3.29567841542149,-0.7688851491070919,0.7499888125476982
TEST_05445,2.6806426131224277,0.5087808899245787,-0.010709098513209874
TEST_05446,1.8291761979918906,0.6175041902695045,0.37492075387848134
TEST_05447,4.298368152510106,1.2335625773531844,1.2083939272988071
TEST_05448,3.0258310716259613,0.4854320128520552,1.1685022854333968
TEST_05449,3.2062409330271913,0.14669724433805348,0.5294376409313944
TEST_05450,3.2386202048948687,0.20541355539617187,-0.12131603831589417
TEST_05451,1.8447117828358064,-0.3972394285190017,0.5569221378310941
TEST_05452,4.576160177040583,-0.7361568583186869,0.9760134152027359
TEST_05453,1.5324010549343507,-0.22659986258647108,0.1958798489537055
TEST_05454,3.4417729854963848,-1.107885505573214,1.1369359852540706
TEST_05455,2.871259677804265,0.46246624573906475,0.48716543848936666
TEST_05456,3.0399024590303236,-0.1746575539610309,0.569260719835319
TEST_05457,3.5583057497651627,-1.5073394166440661,0.8163123775359077
TEST_05458,3.162697506030416,-0.7103415886880502,0.4963854712055683
TEST_05459,3.547762035348823,-0.9065768245373782,-1.1113001421617905
TEST_05460,3.203276645329213,-0.5013825197989984,-0.38044776921764667
TEST_05461,1.2353403174555155,-0.4987561167714474,-0.42157869205951337
TEST_05462,1.7228363350519338,0.5339671886222074,-0.5759566330035729
TEST_05463,2.0429216660431435,-0.2215247068716977,0.6911755603177041
TEST_05464,3.1220441221693838,0.007476531886803563,-0.49547417499381
TEST_05465,2.2785120123842773,-0.7425301768930364,0.17968738991024594
TEST_05466,2.7517494745504796,-0.015831365762534685,-0.1264490849053927
TEST_05467,2.552500486263973,-0.6053818678744435,0.9663350422009892
TEST_05468,3.1590965161271836,0.35579631571805626,-0.02914503802398559
TEST_05469,3.6068362483440892,-0.29241158393757566,0.12573417280285176
TEST_05470,0.916483119870574,-0.29785286832667446,0.1869405893941618
TEST_05471,2.6698250415532767,-0.6164052535919669,0.10895707508555429
TEST_05472,1.9835843010658627,-0.842618791301719,0.07371549095441665
TEST_05473,2.801202940804789,-0.367897645191557,0.14612364012668355
TEST_05474,2.8874791719783053,0.5457685808307048,-0.48836950176556676
TEST_05475,1.393753593996205,0.2965551488518246,0.3380691020463257
TEST_05476,4.428238141743907,-1.1173423595538285,0.6636758613949768
TEST_05477,3.045701626426145,-1.7165800329558558,0.42495262991270616
TEST_05478,3.446544500000927,-1.277540756141664,0.016137945631128508
TEST_05479,6.1178232229434215,-0.13906674329505875,0.36289168769868435
TEST_05480,1.2467271463427072,0.23450558551427284,0.1217758210265203
TEST_05481,4.302865633872482,0.17983879635692565,0.4162030067469403
TEST_05482,4.197103770494151,1.249203823397001,0.5929124325418235
TEST_05483,1.989933424494889,1.2969418176094087,-0.6028131057383769
TEST_05484,2.4871241453245414,0.0658881958381481,0.35558982503209413
TEST_05485,3.053349957125401,0.6065456859901196,-0.038232026412479046
TEST_05486,4.431564562377234,0.031583903001054715,0.269092321014629
TEST_05487,4.906052407917759,1.3352582891292721,0.31444599464963047
TEST_05488,2.2373224720337848,1.0492341396820777,0.8506225119770537
TEST_05489,1.9663537464005294,-0.10783961158754435,0.2250748416571433
TEST_05490,2.1784607422580136,0.11055812999563666,0.3670727483904311
TEST_05491,3.4693635145011377,0.0323446984046727,-0.25444976197532637
TEST_05492,3.7921685656824033,0.9150214731363028,-0.06359047128915371
TEST_05493,1.5073837156034273,-0.6431629601008175,-0.3953220829310286
TEST_05494,2.1425971574351443,1.5806814842860855,-0.3295514861209151
TEST_05495,2.9650923686277744,0.06034259175590367,0.20312719777092744
TEST_05496,1.5985112143864797,0.1273649119831182,0.8716182320881124
TEST_05497,1.7024636910277366,-0.11741838841325741,0.6631570835544168
TEST_05498,2.9688229727228164,0.3530094662569128,0.26304945564497645
TEST_05499,3.496870012016427,0.4262277627048278,0.7275790305010886
TEST_05500,1.3899432402609335,-0.4426121900320119,0.060047891295316395
TEST_05501,2.9574968392214145,0.47111525150313044,0.29905646704410116
TEST_05502,2.2810108845539663,0.48020321881593625,0.6571402504040905
TEST_05503,3.389013112937294,-0.8081431361719488,0.40995936919725934
TEST_05504,3.5511840386332425,-0.5473339833261929,0.1687511768781033
TEST_05505,4.52694105075812,-0.4157286201928472,0.5365466001096509
TEST_05506,3.185153505524362,-0.5063917780340519,0.0849087923836977
TEST_05507,1.5537010747320212,0.1470936988514745,0.36883323944127516
TEST_05508,2.571977468838778,0.3860067236409089,-0.3870204416083221
TEST_05509,3.4373087272604192,-0.8669047203793596,-0.025633968567005633
TEST_05510,3.98000325086286,-0.10160757921216579,0.823208935910858
TEST_05511,1.3883913497852474,-0.50637177284564,0.34815542654325227
TEST_05512,1.2373098772635407,0.25698342640131233,0.008693438365273514
TEST_05513,2.6576121033535,-0.6004508544266484,0.627520925854265
TEST_05514,2.297920580154955,0.4086741628181904,-0.08515031507054134
TEST_05515,2.152951367024943,0.13359258133233642,0.039260444824370286
TEST_05516,4.834709857999465,0.9860005599271653,0.7360768949480194
TEST_05517,2.361921448739328,0.8939410690799185,-0.19494112817893153
TEST_05518,2.5763546831844,0.16827483732275567,0.7036223510895244
TEST_05519,2.7764186302966105,1.5800456358127213,0.13177418101828584
TEST_05520,1.5025508051601122,-0.6227238339613614,-0.294312877309462
TEST_05521,3.077243948637999,2.1627375402414986,0.12856310145767844
TEST_05522,1.2363379243370818,0.042279219842469705,-0.5441728711216768
TEST_05523,3.6958713345968057,-1.1071289193089753,-0.7342658152783977
TEST_05524,1.4393621533841638,0.33769718211672217,0.27108121885003394
TEST_05525,3.071550999618045,-0.22248303866312322,0.5001679096983022
TEST_05526,1.5464891654186201,0.21672449950182124,-0.39797282767899206
TEST_05527,4.195778814937071,-0.15768032719121183,0.6890256535082617
TEST_05528,2.214288220552147,0.5299777114974326,-0.09450968346178125
TEST_05529,3.281329548469668,-0.1737315628538313,0.26724954955666586
TEST_05530,1.639066658855873,0.10241970126572976,0.23850372467941428
TEST_05531,3.104675757182641,0.38528262136175834,-0.8564210903378268
TEST_05532,1.2469920574691384,0.31137063216746125,0.4481421466266791
TEST_05533,2.2521312078005815,-0.1358643264914961,0.30566872377227006
TEST_05534,2.0713870262400444,-1.0619207112021956,-0.011133063337069716
TEST_05535,3.2811426493334257,-1.0391116193594254,0.6030659516891681
TEST_05536,2.7277083754205433,-1.535440342323153,-0.6500586346895866
TEST_05537,1.5617809543702794,-0.278590754532949,0.27271400794312284
TEST_05538,4.842855111802544,0.5413953418077853,1.7331050823168306
TEST_05539,2.7447907437657317,1.3544254423148097,-0.7682856570855766
TEST_05540,1.9669018484491063,-0.10845288315669753,-0.2762877037830493
TEST_05541,3.6584531411353525,0.30877625009969184,0.985110569118906
TEST_05542,1.7713782662445545,0.45334697298583976,-0.010165157747569296
TEST_05543,3.070917265964015,-0.004984561243732087,0.3603883577105127
TEST_05544,1.0560137042875328,0.2222551472405248,-0.04651592955035085
TEST_05545,5.82733003041179,-1.6166885182698438,0.3604936596276615
TEST_05546,1.5684485708921347,0.7696743972029132,0.03644011512797101
TEST_05547,3.809358674260814,0.0368086283423664,-0.023146702250816
TEST_05548,2.703571629287825,-0.007669612577069599,0.05932086135855806
TEST_05549,2.5165283690207683,1.0454923947668617,0.19637435596370362
TEST_05550,1.9712458879560435,0.7563933069805868,0.4659267315654626
TEST_05551,1.8041658631188013,0.14542465722832915,-0.3458238228692865
TEST_05552,2.2288204547713413,-1.1404526094668093,-0.4929843465548477
TEST_05553,3.0701946977369916,1.181689198207668,0.11975249558865224
TEST_05554,3.534431593494656,0.5279646580809045,0.013811073767181494
TEST_05555,1.6789627735762591,-0.44316522392660723,-0.21820278416076697
TEST_05556,3.8822901844394173,0.6880806591366857,1.1988825116062705
TEST_05557,2.495422068512075,1.3762512415941677,-0.186672354919692
TEST_05558,3.3014589978177105,0.6927741595638048,-0.5958550724765158
TEST_05559,5.035669908537319,-1.4331784930229032,1.6509890726861134
TEST_05560,2.2016484914898866,-0.7486657429141108,0.0712810314260288
TEST_05561,4.346284517727178,1.7026822571967744,1.1586339232202172
TEST_05562,3.8615394584761855,-0.0889923228764645,-0.047852777914213565
TEST_05563,3.3232886702547004,2.1139795484469475,-1.3210401497721425
TEST_05564,2.50091866625261,-0.6298057329658053,0.03194138113180038
TEST_05565,2.2322521767830503,0.7852439652846512,-0.7275782205584614
TEST_05566,2.986903779596276,0.25472414994096293,0.1542519495185374
TEST_05567,4.482502266339423,0.6283537030054692,1.1970683402452649
TEST_05568,5.331829775651677,-1.5006508948188328,0.007426318539720387
TEST_05569,2.2194850904322374,0.5303288389278606,0.23421547231452106
TEST_05570,2.4573223124412036,-0.19604486733086335,-0.7295061296685991
TEST_05571,3.6221170542966883,-0.26318283861484454,-0.43534202563893265
TEST_05572,4.3602582675677715,-0.9378433539420732,0.7890748897576044
TEST_05573,1.245577297244813,-0.22143406252511189,0.1354622212783662
TEST_05574,2.969165084508411,-0.050566008094810815,0.6415300138294436
TEST_05575,2.0943201706907772,-0.7812220730081776,0.30237319307548055
TEST_05576,1.7624941781001002,-0.668379036875578,-0.6184731888505502
TEST_05577,2.5124425408483924,0.7429336628674087,1.0502413261213308
TEST_05578,4.665499316826845,-0.8390983563028026,-0.8100390466089893
TEST_05579,2.5017885118703607,0.6540770083698042,0.20024620994866088
TEST_05580,3.220778524725047,-0.25021949001347676,0.3927457661484308
TEST_05581,3.0325764254139687,-0.06213632223636225,0.12043789930122656
TEST_05582,2.1984893989030425,-0.7351765302303847,0.7718736441392295
TEST_05583,2.1686337234846067,0.03824698352504861,-0.30022468026108085
TEST_05584,1.6212287691613922,-0.18798376345147289,-0.39074426598221196
TEST_05585,3.5061174379772555,0.09809718174321619,1.3372138403968956
TEST_05586,1.5297042186757626,0.5160429199072046,-0.28159339023443036
TEST_05587,1.822774327575386,0.6336756548556647,-0.3227084489472076
TEST_05588,2.545204212327303,0.003206680069105572,-0.13182756975971505
TEST_05589,2.919080950628899,-0.8345611382382906,0.15656509423441634
TEST_05590,3.5705180685962845,0.6182910181070786,0.40873139423220795
TEST_05591,2.4179083242634456,0.6063293887037433,0.42794443519360337
TEST_05592,1.7190968554797361,1.147794326041182,-0.03595572462688561
TEST_05593,2.673949381279699,0.43971455043914337,0.07230653848322162
TEST_05594,2.3260139025111717,0.3578399913417424,0.023855938408263132
TEST_05595,1.7611795126627074,0.6025707535262265,-0.3247099216385299
TEST_05596,1.7526490785417053,-0.9905588977818166,0.5235826386363517
TEST_05597,2.0114397862321787,-0.8657632812762903,0.2862956078890955
TEST_05598,1.6848633245089488,-0.11464977633190716,0.5228657326197288
TEST_05599,4.645094878923297,-0.8312283197319495,0.2771483438428159
TEST_05600,4.595097262384939,0.6711997555257823,-0.6171681922696441
TEST_05601,4.635051531438318,1.7681612057012135,-0.6874702139236548
TEST_05602,3.7483466379321353,0.36351618443276346,-0.46471171306594783
TEST_05603,1.4496087441467889,0.8271266457603293,0.09090091201573396
TEST_05604,2.372866346021061,-0.41526158307253963,0.881799156894747
TEST_05605,2.109952408070028,0.6309905557005087,0.0666306986842142
TEST_05606,4.370097135496573,0.6988708119937258,1.046317827686173
TEST_05607,1.8826440926800085,-0.26175142126506895,0.3552589579012183
TEST_05608,1.1549124948234537,0.5044688416080261,0.23400704745749543
TEST_05609,3.359373160210378,0.3190710692607952,0.2260881903953066
TEST_05610,1.4378001673953995,0.207229380494416,-0.40609735013259607
TEST_05611,3.3693090887119848,-0.4964579940378172,0.15118291858953845
TEST_05612,2.2397146177850784,-1.2952593906684597,0.8850310352659554
TEST_05613,3.237523572019354,0.2748686183596999,0.44395571885586627
TEST_05614,1.1305890776641576,0.7865249043565616,-0.5657773275705077
TEST_05615,2.205689357492928,-0.6905187214934266,0.4238206827621572
TEST_05616,1.3830077125617117,-0.47507741248496704,0.4541505457729848
TEST_05617,4.359961624361256,2.084092169770811,-0.575431555784181
TEST_05618,3.7927481367038305,0.5791277459444788,-0.4342974743449545
TEST_05619,1.191527415995747,-0.6701715774727971,0.1208259713680093
TEST_05620,3.337524988961351,-0.34166531097191655,0.8322876006246089
TEST_05621,2.129466566609783,-0.057921526025426745,0.6871721800352477
TEST_05622,1.9660918134385286,0.056395443167010575,0.44080943136094886
TEST_05623,1.569225348020699,0.594933389792106,0.12932933450893364
TEST_05624,3.9616175397303217,0.20921761472142414,-0.10992572790778589
TEST_05625,4.47473185970533,0.011762715287822061,0.5203679556885026
TEST_05626,2.3831016285166697,-0.4428869486762326,0.41312903438502546
TEST_05627,1.5787063845748843,0.43592878693581244,0.1480982573914183
TEST_05628,2.742871386775544,-0.539398274050241,0.24964782609669647
TEST_05629,3.9049358410798316,-1.1037043849820931,-0.7010207584875312
TEST_05630,2.8104784585317826,0.28669868714586694,0.07357438480992515
TEST_05631,2.2439559387120958,-0.7779386719849034,0.424575451273859
TEST_05632,2.3688053523532893,1.5989574104871611,0.00944960394890868
TEST_05633,3.6632457030283567,1.0212178194106123,1.4849208862718744
TEST_05634,1.415636063623176,-0.061682556967079055,-0.027843190473831003
TEST_05635,1.669611318281161,0.17592771932877282,0.11729231207072459
TEST_05636,3.4165701953573895,1.4121393344073552,0.9482637191211056
TEST_05637,3.3182215759416187,-1.322784794623387,-0.7589764905674496
TEST_05638,1.0719073081978767,-0.26508858505512567,0.337412540925541
TEST_05639,3.2177077684450865,1.627802122878108,0.503948908638516
TEST_05640,3.437680597669846,-0.47424736702004333,0.9226262343403805
TEST_05641,3.3866367301904123,1.1390745815870742,0.5138520513573335
TEST_05642,1.3155865919301444,-0.1629975155113972,-0.17427068156931608
TEST_05643,4.175002433247428,-1.211310457562383,0.6181010569555698
TEST_05644,2.3554450563790668,0.808271386441858,0.3928930834990085
TEST_05645,1.545631758070913,-0.011825637774598843,0.005786389723732834
TEST_05646,4.2421337422420295,1.4193135588973298,-0.5437266870897596
TEST_05647,2.6810312604974094,1.0009419173697955,-0.03828125259836409
TEST_05648,1.1571976532173576,0.6588915867568704,0.517840690341564
TEST_05649,1.9291871961195755,0.7246654210319976,-0.09183965969740947
TEST_05650,2.2006751745301023,0.0036327014686783786,-0.3642080465312121
TEST_05651,1.1145012547917152,0.1589428117337536,-0.169816445119504
TEST_05652,2.57729684396129,-0.027749132386749448,0.14733707231166873
TEST_05653,2.92396787865096,-0.269015691238666,0.2858320671461508
TEST_05654,2.5044035287994455,0.7661752970378682,0.9806781630339186
TEST_05655,1.743005887065118,0.4771887948310495,-0.42830801528674245
TEST_05656,1.9688705573673397,0.6149371036046448,0.7904675265882932
TEST_05657,3.024575018936055,-0.10850369209171017,0.7875519115666532
TEST_05658,4.647604288187196,0.8716059571846644,0.9325740786925654
TEST_05659,3.7036468769714257,1.1187591032406659,0.5900280919338414
TEST_05660,2.160615905721439,0.20304600848630905,-0.37811678982947866
TEST_05661,3.0273886572199165,-0.3096917990441164,1.5256266786434496
TEST_05662,1.6356259222039735,0.191973423525974,0.28975399363175686
TEST_05663,3.4882156849638863,0.5780900077158593,-0.3721605141763427
TEST_05664,3.1131788215942486,-0.2323202588056453,0.2768743447037912
TEST_05665,5.556450221953993,-1.8914564106941367,-0.6489794151566524
TEST_05666,2.9520146025635254,-0.5429530223621463,0.6719097246240564
TEST_05667,3.612427112785618,0.30957388238023026,-0.24144910891143267
TEST_05668,1.8309332689724733,0.3791964332613594,-0.4082905025635211
TEST_05669,3.134591798752281,-1.86992100051093,-1.1107084316521234
TEST_05670,3.574653753891711,1.2977671592635303,0.7822167609844078
TEST_05671,1.1782755511447638,0.17940645503830988,0.1082861461826218
TEST_05672,2.6367032807254978,0.5755982284479884,0.45697530360736993
TEST_05673,1.6066013062241344,-0.13713078380867427,-0.00768346766482352
TEST_05674,3.5578927948716643,0.7325024544656467,0.09791648012404777
TEST_05675,1.9663852270543167,0.9288958816232216,-0.6115477782043799
TEST_05676,4.483261437956231,-2.2451766241170237,1.4734945905730263
TEST_05677,3.28087940154646,0.5902951418577093,0.659837381280066
TEST_05678,0.9647000225654754,0.35296291915027933,0.356120761297257
TEST_05679,4.88203565300047,0.4334195702588662,1.5045976745821488
TEST_05680,3.0196244998713246,-0.17988795614466555,-0.25528040028202925
TEST_05681,4.026243148001403,1.6624171777453791,-0.5536309962072287
TEST_05682,2.1982287688265227,-0.5900223616379736,-0.5093619898048464
TEST_05683,2.4910112622314102,-0.4802610912494337,-0.006072134778970373
TEST_05684,2.789967534081498,0.2003446575075844,0.7568043416191899
TEST_05685,2.2480009242351082,-0.11878753790388388,0.7896633094646895
TEST_05686,3.099524208109485,-0.6647617434557966,-0.4686325856580922
TEST_05687,3.643226365483849,0.7797410492258928,-0.566568880675746
TEST_05688,1.1038265406967354,-0.5111368088189914,0.04964258562985132
TEST_05689,3.360038424506635,0.20497919110294177,0.1906560848293072
TEST_05690,3.2188536197227027,0.5527219436234948,0.2962163438158796
TEST_05691,2.352534484764885,0.07800013969903255,-0.8263884310323238
TEST_05692,1.3431577349977553,0.6827983940915303,-0.014356201631890452
TEST_05693,2.550344140574152,0.10604911365925375,-0.21937695142697736
TEST_05694,1.9021275374692785,0.6353624513999417,0.19621114795755096
TEST_05695,2.3642989779107864,-0.25062147540524893,-0.5642900299972248
TEST_05696,3.2281391221541385,-0.44921943101705125,0.4451215039567964
TEST_05697,3.0162750209634894,-1.1910882950146648,0.43505401134330923
TEST_05698,2.8903599858910467,0.32125193638662575,-1.110166915216129
TEST_05699,3.998298984196605,1.5453483814366515,-1.2546361776159274
TEST_05700,2.732229179622078,-0.20980839462318857,0.19864330090591775
TEST_05701,2.9010272635026597,0.09124104014150228,-0.9701410532264548
TEST_05702,1.6590464400457101,-0.11522251988021241,0.36529004265210263
TEST_05703,3.6659585882945964,-0.07464452986497967,0.41363226787452473
TEST_05704,2.706536198199132,0.29767872804293993,0.046251282647865266
TEST_05705,1.393959152965502,0.28431812376519,0.6158448536502918
TEST_05706,2.0556605366169887,0.5538057109954283,0.5244317059991677
TEST_05707,1.2949972631213837,0.058159694787599824,0.443582029492801
TEST_05708,2.9900942086523616,-0.22781744706644916,0.5700317700633835
TEST_05709,1.9530329793781784,1.0960473973605043,-0.27756693256216197
TEST_05710,2.088116626152514,-0.8337325483892764,-0.7684253637643407
TEST_05711,2.2839843130793764,0.5725981380169535,0.4269458073587831
TEST_05712,1.3865633680219902,0.3981397098888917,-0.41303695259564366
TEST_05713,1.850542690976679,-0.006811456291783567,-0.4611167100148009
TEST_05714,3.41437042051236,-0.5737550890870396,1.2447143720378375
TEST_05715,1.4623818873579897,-0.34711557896912076,0.23185503331249044
TEST_05716,1.7541408320357268,0.19729471790302774,0.07945295961870515
TEST_05717,1.848593441368792,0.7212267592567605,-0.4850994966067523
TEST_05718,2.0039179113786836,-0.08788414639790719,0.8373790782001173
TEST_05719,4.8800199060223495,0.714367596895948,0.6534383329653175
TEST_05720,1.4915996160827454,-0.5098439997444233,-0.13709435458362923
TEST_05721,1.7592438938763788,0.2804997902946699,-0.4468625307907841
TEST_05722,4.078282815010411,0.3892747036730311,-0.6913200462892779
TEST_05723,3.290616581595844,-1.627242838703185,0.4498089093082972
TEST_05724,1.8253267497380943,-0.27773933849169813,0.29786348002372687
TEST_05725,1.8823275943914137,-0.49054423908166844,0.16213115762395516
TEST_05726,1.6870823515865137,-0.2873604097854542,0.0973696340528055
TEST_05727,2.086717295555663,-0.80433448147523,-0.017470607554847497
TEST_05728,6.1202081076982076,1.7121848176457435,-0.3787883600755974
TEST_05729,1.0950946512243795,-0.34277240305564277,0.0534776170749155
TEST_05730,1.410896091282432,0.33100873829973315,0.1104995286177671
TEST_05731,2.221040173933177,0.26699500982406404,0.03284262803674605
TEST_05732,4.512217981030962,-0.6679860016728764,0.9427503933364185
TEST_05733,1.492728952199712,0.29676091305894065,0.10515181227144514
TEST_05734,1.4338458390058928,-0.2924038712340595,0.31539808625102317
TEST_05735,2.00247895733648,-0.9889775493424637,0.009904500580103132
TEST_05736,2.492805740787776,0.7799705460686017,0.07228976879655358
TEST_05737,2.1628194417701856,0.20734718062547078,0.0447035729501726
TEST_05738,2.3288835275057314,1.1809124235982897,-1.062282669298363
TEST_05739,0.7820881692648897,-0.39227963664569854,-0.07237579971822768
TEST_05740,2.2195000077605975,0.43038105406817645,-0.8346242243844849
TEST_05741,3.1939699924506746,-0.2688142022334408,0.06250361950887375
TEST_05742,1.3073519426089935,0.18753887525298593,-0.19476332238243088
TEST_05743,1.6857527161062473,-1.0164055938227143,0.686181474898741
TEST_05744,2.024855973532506,0.0627169602969122,-0.16171038256664624
TEST_05745,2.0164831390049214,0.5224067879794586,-0.8434550947800589
TEST_05746,2.5562705145694014,0.07351113105330774,0.027065843888140498
TEST_05747,1.9657806058659033,-0.5625168273541726,0.5956005717471317
TEST_05748,1.961208620834085,0.7094201538869788,-0.09713356465165493
TEST_05749,3.9402856456524704,-0.6876425713021529,-0.9694171079335084
TEST_05750,1.1664933346652697,0.6510767575375054,0.13564876167256826
TEST_05751,1.7070963834665152,-0.12336957608957885,0.03612184034984326
TEST_05752,1.969912253264316,0.8584539134302933,-0.4193692641194121
TEST_05753,2.143901058629701,-0.1471620063963356,0.5634015042048959
TEST_05754,0.942457381978828,-0.3257894505401459,-0.013131880522198935
TEST_05755,1.3707037960414485,-0.31605296265254046,-0.11618876817465852
TEST_05756,2.059854067664863,-0.4430133728722526,0.6181062364880937
TEST_05757,1.550932193240767,-0.05150946679973066,0.1409740517448912
TEST_05758,3.229731871349443,-1.2506479920495597,0.3147361348062365
TEST_05759,3.296456116204148,-0.6633149958248072,0.8018670499865423
TEST_05760,2.2022558615901136,0.9613897607383883,0.21431031399354178
TEST_05761,2.8790970935953966,-0.14686433320286243,0.14743266398355803
TEST_05762,3.674775894943018,-1.5383647550608361,1.3155098686498858
TEST_05763,3.7710049223359454,-1.4011223315331327,1.0505912077799588
TEST_05764,2.153115404978692,0.17241253673012136,-0.4636973654891215
TEST_05765,1.4914105813469365,0.3004653376701561,-0.3303390706973944
TEST_05766,1.5533194772775192,0.011263356158296047,-0.2642261363845227
TEST_05767,4.481337473998556,-0.708282699384411,-0.598776351194236
TEST_05768,2.3692980219014483,1.0290550721521492,0.05613623770420104
TEST_05769,3.0333295074334847,0.14006738649531866,0.2397474834373473
TEST_05770,2.6939542019483196,-0.32123949057150913,0.06880580960775132
TEST_05771,3.6608878915525467,0.049628730467269816,-0.01240339768599123
TEST_05772,2.4046708222889466,0.8248564407413845,0.4760093559095134
TEST_05773,1.5653459902981703,0.27276746411294717,-0.2633033977953016
TEST_05774,1.1623650904033345,0.3271499357724397,-0.1055252252048082
TEST_05775,2.136188259673542,0.41151140832859495,0.06722278094038299
TEST_05776,1.0124410461116737,0.37662087250248716,0.5405886283798215
TEST_05777,1.1218352318909839,0.17059503681546712,0.08970556880998398
TEST_05778,4.563570511672147,1.5693791905640784,1.3795434236928912
TEST_05779,1.0659983516474554,-0.5758531497402828,0.14914419353126276
TEST_05780,2.0442112378903587,0.2264978931364593,-0.43185937862297263
TEST_05781,2.3807500953963414,-0.35620493386670277,-0.9708833084536548
TEST_05782,1.3508120332422422,0.021772533254453854,0.05351789096820425
TEST_05783,3.9276051330399198,-0.008868097048044915,-0.43634756521370227
TEST_05784,1.391296869098172,-0.28277030139378256,0.261745199440222
TEST_05785,4.224733876630171,1.6065671092402405,1.1920528042741418
TEST_05786,3.0115124999795806,-0.18277843951869088,-0.41001603653465457
TEST_05787,3.4602010638220424,0.6885064698811257,0.14918852071525235
TEST_05788,2.4300568693482396,0.7037351154901135,0.21606552827828987
TEST_05789,0.7409469420706369,-0.0025991876122869405,0.16758680729031458
TEST_05790,3.6439453225931953,0.17078332128230156,0.6792383966896716
TEST_05791,3.00623308769665,0.5405297988981906,-0.49118480486743504
TEST_05792,2.7089084016511196,-1.1225506064175532,-1.0982364554165815
TEST_05793,3.116544219787857,0.17471278088323017,0.965868988515556
TEST_05794,3.1366302710779403,0.27955556474455706,-0.3746232570213643
TEST_05795,0.9593491212240003,0.46406877182134015,-0.06928981017432313
TEST_05796,3.849984129212369,-0.46827205627233537,0.24990764710446536
TEST_05797,2.5707667882471426,0.8647741049504136,0.1626770372815143
TEST_05798,3.20895474738663,-0.9463453566641117,0.9022683202027129
TEST_05799,2.7556713544272715,-0.7084059374832642,0.8289819104645496
TEST_05800,2.7607891914459546,1.3489470305141467,0.5381061465194357
TEST_05801,3.898924048244037,-0.6325172727220059,0.16817651647144383
TEST_05802,4.481580993383138,-0.9898913797955518,0.017922726217668637
TEST_05803,3.3657131515987526,0.548467423398286,0.09175098829662262
TEST_05804,2.349443298610414,-0.2527993508046484,0.8010603729383188
TEST_05805,1.6412366645012704,0.9622234582631161,-0.5112581106102561
TEST_05806,2.5777892600049452,0.267335820147056,0.3155744926291754
TEST_05807,3.3023016557489875,-0.5049156551867557,0.5288988934583911
TEST_05808,1.8334337110125236,0.5377302874758494,0.897491632967055
TEST_05809,4.5847893256674785,0.5672156811957518,-1.1068942966115498
TEST_05810,2.418175392698855,0.5973356103788119,0.07778909929706594
TEST_05811,4.215929653028947,-0.24601145682372796,0.5323657397094538
TEST_05812,2.693776137691644,0.8046639006960944,-0.8630935164028197
TEST_05813,0.9274075891197434,0.2956035053759225,-0.09927458111682752
TEST_05814,1.3933642453147594,0.021989331730431664,-0.36665286383258217
TEST_05815,1.5029510272409967,-0.7228257618099989,0.40854814967854963
TEST_05816,2.9963950881655443,-0.4881469510683748,-0.47408015251417845
TEST_05817,1.456923545925323,0.5446227084995436,0.10490708632976496
TEST_05818,1.90528498238958,-0.13985290688368635,-0.9283042301806764
TEST_05819,4.543923277003628,-0.8016857875821153,0.41174147917022413
TEST_05820,1.0054838751139004,0.04504222219227426,-0.12835754370599764
TEST_05821,1.8298006414190056,0.5984136739491894,0.06741040148045964
TEST_05822,1.464000721803702,-0.044780623274359534,0.029087094775373034
TEST_05823,1.2810536339589045,-0.07262247402242493,-0.23358218178445275
TEST_05824,3.294282677980646,0.004121159810699012,-0.20925052876435776
TEST_05825,2.1978209062470038,-1.1253208038460603,0.8233738875483377
TEST_05826,1.314609978129967,0.06159109571472289,0.07103639002416143
TEST_05827,4.040584385304718,-0.14104369774741068,-0.48019600590843686
TEST_05828,2.250001416094624,0.11608992716719671,0.30790367394287077
TEST_05829,1.2085098855590817,-0.21020644063641394,0.406086714462751
TEST_05830,1.2084636491730378,0.1321929426971153,0.42724715201300767
TEST_05831,1.289985387957486,-0.08952632148190778,0.24556605890711297
TEST_05832,1.9671687856505093,0.4021637146933074,0.26940804575759353
TEST_05833,1.8747091384566579,0.729347127527353,0.514593280128751
TEST_05834,3.4477960035173676,0.2932612654457611,-0.9018211615857822
TEST_05835,0.9335567214881482,-0.39855581898548953,-0.2036150338969796
TEST_05836,2.949877793040508,-1.424804929108244,-0.5791751976251598
TEST_05837,3.8101475953962787,-1.9496595462643018,0.16421968170197299
TEST_05838,0.8903764809899287,0.4760985719471878,-0.042916012736371585
TEST_05839,3.0450944084206384,0.8390169888840135,-1.0946263238884373
TEST_05840,2.685737890948302,2.069323154349292,1.0768186245029867
TEST_05841,4.276235727655133,-1.1994435461570387,0.9714541467952753
TEST_05842,2.0745418173619483,0.9741088140191909,-0.8847141593275663
TEST_05843,3.1845504537192357,-1.0132882419198597,0.5097428198015636
TEST_05844,2.347887058930498,-0.33424427552777425,-0.14165893656309642
TEST_05845,1.6535107767563157,-0.7130425692067762,-0.24298691336702447
TEST_05846,4.330118926770734,-0.3792297751012166,0.5200495664690427
TEST_05847,3.420343632522972,-0.23366570808985318,-0.2357543868841456
TEST_05848,4.3372424148313655,-1.5114682028642925,0.770034305320843
TEST_05849,1.5070027427940438,0.022994824119038824,0.10806984887151745
TEST_05850,2.589398273504892,0.29341894485295056,0.06817737429280744
TEST_05851,3.5392166643619647,0.4738816905496426,0.6427244246031515
TEST_05852,3.270687821004783,0.3185739770075957,-1.1457606036688326
TEST_05853,1.0409791965918045,0.040154251931641224,0.16076505958864953
TEST_05854,1.7120065338302404,1.0482874900226786,-0.09942410612482393
TEST_05855,3.043640805772844,-0.8379972009631633,1.1296817251061138
TEST_05856,2.7725626309447193,-0.6822646540348014,0.1386388409310361
TEST_05857,2.276253113956698,0.8003835027504874,0.43581446130799806
TEST_05858,3.67032632166926,1.585797018209438,-0.2225239021448869
TEST_05859,2.265262945723806,-1.3136433988570049,-0.5817031274890092
TEST_05860,1.1247834984106375,0.16195907564813167,0.29938391547550597
TEST_05861,3.112168061407426,-0.17382857018139686,0.125118399772167
TEST_05862,2.208461294062388,-0.03981907536866099,0.036927306890445454
TEST_05863,3.743583765211543,-0.5990875532382591,-0.8046149575099789
TEST_05864,3.0262638833028284,0.01338300638180346,0.0700318826751509
TEST_05865,1.5132975958123975,-0.11967090357018882,0.7377915485032761
TEST_05866,1.5294168934146557,0.5908480112531584,-0.3798356705226561
TEST_05867,3.570867570788178,0.1068055321489275,-0.05248292285203541
TEST_05868,1.562475862515174,0.049992035208441005,-0.0034891540767255755
TEST_05869,1.3154729333309656,0.2965538281954286,-0.6137945760873506
TEST_05870,1.5350319746142183,-1.1193555918280569,-0.12020613485187921
TEST_05871,2.0147375827540186,-0.7094960893257284,-0.04330536478494175
TEST_05872,3.121788820092654,1.4155265948930111,1.1445288544365395
TEST_05873,2.8691706997552284,1.6071991852810346,-0.7866509067013127
TEST_05874,2.679405419025249,0.649763799605673,0.692084276573365
TEST_05875,1.2200765689824917,0.22446289176479994,-0.0030412088469927
TEST_05876,2.4091900574072507,-0.6534907893360902,0.2701436046312947
TEST_05877,2.9200049242745347,0.46745739048874124,0.6082454940811372
TEST_05878,2.2488893642277836,0.2152453100993615,0.4048936785246411
TEST_05879,3.907594285380794,-0.2799293142204038,0.642511923416877
TEST_05880,3.7416402516005633,-0.0612313804329427,0.06932906716520446
TEST_05881,2.889654663541775,0.9014545680297816,-0.42174737255496614
TEST_05882,1.5009587982423693,-0.06288760331427772,-0.1331854829908092
TEST_05883,2.5091526374467485,-1.4462090401417176,1.0635945372231277
TEST_05884,3.058977008921726,-0.5524612030045437,1.3941235051422654
TEST_05885,1.7128274317383851,-0.1721603145712854,-0.18526133040680418
TEST_05886,4.989657322141964,0.5073730317039559,0.5174232327644739
TEST_05887,4.218149784866197,-1.1691365188514042,0.11689665518374344
TEST_05888,2.234279692947365,0.4929861342907835,0.48624585857894276
TEST_05889,2.778811014254024,0.1357762544344793,0.486319057546968
TEST_05890,3.195039620218487,0.2815180687627863,-0.1735440872924195
TEST_05891,1.8775501685680382,0.20036628448292404,0.03916554620988545
TEST_05892,4.502729548240235,0.2684798290899321,0.6127674880363249
TEST_05893,2.745231723754019,0.625855059415688,-0.29627490139410195
TEST_05894,2.5245654697410576,-0.5565782858152309,-1.0094891568184126
TEST_05895,1.40301643425518,0.343917478509318,0.321688592754524
TEST_05896,2.5936773008976357,0.2550329167172013,0.8998117633922494
TEST_05897,2.170886073263004,0.3814945440504325,-0.0494474329420474
TEST_05898,5.403242989219251,-0.964433362853485,0.06612057233337167
TEST_05899,3.5112002360202346,1.1967588203055144,-0.7483018094171265
TEST_05900,2.0204305629767627,-0.313603831554503,0.5109125944223568
TEST_05901,1.5234245323651951,0.2981557362652468,-0.2553715609672501
TEST_05902,2.079290529739926,-0.768042763409968,-0.1334404238419686
TEST_05903,2.1591512961433326,-1.0704347570824222,-0.13405099646527627
TEST_05904,1.1523452648390644,-0.20477286678239573,-0.07868707820392493
TEST_05905,3.8255415420962775,-0.18586218259677445,1.7907035944851624
TEST_05906,1.450282072485191,0.470106328794998,-0.4875395387723675
TEST_05907,3.5960057569506314,0.17106108288947922,-0.37331250264927346
TEST_05908,2.7223655410909657,-0.7618025862719647,0.3707578607142051
TEST_05909,4.099586858450039,0.5202939094329163,1.053209707314692
TEST_05910,3.1604204962374105,0.2710291182442497,-0.9025841205449215
TEST_05911,1.7971459694834844,-0.487316695870995,0.18940261289035848
TEST_05912,2.493629804880581,-0.14462461107791544,0.32726408466803225
TEST_05913,3.1799501545002795,-1.4306563229476843,-0.2816632200379774
TEST_05914,2.4904700544730023,0.05251147027538599,0.07988397451116767
TEST_05915,1.605432057819381,0.11238687304859447,-0.2605266390591426
TEST_05916,1.2760180823820706,0.16934435667221465,-0.17094993923555474
TEST_05917,3.490695399179931,0.5089667905877414,0.33596200274961535
TEST_05918,1.683146428759271,-0.08282665441495873,-0.36980013637301856
TEST_05919,4.766193237449614,-0.9404057410720699,1.1936266474067663
TEST_05920,3.285546764385546,1.2403577166983135,0.8264955795545252
TEST_05921,0.9638884576641855,-0.6236703222089656,0.23488199473215965
TEST_05922,2.6643869411926557,0.390443264637984,1.7572231326731313
TEST_05923,1.2502616209796364,0.27050906467207314,-0.12179783134404223
TEST_05924,3.140195496001623,0.7863912058916729,-0.3844949444652152
TEST_05925,1.0027860491177685,-0.3568042186689803,0.3285501322716461
TEST_05926,2.0853808810784216,0.4238847886085639,-0.13216705088059427
TEST_05927,2.952444685282911,0.6094618364605835,-0.06058802239508646
TEST_05928,3.712138723541559,-1.778090909877701,-0.010507056815650855
TEST_05929,3.038745096631225,0.6262481264280152,-0.1469008668654371
TEST_05930,2.58366293423423,-0.014801881877882969,-0.20003794471820552
TEST_05931,4.043846562396793,0.27661001060895324,1.1161916770842288
TEST_05932,3.332315030295725,-0.95932276558581,1.1672586870308521
TEST_05933,1.4530322662704789,0.3355759226005803,-0.21916382148901245
TEST_05934,2.825655141756373,0.9427777344445408,0.4013146129792084
TEST_05935,2.478617289302488,0.24507295915411076,-0.31085586631769035
TEST_05936,2.9771186359038304,0.4463059237353094,0.5774724062845048
TEST_05937,3.403199360083958,1.854833165399676,-0.1602707074981711
TEST_05938,2.8892098164184072,-0.8119841337929499,-0.8786665719682663
TEST_05939,3.4743025290598957,1.3722817565335605,-0.050860447062706246
TEST_05940,2.996598234642448,-0.845902560274963,-0.5457241173568333
TEST_05941,2.9899570672703404,0.19671974505190248,0.448098055180852
TEST_05942,1.4004053315171359,-0.553889514060732,0.17953834821561634
TEST_05943,3.615521518148942,0.639249850314703,0.8993232079676408
TEST_05944,1.4971310132874176,0.08455213999726413,-0.1465867275210998
TEST_05945,2.584700775520207,0.4844200303431516,0.05748898643894049
TEST_05946,2.344774774657295,0.4354045126170797,0.2915077670956489
TEST_05947,2.3690063051136403,-0.3992274006996072,0.03101505315754806
TEST_05948,1.9307889341464102,-0.45640681429324226,0.3985376289968366
TEST_05949,4.165702023293527,-1.6030893565803506,-0.16121511803363311
TEST_05950,5.282027412923617,0.4018085164674924,1.5433072856413697
TEST_05951,2.528408151720985,0.773476849956693,0.6580735435196151
TEST_05952,3.3648467231941925,1.5639939146230273,1.0163938989961265
TEST_05953,3.3136110818196296,0.4591039099216661,0.35901439449418615
TEST_05954,2.559279112973318,-0.46690646016649895,0.5811313625080025
TEST_05955,1.6920130871431704,-0.19761547910230337,0.26197373543318236
TEST_05956,3.90671632658616,-1.14788793920486,0.3006568523006318
TEST_05957,1.7604508005809525,-0.243682302646667,0.26736427878361646
TEST_05958,1.6897022322328128,0.8592770735189031,-0.6557670971519629
TEST_05959,3.6887801762490557,-0.7923854143667808,-1.3099031468404936
TEST_05960,4.542342215761991,-1.3976010039377802,1.2257951256149433
TEST_05961,4.980249013342006,2.026268615085452,-0.6884723085463977
TEST_05962,1.7083254629602902,0.7467204627276642,0.24335074301141316
TEST_05963,0.9682739119369703,-0.4344643733897087,0.2804261865416863
TEST_05964,1.8991486058357954,0.6662076439376371,-0.03126289850389344
TEST_05965,1.7559882859254716,-0.5782601461818904,-0.004503180666072018
TEST_05966,2.5453415781554978,0.20815674267552794,-0.9695854804856454
TEST_05967,3.6650844393985635,1.0764065719384448,-0.5747908113307799
TEST_05968,2.5242748647310256,-0.4575837496202899,-0.8629958701437463
TEST_05969,2.620088196104768,0.03560905173253153,0.18078997808610853
TEST_05970,1.5675417187613698,-0.18121288049931575,0.22284886046965882
TEST_05971,3.2184925360105843,0.23564706560685927,-0.6478343396458515
TEST_05972,4.429654938868426,0.8307136216388377,0.028411204480750796
TEST_05973,1.7705333629584867,-0.08098388162287512,-0.05869296040069388
TEST_05974,2.066353974624319,-0.889470812975639,0.7901476436432687
TEST_05975,2.4976506434829053,0.15466295817305004,-0.2148988911336294
TEST_05976,2.9424571095555385,0.916902138606666,-0.06713059411348682
TEST_05977,1.639408629478073,0.8539371485887763,0.23816490931008105
TEST_05978,1.5128904666412333,-0.25209862577487374,-0.8619444006919184
TEST_05979,1.1796849585634057,0.011370860204545257,-0.2921352386695952
TEST_05980,2.457236559106516,-0.11533568584429173,1.025178630925549
TEST_05981,3.369010585244179,-0.07963258724233582,0.6182701829598849
TEST_05982,1.7664628651863967,0.18001435395623755,0.29720238142242034
TEST_05983,2.052333767218582,-0.8129458501245792,0.6601789586006362
TEST_05984,3.270504896330783,-0.4130499811858076,0.747630046764374
TEST_05985,2.535821954006223,0.6283308199033742,1.4172835998757056
TEST_05986,2.0647625931709084,-0.42541682522324903,0.872788914947723
TEST_05987,2.3509451973042403,0.1655444599366285,-0.3913033522827008
TEST_05988,1.9960823903004492,0.6081482893928937,0.20296156438669435
TEST_05989,4.233366359802838,-0.9237140035078424,0.28461519104996397
TEST_05990,4.774458818146635,-0.38606390721704154,0.33326093810201907
TEST_05991,2.446966572746217,-0.37352243163404353,-0.49645720937367105
TEST_05992,2.3730820499798697,-0.9894539830410084,-0.2297757596723952
TEST_05993,3.40426415844356,1.6660327047074823,-0.8903342694617944
TEST_05994,2.3549747590959416,0.2453445224006625,-0.02940863219907635
TEST_05995,2.210594633749028,-0.7924968440115862,-0.2737448590913736
TEST_05996,4.184471805759243,2.136170918365324,-0.5480671707441135
TEST_05997,3.3610227181708776,-0.6812331155089488,0.9849510066166405
TEST_05998,2.0472116007129224,0.9871205342241347,-0.27144504869880187
TEST_05999,4.822465077031248,-0.012760959563490047,0.4534933138966553
TEST_06000,2.8898697576448904,0.16465951778451957,0.352133016752937
TEST_06001,1.7659634891335723,1.2070416455980397,0.26519183454664513
TEST_06002,3.4684348440309707,-0.5355718491715892,1.2511134452039705
TEST_06003,0.7877022698904549,-0.30024969375479854,0.23632526069923962
TEST_06004,3.4506521960175958,0.8609652927765639,-0.1999734801983176
TEST_06005,2.6191734521688734,-0.7804972983961589,-0.9620233190819198
TEST_06006,4.286331393467515,-0.6554521301987137,0.018285868599924007
TEST_06007,2.5255906506159294,0.16325246600334892,-0.6200884717111972
TEST_06008,1.573212172349734,-1.0740274396168732,-0.290159387263137
TEST_06009,1.7632613892427307,-0.1403030064173583,0.26349368896355185
TEST_06010,1.7875154842574061,-0.2119700544858721,0.04456975791274148
TEST_06011,3.1534166253982843,0.17510771292841518,-0.6276046126364522
TEST_06012,3.2419192588829766,-1.7004363020101043,-0.39971926705220434
TEST_06013,2.86958014639313,-0.0825095442246698,0.3117829930308652
TEST_06014,1.7392329870317074,0.5610987196695287,0.06727521354227227
TEST_06015,1.8539794182240195,0.3410221002015775,0.5506408674129927
TEST_06016,2.137306131243367,0.5611285494331583,0.2223023431255431
TEST_06017,1.2607556013593624,-0.1595717954818917,-0.7415911766373521
TEST_06018,2.764895105515459,1.21865757552711,0.555130533866345
TEST_06019,4.665375055639668,0.16781914676478396,1.2156176951429583
TEST_06020,2.947182743961382,-0.0727018056260232,-0.6443334011399324
TEST_06021,3.3835580436594452,-0.03542057609176115,0.5888081396887676
TEST_06022,1.6458855967691024,-0.08464393193663766,0.25061892109459427
TEST_06023,4.101118300389231,-0.11613666916199218,-0.25294843397850925
TEST_06024,3.3623517196083825,-0.3651515160872614,-0.4150121945279299
TEST_06025,3.4436862819971767,1.7620131270072832,-0.3307821119239646
TEST_06026,2.218913880911456,0.11125695112849185,-0.40644775087645263
TEST_06027,1.628375172155696,0.5494676266445572,0.2813185019273282
TEST_06028,2.042258056263726,0.756181710201019,0.19872431854042427
TEST_06029,4.166624317637514,-0.7430606953213443,-0.760192317508093
TEST_06030,3.235932021040893,1.1452261167411957,1.0828718079113433
TEST_06031,1.4491910809636195,0.13128732839818477,-0.23268042225440153
TEST_06032,2.7778382774462815,0.4065612942064878,-0.12882957425900338
TEST_06033,3.773092552979462,-1.517392821972591,-0.2312300854347514
TEST_06034,3.257254887073539,0.5981792278965116,0.2620457045848396
TEST_06035,1.0439955505598462,-0.06183633997206714,0.11117882835224151
TEST_06036,3.915991606847053,-0.26412452919085244,1.1838094013523732
TEST_06037,3.454606749551273,0.44370399127303894,0.8866877688109152
TEST_06038,2.4421370881295816,-0.42460912614970275,0.6254894456229618
TEST_06039,3.7350705802181237,-1.3454930034017707,-0.4092712024968032
TEST_06040,1.3826496948686742,-0.7786363409304444,0.46764300902699296
TEST_06041,1.8885663358725602,0.18509319283961503,-0.2975080634687063
TEST_06042,1.6106453605003224,-0.27218344672311423,0.1305978964182704
TEST_06043,2.7853316559390784,-1.0138839760944418,0.23186697660517255
TEST_06044,3.8018109120941395,1.447757520350521,0.9038044685635518
TEST_06045,1.9796404071583695,-0.9727006197140275,0.21105435142381243
TEST_06046,3.050131269754972,0.20734542166883058,-0.15056689289742972
TEST_06047,3.437633696754393,-0.1762331911948176,-0.06967100953198313
TEST_06048,1.20468734982681,0.24042106934991986,0.43505197159040937
TEST_06049,2.390398897190223,0.38300988925617296,-0.08657764828218914
TEST_06050,3.3379771277793404,0.20063502676891606,0.5755663013023788
TEST_06051,4.258842466414778,0.14803342936641853,-1.2028608046270906
TEST_06052,4.797947044759554,-0.1630148706623121,0.25741044200104624
TEST_06053,2.3953472330274517,0.057579252910191905,-0.15270030251522496
TEST_06054,1.640575612306801,-1.0667271962115668,-0.14608877110655735
TEST_06055,1.8089278096250783,-0.25359927859357784,-0.10257453279326555
TEST_06056,2.0732142101322015,0.6391460276310557,0.37496826680493717
TEST_06057,1.0879343485916517,0.4925051567497396,0.46450641375541646
TEST_06058,4.108687682397628,-0.05518035899711039,0.3707861457420997
TEST_06059,2.3414520182359824,-0.3003517546194993,-0.4022644029742031
TEST_06060,2.8805758163732262,-0.09642653886339833,0.1674723581452782
TEST_06061,1.6123229348799202,-0.13865432897267008,0.09344246059953701
TEST_06062,2.3115800166072744,0.6417644993116547,0.7710721525140612
TEST_06063,3.4794130378693957,-0.10891465361968757,-0.33666875379982514
TEST_06064,2.9967295986455618,0.45753870911526157,0.6268552539285965
TEST_06065,3.5257569921954413,-1.6543126380791933,1.2754481365671946
TEST_06066,3.589344762677824,-0.08145409042425178,0.8294937822802738
TEST_06067,2.619646431910881,-0.15684154212914006,-0.2695749861214477
TEST_06068,2.5249509548656595,-0.4532184595343535,-0.0745026596156051
TEST_06069,4.234089168753667,0.528087632312815,-0.8191436646614563
TEST_06070,2.8000368123204655,-1.3394835722593093,0.297108392855861
TEST_06071,1.6916327873980936,-0.5526389949190106,-0.2193570120080697
TEST_06072,2.3117772916990327,-1.0112920954248843,-0.08197231124225911
TEST_06073,3.4623394868894892,-2.1379253505438087,-0.6844769446975177
TEST_06074,3.202269530646276,-0.48595811768147396,0.5451595451862623
TEST_06075,1.5563221941943708,0.18513833046956385,0.4624826618462177
TEST_06076,2.917890891436199,0.8348988197084151,-0.34127599651024865
TEST_06077,1.7065126042317655,-0.16443653876646536,0.08369393729530747
TEST_06078,1.9166459158283988,-0.19940936864562028,-0.4264130303274515
TEST_06079,4.259779850313628,1.7116646561175626,1.5362456926157741
TEST_06080,4.188853933288618,-0.27098580735108446,0.5044333210468495
TEST_06081,3.766467468465224,2.2939064655224137,1.367168099688648
TEST_06082,2.642714429880773,-0.7571486242529492,-0.5895189788866053
TEST_06083,2.667859549338341,1.8619036946634362,1.006199029092397
TEST_06084,2.5651090355964796,-1.2343888580139106,1.1045761510903114
TEST_06085,1.6926444216151977,-0.30128987186206235,-0.357210949738752
TEST_06086,2.362742893209204,1.1261429313888047,0.5892064710011983
TEST_06087,1.5739523290015305,0.47035173398455726,0.014509843163633785
TEST_06088,4.6665059327475396,-1.6525168491877473,1.2096750628022102
TEST_06089,2.886320310449088,0.23683254326269196,0.2094511367953237
TEST_06090,2.482650317556673,0.6467670208302013,0.19560576929252266
TEST_06091,2.367119731088112,-0.09760813137838373,-0.5932110643937609
TEST_06092,3.921152463436231,1.18855427173727,-1.3537920167585107
TEST_06093,1.1693918166183572,-0.20363565521961605,0.27142236411105
TEST_06094,3.525609315926452,-0.6188067011585344,1.186038749912218
TEST_06095,3.4773799839960673,0.8931363518472387,0.28931625430549074
TEST_06096,2.514231236849535,0.20369937694374698,0.2414389974209981
TEST_06097,2.7285470496025193,0.4749927482802848,0.3311439639935647
TEST_06098,4.382683235297434,-1.543592845722323,-0.03689928968909819
TEST_06099,3.1954442356555997,1.3542568104399797,1.2314053299142946
TEST_06100,2.5367555061129305,-0.746156895918455,-0.38993863496435316
TEST_06101,3.033306833132759,0.42726543457221694,0.6886475951232799
TEST_06102,2.2264299586808196,0.45287756392165485,-0.6042013206371674
TEST_06103,2.0828379846767113,0.6883793414210736,-0.3011423200772459
TEST_06104,4.182447838401752,-0.05593486686650216,1.0804235027383386
TEST_06105,1.5884330040539325,1.1325388729650907,-0.6266989079577469
TEST_06106,2.340710917567785,-0.011188742617388793,-0.807210395187434
TEST_06107,4.230797201909323,0.7508854258067578,0.8954372145940913
TEST_06108,2.152309116032429,-0.5706608420063615,0.17434520551664096
TEST_06109,2.480978463243331,-0.5731073712453363,0.5465025879311779
TEST_06110,1.134648459629097,0.426588758903637,-0.033633657556210866
TEST_06111,2.539167283149256,-0.5799240399249487,0.2943751432953428
TEST_06112,2.9941044442411973,1.3221040739053196,1.0460159287446618
TEST_06113,2.454576677024103,-0.12372372460557945,0.5911822335240905
TEST_06114,1.9215099148532329,0.17038725403073085,0.17733366378171644
TEST_06115,2.3298013910515567,0.613877631534105,0.889529397681472
TEST_06116,3.9041884776190656,-0.6299776992631192,0.9805230420368027
TEST_06117,2.2489563035941074,-1.0249091369440604,-0.024276173300663006
TEST_06118,2.626408890254621,1.1985980462793657,0.5064971731488589
TEST_06119,5.843324233657704,0.7869773806143562,-0.4791805579920742
TEST_06120,3.135538882681185,-0.5217715732361154,-1.1148838262758238
TEST_06121,2.1242505363876822,1.2732233014879362,-0.3079944011947153
TEST_06122,1.897233999064915,0.9014987526914464,-0.3409459409956831
TEST_06123,2.522955821976791,-2.2745602921096837,0.21947232019989465
TEST_06124,2.4127115274094617,0.39365871589946794,0.8610175294424943
TEST_06125,1.5969753018741262,0.27871253129334456,-0.20376154259868712
TEST_06126,5.180851004732622,-0.08353387149851506,0.1126967846018377
TEST_06127,2.0589804622272054,0.5290263051355615,-0.5042704906462353
TEST_06128,2.7566036717885996,0.7672726160947099,-1.0189690674309897
TEST_06129,3.226260310372581,-0.17233375040888133,0.1638149694698859
TEST_06130,2.571417771695834,0.003081366716943722,-0.6056184342872443
TEST_06131,4.36092484999542,0.3321497630399387,-0.34005593291526587
TEST_06132,4.775523491132179,-0.1515201894826786,1.775473520929653
TEST_06133,2.0617933974864,-0.43871325959361435,0.5338850564935467
TEST_06134,2.4345147178983533,-0.01426886412071869,-1.07326125432133
TEST_06135,2.6438977526427685,-0.7978157542169563,-0.1592046926311118
TEST_06136,1.6230405709344011,-1.1242315096757,-0.3218530710428809
TEST_06137,2.216356932930553,0.5460571308175821,-0.7308565819058312
TEST_06138,4.555257054434138,0.2929766472283203,0.7797055062766689
TEST_06139,2.9471246121923005,0.15348296538028908,-0.8741589147633463
TEST_06140,2.694424568182961,-0.901063403416983,0.8731066736984197
TEST_06141,3.049748451482479,-0.18123497860407958,-0.6200902989818285
TEST_06142,2.2020525138813642,0.9405837260534388,-0.671090640234871
TEST_06143,1.4442260320483569,-0.3799091332199585,0.37188146355795065
TEST_06144,1.6988129298317813,-0.6566156620861007,0.050759960067245535
TEST_06145,3.7420216905539814,-0.668240670955544,0.6415030412954276
TEST_06146,2.136293980330511,-0.18491346498857442,0.14784644706510539
TEST_06147,3.4506002858188176,-0.39491130500037186,-0.6785033495414632
TEST_06148,2.5276985421755107,-0.5610821416626769,0.6665425669272608
TEST_06149,2.3111126000596802,1.1833605975694574,1.3992160695083853
TEST_06150,4.283700213618818,-1.5743358186096308,1.684074084033812
TEST_06151,2.8651268058308332,-1.3260432184167803,0.37284857805783433
TEST_06152,1.1862205762720452,0.47576577038885326,-0.035246014576578256
TEST_06153,2.690936422685934,0.17314030095993382,0.7874813283834764
TEST_06154,3.056362611839832,-0.3897975806143574,1.313805639831891
TEST_06155,2.1130944557968014,-0.0813650734422116,0.02249656142701305
TEST_06156,2.239387712974166,1.2348203210536919,-0.4937452306422329
TEST_06157,3.504128365692386,-2.2268033797974223,-0.8677947972034094
TEST_06158,2.6037243799780505,1.7178581399862505,-1.0226274852731754
TEST_06159,0.9534290699284786,0.4438308737539711,0.118353860719008
TEST_06160,2.909644702006291,-1.6498976902033184,-1.2784780694441227
TEST_06161,1.4382538571877257,-0.5030659925423019,-0.16527257267504783
TEST_06162,1.4384585748933643,-1.2427184269558982,-0.2944993399342951
TEST_06163,2.497622859540341,-0.4772391049552796,0.012072241600890914
TEST_06164,3.2680342554048902,1.4980883055036902,1.7211651617091437
TEST_06165,1.304165934926729,0.19696181755652248,-0.058916229975511526
TEST_06166,1.8847246168428524,-0.32087388823208024,-0.13212954809261188
TEST_06167,4.470497473765662,0.1049627645979001,0.005631348672924616
TEST_06168,2.523566224206705,-1.21567951008817,0.7527622652968949
TEST_06169,2.7400479208297726,-0.3757407760511335,0.06111619304129724
TEST_06170,1.60029534302212,-0.3928126836240084,0.22998537436371894
TEST_06171,2.7776714039665436,-0.13838923539097642,-0.20713294231944915
TEST_06172,3.2895283743774586,-1.1223088936106718,1.0926954187540214
TEST_06173,2.2934321710692105,0.5409588551734604,0.3335587346209142
TEST_06174,1.6292084744113693,0.014851949713822277,-0.5122364161614574
TEST_06175,1.7986099045376511,-0.33772018604910414,0.17270595696853125
TEST_06176,2.4112774638422008,-0.9234157687133117,-0.8360155268520464
TEST_06177,3.100424625417667,-0.5332092171606699,0.855974085567158
TEST_06178,2.565935137257405,0.9682829396030703,1.2237600501546808
TEST_06179,0.9715803854523578,0.2153924783026008,-0.2661288841034265
TEST_06180,1.4780850233637073,-0.15547288695905387,-0.10337403109872634
TEST_06181,2.8183924611692075,-0.2679081560845644,-0.6424364092785427
TEST_06182,1.9485297420589176,0.22845755806172124,0.0817808193633866
TEST_06183,1.3529938662797873,0.15239184566396277,-0.006440842900367082
TEST_06184,1.22399486464227,-0.24122793975440388,-0.1319193701157056
TEST_06185,4.025721414237804,-0.9687360873001626,0.29048075601406337
TEST_06186,2.678044116845055,-0.14082032265252573,0.03233564384355453
TEST_06187,3.597526893049607,0.8387700392330134,0.8652926895931756
TEST_06188,2.902624145774183,-0.4507470694490592,0.07827475105335101
TEST_06189,4.92015702525345,-0.5556358410399376,0.8788604576123239
TEST_06190,3.008444385084551,1.6592701780520385,1.3188836032460312
TEST_06191,1.8481348322288984,-0.9386749796556748,-0.40667725255059256
TEST_06192,3.3851020620626535,0.0061656939570636365,0.4948139258594602
TEST_06193,2.55646999374006,0.26813619729028176,0.09428920788053671
TEST_06194,2.6139932687962104,0.05266199057427981,0.49407015335572846
TEST_06195,0.8113117007853781,-0.12827723546979275,0.007889506854525302
TEST_06196,2.9052046430999434,-1.6099233481950563,0.13584700468440816
TEST_06197,2.2318087566037224,-0.7466436220225656,0.7941520972123642
TEST_06198,2.946618885165601,-1.4118210744426,0.7057142924064581
TEST_06199,4.8387387854774415,-0.46210409276748693,-1.261998629456445
TEST_06200,2.8997638525026224,-1.5919462586029947,-0.8068418566872138
TEST_06201,3.579616255829597,-0.48124451528551443,0.4276452698773928
TEST_06202,1.4064120137527307,-0.28297271327555856,0.558391559141667
TEST_06203,2.6306564239984187,0.669510373505216,-0.4345343721966859
TEST_06204,2.2820562075767445,0.29334214051577384,0.9914244813229905
TEST_06205,0.8980077807189649,-0.17056914767899004,-0.012970766262765335
TEST_06206,1.3166855394360517,0.5905709359115406,-0.28378960221392885
TEST_06207,4.863779149089852,1.2624450862450702,-0.16930353320387023
TEST_06208,2.6528158182632517,1.8235562000160204,-0.651663399246626
TEST_06209,2.003372866331598,0.4871363963750574,-0.14025353532593635
TEST_06210,1.2255648605252332,-0.3453034457516425,-0.2168288158672431
TEST_06211,2.239041288055113,-0.581585615792622,0.6723122415057057
TEST_06212,3.4138481702915717,1.2525501513795352,0.37703317629906924
TEST_06213,2.70448648785945,-0.4587910517643735,0.16153713171529052
TEST_06214,3.018483564715579,-0.1796441221541121,1.4673625308452833
TEST_06215,1.176980458054237,0.6111646426429191,-0.3110847009363713
TEST_06216,1.5334018583549014,-1.0786333457597979,1.0006283287660194
TEST_06217,2.3508619660348136,0.731596260052427,-0.6580472232127346
TEST_06218,3.866004001592604,-1.1509590463839483,1.2107430755875404
TEST_06219,3.95113486276061,1.262463773185529,-0.9781515094384203
TEST_06220,1.2526474564806187,0.2813746353212958,-0.25248921782155564
TEST_06221,3.5757197946459347,-0.31079447192335946,0.6041644630126534
TEST_06222,1.1655005117090358,-0.08088131425963443,-0.03321143866075558
TEST_06223,3.3685104936646098,-0.14204285733350158,-0.3066278304232465
TEST_06224,1.7404353050492356,0.5908240223150474,-0.328623153234808
TEST_06225,3.133205531542211,1.4032031384510315,0.5893529185367601
TEST_06226,3.2030087799892875,-0.050093183910303644,-1.0607979009221022
TEST_06227,1.7025529605641703,0.19920981378939429,-0.09802254849271437
TEST_06228,2.5443033878755927,-0.9171310739028283,0.49004642164419165
TEST_06229,4.6347611492222205,0.902422770287657,-1.0195544953183147
TEST_06230,2.299153986975955,0.3649955554591622,-0.6712607040041827
TEST_06231,2.340057668724631,-0.06463264541849408,0.0457670635617758
TEST_06232,3.7570821123016667,-0.9056747901897428,0.5762366896079502
TEST_06233,2.662469188677583,0.2803534215787764,-0.41506735172156606
TEST_06234,3.1439180070430224,-0.2842100241144597,0.1213371945734414
TEST_06235,1.500678965808785,0.6098538965436766,-0.5039540039059146
TEST_06236,3.6657397647819003,2.1877055141400406,0.7591801906745484
TEST_06237,3.6212010758493807,1.7861687641942705,0.8027268599685649
TEST_06238,3.259111814950929,0.523485867878037,1.2617530262234333
TEST_06239,1.0612906155170538,-0.4143825970110192,-0.17366024293258056
TEST_06240,3.9550079356429046,-2.118390610361826,-1.1285279751713246
TEST_06241,4.449004825943361,-0.09164835979883387,0.22578560521145824
TEST_06242,0.9333565551023896,0.5880912231600064,0.2763886934009704
TEST_06243,3.993504693910648,-1.1788612547192177,-0.5437698606872372
TEST_06244,3.4253187429082197,-0.3438401148087334,0.16118940659098951
TEST_06245,1.5305317938945484,0.47978985236366384,-0.32855807937532366
TEST_06246,3.4864445518164517,1.0831401279030444,1.1367560896828366
TEST_06247,3.774984763239107,1.4059613396942887,0.5443599523346313
TEST_06248,4.484254779712096,0.9253715826890423,0.6150380845413267
TEST_06249,2.18048042897781,0.27633002229892767,0.1699738094956718
TEST_06250,3.118062957034436,0.6413538788852712,-0.8269741831492328
TEST_06251,3.5103254330238314,-0.13791078491004044,-0.1852542708291952
TEST_06252,1.9638376036701255,1.50459796788511,-0.46965870074714794
TEST_06253,3.098399638928923,0.05068376312248467,0.49830538147106557
TEST_06254,1.1568638539664153,-0.06739400040217004,0.22786518708514283
TEST_06255,4.231620196112193,0.35937478516225957,0.8336007931596134
TEST_06256,1.8279314595354883,0.5817324808051257,0.20257917721726673
TEST_06257,3.2289255964488883,-0.4322767309444211,-0.5473794390473723
TEST_06258,3.169546786336816,1.1610277596887175,-0.10710032063848418
TEST_06259,4.167276327419647,-0.8359912132449436,0.994200795512378
TEST_06260,2.2528475930221212,0.7546951019330035,-0.7331686563430795
TEST_06261,3.46032652874036,-0.4751707116227576,-0.842803086208243
TEST_06262,1.9085361003284753,-0.41261196172179104,-0.35202235530339204
TEST_06263,1.3798194940626325,0.10394848106104218,-0.5643486263714009
TEST_06264,3.5603124056433693,-0.5746187001804782,0.20804004068279477
TEST_06265,1.3487072195607255,-0.5939880977152695,-0.5401349351607898
TEST_06266,2.4724276839029677,0.23252875287546446,-0.40515381277022133
TEST_06267,1.487689739851546,0.019583665204536423,0.4193375388711484
TEST_06268,2.196819211254198,-0.9335205723486809,0.004618623791302529
TEST_06269,0.9522221368704472,0.31399537640153985,-0.052443264966556456
TEST_06270,4.909314149283008,-1.181976988369571,1.278459332081451
TEST_06271,2.069261459162011,-0.4352976217353426,0.10754686997156963
TEST_06272,1.7295339402077445,0.47788780461236297,0.5509373095822956
TEST_06273,2.510879239261499,1.495363484098796,-0.795482224643697
TEST_06274,3.0526296234498993,0.04321657182466684,0.9167566436587335
TEST_06275,1.9105169778944813,-0.5696093631502821,-0.2296465663652784
TEST_06276,4.6272104067260535,0.8792724622576872,-0.5025834335747829
TEST_06277,2.1586036386786627,0.6424362416170849,0.29482107955181824
TEST_06278,1.307945095325273,-0.4793561173276953,0.6019630449997473
TEST_06279,1.58167267701807,-0.917891162674486,-0.559850182766661
TEST_06280,3.1216679218752033,0.2885517332766623,0.4745319134217918
TEST_06281,4.271212225450356,-0.009376355241034775,0.8214987975281495
TEST_06282,3.4011523978206384,-0.2052069269390373,1.1916521982419062
TEST_06283,1.3139425778668103,-0.955199215288738,0.11476208672664533
TEST_06284,1.778218827766639,-0.012492500736188593,-0.19222829235708364
TEST_06285,1.1272220022794845,0.20765327191580074,0.2503620770099629
TEST_06286,4.513524473969027,0.17262199651915233,0.2406117838667115
TEST_06287,1.6919597301761164,0.029325510789635426,-0.1573641868720646
TEST_06288,5.220052434854092,-0.8187898387043914,0.3439685204760614
TEST_06289,2.9874380010949415,0.340376427600797,-0.42678441715737697
TEST_06290,3.3278765436668167,0.20731923729973206,-0.02829760282587261
TEST_06291,1.2406089820096358,0.16484566870754327,0.22956137001241264
TEST_06292,1.6882253381412844,1.1619274504361374,0.7747643427163963
TEST_06293,2.928630764487071,-0.34371508049404575,0.20474078506474547
TEST_06294,2.310331040417831,-1.2937793989659157,-0.18029933923861585
TEST_06295,3.4879754279423487,1.0200109546288465,-0.6324496898361794
TEST_06296,2.005661119956215,-1.3328220160919906,-0.18676319752415016
TEST_06297,1.82889917622288,0.14862817620600216,0.15470095715752558
TEST_06298,1.8108678528837496,-0.5434921680735479,-0.7222632495445703
TEST_06299,3.167640836558618,-1.2318982869521091,0.06801013395994213
TEST_06300,1.7013879184635385,-0.1955163146332561,0.11392388163515062
TEST_06301,3.5051695055030563,-0.04845250451932706,0.3485416891785454
TEST_06302,1.2231040642170725,0.186996522383183,0.28224475380540165
TEST_06303,1.8869888831838397,-0.37523136975480487,-0.21308425864502847
TEST_06304,3.8384031332195794,-0.22701687446934102,0.30143236941012874
TEST_06305,4.207703285827593,-0.41070546094597654,-0.3774515060491356
TEST_06306,2.4285612610422405,0.2646117865796808,-0.0963742212004948
TEST_06307,3.605765704593414,-0.10691062377767736,0.10241852824414618
TEST_06308,2.5968918658917786,1.0096104585741004,0.6300501327024252
TEST_06309,2.9678965033108202,-1.2956337000571385,-0.21147649025920207
TEST_06310,1.884026216221554,-0.42519300859866355,-0.0748248598353558
TEST_06311,2.362747719660015,-0.019623051728084512,-0.06507114811025475
TEST_06312,2.53561223733559,0.33605909090895886,0.9276362121624783
TEST_06313,2.1899939409626383,0.3023738961875718,0.41130541553682687
TEST_06314,3.062537467426011,-0.2836872512370418,0.8739329983722278
TEST_06315,1.9643061445549788,-0.0318124393681419,0.0451869213955531
TEST_06316,3.5101952254331374,-1.7037773169469683,-0.672154785905562
TEST_06317,1.9077882931302983,-0.4850584646048966,0.20874714878731965
TEST_06318,3.8052086932752496,1.3241623752442833,-0.7399234542062758
TEST_06319,4.190142469188784,-1.1588892146147656,0.4978916177953585
TEST_06320,1.7156999362579073,1.1418971961865443,-0.25394134198555657
TEST_06321,4.591285470348307,-1.3530380225514973,1.2840087215056837
TEST_06322,3.7233837546766493,-0.08221266091047097,0.6144334557660908
TEST_06323,3.5207205644461936,-1.1179586486543913,-0.14254810962848177
TEST_06324,1.860241340282832,0.04153420259058651,0.28654132355730527
TEST_06325,2.295807165231315,-0.4898734178443499,0.10512414060680901
TEST_06326,2.685109198487583,-0.8569245729532299,0.8291696689999123
TEST_06327,2.8542834476576444,-0.7665721953619454,-1.0071992276986168
TEST_06328,5.390738972214482,-2.351744997680854,0.9217228886688354
TEST_06329,3.377971280102967,-0.3072875547096237,-0.22585620509794208
TEST_06330,1.4662594595328322,-0.6214168336545053,0.10799487414464119
TEST_06331,1.3509502334707872,0.5304697060717412,-0.09875548265180846
TEST_06332,2.0764755073736008,-0.9877935062091898,-0.26728619148500676
TEST_06333,2.345638836757113,-0.2840118051703488,-0.09394975478704452
TEST_06334,3.572753926252551,-1.2043260559910098,-0.47664853872537294
TEST_06335,2.304950404577489,0.5856482968869322,0.38301619128295294
TEST_06336,2.1247748368323793,-0.712078716981903,0.0683206642947145
TEST_06337,3.0492129740822946,-0.7226169867688012,1.239205316949994
TEST_06338,2.2651287268530296,-0.46590430365587415,0.38303055663875657
TEST_06339,4.245150211278617,-0.9271197113114602,-0.2606742162691342
TEST_06340,2.949838451827575,-0.4188274898717509,-0.057337691052248146
TEST_06341,1.1147793622085616,0.08577426777161246,0.16380001905318145
TEST_06342,1.7153155472171098,0.05052066465210595,0.5196541523086188
TEST_06343,2.843625997240677,-0.07631420572938895,-0.14739801267767702
TEST_06344,1.852834302827259,0.33310065374077513,-0.34411055656185263
TEST_06345,3.577019408837204,-0.8352298797634443,-0.3300546973895617
TEST_06346,2.473826788581087,-0.41219648915719354,-0.6199653254130304
TEST_06347,3.99781374791587,0.1684642175508082,0.8187029953099234
TEST_06348,2.7577833255416584,-0.45301590397009706,0.5246572388867351
TEST_06349,3.3194171807738915,-1.1375065344315514,-0.5958318684548649
TEST_06350,1.529747905139375,0.780223720446946,-0.3161816144322437
TEST_06351,2.7806554419089116,0.5917718268931528,-0.5540095455973798
TEST_06352,3.368540563593452,-0.9850272654150546,-1.0180174174201284
TEST_06353,3.9131176906447123,-0.7110444576807801,0.5893419936959867
TEST_06354,3.4131861117165525,0.6596117912208165,1.435419006570976
TEST_06355,1.0178779679891818,0.10021341891856536,0.32638977162520044
TEST_06356,2.1068142913159944,1.2738273417741335,-0.3171335207873706
TEST_06357,3.1660824168812445,0.9146468671276617,0.2706459238180083
TEST_06358,2.7668710740190785,-0.6317119619886894,-0.26868560924233953
TEST_06359,4.830939834083819,0.5756157923336227,0.3898951240299605
TEST_06360,4.056207305469335,-0.13480939286520807,-0.15239942240036644
TEST_06361,3.8181217977779256,0.9636677481169391,0.09378042768962255
TEST_06362,4.257172802561205,0.7358344033342885,0.5968523330721017
TEST_06363,4.035749805448565,-0.1336408249592488,0.7234968103846118
TEST_06364,2.0007878122101275,0.9704683392975876,-0.217267421495155
TEST_06365,2.1132577844310902,-0.8469505762574818,0.5177051030532166
TEST_06366,2.936462926353485,-0.3213765876216727,-0.17346982093870386
TEST_06367,4.62136451354616,-0.4453459937578789,1.2699844750958316
TEST_06368,4.899893997550362,-2.0174574576557807,-0.6529863723006422
TEST_06369,0.6888253994492602,-0.05079422301237311,-0.11214721002998033
TEST_06370,1.966854008347084,-0.7001728545408127,-0.20648230626560804
TEST_06371,1.229788012641949,0.15746698317221325,-0.1382837642539743
TEST_06372,2.026767458464369,0.8829728667887266,0.6692994934053969
TEST_06373,2.476659352985982,-0.4047872611756345,0.4699124558836528
TEST_06374,2.8365718064660133,-0.14014146258527346,1.5974730784266373
TEST_06375,2.1179196911893707,-0.20770251659902234,0.09992125537112224
TEST_06376,2.511068751715986,-0.6093706213628375,0.6547385885147665
TEST_06377,4.127378093423212,-0.9235868928349765,2.216482842123684
TEST_06378,3.5613505036426285,1.0354942992679481,-0.6347637091507581
TEST_06379,4.364306698228191,0.06234209442803966,1.132466495253792
TEST_06380,2.316067277308636,0.09695173851242657,0.04758308069946373
TEST_06381,2.097903127411613,-0.09598487677144224,-0.8858421659639202
TEST_06382,1.7408959018060002,-0.4283967718546473,-0.3084507501641097
TEST_06383,2.1865004845708365,0.05275901480457809,0.7705829299377092
TEST_06384,2.7374307728663863,0.19516438392087723,-0.050903972685896914
TEST_06385,1.851164352900014,-0.2313262038301372,0.5332149826269191
TEST_06386,2.6348188269440156,-0.2714950635458204,0.329222482335943
TEST_06387,4.507497459436069,0.9586297142019906,1.1004657285433646
TEST_06388,2.4158667213104406,-0.009326461702902718,-0.660833113568583
TEST_06389,3.5945793079911312,-1.4368028339045569,1.1151678146571131
TEST_06390,1.88932821192351,0.8084888603953048,0.6410804949919342
TEST_06391,2.3465004780973318,0.6994486008038399,0.32511600975197974
TEST_06392,1.8036475048158558,-0.11119269623264799,-0.08511773167479357
TEST_06393,2.0899533598694577,0.5451150468144059,0.5540515071506971
TEST_06394,2.0909397679780652,-0.4469755412953837,0.5503188898163012
TEST_06395,2.642149060489153,-0.4803306647257338,-0.7644725058722059
TEST_06396,1.89039548103973,0.12709603403170305,-0.25512834474962154
TEST_06397,2.5335313395959824,1.0000255244622784,-0.11183850532841233
TEST_06398,3.211546040766736,-1.6152046539671014,-0.5922362864777306
TEST_06399,3.8958124265185727,-0.887670064723205,0.43499392002019255
TEST_06400,4.410986317896324,1.2778036309881708,1.1392753778723645
TEST_06401,1.6500872883466235,1.0543503763563244,0.5660237435660256
TEST_06402,1.4809658747730416,0.15617289211608013,-0.35594130635753884
TEST_06403,0.8604406812513634,0.2286741588641016,0.3632597211869544
TEST_06404,3.267720577134545,1.2442395779829105,0.22855567978017352
TEST_06405,2.105299469635194,0.23904339313861944,-0.1427037254310174
TEST_06406,1.1953584982044823,0.052749977370905365,0.10250996449038231
TEST_06407,3.877144165253788,0.012841906140145751,0.007702605004989484
TEST_06408,5.342217497086461,0.970377132125392,0.43191264749009084
TEST_06409,3.916553781528758,0.19968812276873965,-0.3251737677074575
TEST_06410,1.5231546804806473,0.4739028847606259,-0.21007287859175355
TEST_06411,2.1658707521116103,0.4340990293109518,-0.7777582734862819
TEST_06412,1.1223830066755056,0.12944794068966625,-0.0065255703665266975
TEST_06413,2.0244662930918196,0.395696248978236,0.2460821643898821
TEST_06414,1.7105479840656086,0.83612346056926,-0.06612395213081085
TEST_06415,2.8035575542362143,-1.1385950922617603,-0.3188510844700974
TEST_06416,2.7890830062937564,0.4649047362417781,0.6226787227813662
TEST_06417,2.4481580126042295,-0.6265603215344744,-0.5015441963184929
TEST_06418,1.7875689933319647,-1.0385495601107346,-0.30927264680695576
TEST_06419,1.798453800319489,0.4367695892552114,-0.42338034446751877
TEST_06420,2.993249233407975,0.6705328340673501,-0.15416476584538982
TEST_06421,2.790099570085227,0.28194558646526213,-0.634179147347941
TEST_06422,1.8174859842812743,-0.22777716855535748,0.2913151707109657
TEST_06423,1.4167627140451517,0.009850550416219784,-0.12731731507140615
TEST_06424,0.9979058044193401,-0.26562343842119823,0.05861903802007393
TEST_06425,3.5764028152452023,-0.8325239919901299,2.0607769934675333
TEST_06426,2.1563683833136666,-0.39850039520808106,0.5534179766939116
TEST_06427,1.696317731692992,0.42241550170925823,-0.04466189369111027
TEST_06428,3.3014262933672143,-0.015644645904600536,0.3779770935683833
TEST_06429,3.260320222518743,0.6665785266286163,1.0053004974867807
TEST_06430,4.344672113618634,-0.029529906462314452,1.2082561850393536
TEST_06431,2.5692582508679416,0.18277634727625452,0.07923201821829326
TEST_06432,3.3653493651203905,-1.0089589712783753,-0.9557598290123012
TEST_06433,3.2097893575104615,-0.8139041309455132,0.9373057718805755
TEST_06434,1.444783144230673,0.007864355486160449,-0.09452219107307837
TEST_06435,2.047072607210589,0.45221800691240305,0.16863563430096792
TEST_06436,2.394451695309669,1.3653373071029178,0.29482331452757465
TEST_06437,2.0386642998667566,-0.7838295293124802,0.5132632554655404
TEST_06438,1.1036951051265584,-0.4978437391205506,-0.1235252447495934
TEST_06439,5.075668337975074,0.8912071533831818,-1.1244405141876832
TEST_06440,3.8666548238139313,-0.5902129003935136,0.42722065308093177
TEST_06441,3.7679293807933782,1.8537018713368258,0.5688587155222571
TEST_06442,3.6210266956061044,-0.4640435942287939,0.6004847448092109
TEST_06443,2.5960209693987464,2.2225399191160577,0.8009493984935983
TEST_06444,2.9110070813080373,0.22148548423492703,0.28352248348341064
TEST_06445,2.0345175810428455,0.40524866618778227,0.4655430156783642
TEST_06446,4.984197269805729,-1.13057333279226,0.45053473091578916
TEST_06447,1.9022100611747121,-0.23588143435522113,-0.02180606223979214
TEST_06448,5.0306789846836635,-1.9428200419452013,-0.6633898633629737
TEST_06449,2.6959631379751507,-0.3335469607265946,0.3351953303153527
TEST_06450,1.5905690756215352,0.5388836674618361,-0.16531387394402486
TEST_06451,3.698328050770732,-0.2477363570536464,0.16081242320646785
TEST_06452,1.574302904495851,0.7550209923378871,-0.5105824601275145
TEST_06453,2.5339214605267837,0.09051177013669287,0.48982539272510184
TEST_06454,1.4039948939241256,0.07832996497942517,0.4180285689933836
TEST_06455,3.078058641847682,0.23617968239825568,0.1966139764311999
TEST_06456,2.472620041403219,0.5732615915148727,0.9628336751281137
TEST_06457,2.37846222988987,1.444670116781948,0.5279562523356678
TEST_06458,2.311552459039487,-0.6296873508954807,0.6518358705779
TEST_06459,3.352340566368838,-0.49762969571232435,0.5270905028694529
TEST_06460,2.655984257190758,-0.5191268902302887,-0.109875632320569
TEST_06461,2.4569482616352762,-0.19215576216827943,0.719949591876503
TEST_06462,1.8416456539904789,0.7168803240844993,0.3965837115720077
TEST_06463,1.9672527546924186,0.7136694724727659,0.31008599679229315
TEST_06464,3.571941299032572,0.003096901240011599,0.1421966611864312
TEST_06465,3.972176208185154,0.3820984947214332,0.4725953220354099
TEST_06466,1.414676500104839,-0.35733192043810164,0.09364706176066664
TEST_06467,1.824764009048758,0.4916226942948431,-0.05124150065937439
TEST_06468,2.458189879618645,1.0970274431817184,0.35167445265350383
TEST_06469,3.852694279903592,1.1535643075617636,0.37699255385173946
TEST_06470,4.068666988720024,0.05453447222011381,0.9087892392502076
TEST_06471,1.4194067314392302,-0.7232015649161606,0.380561849264603
TEST_06472,2.626842927282858,-0.2262867363156601,-0.8922302710178152
TEST_06473,2.7757825808595067,-0.04864435545897555,0.6552461112012572
TEST_06474,3.1632998823829177,-0.3302319192910156,0.5331011551758738
TEST_06475,0.9835943035062346,-0.2118408533144335,-0.023670479078239416
TEST_06476,1.515089374151302,-0.06265600918600453,0.35713262165033854
TEST_06477,3.655451174481425,-1.5043977356709417,0.5976031562338271
TEST_06478,1.5186369435908162,0.5210138880842069,0.07379071837601167
TEST_06479,2.6882927309315163,-1.6127773179733809,-0.903244385526061
TEST_06480,2.8532841241534976,0.19419512615433351,0.7090098330730856
TEST_06481,2.6654037642442083,0.34840013423563354,-0.25173381976911074
TEST_06482,3.782879980075521,1.601722306179645,1.6273106709554348
TEST_06483,3.933854640374178,-2.126992251305125,-1.0443227000940765
TEST_06484,2.2144682093994854,-0.17373357321234953,0.8302750954057353
TEST_06485,2.651943662982582,-0.2946683770266701,0.2641746306653593
TEST_06486,4.364692237447552,0.1430362332503302,0.18559438055825625
TEST_06487,4.883106399898153,-1.301653146628742,0.1844364892503284
TEST_06488,2.8439229209120036,0.6947846545137255,0.47421983695176406
TEST_06489,3.571795520284539,0.028902538587557855,0.0665428204404644
TEST_06490,2.331905675323443,-0.029516076814880127,0.05469720636203295
TEST_06491,0.7919079608940053,0.11936749249317055,-0.12903442924111602
TEST_06492,1.7660124666338899,-0.6554846798246788,-0.26480376736130695
TEST_06493,1.637891788388845,0.2590943633212803,0.15910799918315663
TEST_06494,1.3189294536593112,-0.5194659547281925,0.09022281973999695
TEST_06495,2.687247417614491,0.9387710294923691,-0.7801704521518482
TEST_06496,2.117629827690379,0.3565771894513021,0.050675781813226135
TEST_06497,2.3693929508920175,0.37385452785960915,0.08497874331219657
TEST_06498,2.2311499934853822,0.37259650143125794,0.30622061054704625
TEST_06499,1.564103498903283,0.3322257228494111,0.2974647204206473
TEST_06500,1.9480822803231816,0.4591593645439409,-0.36839701991848506
TEST_06501,2.70933878494726,0.04513557973931912,-0.06855653179023588
TEST_06502,1.4787932775484662,0.011185958917088444,-0.18774898871964943
TEST_06503,3.520342426174089,0.7080065649143559,0.01846047010887023
TEST_06504,3.879903536868515,-0.26273776323186443,-0.06397765196821234
TEST_06505,3.891886802240505,0.6638100514764723,0.6032498532534456
TEST_06506,2.5707491755204437,0.18360843376424144,0.01936831937796862
TEST_06507,3.711636482883994,-0.2953187327599931,1.0188497301472974
TEST_06508,2.924805238020647,1.2508331338144072,0.09077418058086628
TEST_06509,1.0579268809051448,-0.15986736611582192,-0.19861639396238512
TEST_06510,1.0345647626556347,0.20013285994671262,0.03020453006777188
TEST_06511,2.680219098442039,0.0037770873149784597,-0.0671720892484646
TEST_06512,2.1212826040830106,-0.1314556700737448,0.3669400261691237
TEST_06513,2.5585466726442383,-0.6373981976907267,-0.7177584700632903
TEST_06514,1.4279126600852041,-0.20282345846595723,0.2534350316086261
TEST_06515,1.5826697706686503,-0.6192158485174615,0.3117939248873117
TEST_06516,2.85911759459283,0.4151025746739646,-0.06767665697158724
TEST_06517,3.38296596425447,0.6506985019447947,0.32048460434160775
TEST_06518,1.7413573288011261,0.20967576443859964,0.20149512870064198
TEST_06519,5.652027790871453,0.44550279506305435,1.2968050871381063
TEST_06520,4.366803678581062,-0.36068701762762984,-1.4668466809742036
TEST_06521,4.393140886267016,0.7985944273239821,0.2052264800098096
TEST_06522,2.56888456846506,0.08235110081040681,0.05350430191918153
TEST_06523,1.9757207237078096,-0.703387055384076,0.2507783875240961
TEST_06524,2.839221419074354,-0.32815494628447556,0.006116871554249856
TEST_06525,1.1443558454868545,0.05043429631826802,0.24768286687369195
TEST_06526,1.7578393415254847,-0.22212077607744246,0.04842390724970581
TEST_06527,4.348811518735437,0.6003217230759049,1.2508585638717398
TEST_06528,4.205276059300575,0.6140135048661943,-0.3714790625015151
TEST_06529,2.809934614311125,0.648357017139226,-0.17396974207675928
TEST_06530,1.414567235017363,0.08573334014331746,-0.12097495893133985
TEST_06531,0.8857556681656814,0.0598989771878713,0.04408619221312385
TEST_06532,4.2308683688668784,-1.0347309368067892,1.4592011552442044
TEST_06533,1.6516120300900903,-0.40137021459483374,0.34178916397850323
TEST_06534,2.1291112876940113,-0.46946747904209496,0.11727238162125829
TEST_06535,2.147551956514405,-0.13306742026737842,-0.0913524766193129
TEST_06536,2.0851180552308355,0.60022511420407,0.8958748486546422
TEST_06537,3.790585648173489,-0.008373079641898285,-0.30634084620129665
TEST_06538,5.057129762196692,-1.3268821011457388,-0.2075546295737522
TEST_06539,3.0848941738125575,1.2529778517280827,0.06330056843661742
TEST_06540,2.2819673092480244,-0.35124177483330116,-0.8486308135009777
TEST_06541,2.328570826985078,-0.010343209247109953,-0.6437170380693823
TEST_06542,1.2466065139710452,-0.028521145009544092,0.10913344248428722
TEST_06543,4.218404630004117,-0.9643843799994963,-0.9981996376311746
TEST_06544,4.402783258018345,0.4257427466340165,-0.876388124382647
TEST_06545,1.9917668679485228,-1.7469238685795627,-0.9179337824142525
TEST_06546,2.173755757854559,0.5115547747581598,-0.7152194532296335
TEST_06547,2.1751615421539894,-0.3575380699529946,0.29090992711770897
TEST_06548,2.9221593433720017,0.3889530610121438,0.4357766918739069
TEST_06549,1.836021250390018,-0.3413143715585363,0.5406915054818207
TEST_06550,4.643472921959931,-1.171136244896854,-0.7526410371729089
TEST_06551,1.972356142813647,-0.3634164778628493,-0.15933336903611983
TEST_06552,1.6912891558493246,-0.16130609034779766,-0.14655267826468035
TEST_06553,1.9216141154725235,-0.2294147854915412,0.28717619713050563
TEST_06554,2.305626654793846,-0.41004448862035897,-0.0892582241974333
TEST_06555,1.9839870732326004,0.538279607109949,0.7049122377716375
TEST_06556,2.9623111304728456,-0.4530057910570198,0.29053906258138146
TEST_06557,1.2795108564587698,-0.020714368128114325,0.3726968215549205
TEST_06558,3.1086469552804337,1.764026132292932,-0.6287133820506606
TEST_06559,3.565530540315605,0.977136458353311,0.577639536888326
TEST_06560,2.859677627496248,1.6999189992903803,1.1986769821487884
TEST_06561,3.385168856438227,-0.35424273485222657,-0.44721613457224385
TEST_06562,2.4811234170045475,0.14414894077190354,-0.00894684965993704
TEST_06563,3.901378979621309,1.2959961311789827,0.6822822846361621
TEST_06564,1.792878392237928,-0.4115885614153797,0.5798206965544519
TEST_06565,2.93348955577681,-0.21210015276668784,0.6262781936234337
TEST_06566,2.2035025239529293,0.30494477512203516,0.42003551024445107
TEST_06567,2.84250945026523,1.322045221957161,-0.7340976285689378
TEST_06568,2.2348726612503524,-1.3734401008305714,0.48657828529239
TEST_06569,2.978549598943277,0.2393523819459685,-0.2326955577696546
TEST_06570,3.3846589725115956,0.3070336722539865,0.475089326143827
TEST_06571,1.4095756383619966,-0.4457545480990055,-0.26187866235478846
TEST_06572,2.0682657446202932,0.033600579579883674,-0.8471809741715276
TEST_06573,2.6327255667483076,-0.1542793691066927,-0.06817945623902134
TEST_06574,2.2026096185199435,-0.6538467239264439,0.5047088837344864
TEST_06575,2.826117438250186,0.11410356690257116,0.8702128233540527
TEST_06576,2.6214503510240066,0.9493278292227378,0.07117220536758836
TEST_06577,2.86740781205085,0.2500282921020632,0.5870898065118381
TEST_06578,5.661338961019253,0.20871615474263103,1.567214294833305
TEST_06579,3.083421328356882,1.192108318790322,0.7981344152354265
TEST_06580,1.7912583243351656,0.22843727610726172,-0.31162645790511595
TEST_06581,2.5965876065722515,0.22266885064716904,1.0221291486022184
TEST_06582,1.1989124143929752,-0.23795391728214382,0.18137827714698898
TEST_06583,3.5925847541588802,0.31477560898278323,0.00326245671228042
TEST_06584,2.880318159904746,-0.27115657189175474,0.7226214326066546
TEST_06585,5.41497909232485,0.6714291158801211,0.84112229436066
TEST_06586,3.1010674850004136,-0.4251842322244989,0.59596870957713
TEST_06587,4.076402718560945,0.03403770407627765,-0.8059469773553425
TEST_06588,2.150006691149911,-0.6118246852715914,-0.29919836524055365
TEST_06589,2.8368884638506127,0.9091842394507912,-1.0628601370616872
TEST_06590,4.521191237588582,1.1446302773337098,-1.0049709741153257
TEST_06591,2.1409508138511284,0.14799510467185714,-0.1701077896591176
TEST_06592,2.1886692669564014,0.09857168707879925,-0.8082750903674597
TEST_06593,2.5095309276441875,-0.7019320235920343,-0.033703020310007936
TEST_06594,1.6751401957862058,-0.4519857952009493,0.2323367957379315
TEST_06595,1.0988474302512121,-0.22860707432675537,0.2444184909825003
TEST_06596,2.8803018397090043,-0.3539701908503844,-0.6929357367116645
TEST_06597,2.076560987966694,0.1379632756989911,-0.37783275270143424
TEST_06598,1.3736730602603533,-0.09476096810964599,-0.28053856651563475
TEST_06599,5.3512088703538465,0.2705393066839887,1.9779339186322256
TEST_06600,3.08423783499533,-1.277315148612583,0.2687306993025602
TEST_06601,1.9400916608325602,0.2610991496113696,0.6073055836366695
TEST_06602,1.9942674092397659,-0.8348207023200249,-0.5071609180755086
TEST_06603,1.9400278763570555,1.093705947647005,-0.8760880133235271
TEST_06604,2.6073986660277573,0.629003603464883,0.9196225961066836
TEST_06605,3.1076875662014953,0.3811025755540953,-0.2286640649975308
TEST_06606,4.865120208829622,-0.4362605276045126,-0.5434148022499095
TEST_06607,1.6837437748124418,0.497723116181175,0.025539266692207917
TEST_06608,5.631423168742784,-0.47451330956671617,0.25503643414674404
TEST_06609,3.424304661887603,-0.09543246426513503,-0.27036717138234934
TEST_06610,2.732660643441351,-0.04721512678883921,-0.37973972137217155
TEST_06611,2.20257312065027,0.026546901459437167,-0.6882878155874658
TEST_06612,2.0589825513996742,-1.5692524928212543,0.9622258091794567
TEST_06613,1.649296820288032,-0.376863825016889,0.26875204192941077
TEST_06614,2.6740225172862693,1.0489325023123808,-1.0484880894436404
TEST_06615,2.984689954154449,1.1707173019482915,0.5305202717923629
TEST_06616,3.243657554654147,-1.115723612898555,-0.3396677113851394
TEST_06617,2.763617128470498,-0.9078697889353543,1.5259964090932316
TEST_06618,2.037801218270808,-1.1078183345777841,-0.6730701687738265
TEST_06619,2.73401916751191,-0.48507271587133693,0.37290530248058923
TEST_06620,1.6228326151804433,0.4271651801007914,0.44910368909251586
TEST_06621,1.3398945677688605,-0.12284651461422995,0.17182458684991014
TEST_06622,1.8054914269323636,-0.3921358380324659,0.244233116050817
TEST_06623,2.992912779573516,-0.5210011740665381,-0.1918095256011283
TEST_06624,3.185529799724177,0.13240235070215314,-0.2168739091057288
TEST_06625,2.943061525527237,1.3728145069080084,-0.885730949530744
TEST_06626,1.0739596505160622,0.20569621733260346,0.2830466787310416
TEST_06627,3.535811092855511,0.20158341003556093,1.2328211319406883
TEST_06628,2.3096350739695346,0.07780002595593272,-0.17912356819941413
TEST_06629,4.191460694184664,-0.9566153119422688,-0.27504309595381626
TEST_06630,1.964536858444213,1.4826508113154027,-0.6758214897739122
TEST_06631,2.1013281766226126,-0.03317063428701586,0.0400339409113856
TEST_06632,1.3582742630015063,-0.6472909851619527,0.7064851733503844
TEST_06633,2.3477369111697715,0.3602556496112948,0.5102842857886345
TEST_06634,1.2220529500012158,0.15509239888217755,-0.2677664429954703
TEST_06635,1.224260670906453,0.23845247768983788,0.3731534937972078
TEST_06636,2.4287893534001532,0.4355548878948146,0.9434529923398685
TEST_06637,3.5884451807438658,-0.7614022199093596,-0.3808182867048985
TEST_06638,1.9849649919908163,-0.4864140750801194,-0.19445895518761522
TEST_06639,3.8416442030727316,1.0487503751954381,0.23105121225821512
TEST_06640,4.598979355500362,-0.030217380765191825,1.4445550590419498
TEST_06641,4.770185943742375,2.0870119564644005,-0.8373165661890476
TEST_06642,3.9622398769734257,-0.7782806993171717,-0.7592295590800663
TEST_06643,2.7072578066819877,-0.3712081707732957,0.6766818007158047
TEST_06644,2.8247932142468293,0.6545626917424169,-0.4778908174195944
TEST_06645,2.2058706632783243,-0.8626130718809224,-0.17071338904464056
TEST_06646,1.5160116804423118,-0.6626258286192772,0.39647079586744516
TEST_06647,4.700031290998007,-0.7489827801929954,-0.9858818116391407
TEST_06648,4.446684960180231,-0.38266395986853974,-0.03147983012190163
TEST_06649,3.1438407479507298,-0.10006379298773078,0.3044920926069988
TEST_06650,3.3208238631689175,-0.08419526476411582,1.1916922113554473
TEST_06651,2.397114551471367,0.17162852498451878,-0.007287010852871902
TEST_06652,2.524350365120067,-0.32042360255204533,0.7519874025894615
TEST_06653,1.2719374021884478,0.48161533633482395,0.038700989987847934
TEST_06654,2.030748633631687,-0.33280626539763586,0.9253426768431916
TEST_06655,3.7078540125504116,-0.09403947649166448,-1.0935400211962836
TEST_06656,2.837082541133462,-1.0032677409640962,-0.7462683064441801
TEST_06657,3.744366902670976,2.068265964235572,2.262608362737453
TEST_06658,4.750254318479585,1.483905809917757,-0.7525747392257793
TEST_06659,4.197255241509837,-1.333618845798426,-0.18069270985930766
TEST_06660,2.066571635012449,-0.9676389857125745,-0.8385711782093438
TEST_06661,1.8802702523851784,-0.3541924548620285,-0.16558968305481717
TEST_06662,1.6577467274217346,0.323953540448412,0.047651329282568294
TEST_06663,4.475162124885073,0.26881362424093946,0.8313047192511618
TEST_06664,1.6003314699186961,0.6665105168207934,0.26729232603442976
TEST_06665,4.206223557069529,-0.2800540807595919,0.49730731885370366
TEST_06666,3.182761745360279,-0.5433723561399049,0.7069705220900758
TEST_06667,2.6228888486583855,0.7624336087420823,1.0046250966657047
TEST_06668,2.6783419096251477,-0.7395252488434658,-0.009672630337281479
TEST_06669,3.799756936107253,-0.6037324563829821,0.5998335643722625
TEST_06670,2.633102424691522,1.3670512611311898,-0.7471004550255816
TEST_06671,1.8376073592287874,-0.606249524154285,-0.35071184291850716
TEST_06672,1.464053953010585,0.20750997142548777,-0.13291510518196495
TEST_06673,2.689962377661726,-0.13661590543586508,0.4975978629330784
TEST_06674,3.635412232899106,0.08106818715469069,1.1180374197265714
TEST_06675,2.0645689630198603,-0.3346443315106993,0.3384450442315216
TEST_06676,2.7748657842425715,-1.5919769706003604,-0.5021751675130516
TEST_06677,3.147120355631977,0.34852301115279377,0.8653117618610556
TEST_06678,1.4301406272753459,0.13561773272236316,0.12727503796565187
TEST_06679,2.702280174164747,1.160706967168938,-0.33671975537164184
TEST_06680,3.206764622539778,1.2421355692604614,0.19327844348807308
TEST_06681,2.6273192625499777,0.8340405948773778,0.4918498729229815
TEST_06682,1.7782161837331099,-1.1237469832739504,-0.34370680594248315
TEST_06683,2.355350971057155,-0.474167505058218,0.8648603044285149
TEST_06684,2.0093979663495753,-0.285513909792027,-0.2707736836450834
TEST_06685,2.62179972851802,-0.23545990992548654,0.5079040946492417
TEST_06686,3.3834211840434327,-0.5590007848559942,-0.783216930243698
TEST_06687,3.1847931511247176,0.3935750371189117,0.3514968447628843
TEST_06688,5.719764811295017,-1.4113510948538528,1.2629834246062266
TEST_06689,2.4757165167259823,0.4877789671522592,-0.038687193917247883
TEST_06690,1.3627651386819684,0.186523735568169,0.15433575347789844
TEST_06691,1.4219612699150304,0.04389103799808845,0.15244012185098163
TEST_06692,2.540513110382935,-0.9354026160490823,0.17452707142259596
TEST_06693,2.9123203959851733,0.21909699084015888,0.21242440557925057
TEST_06694,1.4209109216342015,-0.7574757967390117,0.5949112846178437
TEST_06695,0.9053272795026434,0.28657510842046274,0.2361785359076587
TEST_06696,2.738663542783831,-1.501674936770393,-0.09011745625180786
TEST_06697,3.7795765893348414,-0.051944167115348557,0.5194608475580027
TEST_06698,3.1463850881624587,-0.45075552450276485,1.2628692188619948
TEST_06699,3.958237547810017,-0.4779849247341334,1.154277697559213
TEST_06700,2.3541488256659235,0.0032266529038580747,-0.23875041902901825
TEST_06701,2.748135644302535,0.10908478840587557,0.8625335243927806
TEST_06702,1.2688941853673001,0.008062170895418625,0.42970870786080634
TEST_06703,3.096602443808803,-0.09431712790396102,-0.40172858980145304
TEST_06704,2.747240910462741,-0.169356484292818,0.2090485680587741
TEST_06705,5.288212021871193,0.3161302468870147,-0.463108745690174
TEST_06706,1.9004276409054257,-0.12606710213910685,0.21226508383804155
TEST_06707,3.277125235105007,0.517172397109383,0.49936779973172274
TEST_06708,2.5502105526972847,0.42700545554721486,0.21955588943479157
TEST_06709,4.504569399334808,-0.7297395190857033,0.03984841580442967
TEST_06710,4.136775663693947,-0.03286686916041968,-0.5289471454730931
TEST_06711,1.9896711318009486,-0.9587855974263251,0.13184567152529034
TEST_06712,1.9750494292684082,1.2116844568186353,-0.8784153200498449
TEST_06713,2.694708781651721,-0.037874441449598,-0.2567802964425344
TEST_06714,1.2681311188194582,0.1662004350021192,0.03952334066558252
TEST_06715,1.0616046591722508,0.09742530241825946,0.25635925653199954
TEST_06716,1.449393011040913,-0.32008184712566395,-0.21364937211223836
TEST_06717,1.233102203166069,-0.28655425304977544,-0.1739898690487387
TEST_06718,1.395129101348379,-0.5951549546795735,-0.2734725667348016
TEST_06719,5.385966298367803,0.7333968580788912,-0.08951375838964881
TEST_06720,2.5951583596042926,-0.5765334502401859,0.41210859733922445
TEST_06721,4.684802356497313,0.7072199847049481,-0.04522840956505966
TEST_06722,4.6633457458502745,1.3920673124764167,-0.5064507506877992
TEST_06723,1.7257239981465127,-0.1222084526824018,-0.09491207371037791
TEST_06724,1.514961391845973,0.5248873628025962,-0.27713652182554904
TEST_06725,1.3050403971913729,0.6402452592475062,0.36044462051876236
TEST_06726,5.239809576164186,-0.4254944741639329,-0.2461723881721643
TEST_06727,3.0157610371840535,0.3885848783736414,0.4674162611600703
TEST_06728,5.6058184546523835,-1.6153076037603207,-0.8969738633948974
TEST_06729,2.363860762669482,-0.2663976565922498,0.006533682820693074
TEST_06730,2.862853994500621,0.5960703854381719,-0.15701353641112625
TEST_06731,1.231415088771896,0.09411958542478074,0.1991973999103514
TEST_06732,4.201858845002784,0.11273486370294211,0.370981479654043
TEST_06733,3.062104712200109,-0.35226887686099767,0.5448524478679668
TEST_06734,2.416049472857955,-0.25936242743225,0.3082642462554674
TEST_06735,0.9136134349450051,0.24946536975511624,0.03735975974486859
TEST_06736,1.687942211448192,0.1173516354638148,0.43052929538750806
TEST_06737,3.472119050941226,0.22131879524697964,0.7613783365872249
TEST_06738,5.437191096227258,1.1796464995230107,-0.4617406876304909
TEST_06739,2.510171865323665,1.3180536021624607,0.06710446764074576
TEST_06740,1.5534506773500778,0.12252881766232651,0.30921672107864134
TEST_06741,1.2847528561446295,0.026390088412372368,0.20989250804668916
TEST_06742,1.9611494917834495,-0.27042854301970565,-0.6724639247097001
TEST_06743,2.9642684851472514,0.7495636078488335,-0.748407695097161
TEST_06744,2.3171959366075257,0.15826342414202957,-0.5225786463094467
TEST_06745,4.522619451025892,1.809308899780129,-0.473729608717396
TEST_06746,3.2474836134716063,0.8550224648445377,0.5936279632843281
TEST_06747,4.696400556701186,-0.43965695017992834,0.028962547915305434
TEST_06748,2.5244170861883424,0.4405817577200837,-0.350141467907158
TEST_06749,3.5476852665928864,-1.5799160273557786,-1.174479282266852
TEST_06750,1.1677508093363882,-0.25084889126986576,-0.048490293866194654
TEST_06751,1.2104852691324746,-0.8997651492955994,-0.06743753958126227
TEST_06752,2.730384526971582,1.4749410884192367,0.6231362016322215
TEST_06753,2.2657793363925087,0.4544092008184104,-0.406268315246273
TEST_06754,2.2913159884279475,0.28629101519968514,0.08809286130138066
TEST_06755,1.8943170113484138,-0.7022398160830902,0.5085195730350096
TEST_06756,3.1489570559394595,-0.7661560739455994,-0.37615695655855497
TEST_06757,2.128179820952399,-0.039958869283898434,-0.2610549615029665
TEST_06758,3.3517054439236906,-1.3501966013852926,0.7414574126081279
TEST_06759,4.561870709358343,0.2017443659653554,0.8946705835871025
TEST_06760,3.088743983116597,-1.5656684504472342,-0.5762305446073728
TEST_06761,4.286451908295205,0.8782075029627802,-0.7377494980288195
TEST_06762,3.9835414153590185,-1.5405186540700573,-0.9383426059519666
TEST_06763,1.5567675101716874,0.13300880580395905,0.6989305647936501
TEST_06764,1.7667961992082086,0.005595825949181673,-0.04379233443293348
TEST_06765,1.4609294094067717,-0.07334177736651427,-0.33460775855588965
TEST_06766,3.683468934971221,-0.7437794514527446,-0.5819904936392749
TEST_06767,3.789756438241787,1.3400410679890147,-0.9328357355919115
TEST_06768,4.878376834986659,-1.6728026478319973,-0.12281986210023291
TEST_06769,2.4812114379691166,-0.04863831807387046,0.003533738916183582
TEST_06770,1.0762045743645168,0.5959821879470664,-0.24575030051540336
TEST_06771,4.093353875020207,0.15596889084672869,1.0827700398009803
TEST_06772,4.723741080858448,1.1132217552071142,1.0971021891250514
TEST_06773,1.3547910360578581,0.42144956076843415,0.35817431405687783
TEST_06774,3.318413345470492,0.994531856084015,0.938567003091486
TEST_06775,2.846342685048418,0.5840932773633943,-0.12576912117235267
TEST_06776,2.2543109889395865,0.2603830394958626,-0.198836614333133
TEST_06777,1.4982780140454002,0.5010349147950378,-0.35797794513974157
TEST_06778,2.554869041098338,-0.21854276564563446,0.13397931090980722
TEST_06779,4.268049479710653,1.3073647116985552,0.9146415541592786
TEST_06780,1.4562483535225974,0.17773853295194583,-0.00997797616385944
TEST_06781,3.0816680698630114,-0.03445399378678804,0.13212553992483703
TEST_06782,2.251175168326224,-0.08844491949631329,0.08254630483579317
TEST_06783,3.8700171364170353,0.12505787797708887,0.8693818985447295
TEST_06784,3.1801330106346404,-0.2628649673420383,0.05933976154137991
TEST_06785,2.3934826501087505,-0.28019830467377177,0.05251984574169198
TEST_06786,2.581802618984191,0.04875999428010085,-0.031000388906764962
TEST_06787,4.541859086692626,0.8010781867755207,-0.3128710323175918
TEST_06788,2.0059041355544753,-0.6184756334397122,-0.33914537168125747
TEST_06789,4.665587943191271,-1.120327953731642,-0.3733568003677165
TEST_06790,1.6512043821346964,0.12792569196520184,0.548362157930975
TEST_06791,2.414981513807685,0.6614876883405092,0.011866237592155946
TEST_06792,3.2035403533203994,-1.5676522280555871,-0.8616237069890932
TEST_06793,3.3602034509620706,0.996167179693431,1.0596302446351415
TEST_06794,2.3809204693105466,0.3427309423521428,-0.043896043562506995
TEST_06795,2.533289585435237,0.8267354760883033,0.5181229380223648
TEST_06796,4.519892985388731,-1.6222935579901598,-0.41901568372263276
TEST_06797,1.8422524842217038,-0.41708776185295227,0.5265572038398341
TEST_06798,3.6599693709022296,-0.7003378293042609,0.9795552444399974
TEST_06799,3.9473863726175584,1.8157396995550925,-0.42767930519510766
TEST_06800,2.601911729768065,1.5517822124710532,0.6719365445834751
TEST_06801,4.460532090028897,1.6664452568757642,-0.03594571026257149
TEST_06802,1.7657420840668205,1.1467172127283598,1.0694913948362506
TEST_06803,1.9143243306881004,0.7647168861241276,-0.14568432712035262
TEST_06804,2.1944506322243407,-0.09033629345443889,-0.12399952763110972
TEST_06805,2.8753429003417574,-0.36499386060073435,0.7723552684054913
TEST_06806,3.7888681366294135,-0.4491248135576079,0.2694429944028428
TEST_06807,3.7604365507672193,-1.4118713819220012,-0.9006554602444857
TEST_06808,5.664348234972961,0.109581269081707,0.11929732679222187
TEST_06809,3.171825837511327,0.21507314885741358,0.22067334583324869
TEST_06810,2.731061361144829,0.17380289942509633,0.1594614332384146
TEST_06811,2.471019232570748,-0.19687745407796678,-0.16501905708899473
TEST_06812,3.0649213636933252,-0.1030545444091942,1.211300182210702
TEST_06813,2.5572537270746856,0.03941015751188722,-0.3920615660804628
TEST_06814,2.788525586058309,-0.012107006827889148,0.6530060798137612
TEST_06815,2.294811581752423,0.4684012426838567,-0.10752923934679914
TEST_06816,2.9828504983591757,0.5165179945918267,0.9196977929846022
TEST_06817,2.503560302375187,-0.7318289951858534,1.3228746829552136
TEST_06818,3.385604043382236,-0.9377672909662159,1.1695765849154591
TEST_06819,2.4033690537096546,0.6881179239524895,0.29108544818648924
TEST_06820,2.390023533366409,-0.36147275286851555,-0.07681092415092
TEST_06821,3.0676973008686765,-0.11000891807075164,0.21875966558943402
TEST_06822,1.4934151905079973,0.8165988076425269,-0.05935426884794064
TEST_06823,3.5496901357443895,0.4153947623565194,0.8335005841054287
TEST_06824,1.7090123028455058,0.27549655733050177,-0.1536924812885004
TEST_06825,3.356923081760138,1.3870562914814328,0.1160796798652681
TEST_06826,1.4206187117885123,-0.13674705781882107,0.4614655751969103
TEST_06827,3.2211431570128624,0.19828094502359878,0.45853088025201
TEST_06828,1.3985816428612945,0.29182300920646687,0.17955253029385498
TEST_06829,3.7751838279009937,-0.1518628445835362,-0.9014494886694521
TEST_06830,3.898844071896591,0.2957985587374031,1.2316491795060773
TEST_06831,2.78581227028606,0.9564809641906554,-0.30389363419231613
TEST_06832,3.472349967417285,0.22443737427376295,0.5697760763459858
TEST_06833,3.8155482160736955,-1.0558824735463643,1.2779432833700048
TEST_06834,3.131730417043687,0.01811007999504845,-0.5166930124173532
TEST_06835,1.0130103206066468,0.3402719113934826,-0.032621288299809634
TEST_06836,2.745266260389516,0.17767469306830533,-0.14095153265442198
TEST_06837,0.9916795930898363,-0.013429834046138702,-0.13871132285272947
TEST_06838,2.378224793948448,-1.171214259115003,-0.5484047594198
TEST_06839,3.895506667070515,-0.5383085365705578,-1.0063061787527834
TEST_06840,1.6395100743650366,-0.3180023081133965,0.30928491420862875
TEST_06841,4.550780775655521,-0.7613881151985341,0.9610158452728764
TEST_06842,2.024001152979072,0.02064481289242822,0.08651631077833244
TEST_06843,3.2167871824319803,1.0260648851717389,-0.7977443265858136
TEST_06844,2.037855064109423,-0.7813085154428853,-0.569167561434999
TEST_06845,1.2376546148709633,-0.4687505052635312,-0.09893187505414082
TEST_06846,5.068606391119243,0.6242129397377377,-0.2733593569725556
TEST_06847,4.029080163576084,-1.0896777675303924,-0.742153446010623
TEST_06848,4.545723966957298,-2.2615409642427142,0.8200817302441012
TEST_06849,3.3854663978017627,-0.46986470513461376,-0.3148404618645961
TEST_06850,3.0959734294083705,-0.049749237761907386,-0.5714134961600916
TEST_06851,1.1413728050388894,-0.30366700896681087,-0.020772497596923553
TEST_06852,3.498546813959224,0.0021698278969994175,-0.8475339920416802
TEST_06853,3.019795747716904,0.33187376233340693,0.3831216278189563
TEST_06854,1.6598861735102273,1.2329807733511153,-0.6372907668358094
TEST_06855,1.786585155365566,0.13635839961651808,0.438667598106252
TEST_06856,2.822824599418739,-0.0504440881422726,0.7405725126104441
TEST_06857,1.9686596406038135,-0.36803750621649395,-0.1143583593966872
TEST_06858,4.835116928428947,1.164341893762506,1.41414435828781
TEST_06859,1.2189627473390916,-0.1175097570819535,-0.12979352410842063
TEST_06860,1.457002755583291,-0.2181352256893175,-0.2507392725154337
TEST_06861,1.2332607636401491,-0.3939207623016183,-0.11113529697219504
TEST_06862,1.54144951840604,0.3987139439994447,0.12458967335970304
TEST_06863,1.2143502268953985,-0.35763229350864106,0.5010360787805902
TEST_06864,3.687101541715402,-0.5630231748434443,-0.5793917006831134
TEST_06865,5.285263194046777,-0.494931467440796,-0.15532611718644432
TEST_06866,1.9368086743057238,-0.4357591273897577,-0.3625665161453046
TEST_06867,3.938519479497086,-0.21960217734748178,-0.09594440857481473
TEST_06868,1.9681325912516539,0.4563569463201051,0.33729243437509976
TEST_06869,3.6241013261932054,-0.7541714875958203,1.316171915728115
TEST_06870,1.3387620836422438,-0.650724922818663,-0.4443074904832799
TEST_06871,2.7180126500273234,-1.2242520085210664,0.4753056654464108
TEST_06872,1.4805427434338354,-0.7358214111000564,0.1381904954316439
TEST_06873,3.6270846929534595,-0.06148557685025817,0.6952810387508589
TEST_06874,2.513517354559398,0.44078335270183705,0.6696410270147415
TEST_06875,1.0046483314651242,-0.12335162719292077,-0.3359413698590953
TEST_06876,4.205191451658335,0.3322036805014286,0.5874287743679195
TEST_06877,2.6428221742775553,1.172604863357048,0.1145529543131783
TEST_06878,2.5716896613479894,-0.41080031867443173,0.44077609411389346
TEST_06879,5.503982141860861,0.33697325584032656,2.112359399096256
TEST_06880,2.105241851888653,-0.4723394632662663,0.10141591933754518
TEST_06881,4.297022978948498,-0.03616468570746742,-0.25899061986741784
TEST_06882,4.3372351598958225,0.9612735896620395,0.21790487873047346
TEST_06883,3.5434563287041247,-1.1954093081985124,1.0627047633625464
TEST_06884,2.754273913323727,0.10343275260726893,-0.5297952539513947
TEST_06885,1.021216908966421,-0.32975666904779355,0.1749453254143003
TEST_06886,2.9553919530869854,-0.08583259625562963,-0.3266527160973967
TEST_06887,4.384230578887003,0.11568049278632975,-0.3351545550729796
TEST_06888,3.772686163650011,1.2796882272618606,1.356704623723384
TEST_06889,4.5423927336701295,-0.4321082657196531,-1.0512999266528757
TEST_06890,1.6548056931941932,0.12285618098593257,-0.11447103617979537
TEST_06891,2.6263630095188693,-0.14215494154894123,-0.590303474169103
TEST_06892,4.701095494152876,-0.8196512861222505,0.2084477439217958
TEST_06893,2.8044632528223508,-0.5687347705771553,0.5809593652704278
TEST_06894,1.608343181928053,0.10566564691083245,-0.5072612550578098
TEST_06895,3.9554519644999253,0.5814006759940185,-0.7624326725539219
TEST_06896,3.4441654971373485,0.07373632859550616,-0.3169709849702339
TEST_06897,1.4598760922148666,-0.3976731551697044,-0.34264971996029653
TEST_06898,5.058549723871917,-0.3896874364367445,-1.0481620816151926
TEST_06899,3.8847045422665243,-0.251485574394488,1.0304054453224178
TEST_06900,2.302533690791919,0.40624490575707145,-0.6824882629385448
TEST_06901,3.192876181755401,0.06062145760068319,0.48119369396686434
TEST_06902,1.3109268329203647,-0.5141502687018308,0.3107219575692522
TEST_06903,4.08532730334332,-0.6330453497931603,1.0733139268119956
TEST_06904,2.4599758658999322,-0.411127522609909,-0.5066532262270735
TEST_06905,4.913595287315028,-1.2318180762463542,1.6689483072967792
TEST_06906,2.1775308828319595,0.10038138854918513,-0.48906626862904007
TEST_06907,2.3141138595938844,-0.12770985550863442,0.9071820360419413
TEST_06908,2.9037740777173418,0.12606912079457872,0.0283560310276813
TEST_06909,4.88252523501196,0.4432085579868561,-0.3244309767179865
TEST_06910,1.9270016264586374,-0.97175135852777,-0.49880672521133473
TEST_06911,2.1473724707085498,-1.1872954349937956,-0.4725699351532844
TEST_06912,1.4643343261302073,0.9170748328018486,0.47360987482960937
TEST_06913,2.8097468126668708,1.5247170810494066,0.9644295539156499
TEST_06914,1.781010529625952,-0.011856779563287925,-0.1630389250712866
TEST_06915,2.2928189482404173,-0.1954511748473193,-0.27386891735786173
TEST_06916,4.2655866775470095,0.6873253671714444,0.7791705694739789
TEST_06917,1.4072648460019295,0.25703176655829574,0.2196993561034035
TEST_06918,2.8683167582829947,0.7088114008537635,-0.5774293510040838
TEST_06919,3.256509938910918,-0.7781325918607037,1.9554558625925975
TEST_06920,1.830825580256089,0.4856609848288328,0.18213154847562565
TEST_06921,1.11690931487157,0.28842500014046335,0.06391442245145966
TEST_06922,2.051110522090176,-1.0135711008534147,0.06263250290921757
TEST_06923,3.9866435122089676,-1.2057636063504662,0.3136742031942008
TEST_06924,2.07807328684501,-0.9223239729035014,-0.5518427331865896
TEST_06925,1.2540555339206634,-0.31109946108858955,-0.30366535684385154
TEST_06926,1.5029251975631563,0.7003387880808127,-0.02785209617925761
TEST_06927,4.21553002215334,-0.3717957206663796,0.9987178158211976
TEST_06928,2.418134975815205,-0.2342142468688924,1.309013525726363
TEST_06929,3.6315130731796215,0.49001335381734995,-0.08553814277004473
TEST_06930,2.2357178715547197,0.28197779759620345,0.4174501519606935
TEST_06931,1.0362491343397222,-0.426258354388952,0.09782243499381206
TEST_06932,3.2492785283579066,0.14730200759844098,-0.10425951665409453
TEST_06933,2.260669298999929,0.1769754934016072,0.5064598662600387
TEST_06934,2.918044785828309,-0.15130480987950043,0.27838880972152114
TEST_06935,1.9719405131050067,0.32483636257447934,0.24299703984120175
TEST_06936,1.5085355026801446,0.5495111197821,0.45075323677055656
TEST_06937,3.4716947720180595,0.3465248263054401,0.6869575393063423
TEST_06938,4.639235863629102,1.0886331853787612,-0.20946572369020897
TEST_06939,3.6653854418911918,0.45052395065873585,0.07434727756703767
TEST_06940,1.1633726014191612,0.18603770864540248,-0.34923907056712294
TEST_06941,2.829741258909282,-0.08530246593306387,-1.0567767085110047
TEST_06942,2.2844085336384574,-0.6563609807746944,0.1867584684492682
TEST_06943,3.9260736850357554,-0.551927789060001,-0.15974059175942043
TEST_06944,1.3114228711225322,-0.4112516378586461,-0.3334744301870093
TEST_06945,1.7613071606671118,0.41970390071901353,0.47457136644445364
TEST_06946,1.3890593974747298,-0.03878614756945037,0.6336520942686998
TEST_06947,1.4956988176246464,0.16437059062357656,-0.16082241992717547
TEST_06948,2.5062159361836205,-0.49707267303081215,0.3128146550307751
TEST_06949,1.3834735135770553,-0.21191624493065905,-0.32837655269201993
TEST_06950,2.722240265453957,-0.16932270635315033,-0.0286778583377585
TEST_06951,2.315276439127299,-0.15571675904857016,0.6083518612976834
TEST_06952,1.1309872347481411,-0.4346102732207229,0.32654165135136315
TEST_06953,3.676278174753665,0.7780304717732034,0.08850520585298517
TEST_06954,2.879391818638948,-0.6312201428417011,-0.041160727339132626
TEST_06955,2.245392015991925,-0.28274948861904703,-0.01170583246973307
TEST_06956,4.264138980967776,1.4586964755854928,1.0498297524922255
TEST_06957,3.0344488658561737,-1.0223778039905655,-0.3450822683508763
TEST_06958,1.2689476902211254,0.2696937364333523,-0.3979301220114204
TEST_06959,2.060676614740368,0.7702487487204553,-0.3228663139571027
TEST_06960,2.665145860317831,-0.4597865494410104,0.37666993940714727
TEST_06961,3.0178285918590704,0.18144616284544152,-1.0137192934479993
TEST_06962,0.8818270569907187,0.05506591990370026,0.48091274226924036
TEST_06963,3.6903977451245,0.2738858868827042,0.37012161119342923
TEST_06964,2.977634912688606,0.6599553692794234,0.683610761950086
TEST_06965,2.1761784997411175,-0.8714740941642298,0.9100856520345173
TEST_06966,4.940423530131209,-0.3476398860192401,0.46538152905083446
TEST_06967,1.3672199053175358,0.35763382928505316,-0.5504821434092417
TEST_06968,4.193246166456309,2.216899622884933,0.6496620119808612
TEST_06969,1.2615007701614798,0.3015807370294237,-0.0052250950985376675
TEST_06970,1.5988645108626987,-0.3098561121279357,0.3865852475945925
TEST_06971,1.9286930933867317,0.6145054434357303,0.0583379368813162
TEST_06972,0.9864843742387694,0.5573238898991165,0.39374192849266854
TEST_06973,3.2288885082988803,-0.45381427858442747,0.017968085065522645
TEST_06974,2.392067595637326,0.6353126992354389,-0.8722307257606843
TEST_06975,3.712616454218452,0.7845083715387431,-0.6533650751218049
TEST_06976,1.1949476857449772,-0.6220880883199341,-0.1410956224531447
TEST_06977,1.310519346695921,0.43000890174732964,0.15945325339790528
TEST_06978,4.356042543211957,0.2595054180335752,-0.14660216276471222
TEST_06979,4.355785295114951,1.633502246717051,1.5078545659624842
TEST_06980,1.2196407796247013,-0.6393848810758815,-0.45115991113681403
TEST_06981,3.550763593938315,-0.5229027752892376,-0.0920372983903901
TEST_06982,2.521711393209623,0.5130317116635693,-0.08744978508744883
TEST_06983,3.004112554868375,0.21863155827669511,-0.6769325250233408
TEST_06984,3.2573666101011773,-0.3440153934830606,0.4605193618491067
TEST_06985,2.1441724274440332,-0.16231882365075356,1.1660676296639105
TEST_06986,2.201984693302408,0.37752312095460444,0.10459364770887594
TEST_06987,3.049334722202233,0.07167577803083203,0.22637012228426875
TEST_06988,2.952930854615404,1.1654234151984364,0.15235431440818942
TEST_06989,1.932079678252907,-1.1951665934264928,0.46575411550921175
TEST_06990,1.0384316764790185,-0.280933041925376,0.1553337195908913
TEST_06991,1.944969638873426,-0.5246988915558177,0.27346753008011043
TEST_06992,1.9790894297070776,-0.8522230951207106,0.8024467012103029
TEST_06993,2.670765059480742,-0.2453291497258264,-0.42820557625241795
TEST_06994,2.012147213394746,0.5978790965590759,-0.004261055485356453
TEST_06995,2.356126846774439,-0.6202284029796193,-0.6845289818627762
TEST_06996,2.159526461229387,-0.6716987552987272,-0.44039735591489365
TEST_06997,2.789514178467984,-0.47668173505429084,0.5553307712125239
TEST_06998,1.2478236097262863,-0.21717736668075016,0.21460240159356658
TEST_06999,4.884428671471136,-1.1818316261131743,0.42503586856844355
TEST_07000,2.490365872001377,0.6077407884754185,0.28104013343016515
TEST_07001,2.4209853433742627,1.512626911095964,0.271040659274515
TEST_07002,1.9615669966334135,-1.3126692988591262,0.30000439366520215
TEST_07003,1.9154479436788263,1.2671864648105091,0.5634030606775258
TEST_07004,1.6139813218846824,0.06555176074380048,-0.18790287246369075
TEST_07005,3.010304250735871,0.5704382565766571,-0.2506542778867583
TEST_07006,1.4391428148451653,0.5369531467221533,0.24831350968003837
TEST_07007,5.137541977821008,1.6791802190861984,-0.5377220743081335
TEST_07008,1.3394097323178311,-0.7569291760978998,0.5668789294225753
TEST_07009,4.435394991347521,0.6871508680756645,1.2642358790502513
TEST_07010,1.4833244558421395,0.2110112054384594,0.3559237157313457
TEST_07011,3.4591211551871286,0.15261782466881452,-0.01454885633584422
TEST_07012,3.354112591702886,0.1999294037823306,0.03228676385471724
TEST_07013,2.503208958659355,0.04009029134094512,0.21880917365088803
TEST_07014,2.6677363779288945,-0.1877441547618501,0.4965834181701043
TEST_07015,3.7406159823564873,0.9959317723542488,-0.9814921019391685
TEST_07016,1.774014144939295,-0.8707182146604939,-0.7044917686397335
TEST_07017,3.9563144234810483,-1.5034092019175411,-0.028202945264786117
TEST_07018,4.093467467557918,1.6658088261667012,-0.4593947193018933
TEST_07019,2.2728199476430246,0.6470659720775392,0.022437662653322327
TEST_07020,1.6724796599361087,0.12452923696201865,-0.3548231106355919
TEST_07021,1.0727939865740954,-0.19117408431719085,0.03074015620701548
TEST_07022,1.8973917628446908,0.5100119579306707,0.24329445763030053
TEST_07023,2.468603259534992,-0.7946682918632987,0.2428501223755628
TEST_07024,2.316816682017812,-0.1920988931719551,0.4707212750388976
TEST_07025,3.7340208364935186,1.6438599708711628,0.11297657603933269
TEST_07026,2.9028843144080274,0.3593417890030823,-0.0719539118519728
TEST_07027,2.002900778968204,0.697780654138685,-0.5492769294046327
TEST_07028,2.9165492355471816,-0.04358273472590145,-0.0830415706746965
TEST_07029,2.7442656972014348,-1.4810886524998275,0.04061302408946016
TEST_07030,4.205305795802333,-0.17797045794070512,0.15005114053580174
TEST_07031,2.585125644134505,-0.4945017603899866,0.33775333558150344
TEST_07032,3.440788920236148,1.4390763484252656,0.33383559036215504
TEST_07033,1.323972609742631,-0.6593665175376399,-0.3057053353215236
TEST_07034,1.8818518311780752,-0.016379550131290214,0.11480998151068197
TEST_07035,2.292573238589231,-0.8907696832271976,-0.4864184645684809
TEST_07036,2.074113546996791,-0.22669770126608188,-0.6549887081390953
TEST_07037,2.648636576960941,0.046071679514853914,0.35071215026368857
TEST_07038,2.5510497470565716,0.7424122950742972,1.0950659837825447
TEST_07039,6.198157313393872,0.383458879308337,2.3422916243995293
TEST_07040,4.387401239260754,1.1112353707972735,1.6887915223007832
TEST_07041,1.6850445442598248,0.6487005633460109,0.49935271131008996
TEST_07042,2.725995213090382,0.4012161843720354,1.1182970735616886
TEST_07043,3.241905594767107,0.5385219788391388,0.105109523003425
TEST_07044,3.3397594351569313,0.15773652621800174,0.26180776835186703
TEST_07045,1.3894631599636054,0.18846440678044907,-0.33874834562414136
TEST_07046,3.1556565829169365,-0.4587973255508876,0.48523776790856027
TEST_07047,4.12755932533327,-1.0026347864933245,1.115403076384674
TEST_07048,4.723803931305047,-1.0507135465292998,1.3432056385760518
TEST_07049,3.025519120409188,0.35676289470894895,0.34654803835930525
TEST_07050,2.625105545640069,0.2611838415245893,0.2422735608573254
TEST_07051,1.6156312089260039,-0.05368862982654216,-0.34434352559747544
TEST_07052,2.0558785373453747,1.2744117196834963,0.5738919616354111
TEST_07053,3.0245784095513235,-0.38144257306567625,-0.28801102885995666
TEST_07054,3.503757091797955,-0.14510948505568894,0.733910111229626
TEST_07055,1.5785310619139787,0.2505177244777896,-0.11459075956674035
TEST_07056,2.1616842567498256,-0.14624421884219632,-0.08471439163549148
TEST_07057,1.698888643837117,0.27331330804396103,-0.5341312778923014
TEST_07058,5.353230506321897,1.0823523928919245,1.2801455906742025
TEST_07059,1.77904815768797,0.04918807391799732,-0.012767381302590822
TEST_07060,2.8900837631949163,0.4438275433270956,-0.43886050371668955
TEST_07061,0.9688938174730706,0.41812076922600216,-0.16113819498313636
TEST_07062,1.5549655459273535,0.34156429419758316,0.05026986688953803
TEST_07063,3.227931501670709,0.70805775924661,0.9146028779191423
TEST_07064,0.9067630440510138,-0.27450220680153575,-0.1357241890717827
TEST_07065,2.105918762891946,-1.0610413426601621,0.7524001513501888
TEST_07066,2.821698201546982,0.05977198708236576,-0.24015610931681783
TEST_07067,3.6484199025990187,0.5763732971786046,-1.0482301606263733
TEST_07068,2.321329677073996,1.2932433896104634,-0.8522460991143684
TEST_07069,1.4188368379789909,0.36228228015836306,0.38288842348964675
TEST_07070,3.555870585600535,-1.4347518279964542,0.5456100362831389
TEST_07071,3.387898417544752,0.8223766643648636,0.5654102475069512
TEST_07072,2.5005139495270488,0.17997135291770527,0.10426524954787851
TEST_07073,2.3744360405888782,0.3595847143491575,-0.2715241380309333
TEST_07074,2.3300275181826624,0.554535130560696,-0.5270381554437464
TEST_07075,2.1836455524818668,-0.06484201077429706,0.058900213434244696
TEST_07076,1.3699087689497327,-0.09926694550281691,0.45512056550197694
TEST_07077,1.6668529693200465,0.11835366590067113,0.3322179775509548
TEST_07078,3.6175847828668846,-1.4848380901492446,0.17751959589299696
TEST_07079,4.7673749758874235,0.17160429925252685,0.6122161682781204
TEST_07080,1.2453055817406085,0.49791902357953455,0.09168441060564862
TEST_07081,2.637662732594983,0.18697682310258654,-0.018241233526294004
TEST_07082,3.200833905308284,-1.6453808121902267,-0.2289868730786767
TEST_07083,3.170506633643669,-1.4787794175935614,1.3003295880544967
TEST_07084,3.2824327941142997,-0.8837684857509381,-0.7542929839211562
TEST_07085,2.792213915104659,0.7053950802782706,-0.036684861724705
TEST_07086,3.066495252609829,0.6577299308675448,0.3905058857475357
TEST_07087,1.2530014129921678,0.1563500345674125,-0.03583831297530658
TEST_07088,4.1087902304934145,-1.9029400462814912,0.5867156902374098
TEST_07089,3.8927393521821747,-0.20740667970237373,0.06609712549137613
TEST_07090,2.4452375553495864,0.2971256506877598,0.15744134165674806
TEST_07091,2.9140977716904706,-0.019059401640237984,0.6283056517344915
TEST_07092,4.882699737972769,1.369765144757244,1.3284033738508505
TEST_07093,1.286835925880573,-0.16311608739776953,0.1577133938461293
TEST_07094,1.689205251119742,0.4266038942088258,0.5839943599937606
TEST_07095,1.2259679367134009,0.06366565039222968,0.40138143158522505
TEST_07096,2.360661341611044,-0.8833658930212892,0.7650266477977042
TEST_07097,2.4210318409908456,1.4652772297955619,0.6393838130498087
TEST_07098,2.048180610230451,1.4549210026861006,0.7082602717541655
TEST_07099,3.1638287438256527,-1.6990024367826344,-1.4264262858292907
TEST_07100,1.1632249082021708,-0.35934670253676215,0.18687267951505857
TEST_07101,3.4052801131194426,-0.11503501537731928,0.6031483774065421
TEST_07102,1.2727914460602516,-0.634266617772876,0.2849717555021633
TEST_07103,1.6657922250188084,-0.026874985671908807,-0.04109441022277636
TEST_07104,1.456690306169417,0.13664181359476182,-0.00894473627568158
TEST_07105,2.9665209796459737,0.9469089699613613,-0.632197173008351
TEST_07106,2.6790684792612973,-0.5286253145431918,0.6970612036235277
TEST_07107,2.6603347838553733,0.7827532869847591,-0.7370371603050963
TEST_07108,2.4640822829885005,-0.10358066509291612,-0.0467326540468358
TEST_07109,3.8937424596879793,-0.9305997305258233,-0.4423835839316749
TEST_07110,3.5720642435853605,-1.1058389796921027,0.6717001623346942
TEST_07111,1.5841982792410134,0.6318754431520472,-0.1362003294192384
TEST_07112,3.224965586764607,0.8968896788119948,0.00606840960532545
TEST_07113,2.3781371065378254,0.8343115131588202,-0.2338701428307332
TEST_07114,1.7355565853400337,0.38202259151427115,0.0699973361091726
TEST_07115,1.2044050856080653,-0.30770232687001886,-0.11867720094482889
TEST_07116,1.7348994039236985,0.10032119833831336,0.2151923468395288
TEST_07117,2.624981307808258,0.22189460217975185,-0.7011011205186686
TEST_07118,2.783457162474863,-0.2148098177719339,-0.49806625428135154
TEST_07119,3.263465195950252,-1.8744488633685474,-0.4674083681053059
TEST_07120,2.066062358645197,-0.9889993164939783,-0.658297370864827
TEST_07121,2.5230995347716547,-1.270657575324936,-0.7149477717029961
TEST_07122,3.7102439511319467,-1.2834530209544803,-0.06542209861990639
TEST_07123,1.4531653434688383,-0.49069393816889917,0.2626783509588598
TEST_07124,2.49413346781401,-0.1598875800209494,0.6105725425387687
TEST_07125,2.3785887006272617,-0.5310606754659056,0.2614090658980444
TEST_07126,5.226443972562499,0.6161476459391467,0.3830817760167721
TEST_07127,4.344008477127427,0.6469961291580313,0.007308180320709515
TEST_07128,5.165282739246816,0.8950833720700482,-0.16804016799256294
TEST_07129,1.8005423439122414,0.06657536900872539,0.30327767866486216
TEST_07130,2.869128228684006,-0.37060141226217896,-0.39740155999943433
TEST_07131,1.8294115774121058,0.3381994381087023,0.05122989641745393
TEST_07132,1.0463281860041327,-0.25112925599506863,0.28375149052187265
TEST_07133,1.4905285838425588,0.2713847709323,-0.11381435168354596
TEST_07134,1.4892026860999157,0.1251115273572066,0.22992432922730716
TEST_07135,2.0544191995801504,-0.7897343505825092,0.251480141733621
TEST_07136,2.309165560310004,-1.2340963612745266,0.10356514847037579
TEST_07137,4.274477264857599,-1.6314874977850493,-0.6835349384345126
TEST_07138,2.893368495971314,0.6792853985326899,0.23848935906449178
TEST_07139,4.652203634679725,-0.17696833951569751,1.27721790496625
TEST_07140,2.815369856993836,0.4067448361418763,0.39534292769985124
TEST_07141,2.8932958955920434,-0.19351688724963362,-0.9593847159609735
TEST_07142,1.1373761437795884,-0.23108323166750516,0.23461465980840407
TEST_07143,1.413633733439923,-0.1703584126333838,0.22055952149583005
TEST_07144,4.221722957737315,-0.7040914653875382,0.19188929165115753
TEST_07145,4.053457129171651,0.7012226019010918,0.9990349657885302
TEST_07146,2.0752408228079764,0.16555140684013567,0.2523136992419516
TEST_07147,4.752821633414847,0.017040292646544244,0.017169002143358827
TEST_07148,3.44950153243926,-0.48500750836093953,0.5628977338326501
TEST_07149,3.0254258052673912,-1.2354593106071905,0.5604320129920153
TEST_07150,4.914735398864923,0.586166574059213,-1.0217618532021417
TEST_07151,1.5310686215916687,0.5317993756620273,0.141185890864352
TEST_07152,3.3256676715037132,1.1113341995336476,-0.2686999145170784
TEST_07153,3.2907322053812678,0.47374968347222657,1.1021571266964116
TEST_07154,2.3397865114559493,0.16593352065607606,0.007627805958071864
TEST_07155,1.3848896349777604,0.2619817770001874,-0.15269438271863248
TEST_07156,2.9966601548960963,0.867415920836586,0.5452019967695207
TEST_07157,2.4430841254232076,0.8196854415520688,0.45166479720330904
TEST_07158,2.7740633323345407,0.09005798079365654,1.14729407204692
TEST_07159,5.574143248094409,-1.085547426347126,2.2499948755345462
TEST_07160,2.142386769604359,-0.4139662215912553,0.4900361679191359
TEST_07161,3.314912698463326,0.3912184756084745,1.0134436630830423
TEST_07162,2.7732620281616187,-1.6255279661614557,1.1725317149338126
TEST_07163,1.5277990745848817,1.380837536609651,0.3802929127608533
TEST_07164,2.3642470567741305,0.2206737379393021,0.006153137795551242
TEST_07165,1.6766022066922748,-0.11130059254925738,0.20211294491126816
TEST_07166,1.612010669132207,-0.6391252892955104,0.05284164279043485
TEST_07167,1.8406132219747762,0.06929228239768521,-0.22341564782663034
TEST_07168,2.2142124449190126,0.688154994829276,0.8516537312599904
TEST_07169,3.6673957408568967,0.2773026769419122,-0.01757011038676973
TEST_07170,1.865200566519236,-0.17520179195768262,-0.34987554883957933
TEST_07171,3.862960311274851,-0.2980618284276872,-0.7325710403767445
TEST_07172,2.5937847337736337,1.3846121381480143,-0.18605633781756414
TEST_07173,0.9147788240034905,0.3529242708571071,-0.04467586316264438
TEST_07174,1.0840722275785133,-0.3840405441307773,-0.12904980010670122
TEST_07175,2.166532288565161,0.004264793353419223,0.28518329953469757
TEST_07176,1.186457484519176,0.06690346106700987,0.4828024547472939
TEST_07177,2.589002410419322,-0.048134674236349664,0.9523498876463635
TEST_07178,3.099066621912193,-0.209305111930055,-0.9651695723346732
TEST_07179,3.4118842959272566,-1.5035361582790647,0.48190559317164333
TEST_07180,2.4482205471107688,0.5139642476863986,-0.7967465249428265
TEST_07181,1.0441017463888478,-0.034477557663801006,0.2334768601766041
TEST_07182,1.829464517899274,-0.108025288359483,0.09833976444206875
TEST_07183,4.369245836536515,0.08865571587839369,0.5743025302649533
TEST_07184,2.873966900419722,-0.1286285038874424,0.009550005147453803
TEST_07185,2.723315058589992,0.037632737682522094,1.1898928684708203
TEST_07186,2.648764683049467,0.3194199889558658,-0.5067570324519114
TEST_07187,4.12409566412657,-0.17785958369681082,0.6749697822625114
TEST_07188,2.420965472746373,-0.6728028220590997,0.20156147885338105
TEST_07189,4.393440038246758,-1.155714273879416,1.4028964693657426
TEST_07190,3.9888484280825063,-1.5867526327831045,1.467597964459362
TEST_07191,2.5210581255607813,-0.5105848911877776,-0.2200705760417636
TEST_07192,3.7012860142361594,1.3477784113744191,1.4629944655815659
TEST_07193,2.696612602132291,1.2931246690852638,0.8685388726801033
TEST_07194,2.5306536847611647,-0.17890585057171607,-0.43073986337121056
TEST_07195,2.0804659171520115,-0.7015044533752327,0.3256265885977572
TEST_07196,1.9260726370110604,1.3273584601654513,-0.30722522840826955
TEST_07197,2.4827375536663094,0.2901362158662387,-0.2669910111431277
TEST_07198,3.6287575251316113,-1.2503724816916062,1.186906788274046
TEST_07199,3.597344242414261,-1.351494893504034,0.9050273151390521
TEST_07200,4.084168231791058,-0.0666650453699536,0.5785864571090994
TEST_07201,3.8106057927863,-0.5563605706268328,1.1739980768663956
TEST_07202,1.0186566518614446,-0.33875633216649625,0.46458951028372625
TEST_07203,2.129853601725309,1.4215097259701994,0.0904870119744834
TEST_07204,2.4183566143655875,-0.504753295096584,-0.1579189083517417
TEST_07205,2.738776147968649,0.9355615942286526,-0.4072768510225971
TEST_07206,3.628559957259959,0.23746622120435007,-0.34574324942119306
TEST_07207,2.190386972730782,-0.3764919840967584,-0.6874671414281256
TEST_07208,5.673067937782476,0.10658890786284494,-0.4095106690373487
TEST_07209,2.126138859618643,-0.6664073118542435,0.006538897576025075
TEST_07210,2.698682560813743,0.4999873706430831,0.07348259736596827
TEST_07211,4.437345383890106,-0.4591531797492289,0.07954250519014336
TEST_07212,0.8808603922132099,-0.49901445086359586,-0.2618018560911977
TEST_07213,1.5320636113767574,0.23662047390878616,0.07775759798280814
TEST_07214,1.8388578631910446,-1.326975688894671,0.4050766636146349
TEST_07215,4.062151210322346,1.2242062559862927,-1.3455165100505353
TEST_07216,1.8587161757265902,0.05387486539548946,-1.0265949703724864
TEST_07217,3.2283388115526295,-0.23951217281486026,0.9482856782370728
TEST_07218,1.2784793210318475,0.7815827861130962,-0.46412543417056756
TEST_07219,2.212613097782681,-0.921626656776569,-0.2440144811215486
TEST_07220,1.8808121132252709,-0.648040602220254,-0.03018438595881455
TEST_07221,3.4024079525325326,-0.27185850918333604,-1.1462106222650705
TEST_07222,1.3429838625109893,0.5090171259100397,-0.12988620222279718
TEST_07223,3.9704774397447937,-0.322870627707264,0.5727384616389337
TEST_07224,2.801941098052818,0.4702427501650198,0.9851858811827398
TEST_07225,3.5645177162512907,0.8217864414392388,0.7385429474977082
TEST_07226,3.378974866226629,0.7335786854262284,-0.10637351802888335
TEST_07227,4.4380716486995775,-0.3522418126379554,-0.0885030285494418
TEST_07228,2.188827871765511,0.6396902465643335,0.12172115477302564
TEST_07229,2.9164639784439435,-1.2604774326476464,-0.8546768849084108
TEST_07230,2.9182036758511996,0.18744648801304564,-0.6115698274808368
TEST_07231,1.9136578761855725,0.3142988968368892,-0.06704795030361681
TEST_07232,3.357935011511825,-1.081034819804251,1.5933187322589566
TEST_07233,2.767920453941235,0.4078433974499703,0.9972054816071807
TEST_07234,1.9685900674299306,0.38315292689126135,0.27702175110196475
TEST_07235,2.001922149589278,-0.7159295428843693,0.3704867794248332
TEST_07236,2.828849749819464,-1.14115176493519,-0.46924029974155057
TEST_07237,2.659254465738957,0.4319350061236876,0.5270437255877246
TEST_07238,3.6354531222534927,0.8333485881325079,-0.2079328435556474
TEST_07239,4.3195402139346895,1.5512907437996968,-0.9085845732599829
TEST_07240,2.4975245862469593,-1.8457297418285392,-0.9758605872726825
TEST_07241,4.206390883487608,1.5071944142739466,0.7414755293766989
TEST_07242,2.819760613522561,-1.0330727884225313,-0.8415285213362965
TEST_07243,3.984948332667224,0.2901921125259739,0.24805127921416173
TEST_07244,3.2367227066370257,0.049912365609958854,0.621743390207969
TEST_07245,2.365775889038799,-0.04713882198525707,-0.7377835200702086
TEST_07246,4.70179063738483,0.43686529757335624,-0.925633982245755
TEST_07247,1.4636988135622122,-0.09963466519894354,-0.24208523873849103
TEST_07248,1.788309841781017,0.6562889513650942,0.1277180081584679
TEST_07249,3.5499193917392944,0.5440121380736147,0.13221814947239377
TEST_07250,1.8227064715179793,0.4373293144159472,-0.14773629003479216
TEST_07251,1.5445407226821943,-0.05666576674729749,0.2683940239003656
TEST_07252,2.476515744215544,-1.3299184489309124,-0.731104240217271
TEST_07253,1.0788171004864922,0.0947089329420229,0.13467172500813943
TEST_07254,3.7077114692371937,1.2311670892597195,-0.38770940552994626
TEST_07255,2.203931654975267,-0.9005328941524305,-0.05983956258037877
TEST_07256,3.236320694977119,0.6777318816904612,-0.5211220707105176
TEST_07257,3.847861335793917,0.8268319510474742,2.0227189571585504
TEST_07258,4.09521530116319,0.5911439481000054,-0.35886537788042305
TEST_07259,1.1747082532646418,-0.19310905967929362,-0.4608751390604278
TEST_07260,3.04401535431902,0.6045412892687713,0.5066734937874149
TEST_07261,2.8363378986114767,0.01796940439198231,0.28927105661465347
TEST_07262,1.8275667539152698,-0.13246825833065504,-0.33041736250754444
TEST_07263,3.0892256822592103,-1.0506988945204279,0.5608941193013767
TEST_07264,2.7179748817737237,0.044618694374016936,0.2676383129320813
TEST_07265,2.0243993279126444,0.052081216252500645,-0.44708026108945614
TEST_07266,1.9099510507475923,-0.05476880676548835,-0.4405812592053415
TEST_07267,2.015976458322639,0.35728246090749594,-0.030737431763314997
TEST_07268,2.6682067503870766,0.7504420204293918,0.5904817309014738
TEST_07269,4.811449207521535,0.2541484023675462,1.2196292199035312
TEST_07270,1.803188014831212,-0.22281435450234213,-0.2232646085976649
TEST_07271,2.13001394838306,-0.4210900604914227,-0.14674219706823358
TEST_07272,1.175927536600772,0.39592440349719843,-0.5091715237399472
TEST_07273,1.9304323148501674,-0.48500871648551114,-0.44104442887139383
TEST_07274,3.609400053739979,0.36372144200882084,-0.49822642213337004
TEST_07275,1.954779627966448,-0.857490559493444,0.33309084205464856
TEST_07276,1.3873327034392204,0.9115639804142109,0.45886026096922106
TEST_07277,2.198172061550779,0.11829096007275335,0.6668053701831778
TEST_07278,2.853437524923059,0.8684964916545383,1.1067826724396173
TEST_07279,5.28024636663145,-1.3974879321412355,-0.5276123752892807
TEST_07280,1.5344155656177187,0.34078485094887806,-0.007049235148184527
TEST_07281,4.8521634813378896,-0.3617844721022947,0.5437538605331752
TEST_07282,2.148142959491797,0.3168299088775888,-0.648845365817906
TEST_07283,1.0474667197540066,0.7072396617832427,-0.12240907310822137
TEST_07284,2.637504358328471,-0.36081188091997446,0.0820274691137206
TEST_07285,1.7754299164369425,0.34999883869491905,0.1739309540609353
TEST_07286,2.055559082386336,0.4548941137378049,-0.4138726299775803
TEST_07287,4.743929104685518,1.5228394226898252,-0.9014659728206059
TEST_07288,5.989790235536423,-0.9627657276522746,1.6809165490749718
TEST_07289,3.836661766479398,0.31166560470024657,1.1579788767150476
TEST_07290,2.0295172301571403,0.186264211347819,0.4212620930746084
TEST_07291,3.9150399012499912,0.3852794397197293,0.9559308290437718
TEST_07292,5.0142903687613245,0.40715776073887805,-0.7684150282500966
TEST_07293,2.825149197259892,0.1208413182390371,0.17216524282734447
TEST_07294,1.7806224229574412,1.1501042163663173,0.34060771059508005
TEST_07295,2.712923720079147,0.39082406957779503,-0.30893723995584865
TEST_07296,2.5527809496615492,0.5906601620970534,-0.6632464121314362
TEST_07297,3.673973437106555,-0.33892028398158663,0.381351254144306
TEST_07298,5.777066187951817,1.5311104632492787,1.783311820677429
TEST_07299,1.3717830572951564,-0.2254770813388063,-0.1773689210833584
TEST_07300,1.960098988832517,0.33331455811914407,0.5045069647940531
TEST_07301,1.0951406880477785,-0.029821087201230344,0.3194006647149231
TEST_07302,1.5717977813385589,0.16248989186633228,-0.07656414961208129
TEST_07303,1.8551183783518155,-0.13767461791967775,0.563633599063267
TEST_07304,1.1588104447076737,-0.22751275434810006,0.2984111246515369
TEST_07305,3.233704174805731,-1.421350407079538,1.9579679980372193
TEST_07306,2.0024252598123593,0.27400613135167884,-0.1718660621421587
TEST_07307,3.0531577656803095,-0.443383521686362,-0.9359666417885104
TEST_07308,3.218159250212304,0.31133188399780787,-0.035000903626378935
TEST_07309,4.477898084527595,-1.281944100683047,1.298409484199603
TEST_07310,3.78667565693014,0.3452162051387255,-0.5468261492445077
TEST_07311,2.2000424365297175,0.8213525182664126,-0.5367209421200809
TEST_07312,2.9169962983889692,-0.7903773240054481,-0.90624843783219
TEST_07313,2.214053606584475,-0.42487731854605243,0.2254377885643388
TEST_07314,1.5911095688254207,-0.33729992919300794,0.09169019406743363
TEST_07315,0.8901213258869245,0.13835369082030774,-0.14641062785736753
TEST_07316,2.1136044470470843,-0.6200911081003108,0.04668046232617731
TEST_07317,1.9146208117711312,-0.6747965302370532,0.4082529561331041
TEST_07318,1.970095560449771,-0.8036702918715998,-0.3061601079942921
TEST_07319,5.704213957737754,0.5877107752774471,0.5292438899793104
TEST_07320,3.661559832028616,-1.324802791026801,-0.6524495080648659
TEST_07321,3.1095392281990866,0.22608416306547563,-0.310983149154582
TEST_07322,3.5407101469885305,-1.8008482043278826,0.6905382373967094
TEST_07323,2.5695042870205578,-0.9419963418246509,0.9555929139537916
TEST_07324,1.691156490806846,0.10504627235349033,0.14526338565191463
TEST_07325,1.353350543816112,0.3307171525414044,0.26594238593338826
TEST_07326,3.1577716755960212,0.40669354017362414,0.6052282602666047
TEST_07327,2.3961156794250105,1.2523271326493386,0.25838050780856964
TEST_07328,4.506708311652942,-0.16133765400236946,-0.925750517284153
TEST_07329,4.109464303086766,0.03183559033618859,-0.3047896631563831
TEST_07330,1.3700093694909583,0.12771513890730635,0.2973283473914671
TEST_07331,2.868863684429721,0.28745600846133923,0.25283784175730273
TEST_07332,2.6600081015741477,1.6252890781909128,-0.798121066066821
TEST_07333,1.9677355377980983,-0.269788654835241,0.3147274870025281
TEST_07334,2.3076278109449753,0.23849501058427977,0.8615805415330163
TEST_07335,3.6203422407843404,0.7972651904336928,0.39369417327683126
TEST_07336,2.1269937590249395,-0.06029889417722786,-0.20434313125275722
TEST_07337,2.0752544684271883,0.24847069858946508,-0.24457180465018952
TEST_07338,1.7468115378734919,1.2992575690864525,0.30535213175913284
TEST_07339,3.1544470776873412,-0.8237697655323829,1.0078153085879893
TEST_07340,1.6635497374723538,0.24704497996392893,-0.16179544542480673
TEST_07341,1.1228454236562697,-0.5342023248016543,0.08551668405691693
TEST_07342,2.011138930349112,-0.8434587713140194,-0.762816316605934
TEST_07343,1.3466254401082551,0.07583127097676966,-0.360065771715849
TEST_07344,3.297098553544594,0.15758461472982924,0.09472700401193108
TEST_07345,3.1449179822969024,0.017377264600737397,0.017979295030638724
TEST_07346,1.6892118343530795,-0.7407166820962664,0.4136497797604152
TEST_07347,3.032416935845878,0.21802303815452737,0.9134977965035452
TEST_07348,1.6682369263113013,0.17572989377157902,0.12146264578376476
TEST_07349,2.462160337970266,-1.4125122530448253,0.6112083742304931
TEST_07350,4.477659424632805,-0.21977120011204906,0.7998737390810052
TEST_07351,1.5624933190095893,0.5444913677971946,0.24537842532809997
TEST_07352,1.199790034799928,-0.47386971495737157,-0.3643103428841891
TEST_07353,1.9881347048512894,-0.09168616521248635,0.33567071207610916
TEST_07354,3.0082522974123456,-0.44410094644580583,0.0702692513633949
TEST_07355,1.7106655896849747,0.04393734144414063,0.13157527288587706
TEST_07356,1.9215401170743822,-0.3655786276479324,0.05331883865157695
TEST_07357,2.4860389142197197,-0.49771072574306524,0.3570392966127161
TEST_07358,1.889698237511966,0.18382377622715151,0.3376311358423591
TEST_07359,5.79559595662223,-0.9366644872575436,0.7920491177715909
TEST_07360,2.7199143459653303,1.2524543300209812,-0.15319609407453802
TEST_07361,2.368506549457199,1.4363266493508313,-0.7199977865704704
TEST_07362,0.8551418500900654,0.5143990049426131,0.3197595768039623
TEST_07363,3.452648267048696,0.721131262827285,-0.09700110445634513
TEST_07364,2.355242841209177,-0.3472131508539455,0.5033373948768656
TEST_07365,2.660864135743548,-0.8377933937422802,-0.4611126776716511
TEST_07366,4.429472640065543,-1.163591314567809,1.1069638658527121
TEST_07367,3.228239270617207,-1.5127543529197138,0.09663856149378895
TEST_07368,1.9678121977543388,-0.3435578167507365,-0.24975252179359886
TEST_07369,1.7080205404177207,-0.4604726072394824,-0.17190027928505455
TEST_07370,1.9921340088598989,0.2886547523644089,-0.054663005057574
TEST_07371,2.3179289663541747,0.1913138895055534,0.18278316463401645
TEST_07372,3.50164283635166,1.2859645813524205,-1.3046775029396778
TEST_07373,1.3934790365464742,-0.5817244376778076,0.3625112185802907
TEST_07374,2.7513428119868677,1.4903181576828624,-0.10085564344438003
TEST_07375,3.4337162391719636,0.8791430198240386,0.4653189672252494
TEST_07376,1.8419880519328142,-0.05198788103029088,-0.6987090097897327
TEST_07377,1.4488495910528207,0.37115303973116054,0.807002517360104
TEST_07378,1.2786495293490945,0.7206660989524561,-0.21283510158319294
TEST_07379,4.325948993685055,1.5224373890627938,1.367992546073887
TEST_07380,1.8549752713333891,0.327655511723363,-0.3055387690475576
TEST_07381,2.409400766884063,0.27077954539904026,0.11419529625247393
TEST_07382,1.611660662405386,0.0305191771128367,0.11194214445334062
TEST_07383,2.040588194169635,0.5458935284945928,0.0894806662831698
TEST_07384,2.662817085055975,-0.32494440111078327,-0.8132326240459777
TEST_07385,3.3739860116483915,-0.296337034699879,0.2795089160688956
TEST_07386,2.68212785433746,-0.15161525975071422,-0.9049413561076332
TEST_07387,2.2905208264347596,-0.07875302852145923,-0.6876107388209098
TEST_07388,1.9005246723956104,-0.022430575431207574,0.22963913772282032
TEST_07389,1.2905181090538573,-0.5902733065921768,-0.6706935885812473
TEST_07390,3.897392281683346,0.8897566258784094,-0.7957320620211777
TEST_07391,2.1834456082629288,-0.6127275080518656,-0.2521658292158641
TEST_07392,2.2356656026390214,0.3248603269116097,0.04122747222333256
TEST_07393,2.5244081237323246,5.3495116785793034e-05,-0.19432834228054918
TEST_07394,1.7149313191945723,-0.3575839802570028,-0.2655501658685741
TEST_07395,1.531399111377225,0.4336556757251875,0.12647370349811526
TEST_07396,2.6782481162907414,1.1134801041954754,0.7232497021916294
TEST_07397,3.0118023094654287,0.16284409316499884,0.5494407403327447
TEST_07398,3.593070262489809,1.803353844197469,0.5627538719755848
TEST_07399,5.486241922160148,-0.7607219101872582,0.7910926590237389
TEST_07400,4.220622764240318,1.7455899155178318,0.9273293135274843
TEST_07401,1.3126719502001212,1.0029782652265409,-0.19488817572335898
TEST_07402,2.373315824763096,1.1485874779859369,-0.42888147999666015
TEST_07403,2.5732265320544427,0.2899644794965565,0.9169325957184313
TEST_07404,1.162889261404231,0.2573973966339821,-0.10293310201610426
TEST_07405,2.1172648625380366,-0.08606127629517486,0.28770194762591234
TEST_07406,4.394694140349405,1.191272429934831,1.1889685913790429
TEST_07407,4.639573171223353,-0.9056115489090192,0.897639426101638
TEST_07408,5.650274441461266,0.9850367909397171,0.4162510738414922
TEST_07409,2.610856405032846,-0.1895176317982163,0.06713583483518283
TEST_07410,2.942618240216417,-0.3056459151701861,-0.25503749870528236
TEST_07411,2.4284984532714153,-0.07299616323226868,0.5610932273199293
TEST_07412,2.8607279360488436,0.4809900607715798,-0.418299585228117
TEST_07413,1.0643179688758566,0.220855057882204,0.18399617051380884
TEST_07414,1.2175789085802902,-0.6877889086373408,-0.25372492487751436
TEST_07415,2.17063410778448,-0.7012421149840016,-0.08035461180199553
TEST_07416,2.53860297851139,-1.1295395261262657,0.3327503652896169
TEST_07417,3.255120142686043,-0.30434449890022564,0.9897603611580847
TEST_07418,1.8794626809678934,1.1433807947091834,-0.9064776520951479
TEST_07419,3.418258787548743,-1.5162527894281095,0.9646930721864924
TEST_07420,2.363400701293106,-0.8983990710444659,-0.11914787134998207
TEST_07421,3.10786269271753,-0.05192242539925247,0.1307628270325558
TEST_07422,1.4819156269532847,-0.1996731741733093,0.09945190060135113
TEST_07423,1.3823631711001714,-0.002384692710360404,0.4735455027447196
TEST_07424,1.9967812844543062,0.2828822578919665,0.8774899459105083
TEST_07425,4.20146414527046,0.01894973407391599,1.5080420311186884
TEST_07426,2.5391825088560656,-0.2795932068561349,-0.1330057147307186
TEST_07427,2.248394253827949,-0.24768446719157,0.06308451895562098
TEST_07428,2.9351347000464543,-0.045737093906727984,0.03742210986946004
TEST_07429,0.7868614924421176,0.23604766105780062,-0.01544149400222646
TEST_07430,2.6850792199988094,-0.5761092285858317,0.8873431907833388
TEST_07431,1.9106599823884904,-0.9590613650107641,0.021476539638002126
TEST_07432,2.011598448816576,-0.15198604246792255,-0.3187918567178355
TEST_07433,3.0947304420723842,-0.06422268547142312,0.5730319546899915
TEST_07434,2.0357482319890123,-0.6475648189903827,0.30049639513289494
TEST_07435,2.02581866579261,0.13090311200640561,0.11114242514824563
TEST_07436,1.2608271678231753,0.25499823041908326,0.12684891302659057
TEST_07437,2.6452702741242637,0.5701020354165222,0.16334766930943131
TEST_07438,3.4918284705476483,-1.769384644373591,0.23000170814801754
TEST_07439,3.79130536785978,-0.29185901074908416,-0.7410817708044729
TEST_07440,2.432865607606219,-1.5517928413118431,-0.4297815084254425
TEST_07441,4.525599049210839,0.8005513899212651,-0.9878016597792915
TEST_07442,1.946732061780618,-1.4733889535783564,0.638921594807736
TEST_07443,3.460075212234152,1.5177664492308083,-0.42455582653205365
TEST_07444,1.7977630553798227,-0.1425876792628782,0.5383401775361927
TEST_07445,1.3175573605148565,0.5202385569412034,0.32519412319155766
TEST_07446,4.1239328631157095,0.7784825893532711,0.8447089369844231
TEST_07447,4.395981414730162,-0.7431743358891196,-0.006768206299956589
TEST_07448,4.710996698666422,1.3385974127608296,1.026572393252613
TEST_07449,4.113922460791182,0.25681143242741133,0.858838966010894
TEST_07450,1.6921965283308433,0.028656678878537123,-0.329015764313483
TEST_07451,4.314782062260293,-0.3519267263421979,-0.91044500524072
TEST_07452,4.397397754021466,1.1816300604200731,1.37752036760848
TEST_07453,3.0920596647264,-0.41729676497024887,0.15928455353268847
TEST_07454,2.1812787558107383,0.7744702186672007,0.1864880521370894
TEST_07455,3.0252110582860574,0.9303378610047663,-0.03329920604067044
TEST_07456,2.8240442727765065,1.0288780298418516,1.5954622842335913
TEST_07457,1.4591510509554715,-0.4568549392076204,-0.054774277909916035
TEST_07458,2.9808555469640674,-0.250613774320108,-0.9491865667009753
TEST_07459,2.9115357311968406,0.4034665317248148,0.05074152620417609
TEST_07460,1.5926604388225944,-0.31276336007391115,0.28255958884149174
TEST_07461,2.7682087454112834,-0.4707445059348096,-0.8801066152566818
TEST_07462,1.86008875829314,-0.4939846508570343,-0.32066827445333895
TEST_07463,2.3732951267858224,-0.5844332209886824,-0.08542764808985406
TEST_07464,2.0074145464826953,0.11144034347123952,-0.0011936770322159532
TEST_07465,1.3103904022136528,0.31529808803658205,-0.3728802480605996
TEST_07466,1.9670130695373973,-0.1038862963809348,0.37798181529522445
TEST_07467,3.408932917996719,0.5026447435365053,0.5163584643372113
TEST_07468,2.118585193481286,0.09517817303825515,0.5417227237679527
TEST_07469,4.392875110436274,-0.15196772044396764,0.9941019487440426
TEST_07470,1.5024201104531074,-0.041047638330169306,0.4209945323186195
TEST_07471,1.655980333008815,-0.7085824112473527,0.016132108981246736
TEST_07472,2.7453343760193833,-1.0198597194041643,-0.18058579861295485
TEST_07473,4.227408144911505,0.26614879697653365,-0.38909336586986804
TEST_07474,2.481772364246194,0.2837426980690994,0.08502400705539419
TEST_07475,1.5076682496790452,0.44181717155074207,-0.026381588063037534
TEST_07476,2.515842495712254,0.7519099310086509,0.6909524447059847
TEST_07477,3.0420627198385457,0.33205837822531875,-0.09395312271304256
TEST_07478,2.2393917853854695,-1.1806471541783596,-0.21155296207247046
TEST_07479,5.6089051966049395,-0.2811714146282247,-0.29292517193234663
TEST_07480,4.269320747574016,1.9214928279509673,-0.8927325821705266
TEST_07481,4.256198747325507,-1.2075371468039742,0.41003269609434667
TEST_07482,1.0146532621340358,0.028463534753981425,0.5204054073127693
TEST_07483,3.8725691341492854,-0.3682602238695404,1.1327067657681524
TEST_07484,3.024037324551484,0.04788961734501451,1.3740518039260452
TEST_07485,1.4203390957847357,0.14589017515913777,-0.40617885283009036
TEST_07486,3.4171698323004667,-0.46157803074131476,0.6596180878716512
TEST_07487,4.397826176215688,0.8430488861565043,0.5384646100318424
TEST_07488,4.258469452138026,-2.119530383612019,-0.16914174618459507
TEST_07489,3.639202693161639,0.49241590038446403,0.8989621494264529
TEST_07490,1.334646232769685,-0.5456941998265679,-0.27347369346284667
TEST_07491,2.7459050792949884,-0.6237325108198305,-0.9906814281552325
TEST_07492,4.6200207530421045,0.18151679442260657,-0.5628737108068719
TEST_07493,2.12401513530211,0.12612599617985207,-0.15730276725698375
TEST_07494,1.614038445660295,0.5194184377487402,0.3883691782838971
TEST_07495,2.0106872249478074,-1.1352720790640287,-0.13096343441686964
TEST_07496,2.1579817731904734,-0.41746394503173,1.0156421629288643
TEST_07497,3.9736493978416254,-0.4855506663199157,-0.38487143662234946
TEST_07498,3.8895443875915987,-1.3533445592446698,0.020185987044707678
TEST_07499,2.257640445910602,-0.01614331686135061,-0.13322514793473347
TEST_07500,1.394236170972558,-0.4352538901273534,0.057745386559617
TEST_07501,3.5992281142630005,-0.585535287599101,-0.8127161310494048
TEST_07502,1.2049788766098735,-0.3971179149845459,-0.35981937495106114
TEST_07503,1.5685076101671653,0.3545156474540205,-0.5041265172671129
TEST_07504,4.34520673419311,-0.07084904635817112,1.2255643862682952
TEST_07505,5.121657907578116,-0.4730726197970577,-0.18560005533638543
TEST_07506,2.0929325538663246,-0.366933843196971,-0.9643528333985053
TEST_07507,3.748673689068289,0.015123138071341866,-0.2189660432903301
TEST_07508,2.237913652029576,-0.30727805627772753,0.32242307159261624
TEST_07509,4.024217052732871,-1.581426325589267,1.082993223802035
TEST_07510,2.4635712702564954,-0.4679464076004998,-0.7652106448158463
TEST_07511,2.76190354201423,-0.5703019545439486,-0.4222752599370495
TEST_07512,3.8041171830249514,0.8083722312457962,2.1016223386104587
TEST_07513,2.411025189858261,-0.8835250922903795,0.1945630317158124
TEST_07514,2.4656594500232822,0.25876547845337317,0.04691077345340593
TEST_07515,1.8225215298713762,-0.07148828130229924,0.3181685795159271
TEST_07516,3.5652682821639785,-0.03803514596791255,-0.39234132848612174
TEST_07517,3.0106267151654875,-0.04162234248670325,0.7692652959391134
TEST_07518,2.6948039015430068,1.375572471196446,-0.013902419003149731
TEST_07519,5.6547475391892155,0.544088513175964,0.06258204026956102
TEST_07520,4.161869296547116,0.19880322861454325,0.24177471220330335
TEST_07521,3.1707243623593677,2.0224121454412676,0.6359221547957113
TEST_07522,3.662496978397907,-0.029681451480571972,0.1887520794428183
TEST_07523,2.1688536952766735,-1.1407085696659534,0.3620696146822917
TEST_07524,1.9539352283732632,-0.46682413382946725,-0.5678987589770044
TEST_07525,2.031982112701994,-0.027432917003047286,-0.6494140637978769
TEST_07526,2.6500568572061507,-0.7200943210106998,-0.455122382354663
TEST_07527,4.084595483430714,0.5021675320705287,0.16855611276309845
TEST_07528,4.943057187756183,0.9903590603760264,-0.8749964592236471
TEST_07529,3.1213333555745586,0.2075823794324468,-0.16156696963695172
TEST_07530,2.6217513084629798,0.4058378191861179,0.2246564297647217
TEST_07531,3.512632746398881,-0.6664910931364137,-0.7743207586065441
TEST_07532,3.5762416225319806,-0.060810188416103174,1.593835154005851
TEST_07533,1.1033739919844916,-0.16151693327726296,0.09925793474049695
TEST_07534,2.9979138233495175,0.5783192373225724,0.016373350919383974
TEST_07535,1.7292041243823943,-0.914175907164772,0.042906751938858796
TEST_07536,2.3949791406924885,-1.0075376194620165,0.9334877145242824
TEST_07537,2.2366416567691005,0.6560694526067434,0.05589127541787879
TEST_07538,3.9880038193169054,1.2888936533440087,1.4455502973167267
TEST_07539,2.451478370524517,0.23381314958864693,-0.7803428928995995
TEST_07540,2.705811129703908,-0.5456879776827713,0.24729136677930244
TEST_07541,2.7272334426646396,-0.07467754429835918,0.2936764126314772
TEST_07542,1.4964744153220755,-0.20188424146478307,0.2904770650160138
TEST_07543,1.6073113239096923,-0.844763060858499,0.0008738837078630353
TEST_07544,3.201237982152528,-0.14183077720360016,0.09504247118159644
TEST_07545,3.3008715457158453,-0.12943204976905395,1.0346228784881146
TEST_07546,2.6011379832286607,0.17858376660743666,0.006562457892899559
TEST_07547,2.9325962351080648,0.48784926610988294,-0.4973309381393487
TEST_07548,3.2398690352762056,0.07549644770898874,-0.13205725880685373
TEST_07549,4.1528109437284995,-1.3295779012562623,0.28359843990549066
TEST_07550,2.5037662015331925,-1.3658785911770184,-0.49281500134359313
TEST_07551,1.2574758473475305,-0.12666482586205374,0.010084042801624449
TEST_07552,3.3843417086273395,1.6301681973797606,-0.46041846289306215
TEST_07553,3.619586177375617,-1.9060937877722093,-1.0594664264870168
TEST_07554,1.8655497582981233,-0.4758972078804448,0.10799548136386035
TEST_07555,1.8310461789897907,-0.8675005900797401,-0.6672916002670018
TEST_07556,1.9853090564083478,-0.3566766080031431,0.21378866661615123
TEST_07557,2.6504434081174204,-0.9043384141085742,0.04521544756132519
TEST_07558,2.188327133758335,-0.001654301421406598,-0.20763030289511705
TEST_07559,4.897589145500996,-0.39078195473460986,-0.10704367878053449
TEST_07560,4.378118961319893,-0.9359723249932698,0.7769218155429723
TEST_07561,4.694256762716328,1.4930552183811903,1.0348988626766382
TEST_07562,2.293820794593817,-1.7164727260351254,-0.7492243570483736
TEST_07563,3.8863016349921997,0.9022030875694752,-1.350540473269552
TEST_07564,2.4575116604080014,0.05947153932676899,0.9343245875200434
TEST_07565,1.2424059498194258,0.1929540856562252,0.014562297336403868
TEST_07566,4.842061688959614,0.5859226899582047,1.2099545562025427
TEST_07567,3.1519588359191233,-0.24058287766990297,-0.6289311558290442
TEST_07568,1.4409807712839875,-0.8010348483401246,0.34173521020847947
TEST_07569,3.8984250215278644,0.06945077801839068,-0.6892700945561874
TEST_07570,2.4393068672045635,-0.7263877990765796,-1.024752758530643
TEST_07571,3.2753770475520625,-0.28983980042923424,0.40544828325051596
TEST_07572,3.5141245023273053,-0.8699742349417333,-0.6480645643852659
TEST_07573,2.267913586914287,0.07992694933333862,-0.15807640094129322
TEST_07574,2.1703278130016987,1.071257962194462,-0.3218493459672781
TEST_07575,3.917347562292088,0.766006249035723,-0.23022186169978126
TEST_07576,1.6196712765491903,0.6807015057081895,0.4069881916963938
TEST_07577,3.739306080943818,-0.7777583960859511,0.5806003516286143
TEST_07578,1.4079784893274991,1.4033314194326745,0.5337816148212619
TEST_07579,3.8096191854586827,-0.09181965382062483,-0.7518708494556063
TEST_07580,3.277759815442195,-0.4350051596141335,0.851984258741353
TEST_07581,0.9373799277401785,-0.29619079395522885,-0.06044928514198314
TEST_07582,1.3443857468462697,0.5913468840475221,-0.16757339884174874
TEST_07583,4.392078619376275,0.6239730044300481,0.909512239355658
TEST_07584,0.9243736047782332,0.36832521196229606,0.015101735657515148
TEST_07585,2.9274720946404735,1.2214458029766946,0.8926438842176427
TEST_07586,2.3180800139850564,0.18535772532590114,-0.45975367858225824
TEST_07587,1.4645895921516303,0.06184535985225872,0.07462116200925951
TEST_07588,3.0118398122917585,0.18509663627227102,-0.4054082853155616
TEST_07589,3.7226762966247997,-0.8605221714102057,1.024891128567311
TEST_07590,3.0086431611106796,0.90522145359304,0.48979236074322474
TEST_07591,1.5354951570688125,-0.9709868621436033,-0.17386460710966345
TEST_07592,2.993911706156438,1.444748779647418,1.3702038598126165
TEST_07593,3.34727840872376,-0.5426089969508449,0.8728062318884454
TEST_07594,2.241573406415109,0.3495449576010696,-0.025236312389286617
TEST_07595,2.320029558409654,0.5506819351587853,0.6456220452670641
TEST_07596,3.6142564363872234,-1.3505603336098548,-0.4744210021660963
TEST_07597,2.9813534898552376,-0.235817812419204,0.5753416838440941
TEST_07598,2.90089066781327,-1.164682290236727,-0.48267667833019073
TEST_07599,4.814647998142094,0.6935859032375354,0.21512798037362957
TEST_07600,1.9679558570435476,0.24779913588601285,0.08490541983518671
TEST_07601,2.82550926341891,-0.549761617922414,0.8712854541273689
TEST_07602,3.3265457888421803,-0.1501883417917342,0.436092494051616
TEST_07603,2.8095529516094,-0.602551942975807,-1.324599936176609
TEST_07604,1.4121676860476522,0.1579536701812488,-0.18030261789272972
TEST_07605,2.396290338801676,0.49172407580321925,-0.7265132770151495
TEST_07606,2.1358997432194387,0.13305489124638747,-0.319317869341839
TEST_07607,4.702992584780076,0.864777003321193,1.1970488283196241
TEST_07608,1.3885655454983468,0.7162151706352052,0.3380143633060323
TEST_07609,2.1512694583437164,0.708216120225499,0.13608070751929632
TEST_07610,3.2058997108826217,-0.47711295163374745,0.6101444952450503
TEST_07611,1.342449058335658,0.10300292300718715,0.21803658760703978
TEST_07612,3.2084920328944104,0.9584766064471294,-1.198781271201201
TEST_07613,1.3920365148639244,-0.4058410956795532,-0.043016592686549275
TEST_07614,3.6390580233659042,0.8956135408287121,0.3132111334265979
TEST_07615,1.4989746359310143,0.15166330287232027,-0.016499014466549854
TEST_07616,1.715627391699869,-0.5424341734365973,-0.6528709040589005
TEST_07617,3.0396595401470576,-0.5851886523170039,0.8017838181992984
TEST_07618,1.864264644702921,-0.9420681514326774,-0.5407659373488757
TEST_07619,3.3995292116446656,-0.05290149164158351,-0.04452277941478565
TEST_07620,1.5596861855809017,-0.1099121080706387,0.3840579071563285
TEST_07621,2.4214769346712837,0.05662547430533616,0.15997282025687984
TEST_07622,2.0792012755611013,-0.7760664829789847,0.7411157807422262
TEST_07623,2.3715408374853073,0.2642265392450907,-0.5647060085126693
TEST_07624,3.2183155024005576,-0.0657763845354722,0.04106740409388897
TEST_07625,1.5817549440090668,0.8573902087557717,-0.24626148677044438
TEST_07626,3.5774875073892023,-0.6552732020225434,-1.1464630971465026
TEST_07627,2.135533723349783,-0.42419596349489125,0.29092403421840574
TEST_07628,2.603809368010322,-0.39191364823029384,0.053891235351773224
TEST_07629,4.521865619410052,-1.8695914972669543,1.756156046056909
TEST_07630,4.370887139461742,0.44937835007182686,1.6536919429294366
TEST_07631,1.620576724516158,-0.12363476791471069,-0.020905735243879515
TEST_07632,1.9698686612339977,-0.9095486179237697,-0.1276755438861818
TEST_07633,3.4259086947739137,1.4809025611227526,0.08429412738657387
TEST_07634,3.1290129533549678,0.5164315643440618,-0.1387159793173321
TEST_07635,1.3019250415524366,-0.010499152625796924,0.4223554714280343
TEST_07636,4.701317565811007,-1.7138497270888844,-0.39782527044366794
TEST_07637,1.6385580853118464,0.46216034755552754,0.11400191215755233
TEST_07638,1.5403333432716204,-0.4081841264902954,0.5652679703726462
TEST_07639,5.127680957734927,-0.9946085439081852,-0.2923172913606131
TEST_07640,1.3369699880565198,0.6592648016127827,-0.189929532401341
TEST_07641,4.943834424407051,2.0549812865160204,0.7384432911917825
TEST_07642,2.5267876376444485,0.29631718804298945,-0.4446159503022245
TEST_07643,4.083888245507805,-0.9943601019545635,-1.2913749268106463
TEST_07644,2.046761464844882,0.1852089085963068,0.05983167580705248
TEST_07645,0.8284670164323139,-0.25202790036628436,-0.12730527054690322
TEST_07646,4.685133571252048,1.1435876262636622,-0.5672832838562496
TEST_07647,4.697237554599233,1.3408273835789046,0.7534288583942071
TEST_07648,1.9182477042516766,-0.8454238727433052,0.12015100651760334
TEST_07649,4.533379158722516,-0.4569798142855794,-0.5860955682751832
TEST_07650,0.818405055755197,-0.1568484815902615,-0.046029036920792445
TEST_07651,1.7519410656380765,0.3742373788923874,-0.2855555717884766
TEST_07652,3.3893729646686688,1.1382126591155302,0.6233511006866427
TEST_07653,1.7060833008636005,-0.392166702026381,-0.041867995220026585
TEST_07654,2.9674304751946603,0.17902280631142906,-0.6556792137271288
TEST_07655,3.269572345004858,-0.16988335896387727,-0.4445920824153695
TEST_07656,1.4123794376335352,0.22336891065738598,0.41290532763777116
TEST_07657,2.4698120598294158,0.7295243598668001,0.3197284738707302
TEST_07658,3.712441389712825,-0.4540265190680963,-0.2957523253646218
TEST_07659,3.206904468200163,-1.484809257607469,-1.2640157534162741
TEST_07660,1.5881610156296477,-0.44777005338888315,0.25811052344197116
TEST_07661,2.965868971305274,0.294443896981166,0.9116803881012719
TEST_07662,1.9387400145612081,-0.36971130499916216,0.6499609136600152
TEST_07663,1.278271678963344,-0.20919611150115044,0.014295679229124312
TEST_07664,2.727382489181893,0.2715082089350155,0.6417433739350059
TEST_07665,5.440867476827355,-0.41424015202343284,-0.6014617516578012
TEST_07666,2.733119455809282,-0.1009851193651595,-0.8373803030062955
TEST_07667,2.2563816963287806,-0.21911712314196075,0.7948098922844975
TEST_07668,1.6122394515024814,-0.52869221905793,0.2549567686001123
TEST_07669,2.2799501235140482,-0.37087298902972127,1.3492784588894442
TEST_07670,4.517943262611012,0.6712534663540558,0.7929474169232613
TEST_07671,3.0382615562756072,0.424182057501124,-0.1429388497484501
TEST_07672,1.8798738202168772,-0.9423914364335344,0.15040592893549737
TEST_07673,3.9619846407597237,0.2359477696095457,0.8829285086293637
TEST_07674,2.778737662918711,0.3322362384831269,0.0036508536288828303
TEST_07675,2.3659425832728322,-1.0811442461682692,1.1025155477954298
TEST_07676,3.9127995519152177,1.1222813277590187,0.607691730112021
TEST_07677,2.4464647616396484,-0.31531565129116096,0.29732652594152703
TEST_07678,1.7489739593645692,-0.9210491053932666,-0.9222785428122459
TEST_07679,3.246845868845747,-1.0766581523729528,-1.05394909122861
TEST_07680,1.9359915315173766,1.7144361022657244,-0.8033459185094848
TEST_07681,2.785180314445604,1.3651244007371006,-0.23282891803873246
TEST_07682,3.1002277918853656,0.8881790478886392,1.281525511067809
TEST_07683,2.271602763485788,1.3127409044434277,0.38635093389079667
TEST_07684,2.7907735729121868,0.15564531629513173,-0.0032339549472956567
TEST_07685,2.7648736852565468,-0.614776847285442,-0.7800339002263088
TEST_07686,1.4485175340747432,-0.3274484263107886,0.16245148983434002
TEST_07687,4.800232726113458,-0.6847672815515925,0.8596856196097811
TEST_07688,5.719964168746503,0.5772619749253344,-0.549722413137559
TEST_07689,1.697625033413172,0.3676706696851597,0.0024892348739465114
TEST_07690,1.879137104975531,0.17023630607786805,-0.09686717347258525
TEST_07691,1.527295459620233,-0.3766515046314947,0.2849313092792204
TEST_07692,2.5619738097188622,0.6721094447519115,0.3917710315948191
TEST_07693,2.0236577609722453,0.1691110489454845,0.2054582347607069
TEST_07694,2.7842110602008106,0.7396234927285326,0.8219314243529526
TEST_07695,3.419658384383079,0.5020023457304339,-0.19703748639274896
TEST_07696,1.6111857403499994,-0.0680300367126132,-0.6079343299116877
TEST_07697,3.603833393380925,-1.136887606300551,1.917935594669519
TEST_07698,5.687086598230162,1.219309914633756,-0.05898124539502895
TEST_07699,4.431853372266855,-1.728644562256651,0.1292448580566604
TEST_07700,0.9619755549681008,0.3477436095306087,0.11663066499002775
TEST_07701,3.4814325703252145,-0.0979594628419865,0.3661945347516376
TEST_07702,2.1390764390982433,-0.4444565283274589,0.93270488382405
TEST_07703,3.491768446158174,-0.1772050083963638,0.24998926771918717
TEST_07704,3.5586702096956353,-0.17215946735828744,0.4197588225703147
TEST_07705,1.189547620811685,-0.11210563629798459,-0.16020537131332438
TEST_07706,3.056549232701908,-0.34792066449183046,-0.8903959588706125
TEST_07707,2.1162670037634044,-0.03233017786672747,-0.5274842387654468
TEST_07708,3.2217436464204403,-0.4395455484686422,-0.1372457606784474
TEST_07709,1.3035750593367998,-0.35088205967616126,-0.4386038838203898
TEST_07710,1.2717091490077999,-0.3022821196065376,-0.11540104483898617
TEST_07711,2.0829279949028083,-0.6366390910999556,-0.37041422325705387
TEST_07712,2.6719146089326427,1.5156113793752513,0.6796468371295564
TEST_07713,3.2322836009638567,0.1330494452725198,0.28936924235865136
TEST_07714,3.2639197345817927,-0.21263278965486632,-0.3319737247990673
TEST_07715,1.1092859421670151,-0.24721629023678543,-0.11408523276801927
TEST_07716,3.644562005478623,0.16309014077837064,-0.5835835330322041
TEST_07717,3.583744320855741,0.8897825110546644,0.6432797863751751
TEST_07718,1.4076347737316768,0.9325693134449429,0.5993289048086271
TEST_07719,5.219927976696123,0.5815000186514744,0.852569051675834
TEST_07720,3.403817066995939,-0.31493424241854284,0.7433554018330661
TEST_07721,1.8173127841398697,0.4098668144304152,-0.35968940866112664
TEST_07722,3.697339988383056,-0.08764601933114922,0.9681497191970337
TEST_07723,3.2936506327983537,-0.21517522063514846,0.00046172853482101886
TEST_07724,2.242678270866191,-0.44287628024751946,0.69002149176493
TEST_07725,0.9915301185506932,0.2709545226770018,-0.0480905488581442
TEST_07726,2.5969351875242,-0.056466468089770426,-0.27553490212249765
TEST_07727,1.357960373646977,0.8272384113774052,0.4050016127693856
TEST_07728,1.098811403398036,-0.49846575659998105,-0.2032451559599613
TEST_07729,2.4375377147974113,-0.2678589861567334,0.31335960613431574
TEST_07730,2.6076182585112697,0.6676246858934737,0.747447685162039
TEST_07731,2.8836114641006922,0.38518235460876704,0.7465640071492673
TEST_07732,0.8786212661902268,0.019760404449811912,0.0028122970342733733
TEST_07733,1.9648187856302757,-0.20999807209584231,0.11557204676640076
TEST_07734,1.4455655013170101,0.6473762832221261,0.6346363875834328
TEST_07735,2.7944266804347304,0.6704745736199922,-0.5745207178449684
TEST_07736,3.179707665656429,-1.123774026950515,0.9107847881212683
TEST_07737,1.556231157702125,0.7646204013416831,0.7417390077341013
TEST_07738,2.460312874952148,-1.2242220694735746,-0.7868764413402489
TEST_07739,2.958096022778987,-0.12393048980137514,-0.7320185748301836
TEST_07740,3.0566422527032127,0.2815380984340375,0.15278785237511933
TEST_07741,1.9767659357044445,-0.322055292584615,-0.04060619836066766
TEST_07742,1.4213522403909662,-0.6498284358256722,-0.5635671624560664
TEST_07743,3.8263587787469793,0.5980802880687762,1.03185354548677
TEST_07744,4.055962273793473,-0.658381793702651,0.56556053352079
TEST_07745,2.0693528574592026,1.4177082508144645,1.130311551133142
TEST_07746,3.262890818167834,-0.5113223530983089,-0.6308160102185273
TEST_07747,3.4743620780690057,0.2499139134713644,-0.8113787142477439
TEST_07748,1.7561991437460684,-0.3886056200092869,0.06393872032962326
TEST_07749,2.9522809152839034,1.1138515813216938,-0.8447495533905559
TEST_07750,1.1387219192029259,-0.2072993640767304,0.22538110877533837
TEST_07751,2.7807840036099236,-0.5351243367625027,-0.7246508387192427
TEST_07752,3.290277395155241,0.46215712527624425,-0.41117401678066984
TEST_07753,3.4228278894372393,0.9148451730792471,-0.9576166021312394
TEST_07754,1.4449393075877917,-0.1335307690191935,0.08117428556944278
TEST_07755,0.9617069272932736,0.12384477199086966,0.2645397496611668
TEST_07756,4.3808012587741105,-0.29792030022885135,1.1000955347455919
TEST_07757,2.508186428767708,0.8811680370068913,-0.3068272619884704
TEST_07758,2.0221630447720518,-0.2504020712967259,0.4994172725754633
TEST_07759,4.2829238086450125,1.846292283336446,1.2539905696672127
TEST_07760,4.6266892972513265,-0.9319248130769573,0.4190565077575234
TEST_07761,2.768514443712614,2.1684324613108994,-0.11134735795259557
TEST_07762,3.536994033995851,-0.05070446467666827,-0.15354670858635092
TEST_07763,3.565572429899869,1.2936121213103984,-1.0446487538893894
TEST_07764,1.5485908505491772,-0.07256825097130642,0.03631391901439106
TEST_07765,1.3793204306046092,0.6526507640612994,-0.1620919525522729
TEST_07766,4.3349032290490035,0.9246068588638803,0.30265948490857186
TEST_07767,2.337044202473762,1.508428467536841,-0.7527034800438932
TEST_07768,4.844690635841354,-1.6954213977712584,-0.5742827072410587
TEST_07769,2.9920429906316506,0.338849352901063,0.31536093586116076
TEST_07770,2.4567373232268017,0.1023256760005979,-0.14555381822148108
TEST_07771,2.948162185784836,0.2669943777220133,-0.4361298867639185
TEST_07772,1.5561237377539567,-1.0170509515931176,0.5769655633588328
TEST_07773,2.8281570831747445,0.5657347539384088,0.061638542570038035
TEST_07774,1.0771206288077204,0.35729279821526044,0.2624090772550431
TEST_07775,3.0591438307627508,0.7086104862088027,0.004089976589789181
TEST_07776,3.021395171406157,0.688696744719271,1.358912166590247
TEST_07777,1.6905622023386508,0.8547250324458038,-0.3095058903516946
TEST_07778,3.460833250675773,-0.7951053751159396,0.7066425194390245
TEST_07779,3.514352924689375,-0.7503643114155364,0.7074525350537287
TEST_07780,3.1643939237063314,-0.6792926237554006,-0.6328622440053828
TEST_07781,3.6881542216023266,-0.12192589156592934,-0.33517566205003335
TEST_07782,1.4755940683888538,0.17980711954144826,-0.0686024994347487
TEST_07783,3.1653910342949088,-0.12676796277600028,0.1236746676908261
TEST_07784,4.132635700728871,-0.20644527506895258,-0.5762458285139272
TEST_07785,5.479381228979101,-1.662484503323869,1.475970185191293
TEST_07786,1.6851515470140426,-0.37630820718341584,0.12791586210941555
TEST_07787,1.5344335997417766,0.004560499039992016,-0.2058914469710563
TEST_07788,1.540259969433738,-0.6201558016713449,-0.13216113000288024
TEST_07789,1.9457878437424245,0.24044804120244706,-0.4078440077283955
TEST_07790,2.7987524963838593,1.571653308518434,0.031166467565309462
TEST_07791,2.0014960950705194,0.5385231257963531,0.18342490987951313
TEST_07792,3.0720110980499395,-0.748452833482171,0.6528487540622488
TEST_07793,2.502380688391759,0.02506204725690543,-0.2769191872872396
TEST_07794,1.9555700809877694,-0.16303309695587623,0.048672571483881835
TEST_07795,0.999186513624408,0.47189083551338673,-0.3848617739932938
TEST_07796,1.5479761275451676,-0.1890553841111279,0.4199149057941758
TEST_07797,3.1755059716956775,0.4411229236187073,0.6842823494949465
TEST_07798,3.0444436272715185,0.4112250758547578,-0.17909516044643747
TEST_07799,3.3698673546893705,1.1245152460403978,-1.4275472030567593
TEST_07800,4.920141112163832,-0.5038917281499936,-1.2517205576481412
TEST_07801,1.3447545665754679,-0.05035115680923215,-0.06435371038551195
TEST_07802,0.9310451453182012,0.3157612604769546,0.10838630760591096
TEST_07803,2.2965183071161435,-0.24181257301719064,-0.7614942182797362
TEST_07804,2.9339232001029476,0.18399154522760947,-0.6041396633820357
TEST_07805,2.330690765125848,-0.0032773110963967888,0.008725247639175449
TEST_07806,1.1675886264438722,-0.2228547368283756,0.24765534027952407
TEST_07807,4.233595705317975,0.4790275174470847,-0.8641193306505545
TEST_07808,0.7901276901580181,0.2157128098945359,-0.0015737788347609516
TEST_07809,1.6356248976343326,0.33469571826492445,0.10431255436072626
TEST_07810,3.038518481314701,0.036198502714065973,0.1481089180553309
TEST_07811,1.7907024351636553,-0.14078804871262604,-0.23513748458699327
TEST_07812,4.572074712821284,0.998424700815867,-0.3481231630832334
TEST_07813,2.2411598313178898,0.06437897580417024,-0.05379154078305053
TEST_07814,2.655841329535304,0.6504616372427756,-0.08512103302487951
TEST_07815,1.2678226730026354,0.5035447316494063,-0.09456313980132507
TEST_07816,1.5972881134979136,0.9361545678753638,0.0776373586363199
TEST_07817,3.246188335040939,-0.6649927498388281,0.6387879654290138
TEST_07818,4.088956590742607,-1.191001667207702,-0.012721463228504624
TEST_07819,1.4431711771566507,0.5303619239180558,-0.19647761403639824
TEST_07820,1.6251024524495092,-0.11555221106692451,-0.3025598118004723
TEST_07821,1.4234523089154907,-0.11011585308100102,-0.3607190142741214
TEST_07822,1.591512020379644,-0.25547465705779665,0.010429265192671976
TEST_07823,2.3528111388390753,-0.17085034129321328,0.6014197507624702
TEST_07824,1.9955807822913978,0.3883338498241946,-0.4746544099468383
TEST_07825,2.675952729570138,-0.7343491638348246,0.010166028052537622
TEST_07826,3.1214359406869465,0.4420857828736052,-0.2700391499730309
TEST_07827,3.008096119661016,0.5011586394717343,0.10909375315694267
TEST_07828,2.7687300541708626,0.046197703991935145,-0.001963616958055893
TEST_07829,1.4815208903321226,-0.1217656487265565,-0.21283256551580665
TEST_07830,2.479470583035994,0.07822213099456453,0.8864540921499304
TEST_07831,1.5223324946299965,1.2134931554566708,-0.03242504190801208
TEST_07832,1.0626304839440779,-0.2457451303587766,-0.005859979906925539
TEST_07833,3.8556173997664422,-1.0206182313180183,0.44759145218834623
TEST_07834,3.6450771215138897,0.6322325424552722,1.2937635750101677
TEST_07835,1.9485684093068518,-0.07193590062751083,0.3131303452932637
TEST_07836,3.132429535817532,-1.419550709106334,1.131506761969438
TEST_07837,2.1934113443180236,0.20223726849847284,0.5951590492029524
TEST_07838,3.0427148811140876,0.7186664018069733,0.7646454904403538
TEST_07839,3.603651103304136,-0.2168657960278579,0.6091142432684326
TEST_07840,3.5796586527295062,-0.27096362605755947,1.4288941169525755
TEST_07841,4.7660117530065085,2.1268859646720975,1.1956242587616261
TEST_07842,1.426913177563495,-1.4713774081678423,-0.585100222876915
TEST_07843,1.3826903518240292,-0.17119618325467603,-0.7274532251337938
TEST_07844,1.5506630668524515,-0.7150221142244712,0.25452068297171765
TEST_07845,1.696305206345153,-0.4335503498399293,-0.3491299814906968
TEST_07846,4.833293450581081,0.6081140114145985,0.7728073723623528
TEST_07847,3.6079675898206904,0.282948991151909,0.04934586603863531
TEST_07848,5.4965133585352755,-2.2356701228643505,0.1035863098716325
TEST_07849,1.9262054678378087,0.6350444806635557,0.18921383910257936
TEST_07850,1.6851521661131814,0.37080135272263104,-0.30494230197282696
TEST_07851,1.3751717408038362,0.29817662262212835,0.18689203081183606
TEST_07852,2.0586551637176833,0.7551304379797581,-0.020271859069621388
TEST_07853,1.3664581239339582,0.10170656297942773,-0.15402182784188248
TEST_07854,2.4777025362234064,-1.276312058604586,0.5784434813705497
TEST_07855,3.305330020787591,-0.7022743197290126,0.8819643552272627
TEST_07856,2.794716301920822,0.01831670516282882,0.5009646626601275
TEST_07857,2.3229659402235274,-0.007172499130846294,0.15206756365787713
TEST_07858,3.8085644871831255,-1.582284840432913,0.7347582863267584
TEST_07859,2.782769854419521,1.1583881135776257,-0.15385099142081182
TEST_07860,0.9026346098514103,-0.13376603739220558,0.4327709615962803
TEST_07861,1.1970036660334928,0.5453131639871897,0.290810710664426
TEST_07862,2.038056135590166,0.7030194210221813,0.5731401007717897
TEST_07863,1.3640454247667106,-0.3265967748288177,-0.07116077492875121
TEST_07864,3.224520345504495,-0.24707337869698587,-0.17407007253657447
TEST_07865,1.098343279211621,0.5698061296113329,0.5660490406633941
TEST_07866,1.4145188970098752,0.01746213059418761,-0.007513476545238273
TEST_07867,1.1098982507265718,0.10903738029155827,0.09087731820336417
TEST_07868,3.2254467504605566,-0.8300047764266009,-0.4885554786824892
TEST_07869,0.9855598556638532,0.6184448079130312,-0.11952144211001267
TEST_07870,3.107549638901417,-1.0199515722935248,0.9142492856510301
TEST_07871,1.8903447866731307,-1.1923979886610503,0.08234587131587752
TEST_07872,1.740941028214659,-0.3486576248756886,0.5195469230959772
TEST_07873,3.7532756619054117,-0.6647877185978801,-0.16107434013254135
TEST_07874,3.0973857003039282,0.34479915688346835,-0.35410356182249786
TEST_07875,1.1037528881372747,-0.18422216993653065,0.05779520143372292
TEST_07876,3.0575256966074407,-1.4111262987472666,1.1773986839886952
TEST_07877,2.1927159862206684,-0.5062701054967899,0.28421285159420095
TEST_07878,1.2369311842706465,0.013583665895314265,0.3536015415269398
TEST_07879,4.490953309364162,-0.8468928211777751,1.7382075552830896
TEST_07880,4.368735034720878,1.497346052346277,-1.0142371512928159
TEST_07881,2.7243302820261563,-2.375051978282442,0.5809678671348961
TEST_07882,3.175209104980037,-0.3575615155960812,-0.008359943850217856
TEST_07883,2.63693702043477,0.7524770801034321,-0.4440279391315027
TEST_07884,2.524765937025181,0.5106128090262315,0.2864520998841945
TEST_07885,1.978093533133372,-0.3402532181613607,-0.5246045254912678
TEST_07886,3.748526938194291,-0.4315173572953488,-0.6662873997051335
TEST_07887,3.0909987486650046,0.23326170169882815,-0.31528902097454276
TEST_07888,2.000183875061417,0.20743523326827867,0.7991562103883485
TEST_07889,2.914155654645018,-0.22409745029466074,-0.28943592474199814
TEST_07890,2.595046837192465,-0.2781596591724449,0.47135473378558373
TEST_07891,3.7685750256277406,-0.4743076833116352,-0.41250292856237597
TEST_07892,3.080872284945698,0.4319645994746122,1.2107398568944856
TEST_07893,2.974904816046651,0.08096667948516852,0.02644484517303857
TEST_07894,2.7555858190882825,1.4219667516058874,0.268027699942022
TEST_07895,1.9015881303400626,0.6851749320505259,0.0254077772139514
TEST_07896,1.972898459126047,0.10347113281576768,0.39763549954410704
TEST_07897,3.862676654576252,0.38129860189664977,1.49148339482063
TEST_07898,2.87998306961194,-0.9280551082913422,-1.002257890579082
TEST_07899,1.8982038984822083,-0.5409643322148043,0.6443391091921852
TEST_07900,2.611626062508957,-0.21832287794080324,0.5308665957097851
TEST_07901,1.5429605763825684,-0.27856541459884493,-0.2035751058825197
TEST_07902,1.548990924209962,0.005316609945943556,0.28554823202355917
TEST_07903,3.2839708708375315,0.5228880126339474,0.4769959492015142
TEST_07904,3.4876037521191416,-0.24133562156437008,0.9156792560452581
TEST_07905,4.20862592198972,-0.9572861044067565,1.3530233255897428
TEST_07906,3.0865599740428777,-0.12598834001490367,0.48428823348730277
TEST_07907,2.9973062089434195,0.871064755262305,-0.6965223208007869
TEST_07908,2.6155736972625663,-0.07402921563658472,-0.11660899472815577
TEST_07909,3.59335434001493,1.223820708497644,1.3665672416200811
TEST_07910,4.276577746558089,-0.10091651286546173,1.9318838485882364
TEST_07911,2.9895677200476793,0.24583966793836937,-0.037218636161659144
TEST_07912,1.1535701099112807,0.47248322350806826,-0.3616409201008371
TEST_07913,1.6032436556725405,-0.54214135497961,0.5688544814348606
TEST_07914,3.0082305148550943,0.37558040482100846,-0.5918298073683198
TEST_07915,1.1106486098178718,0.04909622009215526,-0.3052557672646248
TEST_07916,1.663707006213793,0.7541512184952771,0.19249038367339796
TEST_07917,3.020239639043874,-1.6477192599069164,0.8264683834540733
TEST_07918,2.475475184923925,1.10437069175634,-0.8032758237215747
TEST_07919,3.6065921715928098,-0.2529986640285119,-1.4149019382971237
TEST_07920,2.4899526087958477,0.8900882942434551,0.13203146587355297
TEST_07921,3.6526303220772727,0.5569999821856985,0.002807819615805718
TEST_07922,4.079816494594123,-0.10619138188485755,-0.4922677579379634
TEST_07923,4.273444279768503,-2.08346298917816,0.5942274756179937
TEST_07924,2.847321644440232,0.4554359463213055,0.47323661772668213
TEST_07925,1.1858479260616885,-0.31342155888591494,0.15585581345681948
TEST_07926,4.663025827327946,-0.7373894444838309,0.4042674938110328
TEST_07927,2.1042715299622086,-0.8427858101858026,-0.08331199810141161
TEST_07928,3.3534165414442794,-2.1426234368842376,-0.6021607977498611
TEST_07929,3.9675725151115877,0.2555706834193342,-0.3029550978283297
TEST_07930,2.486948372388891,0.2659321385860182,-0.32844565214518323
TEST_07931,2.7009286047549512,0.2135205130689734,0.1617176736834259
TEST_07932,3.478431502135949,-0.7650569947117816,-0.703620815486579
TEST_07933,0.8669691065018172,-0.2057919558073939,0.007413546590796355
TEST_07934,1.5648564619245646,-0.290546988869874,0.25592245575058936
TEST_07935,2.6617182680942486,-0.15274266171203307,0.08631884500650702
TEST_07936,1.7085666826352774,-0.8082204556152325,0.10184457505801194
TEST_07937,2.42229984900538,1.0589879570876386,1.261126194442564
TEST_07938,3.1895321342423557,1.510105399006278,-0.1354462360948967
TEST_07939,2.5665198303599066,0.4669027912649058,0.617861975202756
TEST_07940,2.09286613271497,-0.7455315821283829,-0.40486161928726594
TEST_07941,2.0752332197530143,0.32683492488363963,0.13735677017745
TEST_07942,1.4052811986260987,-0.28650093562629797,-0.450429937348408
TEST_07943,4.0233341483245795,0.470490268866516,-0.22551700922394
TEST_07944,1.9449897225737702,0.43679412286330077,0.8803446037056631
TEST_07945,5.726454568412899,-0.2977762764080803,1.4251574300282996
TEST_07946,2.036283367419222,0.16243301691117382,0.3266270242919513
TEST_07947,3.721279545176946,-0.8382703510465266,0.5981544887505198
TEST_07948,2.952884472370623,-1.0548045090191813,-0.0457339526890334
TEST_07949,3.7866473325369054,0.6778892384296908,0.1814735308729186
TEST_07950,4.96118950536586,-1.581147560487962,-0.9308128518007727
TEST_07951,1.2176777155037672,-0.6338535116582312,-0.09523672549485618
TEST_07952,2.04715524345753,0.8779174987252051,0.25076215338108376
TEST_07953,2.889277575021487,1.5349847433763497,-0.6780981686663542
TEST_07954,3.147520556758761,0.1744736370845533,0.049052828651912225
TEST_07955,1.4068762493868894,0.21808453925931554,0.24462887193060884
TEST_07956,3.1824366218340963,-2.0179248808297015,0.33506258567471453
TEST_07957,1.7149441733598467,0.010571127655449415,0.16002871539192962
TEST_07958,3.492929407930497,0.09739515212546641,0.02072005286568152
TEST_07959,6.082310201591356,-0.6132122696910902,1.5800732787530287
TEST_07960,4.372243008318375,0.727853002678301,0.9591845205040288
TEST_07961,3.099764818960959,1.7455163765918762,1.1366711456746372
TEST_07962,2.743103724153202,0.8450993774285248,-0.5588987416908214
TEST_07963,1.4162634570939736,-0.142210912448335,-0.5624361213629467
TEST_07964,2.3949313929074836,0.4904324345360599,0.6196538374365179
TEST_07965,0.7596582505490241,-0.06012525789553332,-0.285563710442303
TEST_07966,3.6605994379737945,1.0668214861944725,-0.918495421839655
TEST_07967,0.8842987357573334,-0.45767095905964206,0.34161667264895834
TEST_07968,3.9665138406364395,-0.6774697723422373,0.21660362198077684
TEST_07969,2.226391472306629,0.1861136172669133,0.12106819689963427
TEST_07970,2.202591003075212,0.004316703817183467,-0.3739255412999333
TEST_07971,4.531504185886491,0.25519205217199775,-0.48925880915584985
TEST_07972,3.1778659379236376,-1.6158208627860866,-0.5794287910864926
TEST_07973,2.958281599180455,-0.5150597481133339,0.21892984542031085
TEST_07974,2.3915822933694497,0.39070199897861424,-0.6581072173794433
TEST_07975,3.0810495666577427,1.0693665102915444,0.8066309389861392
TEST_07976,2.648290433989165,-1.1823344050127722,-0.01682099848135798
TEST_07977,4.087979923773558,0.4217865842460344,-0.3480160285475456
TEST_07978,4.631025031269511,-0.730628747773697,-0.6235696505688739
TEST_07979,3.0321165937778165,0.03535088072903909,0.4691037907723646
TEST_07980,2.294208084574262,0.7403271013278571,0.40956718653888774
TEST_07981,1.4697256073509883,-0.007503490007162215,-0.585159419303095
TEST_07982,1.9482645191485122,0.5450192301743635,0.674627859930664
TEST_07983,1.269480971630612,-0.2016981344301014,-0.4012068253921402
TEST_07984,1.8782682348912887,-0.17910598557211083,-0.3118485763818656
TEST_07985,4.837394733754341,-0.9555136015680773,1.769722406313734
TEST_07986,1.7889428513312768,0.24375402036134544,-0.6978873135055964
TEST_07987,4.437977523083543,0.9601979757147763,-0.02126158164157088
TEST_07988,2.27343471908958,0.5676286436507852,-0.33746625158227367
TEST_07989,1.2640746483053764,-0.14668471236859063,0.2992539794147223
TEST_07990,3.5096310345898085,1.7264895023545357,0.5244107076001202
TEST_07991,1.0968609228322623,0.12480352136388144,0.023670264479088578
TEST_07992,3.392783218390516,1.4629020233890888,1.3919475643684853
TEST_07993,3.2773081156640926,1.8877457134449236,0.25213010508462824
TEST_07994,3.452461048848808,-0.12746095847748898,0.5097811397117726
TEST_07995,1.598403267547739,0.37702034618768204,-0.4802564084075873
TEST_07996,4.365416939258541,-0.15977485763323523,0.07382487251447432
TEST_07997,2.426595844944542,0.25527607057176305,0.5475346355026605
TEST_07998,1.4629889693114588,0.7517483344081033,0.43082562084142584
TEST_07999,5.088661047967138,1.583213671481769,2.076825376422289
TEST_08000,4.212619876880104,1.8291330743460235,-1.4089896568012485
TEST_08001,2.1153153118185224,-1.597320585272782,0.5334661231867892
TEST_08002,3.960486975277508,0.9874188871545999,0.632691587578052
TEST_08003,3.4500196386102617,-0.6855065742954409,0.09980119657812864
TEST_08004,1.6428026933974142,0.24044427680410455,0.08502006172720107
TEST_08005,1.8353416459511531,-0.666180981331851,-0.5710181562007707
TEST_08006,4.9011456617477505,0.19492367828256543,-0.09867764035564122
TEST_08007,2.7954228440185522,1.484188114579369,0.22384256247315826
TEST_08008,4.291639189713396,0.35433789862896686,0.6541616103828295
TEST_08009,3.478763692074793,0.5725141942213825,0.46357610475958605
TEST_08010,2.10677895820439,-0.2532689713728669,-0.04826279077691441
TEST_08011,3.3506905441641472,0.0946795549756072,0.19893509175580748
TEST_08012,2.515414629907991,1.5318359276944413,-0.772376552112823
TEST_08013,2.4579390548764026,0.5341626329971815,-0.3483075209845878
TEST_08014,2.589964368985856,0.2940360780805482,1.3984415470184095
TEST_08015,2.6802051416974635,-0.737733085353253,0.264721682837796
TEST_08016,1.730128438066249,1.2542991940714965,-0.059193758214122434
TEST_08017,3.1804361422777885,-0.06617935962962312,0.649239945208234
TEST_08018,3.434186820993473,-0.8306165142857178,0.3419416292463482
TEST_08019,4.643139957037474,0.5434206688020893,0.06666312580839732
TEST_08020,1.9278461838084224,0.04262903571378227,0.3572412036991192
TEST_08021,2.524222570579815,0.34827328205854313,-0.3712206140998914
TEST_08022,1.6880607360285806,0.13668394634846248,0.05385685434797589
TEST_08023,2.4693494694066516,0.12381283061211765,-0.5525763426334329
TEST_08024,3.0363099290249855,0.36596258238288043,0.7348454589310058
TEST_08025,3.669527732343838,-0.07953565774024092,0.10313729954314786
TEST_08026,2.2091708458786554,-0.17513897913361784,-0.4845753318375117
TEST_08027,3.26383206026862,-0.5204497199752681,-0.5673028299275199
TEST_08028,2.8022542141618825,0.5150897089007063,0.25179945416270055
TEST_08029,2.847109855721417,-1.263970841532936,0.7051745632696511
TEST_08030,1.9633222504763719,0.04588676496464288,0.7879435121906048
TEST_08031,2.988394937477639,0.9960630717797881,-0.6159918935699396
TEST_08032,1.8663739361795373,-0.6737030190490784,-0.4012366207853133
TEST_08033,3.000033233299796,-1.073138419501717,0.6375923610419972
TEST_08034,2.046723494176334,0.3761122912183023,0.29090415362720895
TEST_08035,1.9416108598999497,-0.20510747041973224,-0.2324289580281873
TEST_08036,1.4447315080321812,0.46052017850738897,0.5082834399453103
TEST_08037,2.083071747158861,-0.2561289878338306,0.5462039456852638
TEST_08038,1.973985393332219,-1.0924282847864073,0.5880256479333303
TEST_08039,4.5710893161419515,0.316835396979746,1.7305497173111093
TEST_08040,2.5925085558163823,-0.1120934419630232,0.267850033961067
TEST_08041,1.9193707874379058,-0.748402519903655,0.174135758099664
TEST_08042,1.6795608204274806,-0.14624744498250425,0.004398331533590635
TEST_08043,1.7680398281555147,0.90351789630207,-0.8570039163039759
TEST_08044,2.9721475521325735,-0.4924962765236576,0.9528632449200227
TEST_08045,1.0220132085925202,-0.02870271552801866,0.12458213095590062
TEST_08046,1.991172658394263,-0.016310739007618556,0.07697866195089355
TEST_08047,1.6207561321145763,-0.26688987391425484,-0.10771016597943883
TEST_08048,4.69429839792342,-1.0080836098924366,1.232414418927887
TEST_08049,1.7949056262806555,-0.10192834402509086,-0.2616664050152544
TEST_08050,2.1393701340272058,0.2347017916228265,0.004880161622666822
TEST_08051,1.4219177121230602,0.6656822754614263,-0.13131681829933198
TEST_08052,3.5109330508853254,-0.16627569996337604,-0.3776030758178226
TEST_08053,2.0909258071538384,0.6183973169000893,-0.3250812955301761
TEST_08054,1.2581843636279855,-0.3523334829431166,0.09756329445627573
TEST_08055,1.1956878231274326,-0.03534838912523519,0.02510463519436429
TEST_08056,3.132852846915772,0.39227975589526204,0.32256513731825387
TEST_08057,1.0856877612199896,0.2762549175699535,0.5028082669095837
TEST_08058,1.8730167823143506,-0.6648358860372808,0.6951629841270641
TEST_08059,1.8239731276967135,0.28978262169324204,-0.23886444638271215
TEST_08060,1.4757160564991627,-0.17603729941009966,-0.42282566938706634
TEST_08061,3.115899286928139,0.30443497719197227,0.008273487632461204
TEST_08062,1.8004469359243545,-0.026968953435756726,-0.011023038950201255
TEST_08063,3.746285706000193,0.21558587356051503,0.2774536790068826
TEST_08064,3.2197349395110297,-0.0991390578939517,0.13007431536151326
TEST_08065,4.342017279483536,-0.0612433515397517,-0.48003696742932567
TEST_08066,2.3204678193019186,-0.28163333163898974,-0.7906009708019193
TEST_08067,2.7181579192007983,0.11864990301897882,-1.0193408403003457
TEST_08068,2.497251211686535,-0.7897870940478421,-0.12040257304929555
TEST_08069,3.8999863256671063,-1.1275704967562916,-0.5839106094959614
TEST_08070,3.7732238217112677,-0.95361970256022,0.9387564601984235
TEST_08071,1.5329066999952037,0.06675093114081819,-0.11600952181570738
TEST_08072,2.692152856475246,0.5467553637576701,0.1521371938242908
TEST_08073,4.124010039698876,0.19514372581745976,-0.9703929994752887
TEST_08074,2.563206898599382,-0.4009028089136986,0.3889805394222023
TEST_08075,1.1041535765893329,0.12751781343299734,0.1435682085850012
TEST_08076,4.672092701658477,-0.9078970636193933,-0.26741759637327145
TEST_08077,1.5153572291379078,-0.8397964444257747,-0.5343297549903917
TEST_08078,2.701150475307831,-1.3353759236199279,-0.10532918827473839
TEST_08079,5.743421599935039,0.7922166418571437,0.120926572823976
TEST_08080,2.1932906414230198,-1.640203484151355,-0.335575064448394
TEST_08081,4.818215193418167,2.2435589375183027,0.92851668040284
TEST_08082,4.552116697852945,-1.493891552872984,-0.6730414449432084
TEST_08083,3.1933414491161383,-0.7532772091105413,-0.8979828432940442
TEST_08084,3.405061489260835,1.2088150677438017,1.7110468822318425
TEST_08085,2.2043609185979727,0.8184274838798608,0.04140502686408164
TEST_08086,4.6284374423090435,0.09657694575785565,0.7272614395200038
TEST_08087,1.179492902061522,-0.1995847132482725,0.3365647343205002
TEST_08088,3.47354278274231,-0.9123486033889258,0.22392204439420996
TEST_08089,1.8116501450076206,0.10524488656391286,0.20005845184713206
TEST_08090,1.5249366178688712,-0.41210782898637804,-0.16606660878108492
TEST_08091,2.953480381311919,0.25564786785273497,-0.09193954288378108
TEST_08092,3.518307231776928,-1.235481244653963,1.4948946705831785
TEST_08093,2.0434630539179626,0.4305907316899064,-0.08976656864561514
TEST_08094,3.4505772349187844,-0.0819958097514125,-0.3017339498316563
TEST_08095,1.5085534121427167,0.4574852512025432,-0.04795174327960956
TEST_08096,3.5211028892799128,-0.4120153010103024,0.6705873279233733
TEST_08097,3.195258369404595,-0.17976575633819605,1.9063155980798367
TEST_08098,4.5757566300190975,0.859199802463295,-0.6883596707027688
TEST_08099,1.3747831628502325,-0.26375020061129334,-0.12537407523718014
TEST_08100,2.4822504539677572,0.48361059283138336,0.21156525905631948
TEST_08101,1.7795652958454262,-0.15973271718881576,0.3685246243458276
TEST_08102,1.52517121351884,-0.015614657844404621,-0.014091164949208061
TEST_08103,4.46752101685262,0.24489157293827724,0.6336566778186862
TEST_08104,4.2355980901766745,-0.3824520260908964,-0.23597992808467125
TEST_08105,2.143542674721629,-1.5324529693629878,-0.6099839977643102
TEST_08106,3.1069585966167366,0.38319262739783555,-1.1566737836599972
TEST_08107,2.886498967125399,-0.14780623172734034,0.19201160735460826
TEST_08108,3.3670342329230776,1.3827900937481514,-0.23972347801071153
TEST_08109,1.0655068317554555,0.17574237195334266,0.03615903059856465
TEST_08110,4.838275807002681,-1.385904850366901,0.002473514185943905
TEST_08111,1.853549300412382,-0.9784642004939439,-0.1983919335879043
TEST_08112,3.113510179530115,-0.24533078070008354,0.32306967969828193
TEST_08113,2.1354771759285365,-0.2666929402821328,-0.6199591807607515
TEST_08114,2.0198419106616563,-0.11093479323616758,-0.045628622973834326
TEST_08115,1.059221258605485,0.5689587045484011,0.5151529205644245
TEST_08116,2.3081963011840827,0.9639974473177721,-0.8348307268120748
TEST_08117,1.6674853619116923,0.6001457457833113,0.31997757809879357
TEST_08118,3.799905215227157,-0.9851999171470076,-0.8963504157024703
TEST_08119,3.7624604339417536,-1.7729479778209436,-0.9107348763910319
TEST_08120,3.6232825682882766,1.804592141971659,1.2092395488374377
TEST_08121,3.1266751343221606,-1.4850823222605365,-0.8251087190404863
TEST_08122,4.1343304916328485,-0.5815816541348919,-0.319043739832535
TEST_08123,2.2626652854544065,1.3285606656552764,-0.48273278371984074
TEST_08124,3.02363907538609,-0.13418140238927434,0.33289124598160835
TEST_08125,2.353675660760533,0.5176550435001266,-0.4071357606223798
TEST_08126,1.0311161912851499,0.0003450854552927106,0.3129243767230081
TEST_08127,2.2866498760278655,-0.013550656843581872,0.6897683200074625
TEST_08128,5.1225292173752655,1.3091305700858968,0.46967399360468026
TEST_08129,2.909784761974464,-0.34002803498712947,0.40966016303427766
TEST_08130,1.5631108013443802,-0.7308118561490583,0.26782971078456547
TEST_08131,1.292989838876589,0.245286904218716,0.3644123812112567
TEST_08132,4.606742406770323,-0.9056891224953074,0.662264712204112
TEST_08133,2.475413104560191,-0.045224719647162244,0.2349429659944225
TEST_08134,3.4006403944398613,1.0364981578249346,0.14997688071109913
TEST_08135,2.215701163731713,0.12609847050727266,0.1690993685176822
TEST_08136,3.1017604288657963,-0.4878958682185623,1.3441864773132337
TEST_08137,3.5911940835807825,-1.2705246842262135,0.18327515155061924
TEST_08138,1.6833084545737609,1.8083961857204578,0.7970225917627338
TEST_08139,4.1750800072455165,0.4229839944232717,-0.13644026983298144
TEST_08140,2.1603155303455237,-0.19381483611211955,-0.00015077303767084506
TEST_08141,2.194214191924291,-0.42579790774385023,-0.2974747950974727
TEST_08142,2.1603180966196667,0.5805047482215033,-0.5957927474710326
TEST_08143,3.890824956428793,0.27727100617616085,-0.18314434635831056
TEST_08144,3.118048072798317,-0.34706041018264006,-0.38448162714201106
TEST_08145,2.3306668025551738,0.050553075003042305,0.020196903466982462
TEST_08146,1.647081069760683,0.6093527117773512,0.11920500893972474
TEST_08147,3.2211383432611265,0.1552971870626128,-0.43285299754072887
TEST_08148,2.4520276533343632,0.6008711424629825,0.32961514164032896
TEST_08149,1.4617943335805732,0.7929211120442086,-0.6090353379985621
TEST_08150,4.788235991562838,-0.022241792869532095,0.7882134484701736
TEST_08151,2.865804422677914,-0.5324936377514992,0.6415169509567602
TEST_08152,3.317937003221825,1.1949351485738047,-0.4580346820461448
TEST_08153,3.5754262407153115,-0.5764502669704533,0.058866800697624205
TEST_08154,2.688025310321889,0.016174148216801992,0.6506779287834592
TEST_08155,1.8993423894144315,0.728655486694969,0.8149263061466917
TEST_08156,3.0181930808029933,-1.1728063778220974,1.2426853982406276
TEST_08157,1.5785786590546202,-0.4471654022415483,0.24682051441864516
TEST_08158,1.3246935980585135,0.7851310700131482,0.19322417739841113
TEST_08159,4.908137429364067,0.3298334775334343,-0.9709267795514268
TEST_08160,3.423033667381383,-0.46013224824676274,0.031505757571490656
TEST_08161,4.103018750561992,1.0090023135547033,-0.007978451861066188
TEST_08162,3.007488785580545,-0.5427954559390807,1.3969012468017712
TEST_08163,1.6205767834088998,0.006846228107481116,-0.15393540809429643
TEST_08164,2.0628946002885176,-0.4284318805755163,0.023771230841067338
TEST_08165,2.567761663582735,1.0014509800364657,0.8265178484544345
TEST_08166,2.5319963259487976,1.0171631724827055,-0.5626903001906457
TEST_08167,2.5443232413487524,0.7258544665168579,0.07004572779219163
TEST_08168,5.71959964730881,-0.3932489178870372,1.0973528357740507
TEST_08169,2.810439942879961,0.3941117094118971,0.048853377689713776
TEST_08170,2.137885637405268,-0.14151212501550264,-0.0463923332036369
TEST_08171,1.2503265563681598,-0.17310702068267103,0.14296069923182686
TEST_08172,3.757542583604475,-0.042160988294645,1.1318428007839385
TEST_08173,2.4030405060375353,0.22430551482644673,0.29198372317369453
TEST_08174,2.50050298168329,0.267706034209749,0.34190189287840067
TEST_08175,2.7692977192841854,-0.9274230878127441,-0.610087996082466
TEST_08176,1.182825157772982,0.5025003965717628,-0.29088271534149285
TEST_08177,3.9766623783044914,0.36340994022984674,-0.45891778280957457
TEST_08178,1.8485730414275654,0.7349731715674176,0.7359649286063596
TEST_08179,3.348779350000887,0.029072603619125812,0.2542694063467972
TEST_08180,2.432655501733681,0.7476975429128837,-0.4208748829482049
TEST_08181,1.3539742549932279,-0.0019504983216830148,-0.20548952276518467
TEST_08182,2.086506108853363,0.5065876170366839,-0.05114697085187994
TEST_08183,4.403368744756334,0.0035832213758406188,0.3519280011761249
TEST_08184,3.7810777754071694,-0.3958095354055151,-0.7476694089229842
TEST_08185,1.2070871655719302,-0.5987668514035513,0.41641650160959537
TEST_08186,2.1947904776089255,-0.2540128676460711,-0.42758431144968545
TEST_08187,3.82531001980169,-0.16556631847295494,0.411497803132924
TEST_08188,2.8657014676836625,-0.6479513377781043,0.7076035550102873
TEST_08189,3.7154660161001467,-0.13209295184718972,0.06223217148794885
TEST_08190,1.78266426578062,1.070056610718619,-0.5197508955257724
TEST_08191,1.7785574398860942,-0.38954783968559026,0.15576192428741806
TEST_08192,1.6575455252723703,0.738353393133692,0.4530218255873801
TEST_08193,2.746210144087069,-0.1972262170780746,0.6841013511914684
TEST_08194,2.899127085323749,0.606029975383163,-0.7252533049403902
TEST_08195,1.2013128235247112,-0.03914902566331621,-0.009591259237535867
TEST_08196,2.9984532550101934,0.7221461407598841,0.6325041749698239
TEST_08197,3.569585182458782,-1.9253404222247936,-0.4596853712413864
TEST_08198,2.598622178072421,1.2933556765475753,-0.7655782686385323
TEST_08199,4.344205464434085,-1.362254326857131,0.8299773372823691
TEST_08200,3.715895593932635,-0.13302202610112004,0.04465630368425018
TEST_08201,2.6552107403157694,1.7299888716571097,-0.3964433244358112
TEST_08202,2.0219858634038967,0.00832646438569383,0.8982579386408963
TEST_08203,3.9568938820577686,0.6928615279458038,-0.6018505566206255
TEST_08204,3.1883643721915944,1.414019858494417,0.6797617134765429
TEST_08205,1.110582170424724,0.06158986065828461,0.23134695622372461
TEST_08206,2.6000104931638646,-0.6084578976701491,0.42394655962186945
TEST_08207,2.5602251232626907,0.960702692352608,0.017106565416158598
TEST_08208,1.9356190187898592,1.2733092767465586,0.9772908571035746
TEST_08209,3.4084535365507125,0.4444462501333492,0.6365862629184453
TEST_08210,1.9088816965646178,0.3950613600530396,0.15272154146401165
TEST_08211,1.6390394481640531,0.21743717641628127,0.3116834003487624
TEST_08212,4.578354523396298,0.3018061582612348,-0.9286969317023155
TEST_08213,1.0457913042437745,-0.19369330192978435,0.14683453651532283
TEST_08214,2.9890520263922307,1.207734049522041,-0.2622176551155302
TEST_08215,1.9746016545882705,0.5921850777437342,0.1702149454617546
TEST_08216,0.8999546962413284,-0.5578037212166992,-0.21290539457490076
TEST_08217,2.120024845418911,0.23647882254011557,0.7010662109637442
TEST_08218,4.526297610347606,-0.39753835477514654,0.466599481427971
TEST_08219,3.026342163605816,0.48256516884025624,0.9951411909590512
TEST_08220,2.590660746562194,-0.04514291678440386,-0.006015336068540043
TEST_08221,3.2532974414624283,-0.093945490085509,-0.06536852190118943
TEST_08222,2.251260390376327,0.35199458283845897,0.08750691798337473
TEST_08223,4.395331757588978,-0.6500091074997545,0.6366713689603823
TEST_08224,3.115110075934678,0.3130028233445608,0.4274898641852059
TEST_08225,4.713398638195539,-1.3554378586722222,0.909545247903792
TEST_08226,1.49119662481033,0.06783436625401164,-0.46716948299034444
TEST_08227,2.0781675112200086,-0.38076548000547655,0.008709294520418628
TEST_08228,3.0213526915887496,0.10910607691048622,0.17822832039666328
TEST_08229,3.9141588074878304,0.18134644656306417,0.7366489806868536
TEST_08230,1.1353447073978222,0.6231430865119708,-0.05095643212582928
TEST_08231,2.3595878447242273,0.07517742850799687,-0.1080672021186457
TEST_08232,2.9887593140419138,-0.4673827062329949,0.8411520843181556
TEST_08233,3.814388904452595,-0.9557490978290194,1.775898407946591
TEST_08234,1.3654894102382549,-0.11960239440327278,-0.24888741895393118
TEST_08235,2.0773026827379724,-0.2848632285659447,0.5502105090910698
TEST_08236,3.8180498686086994,0.6520662742725019,0.8274547863471287
TEST_08237,2.660106898248915,-0.6328187891382044,0.6665385343198497
TEST_08238,1.4022126797845795,0.6457459891500074,0.630469086334045
TEST_08239,3.3662936524536042,-0.4680097457340391,-1.1101041013016226
TEST_08240,4.017075839292734,2.3484668542172398,-1.276465052205898
TEST_08241,5.375639558660484,2.183443806396326,0.7339886941978295
TEST_08242,2.8283069456392886,1.1463782638373534,-0.6618783568358616
TEST_08243,1.7084845247088618,-0.8396015143255425,0.34600220236754226
TEST_08244,1.9316359944896822,-0.6673531996215669,0.3965909438373211
TEST_08245,1.6428666792517153,0.20235615810429208,0.3947207937180496
TEST_08246,3.0260717179524814,0.698513996704438,0.13235139548194616
TEST_08247,1.5172509709292084,-0.5269971628807321,-0.35987603371520827
TEST_08248,4.821288230915942,1.8423890919344814,-0.47091124470142093
TEST_08249,4.11701806356923,0.41931213628803443,-0.9156517002591379
TEST_08250,0.9808560345505484,0.26018308793814865,0.028666230167448247
TEST_08251,3.3593752906865073,0.3372421712600742,-0.3872505787603591
TEST_08252,3.476188770669732,1.3633496048508933,1.5507478308473839
TEST_08253,2.6698172404340546,-0.1837695780298921,0.0057996054298277465
TEST_08254,1.5617057196648205,-0.7041708102292003,0.7478546613517003
TEST_08255,2.7298468963717175,0.09125934159292774,0.21325649855506182
TEST_08256,1.2146120423567797,-0.31330787334296784,0.02865480177194893
TEST_08257,3.1458878679159645,1.7359008371620823,-0.4276953258489573
TEST_08258,1.4450551397254208,0.6868442892835239,0.1965075267171632
TEST_08259,2.539889364667135,-0.9920708620814918,0.5573085584138431
TEST_08260,1.2045601626701694,0.015588150465581666,0.3039920275719098
TEST_08261,1.783444742487725,-0.15440181636591763,-0.083067779738162
TEST_08262,2.256924201410357,-0.29185081876742086,-0.13464644411952145
TEST_08263,1.002559621757037,0.33922437955148077,0.34429307963902606
TEST_08264,2.65247648525363,0.09572678285855366,0.008250099647076223
TEST_08265,5.519737396967524,1.4237732043913185,0.4608906253471251
TEST_08266,1.5862625032523956,-0.11836249117945857,0.33948229485605
TEST_08267,3.2485781742349786,-0.45090643093667726,0.1458443673340757
TEST_08268,2.3393635012259497,1.080573478300603,0.27985491183780725
TEST_08269,3.5687134732247228,-0.33112684800149816,0.07507888994533082
TEST_08270,3.860854444134919,-0.22508148418590487,1.745932266822556
TEST_08271,2.6681119006373493,-0.9572684726986614,-0.016416876340846525
TEST_08272,1.6025839469551786,-0.4139850583968848,-0.4885374405277702
TEST_08273,2.867700903951297,-0.7050288830145613,0.5952408736554885
TEST_08274,2.2291002011258536,-0.49970539083565696,0.6329030234779067
TEST_08275,0.7349927424349445,0.37804027889343667,-0.13480201085915514
TEST_08276,1.1811416550108798,-0.4599770866128336,-0.2676996378167473
TEST_08277,1.2911153913011189,0.3848472614675825,0.1343054996459433
TEST_08278,2.7625970239884357,1.5569576722477543,0.3899237236565112
TEST_08279,5.120887280400817,-1.2799466593600386,0.8506215970397065
TEST_08280,3.223130043243438,1.3136261915188256,0.08691369684287958
TEST_08281,2.7200871347139657,0.2808200554630342,0.012995109425968675
TEST_08282,2.1556670792809447,0.43177607056547146,1.482489454258048
TEST_08283,3.5676741640325345,-0.1947057652928475,0.9941069053106879
TEST_08284,1.9212721823718777,0.11880133078546404,-0.1661820522184881
TEST_08285,1.670825867712633,0.29561600963075163,-0.1896379355375628
TEST_08286,4.980364511695453,-0.5473884112072526,-0.12851753518957343
TEST_08287,4.797549138167377,0.9321191594616697,0.6427665494809421
TEST_08288,4.74431605288632,1.4873827456128752,-0.7756175562765976
TEST_08289,3.444210375886563,0.2285631055497909,0.18163627831462667
TEST_08290,1.6652675132586618,-0.5543045236098361,-0.10189814873338315
TEST_08291,0.9773523653728156,0.19336747520497535,-0.18284797802203623
TEST_08292,2.3504679798839567,1.2624385784896708,-0.06939238917241765
TEST_08293,1.3871245648654673,0.40967216612401386,0.02233556639438056
TEST_08294,3.4544766409286494,-1.2027375552674993,1.9795482529437705
TEST_08295,1.5674219734521744,0.5409993233463095,0.4106981671001877
TEST_08296,2.9210885077768975,0.7809333626699467,1.5676342467478575
TEST_08297,1.8575085176334578,0.6983909981692707,-0.6050942666315694
TEST_08298,3.8870893807987645,0.96070876957725,0.2739720634214052
TEST_08299,4.051715606568894,1.2263908485894777,0.9297511496869411
TEST_08300,2.6543542902260873,-0.1625960348809203,-0.4619676855158071
TEST_08301,2.635379692824143,-0.4142220124218105,-0.11753896982420009
TEST_08302,1.400209704227887,0.24658624997287656,0.28600862003463046
TEST_08303,1.4173688883282378,-0.7596043246105946,-0.019558909567939018
TEST_08304,3.934777102119459,0.20395962136176718,0.46432832275773545
TEST_08305,1.5050372636891765,-0.4394788241982892,0.11622328068562572
TEST_08306,2.8695321746635405,0.09661513138604531,0.3646061075045083
TEST_08307,1.2725352278833586,-0.19573210712880276,-0.0011273594743522028
TEST_08308,3.40322618132128,0.47487576153343053,-0.7019230967013718
TEST_08309,4.728923625491354,-1.083395005523002,0.7863318018282969
TEST_08310,1.6574211321884016,1.077252615272586,-0.7643079783380233
TEST_08311,1.927742485789086,-0.6873168647337636,-0.0980653706796287
TEST_08312,3.500290394137182,0.7131805188586529,1.2931121373442367
TEST_08313,2.925238086042673,-0.6700599019615863,-0.49466342166077637
TEST_08314,2.2220773670274556,0.3974125876067186,-0.046390795185101204
TEST_08315,2.154917553703647,-1.0421793175517065,0.909829548467531
TEST_08316,3.3080622366862156,-0.2585361246792496,-0.31216475997979654
TEST_08317,3.284531643227658,1.7971450347183435,-0.13241155886459724
TEST_08318,3.2774918256630294,-1.4468554963802678,-0.6172509946848369
TEST_08319,5.53843518097554,-0.811969130186369,0.9549684556613965
TEST_08320,1.677558332195717,-0.41593534221146794,0.16906226041707398
TEST_08321,5.005592487361924,0.5303292259425361,0.9295954861145729
TEST_08322,1.0711883339476347,0.35249561964689735,0.6449343627316884
TEST_08323,3.1040609739453227,0.4295500935484668,0.5716336324678237
TEST_08324,2.679640851355966,-0.033993876286683045,-0.9189128368485144
TEST_08325,1.8755995395318397,0.2683865180526781,0.14152410258987402
TEST_08326,4.0433148714804075,0.1668241691228226,0.15768536041192474
TEST_08327,3.463193283164828,-0.4434597541235414,0.9227467259348722
TEST_08328,3.6874392279716646,-1.9336443969509514,-0.136843003953071
TEST_08329,3.43632807562645,0.4249350217330446,0.8018815414269794
TEST_08330,2.684096906881413,0.5295706316276628,-0.6450414919925886
TEST_08331,3.381028390216115,0.3835919661518983,-1.0594290064882634
TEST_08332,2.4057476402683142,1.2456432584523043,0.3654276157920228
TEST_08333,2.165474885286975,0.35152255804804927,-0.07789806750840138
TEST_08334,2.044448987984684,-0.24794302032155835,-0.13632285097259508
TEST_08335,2.9161047922522774,-0.001033884114453524,-0.16468383302807837
TEST_08336,3.0750537089526846,0.8764505727097236,-0.01088992511629807
TEST_08337,3.6542879306688643,-0.6406875575618662,0.9371493158054541
TEST_08338,4.392860359366503,0.9420953894283708,-0.778739008140084
TEST_08339,1.9324508249962167,0.6097081063446409,0.29877176075402967
TEST_08340,1.9918238742530885,-0.8674731203800954,-0.5442106190058347
TEST_08341,2.3511385794417157,-0.49666595975322714,0.2520337083568551
TEST_08342,2.243775645366445,0.621395323453289,0.03604313820746149
TEST_08343,0.9502052425950133,-0.18543062437416832,0.2488496665357288
TEST_08344,1.204333730248814,-0.28696086307910945,-0.04168401131183716
TEST_08345,1.9154082367953758,0.08362219407900646,-0.3778332856318417
TEST_08346,3.305654507126765,0.264533796958371,0.45996235814016856
TEST_08347,4.200025772943073,-0.4324502960757959,1.0279142016352056
TEST_08348,2.118152394408471,0.5251706991080455,0.10443163877966676
TEST_08349,4.669724696434503,1.0104813946749047,-0.8496010303512042
TEST_08350,5.133458000542848,-0.7486036480432211,-0.408550337608895
TEST_08351,2.9491441124902242,0.26166614541677713,-0.11760475533113941
TEST_08352,3.194070193895157,0.5269057442442969,1.2663345714547747
TEST_08353,2.565461574743787,-1.178470164611822,0.23945059133196056
TEST_08354,2.6052795906835695,0.49760648411988806,0.08857117321708058
TEST_08355,2.1514345987482324,-0.2020951898599599,-0.7352266166180734
TEST_08356,1.7550803935181596,-0.27339086741056823,0.46577154709829377
TEST_08357,2.1825072622935733,-0.1668063246862367,0.6312450055299701
TEST_08358,1.7273973416484225,0.3537038875891929,-0.19315180726129927
TEST_08359,5.523507931359412,-1.0773762248974956,-0.31690971971021004
TEST_08360,2.7836055987943573,-1.1859765919570446,0.6271751616152246
TEST_08361,1.0677282813299556,0.2033726679924315,-0.3125334299333588
TEST_08362,3.600904673747262,-0.7287829337485019,0.5421288015234875
TEST_08363,3.3323477438284184,0.8833740925519152,-0.0825888519400087
TEST_08364,2.005591939043952,0.5222408495757968,-0.42520561420149383
TEST_08365,1.6296932734597749,-0.11325705617862511,-0.3218597967403839
TEST_08366,4.164110090908088,-0.1473441793451698,-0.786077249374755
TEST_08367,3.7492709868539187,-1.396808842990584,1.0591542919945984
TEST_08368,1.6088842006995558,0.2925072284225355,0.22383151066775184
TEST_08369,3.550711570984091,-0.036716705070412796,-0.007059194781760529
TEST_08370,2.0078704993184595,-0.46468855312986257,-0.4150376500776614
TEST_08371,2.6640041198347157,-0.13900722097016083,0.9006664484424852
TEST_08372,1.50538944601366,0.7740814277346322,-0.6350725251354258
TEST_08373,1.9564655401889035,0.4988410843559893,0.259119530265818
TEST_08374,2.185469418265557,0.3339728961488772,-0.07470697748486889
TEST_08375,2.3502814160369185,0.08617361615052005,0.4251877227405493
TEST_08376,2.6641694037273727,-0.4612981693434418,0.9688532778781672
TEST_08377,2.295141069712427,-1.1053996947803741,-0.06634050287494725
TEST_08378,3.9901917245150673,-0.26503003227442146,0.22640583876569087
TEST_08379,2.7217427421318265,0.6093429855319349,0.6365803250659049
TEST_08380,2.512331632488294,0.8804218545588915,0.5025852937878604
TEST_08381,3.7565089537252745,-0.26642770514583525,1.245488756739002
TEST_08382,1.4989099013150566,0.5116789918597382,0.21704641899212465
TEST_08383,1.6609309644040722,-0.375899959811979,0.029150372116391376
TEST_08384,1.1069524512005122,0.45880645023173683,-0.0733511135680618
TEST_08385,3.3990602988292076,-1.8834824826437309,-0.24464275791026888
TEST_08386,2.682956113236672,-0.5775931392087801,-1.0254062461492683
TEST_08387,2.2682665753934677,-0.6905165286159499,-0.2058492454708427
TEST_08388,2.312376170788259,-0.03897134075477844,-0.0008925131439784968
TEST_08389,3.343414348857684,-1.2136432068256038,-0.14146698715581352
TEST_08390,4.6521347023874515,-1.4097121891983966,0.6013802933261744
TEST_08391,1.157219935428827,-0.13785641745342778,-0.07260035294409123
TEST_08392,3.5400433214450464,1.1799818928419408,-0.7630012874604174
TEST_08393,2.5368281705956344,-0.013807979367552254,-0.40259141446793323
TEST_08394,2.31712385424854,-0.39621605060177584,0.05107706404989715
TEST_08395,1.5061039177555187,-0.32280117508927186,-0.07752225271535196
TEST_08396,3.0781200479387576,0.1760942906148701,0.8102741853456012
TEST_08397,2.2742277245767175,-0.04990321189029824,0.12534942872091823
TEST_08398,1.6677760425318038,-0.0847994868013273,0.39310724808243463
TEST_08399,5.085609248071487,-1.0625850312767045,0.007176817146668935
TEST_08400,3.927294759583368,-0.3043303261637072,-1.1344169144262817
TEST_08401,2.2025168493990277,1.3907596036440575,-0.10984589557133459
TEST_08402,3.7353694849429697,-0.9852586559992654,1.0898091027704562
TEST_08403,3.9041326985647262,-0.5355146315936005,0.17961888906939827
TEST_08404,2.8645126816389537,-0.41849105587970015,0.0393660178900475
TEST_08405,1.1912455518868965,0.23978715406903042,-0.10051233403802248
TEST_08406,4.702210763566305,-0.8855214231967675,0.13568393373749724
TEST_08407,2.0169447804927034,1.1030106856952777,0.454765054814771
TEST_08408,3.395665187483869,1.4733722814899572,-0.6628704147455878
TEST_08409,2.866917675304009,0.19477689183746721,0.9346455216529627
TEST_08410,3.1810580460837117,0.4877097986088892,-0.6834031625384831
TEST_08411,0.955564834438388,0.07834129767623378,-0.18118235587202042
TEST_08412,4.332857461698326,0.2874840901290071,-0.18287691991995406
TEST_08413,1.4441176492824797,0.4474136457835624,-0.17412192542146787
TEST_08414,2.9423360120312285,0.23827389396993684,0.8152209763693622
TEST_08415,2.3125429029921323,0.5787202448345258,-0.2728782005925711
TEST_08416,1.9547687359901136,-1.2655520436079384,0.13673826928000957
TEST_08417,3.2771788565264046,0.1383697386936774,-0.14117158511682842
TEST_08418,2.1300025168363654,1.0564158065779004,-0.5106132041103004
TEST_08419,2.7943344587736187,-0.6213711278655645,-0.5796612545235849
TEST_08420,2.2999903063911193,-0.22378441250781672,0.8929376682732201
TEST_08421,3.1265763622067695,-0.0806670915093136,0.4059267615997788
TEST_08422,2.2286393618668487,0.5846290916851248,0.3948148599101887
TEST_08423,1.3736928659903402,0.10867334916990563,-0.09305034362476644
TEST_08424,3.13281699766696,0.4494465254714991,0.4194693832318154
TEST_08425,4.219014484184993,0.7023322174747939,-0.6671354029845454
TEST_08426,1.9070959173131288,0.23370896894451737,-0.08862049420412509
TEST_08427,3.550232746319973,-0.3570723575503211,0.35468699766768313
TEST_08428,2.6761542495916637,-0.6784637362882764,-0.37666706809137557
TEST_08429,3.9121135833717773,-1.6132793652571935,0.06326170750828541
TEST_08430,3.270580136982121,1.0038799561562486,-0.3256299965820753
TEST_08431,2.461535046962412,-0.9809923468773786,-0.0171213246591634
TEST_08432,1.4065778988043927,0.31292745064195465,-0.4157968706740425
TEST_08433,2.239543688294653,-0.25471482920524513,-0.45622505135160346
TEST_08434,2.651170174338861,0.29324032319109034,0.10963231892914037
TEST_08435,2.236609892652608,-0.56091528771471,-0.9982802621332385
TEST_08436,4.460766719710831,0.7147202196721296,0.26341781967969224
TEST_08437,3.3153729221884847,0.8300112675738966,1.0374230026888236
TEST_08438,1.5070451485071115,0.31360308353198135,-0.2289639762270139
TEST_08439,4.240809644490401,0.36978051403349665,0.637777133131401
TEST_08440,3.8867135998707285,-0.39977785555805057,-0.23739869156274238
TEST_08441,4.130383946153585,0.43678299401571424,0.5787684692729302
TEST_08442,4.248524720755576,-0.9384880117401162,0.6676596877757879
TEST_08443,3.555694244010125,0.24327623292283881,-1.060880405352157
TEST_08444,3.3119376887251453,1.261978513019431,-0.049065781200704935
TEST_08445,1.4898398186117559,0.22856616102610172,-0.17286077474271033
TEST_08446,3.419868020454131,0.18385838150824263,-0.15726920792496027
TEST_08447,3.6153049786831497,-1.0781102579414679,-0.016745661568786107
TEST_08448,4.050100516750423,1.7699021060322513,0.07516088463462353
TEST_08449,2.9204513998574124,0.05714439614642222,-0.4119872413600074
TEST_08450,1.3187064914848734,0.4366162127829061,0.1250194703091494
TEST_08451,2.869341847056657,-0.12260249044327591,0.341461218321491
TEST_08452,2.2961979535075123,1.322347907311038,0.6036565821155494
TEST_08453,3.162970694146482,0.2920359154196103,-0.11878484857623943
TEST_08454,1.4216569821563898,-0.04618280531281996,0.037150076985815794
TEST_08455,1.3072804578640633,0.6621370354587119,-0.2226191295055721
TEST_08456,3.240784150301997,-1.2634191668790509,-0.0364633768146413
TEST_08457,2.6208315715364536,-0.18676710353072734,1.3574322046987803
TEST_08458,5.101163835173772,-0.12591944019701476,1.060424815287227
TEST_08459,1.7474424921376372,0.18419988500238382,-0.38996076623312453
TEST_08460,2.354482408544995,0.047667588903801406,-0.44444436596943304
TEST_08461,3.177359851115722,-0.1527603721308047,0.3778031213606669
TEST_08462,1.7170949031707743,-0.6549456799389713,0.6029077781661561
TEST_08463,1.6840021942412726,0.5442880890198531,-0.11549337289507472
TEST_08464,1.1532150098030014,0.014319481179174781,-0.23789287512268253
TEST_08465,2.56048561353591,-0.06375438323737927,1.0909352040195353
TEST_08466,2.6515711157327093,-0.022652624662548134,-0.031178807676852494
TEST_08467,4.277778918014302,-0.4595820063845343,-0.7539887420425837
TEST_08468,2.664096614555104,-0.14323791396419483,-0.0823654408681955
TEST_08469,3.1919045496766074,-0.8319797213802455,1.2012389665769514
TEST_08470,3.5371804064643406,0.6902912185736847,0.7683243848230378
TEST_08471,1.8389839396463363,-0.6716211084310739,0.41116704128725035
TEST_08472,3.219024333466728,0.8460539898163794,0.466656660753396
TEST_08473,3.257090802365944,0.5897310975765475,1.189705628471976
TEST_08474,1.7029582265712007,-0.07666221376644672,0.1828755498882883
TEST_08475,1.7901885914850817,-0.3276136092455587,0.16128708479832607
TEST_08476,1.8458925780090853,-1.0151568308745464,0.01764616536334664
TEST_08477,3.693192094807663,-1.811585372438657,-0.041442804404652145
TEST_08478,3.6252316989437188,-1.3914535453413892,0.9833725728849717
TEST_08479,4.931940824788156,-1.0125479209982167,-0.5285670471481588
TEST_08480,1.5457365435347927,0.9407547392665834,0.18669307165865312
TEST_08481,2.153130113873543,1.1624938008758081,-0.259600884738854
TEST_08482,4.263115443921697,-0.17683548339755636,1.5160519995630948
TEST_08483,3.6735661960091295,0.07365332170438488,0.4063642341986988
TEST_08484,1.7113906030411359,0.3265645921583258,0.29459562848139015
TEST_08485,1.6742781753385176,-0.3136580094207888,0.4205061474657734
TEST_08486,4.204962303366722,-0.6004430388903994,-0.8518334548924188
TEST_08487,3.371635024653591,1.6921808273641903,1.1538976932733658
TEST_08488,4.488452962400231,2.2832599878101902,-0.32863871651125987
TEST_08489,4.210493396519282,-0.031106689733872303,-0.4757651191648411
TEST_08490,2.805508969858413,0.2838394958850354,0.20384345511186133
TEST_08491,1.5844962212547316,0.01700443204710698,0.4118645514264379
TEST_08492,3.646591382826858,0.8436381773625902,0.32502620632468004
TEST_08493,2.336869818494218,-0.18254296516153048,0.03660649645529299
TEST_08494,1.8332358112629923,1.0914105310013542,-0.5641681202696386
TEST_08495,2.649993471254199,-0.17337714004858956,0.17871050769037428
TEST_08496,3.6706902782905284,0.6201310350937644,0.43316270283402186
TEST_08497,2.8540101447526403,-0.1424108715269955,0.025374870408027037
TEST_08498,1.099279743504528,0.037225177457857306,0.33080019340606315
TEST_08499,2.2835394468079295,0.563714678404018,-0.07933771032344755
TEST_08500,2.987866619871558,0.38405542912455254,-0.1549442488545609
TEST_08501,1.9991804798310129,-0.024331277400944692,-0.5606295892246286
TEST_08502,1.1163165123757661,-0.34947802461147304,-0.29857140222205475
TEST_08503,4.048787995321684,0.2276331468562286,0.8253038146119308
TEST_08504,2.6310619919436498,-0.12664993012820452,0.12062589635296986
TEST_08505,5.4465856461444515,1.719716613792354,2.016043170613454
TEST_08506,2.2082010590166385,0.45787627135974784,0.8594233649595916
TEST_08507,3.1591149170461423,-0.1974615652684563,-0.8610852487518151
TEST_08508,2.2394355699973403,-0.6329608947522717,0.19605865442061998
TEST_08509,1.1401511919851117,0.18040721440656046,-0.3188276032230625
TEST_08510,2.1074930926912256,0.1430001932578716,0.671667497928437
TEST_08511,1.3349254398945039,-0.6465802584251276,0.005321843664106714
TEST_08512,3.153730442721976,0.27719285253605297,0.6310139732883374
TEST_08513,1.971679173505762,-0.5922684893362727,-0.21409536008790453
TEST_08514,2.277002585530921,-0.23646602589627896,-0.012429920810531223
TEST_08515,1.5452868521503476,0.6333693777809575,0.15228166073041333
TEST_08516,4.242193440701935,1.9713060779634826,0.75637843259597
TEST_08517,3.4930832942392183,-0.6020721104055339,0.0962718499784748
TEST_08518,3.762347864837679,1.4912871432855037,0.43860126120639004
TEST_08519,4.190767651940225,1.086994438467739,-1.1710707518006558
TEST_08520,3.321805739301974,-0.2530171874360976,-0.30756179096714
TEST_08521,3.3205815713414126,0.21302841291055927,-0.4921581723829444
TEST_08522,3.865157685217993,0.6693346822965541,1.1060000532274379
TEST_08523,4.056764493942919,-1.7675113665468325,-0.5722999829072198
TEST_08524,2.51061261023387,-0.4072198621559784,-0.6776107488565752
TEST_08525,1.4445873056054817,-0.05616091836623488,0.12584733687788002
TEST_08526,3.2164504634163835,0.14466776732331943,-0.7387288637611448
TEST_08527,3.941626558747811,-1.1385078158839175,-0.9947426568567797
TEST_08528,2.9544178619203847,2.2063296083354165,0.433838276813923
TEST_08529,3.489273951808179,0.3277640770341652,-0.5932848463334452
TEST_08530,2.846840857546151,-0.18228766594668497,-0.13749503601806962
TEST_08531,2.2875133662303386,-0.37680904451610614,0.14071161710312807
TEST_08532,4.697942352491847,0.35018903831041004,-0.17847087245554918
TEST_08533,2.448115371690705,0.08062029773579098,0.1716314575487161
TEST_08534,1.5294562024499812,0.050468895451476,0.033434419261561134
TEST_08535,1.246981084886218,-0.5369638779717515,0.31098543628226455
TEST_08536,2.056021700954037,-0.18929753557747842,0.4189369048653698
TEST_08537,2.5786037332731793,0.600915034987552,0.08841985111340839
TEST_08538,3.8967287329190934,0.7296374432298731,-0.9919911335269445
TEST_08539,2.7838580412790592,-1.708443002163814,0.5802512738925283
TEST_08540,1.4239664784280948,-0.21018214990430892,-0.4553963354011396
TEST_08541,2.1562318436198686,0.03979712276011196,0.11081445057239458
TEST_08542,1.4535796402050873,0.4797414101360728,0.14379684402137835
TEST_08543,1.0483115255463038,0.39270532724894996,-0.2590449278771662
TEST_08544,3.3594531180413485,-0.05744021768386875,-0.051394156362866386
TEST_08545,3.009220370811431,0.3466917631051724,0.35699056615182784
TEST_08546,2.909438542003742,0.2036133520704529,0.38292668462502916
TEST_08547,2.6019780010943507,0.3200427354006023,0.07883494226411711
TEST_08548,1.967962644348507,0.04500714285855034,-0.34311225177881094
TEST_08549,2.7600463629725875,1.5583700276969503,0.818141822487854
TEST_08550,5.251793981131722,-0.21444111619817507,0.20333391309951335
TEST_08551,1.8464881399566806,0.611615229724703,-0.13356711340592092
TEST_08552,2.695798200182698,1.854002820487776,-0.375213053567305
TEST_08553,3.51587876555005,1.0876625474842903,-0.23527310112483157
TEST_08554,2.7676587695953554,0.09933467038775727,0.6715242700489159
TEST_08555,1.7430146482324234,-0.054757789824197704,-0.4284425821599034
TEST_08556,2.5918752625173824,0.7000159186079303,0.25335370762001685
TEST_08557,2.1328985556998807,0.716553070927769,-0.31466526487990076
TEST_08558,3.0258331888024523,1.6210455768182088,-0.4159921155806235
TEST_08559,5.011094578406219,1.642901112271877,-0.22528252538565122
TEST_08560,2.900843032460651,-0.26808814247225576,0.8857698334539871
TEST_08561,2.1454001487686285,1.35418978001191,-0.12523147601512555
TEST_08562,1.2616025540022149,-1.0104151483266153,0.24144428152320757
TEST_08563,1.0289333363681665,-0.09201486700424329,0.08850546030777251
TEST_08564,2.2221998094402844,-0.016063659836868048,0.4167829666123045
TEST_08565,1.7198669342211461,-0.08480663417419494,-0.15387797242484477
TEST_08566,4.14412658497509,-0.45801446085682085,0.25359866489120525
TEST_08567,4.613155872521733,-1.0668726166204845,0.553326888403019
TEST_08568,2.1230513938362763,1.297782434824154,0.575163742275623
TEST_08569,1.068512923992343,-0.30656755336711866,0.12636737414651592
TEST_08570,1.9792362622635562,-0.26505574202969223,-0.042787515993482086
TEST_08571,1.5617574337487616,-0.04016735901031345,-0.07270239840337586
TEST_08572,4.098592147983741,0.08928103842150226,1.028342086903486
TEST_08573,2.4318085144409682,0.27781610033375004,0.5512535746636488
TEST_08574,3.4470903588548634,1.3072189533538037,1.4407012394679302
TEST_08575,2.249342291551371,1.0583907855602392,0.20802211579334817
TEST_08576,2.4087673370860334,-0.7847126380597748,-0.02379900426088966
TEST_08577,3.2593920765805335,0.9217419855635294,0.5291482027076839
TEST_08578,3.6241325136346325,0.3763907767015012,1.0591555584894494
TEST_08579,3.735852902291583,-0.3629280036101927,0.7303681312118709
TEST_08580,2.312851503629606,0.9249921906226349,-0.3762777508541237
TEST_08581,3.2766059360321305,-0.15261270416878564,-0.2777402703766917
TEST_08582,1.8312614898154658,0.10134990879419191,0.2674467090351859
TEST_08583,4.237829535477686,-0.6662615009702492,1.0978878698668464
TEST_08584,3.74240168820698,-0.540426876772296,0.31273815008225553
TEST_08585,2.699251304965934,1.138866121810828,0.209945243218393
TEST_08586,1.072527716536579,0.21445479490220812,-0.38796937589170727
TEST_08587,4.505433969577966,0.4136214884338692,-0.2668167508176684
TEST_08588,3.6140365098251506,0.8603513091483709,-0.30416060510203335
TEST_08589,3.690314711442406,-1.5376037343850009,-1.3001480230356046
TEST_08590,2.4311789035381723,-0.6678072432741016,-0.7792155355529871
TEST_08591,2.5806959259389965,-0.7129518554595414,0.6124191087267016
TEST_08592,1.5938790917200942,1.0782672023706923,-0.7296454566955682
TEST_08593,2.7841134525111277,0.9675934568337733,0.998102422309942
TEST_08594,2.27170817767649,0.07731729718961565,0.03980366825281508
TEST_08595,1.8706193499019637,-0.7301941064510028,0.43608208821169775
TEST_08596,3.360134157802302,-0.21029816790029168,0.8264170422074832
TEST_08597,2.436478992317498,0.03136212984915555,-0.07132714849043735
TEST_08598,1.7290000009257098,0.8739264886303086,-0.5902280107424626
TEST_08599,1.3796458445883462,-0.6043505412684551,0.21700913323917564
TEST_08600,3.1646318139313934,-1.5081275067299882,1.1958866018649006
TEST_08601,1.1229311457311864,-0.12234029063254301,0.22929995776842108
TEST_08602,2.9561218219007093,1.5393853997516314,1.409733572064274
TEST_08603,1.9874713135609978,-0.12096644732757914,-0.4050399972245561
TEST_08604,2.221657104258162,-0.25584143917114854,-0.04041646553116771
TEST_08605,1.972392367036664,-0.97143248697248,-0.7623699228119226
TEST_08606,1.8423681511911036,0.16477410842243798,-0.5482229915880604
TEST_08607,1.3086696722286284,-0.31635683281364524,-0.3521357124964951
TEST_08608,4.381234703153481,1.9071998323863264,-0.980188436804316
TEST_08609,4.013530087601662,-0.45801534919127723,0.4541246750604135
TEST_08610,1.8543355033703783,0.7771303475954017,-0.3135926238172245
TEST_08611,4.112118440061824,-0.31873291210857724,0.32056433730662354
TEST_08612,3.3530576370880434,0.9250114093845042,0.8438347958212365
TEST_08613,2.7007685417151377,-0.2762717722351033,-0.005242884703549307
TEST_08614,1.3423341075444895,0.7998696100617498,-0.19741266169354132
TEST_08615,2.0489725915509607,-0.7418541007871654,0.47034581356156374
TEST_08616,2.9582698480296057,0.6345879714975109,0.651533782081592
TEST_08617,2.263611741659324,0.4801598857184555,0.5103489765025045
TEST_08618,2.8881540039716245,1.3097305503913064,0.11165584246767732
TEST_08619,1.2233903382659026,0.08784837577145903,-0.15989521909191431
TEST_08620,1.8870269713850376,0.20880395827692602,-0.23155648626937092
TEST_08621,2.8724313938854555,-0.19095189161637113,0.32471932771633966
TEST_08622,1.763988494802156,0.0016945771800589255,0.10999931534243997
TEST_08623,2.7327601556697934,0.810222789261647,-0.8582906410008081
TEST_08624,2.9148739404877344,-0.22253978221902038,0.32555146680326263
TEST_08625,4.117616021451493,1.2016215148724574,-0.5712126444691229
TEST_08626,2.112243835107845,0.29142628807704,0.04659415915826032
TEST_08627,1.1604183352863007,0.062314921360216026,0.3258286382398292
TEST_08628,2.9973118784122144,-0.354422835037589,-0.0953342980347405
TEST_08629,4.189212538960484,1.4753383591689588,1.2857426427191152
TEST_08630,1.109741225440004,-0.21181265169747998,0.12716325434071343
TEST_08631,2.871099563462529,0.8436155104968105,0.2558709466829361
TEST_08632,2.5748427814527575,0.5919070185518713,0.10165140883687077
TEST_08633,3.2815710597007515,-1.7280179741602284,-0.4881759761887953
TEST_08634,1.2529789400208384,0.2528967926908191,-0.03653272384158651
TEST_08635,1.2066264103504705,0.4038697520771561,-0.35827932635251186
TEST_08636,3.973063562902587,-1.050573045621178,-0.01879751162751022
TEST_08637,3.4073170293494752,-1.334808952342312,0.811670654294853
TEST_08638,2.4962354648784046,0.89502546587501,1.2181245694437846
TEST_08639,5.587164453438425,-0.30938222686551015,0.31833011390258265
TEST_08640,2.5902623089105683,0.4576632682699041,-0.30419742804040345
TEST_08641,3.4273173337448535,-1.0063967607551663,-0.8840216071028468
TEST_08642,4.473429063319787,0.5847352014565683,0.39420927652143617
TEST_08643,2.1372873424899708,-0.9180207015534472,-0.8803419419922934
TEST_08644,2.076366179787585,0.7111269467221076,0.3727893204903898
TEST_08645,1.7425008525186032,-0.2724191982440415,-0.46110023706418435
TEST_08646,3.8716119180521225,1.125780882766999,-0.7193189848394386
TEST_08647,2.2944380371516693,1.3341590402537067,0.062584130480734
TEST_08648,5.189182751334491,0.819593807570045,0.32637907456646803
TEST_08649,1.9475130520743247,-0.05046161628284676,0.2652472152015991
TEST_08650,1.8965022609608067,0.48344922803450985,0.06447464529526209
TEST_08651,3.355371681786741,0.43409254235808636,0.3347639858888174
TEST_08652,3.8523375833810714,0.07868931394332823,0.6342094173088902
TEST_08653,3.1009797563597727,0.6719914845186293,-0.5404410381126754
TEST_08654,2.9702109140423527,-1.5939329840844598,-1.1203318329140142
TEST_08655,4.284258999157288,-0.5601943112160506,-0.23060652740376467
TEST_08656,1.7594164436623505,-0.2723424901789525,0.06615271441697662
TEST_08657,3.6300012752068325,2.041584685142869,0.041189189664041656
TEST_08658,2.0344248417612167,0.3707414523748933,-0.2919792225741786
TEST_08659,2.9362794221607973,-1.2541062916382357,0.49926575875685253
TEST_08660,1.9899266475733195,-1.0371690561417994,1.0311726171997886
TEST_08661,0.7630332961896102,-0.22128074648513812,-0.25138766098702686
TEST_08662,1.615243452978708,0.3145723074142008,0.3167126482562098
TEST_08663,3.390091722695506,0.14698880703402145,-0.9159593379363233
TEST_08664,1.9461262517181075,0.058489965776604404,-0.3976478027715754
TEST_08665,4.322947919073885,0.5160185479813502,-0.3714518118377951
TEST_08666,1.3657287683580899,0.15118606731191336,-0.568290459487758
TEST_08667,2.592287267033063,-0.4622446956891163,0.2681322764996411
TEST_08668,2.756920300663493,-0.612379007452546,0.3172940246574426
TEST_08669,2.4657265702949935,1.4376714469777765,0.5954069715578817
TEST_08670,1.069814812137374,-0.6294028773414904,-0.16392764767016466
TEST_08671,3.2421172520188333,0.10806460417798816,-0.12503498360473703
TEST_08672,2.6886868639566908,-0.21498887958462237,-0.19627831908133855
TEST_08673,2.5622123231785165,-0.0851549048285061,0.4962316716656904
TEST_08674,3.435884296510134,-0.4236516143543849,0.6494398616508164
TEST_08675,1.3458797750257048,0.4843643033871875,-0.19181620972801405
TEST_08676,3.922173167352129,1.5797694343799424,0.7035628620777739
TEST_08677,2.1146673791651422,0.9173899121448401,0.2116312671468292
TEST_08678,3.293150951984056,-1.8256905836293822,-0.9134097932311954
TEST_08679,4.3355949748336755,-1.3223400568350776,2.2237221137797842
TEST_08680,4.738101386512813,2.108220325008777,-0.9139719212591007
TEST_08681,2.3398465751430173,0.7921286384342335,-0.2871332114932496
TEST_08682,1.3764601209272087,-0.5670911589544905,-0.33942697690576357
TEST_08683,3.7663901278023952,2.065892357260389,0.8906028694660842
TEST_08684,2.6797702937611114,-0.36813179096405546,-0.19741755477185624
TEST_08685,1.4219412735123544,-0.24105710224455124,0.018045945454554096
TEST_08686,3.270817116628336,-0.4046073912174608,-0.08773270605765293
TEST_08687,2.999025035742345,0.38946946196748644,-0.6417459590841134
TEST_08688,0.785091523755811,0.41838661387641096,0.21360669208167035
TEST_08689,2.7366166176241222,0.31178130164820966,-0.08588528520759518
TEST_08690,3.159538397937365,0.08013779414981928,1.2146048779691176
TEST_08691,2.79203733178609,0.1605108090343581,-0.14628967677006174
TEST_08692,2.410569925836954,0.942465040466217,0.10462835987526066
TEST_08693,1.3143009661757692,0.22356898002092887,-0.06986474365131151
TEST_08694,3.1982190624491165,0.06323220876575175,1.4106907189659974
TEST_08695,3.5796393882826725,0.5769597801698935,-1.0042799214572473
TEST_08696,3.0871867663005528,-0.4856908248346597,1.5466212393698688
TEST_08697,3.8306860762191346,-0.5998277699415109,0.7523050775010576
TEST_08698,3.4095629494508746,0.4672822206323436,-0.973570819962046
TEST_08699,2.3979837555208086,1.248052644619299,-0.3707870076859277
TEST_08700,3.4089852098293356,0.9825206165575786,0.8627511856214299
TEST_08701,3.6319959013716043,0.3450554619721893,-0.6876575436603082
TEST_08702,1.8071445281137761,0.13753685252925182,-0.09670106485300338
TEST_08703,2.4976963450647283,-0.1741851674145545,0.1264191023626631
TEST_08704,1.617039912375958,0.5983796125374485,-0.22294728585100443
TEST_08705,2.9179412964216054,-1.4677899422322362,-0.6130152728548931
TEST_08706,3.305654919512967,-0.5085649683392277,0.4835351817923896
TEST_08707,2.147139722820747,-0.15243787511259768,0.4542188517260617
TEST_08708,2.986083271961336,0.6647034289400546,-0.6058164289369794
TEST_08709,4.417603369344392,-0.9884542620016112,0.9159599421545611
TEST_08710,1.8398897485789831,0.1060448125485528,0.6048160625907703
TEST_08711,2.4751235804239355,-0.8796285080679427,0.2478519167955613
TEST_08712,1.8423240640384626,-1.131292274427607,0.8287680700368844
TEST_08713,2.4530811704755613,0.1387983398369626,0.1658812812786918
TEST_08714,3.407697616045946,-0.49204506629682965,-0.3455851210598523
TEST_08715,1.3331960615055256,-0.18311606200065075,0.14065206672894576
TEST_08716,2.9811719927269316,-0.390106205011834,0.7175289199500108
TEST_08717,3.0836014119376753,-0.15483207018908413,-0.4511058539163318
TEST_08718,3.6393341162043047,-0.10343190589184453,1.1678712655760575
TEST_08719,5.443023350661489,0.8945624410634612,2.045471231096605
TEST_08720,3.7854740450824793,0.40089500634052444,0.7645041969976198
TEST_08721,3.9874869567427513,0.09170760539609878,0.6351348997226134
TEST_08722,3.8240540255744047,0.7655869693532962,1.6035668532904896
TEST_08723,1.8264437364743369,0.4704116305590555,0.6523902168556324
TEST_08724,2.8256746446776413,0.4335324654459333,0.23031416887109568
TEST_08725,1.07970818119776,-0.36237592221903925,-0.023534694449482408
TEST_08726,1.5010187804423223,0.0496995582411829,0.14724370397337527
TEST_08727,2.9774659007190674,0.24037035798698003,0.8199979062151553
TEST_08728,1.0155652003365783,-0.8824860148591855,0.26122283959916415
TEST_08729,1.7197888512874906,0.4347957120549705,0.040018066101602245
TEST_08730,1.5722833760206854,-0.057952559267749344,0.31503253558910244
TEST_08731,3.720040328608052,0.3845603840902706,0.24764643095552666
TEST_08732,2.9054785628633297,0.6026706428956918,1.3670950828351167
TEST_08733,3.032744639191047,0.002827388462377849,0.3090121627406813
TEST_08734,3.249272172086693,-0.4690502566288659,-0.43579256699834007
TEST_08735,1.6113587692353146,0.34101213163525046,0.4067160725878968
TEST_08736,1.5771985631934182,-0.18631042811481954,0.8264629454073558
TEST_08737,2.892887704470068,-0.2466990542839983,0.7290429560478496
TEST_08738,3.2118187605239985,1.4928548239605386,1.7314661791118715
TEST_08739,2.3878560907207653,0.33765143730421193,-0.22923836765390246
TEST_08740,1.5621013603110459,0.23632435322192089,-0.4554004190853963
TEST_08741,3.5966810403552723,-0.09458470621070399,0.24796970285006767
TEST_08742,1.4966467133393975,0.4346323251658651,-0.013682289247952529
TEST_08743,1.656938324163521,0.7553411617984581,0.3160364804043701
TEST_08744,3.8316830799767225,0.18938799445528673,-0.486971924624439
TEST_08745,1.5107987722512162,-0.6037090404166245,-0.5621955444255393
TEST_08746,2.638447697068379,-0.15648952996834004,-0.88615886798191
TEST_08747,2.9304109499914257,0.15841066689090072,-0.24597820275889573
TEST_08748,1.642596426534109,-0.16412734232274978,0.18502644801295315
TEST_08749,2.9703242638718588,-0.5694111801467848,-0.43283221326180293
TEST_08750,3.8265618383235687,1.5377466587016322,1.5420779305397583
TEST_08751,1.322821564664428,0.20907938530965872,0.08310405374843183
TEST_08752,2.193946211529775,-0.9332608815403532,0.0543204849127818
TEST_08753,2.094734700174138,-0.5835206236762638,0.038730229064845585
TEST_08754,1.904265175481781,-0.4006624260973157,0.29380275336697714
TEST_08755,1.627599562770532,-0.5892852189059535,-0.1562150206312044
TEST_08756,3.385823241707282,-0.15944998443261404,1.0497618433955582
TEST_08757,3.5183587212403826,0.5635505775453791,0.7631587186547104
TEST_08758,0.9175320272342553,0.06907973974296844,0.01339541554767693
TEST_08759,0.9800685306380248,-0.11635479740751153,-0.26592305920743364
TEST_08760,1.8507334569633649,0.19379014557726348,0.35643157740525483
TEST_08761,2.5477679649638474,1.5017734004727754,0.0778198010166123
TEST_08762,3.2245967644469693,0.6930859350418148,0.4779505282657614
TEST_08763,3.1111318032606294,1.1253643801748718,0.010833025448357063
TEST_08764,2.239737809836803,-0.6823188125096333,-0.3512268081565197
TEST_08765,0.7989757941573548,-0.15616111287317755,-0.18054937239194652
TEST_08766,2.5264136430844477,0.10449088345420382,-0.37870996784285643
TEST_08767,2.2161312343450135,1.0980633027018907,-0.7451057087266322
TEST_08768,3.938670590105456,-1.0196968068335788,0.24958467191572054
TEST_08769,1.8646376526758401,0.6659302132226481,0.08449896797412712
TEST_08770,1.3451727862466782,0.08269151859844152,-0.09305337422147139
TEST_08771,1.5342627098122774,-0.17787414873598933,-0.23053158678013186
TEST_08772,4.543159766744014,0.026500614108894673,-0.9946563233879
TEST_08773,2.5307044564585515,0.16290272560974972,0.1565375953633443
TEST_08774,2.312608739481333,-1.3794891749242866,-0.6566662220745977
TEST_08775,2.56503287802797,0.018486838825929337,0.6619650619523736
TEST_08776,2.1272046001503186,-0.16865870002676892,0.4006864921137193
TEST_08777,3.785355573099366,0.7369148529837736,1.0556604747151996
TEST_08778,4.767549537695168,0.5655657965117032,-0.9440040995628569
TEST_08779,2.5580934353798415,-1.1706141007636408,-0.4564634546918761
TEST_08780,2.264737204533847,-0.2512641019028981,0.6439743665860836
TEST_08781,2.3404563443290254,0.14790050813217404,-0.5692455945827547
TEST_08782,1.448637078561804,-0.23607897677542944,-0.08019105127201526
TEST_08783,4.4313390373252215,0.12633983994290235,-0.924339474157324
TEST_08784,3.3797068351627333,0.0426493475183407,-0.597617795842266
TEST_08785,4.745336663608935,1.3093455721202159,-0.029185430667784822
TEST_08786,1.4164869336773263,-0.18182258717198288,-0.5052517343788592
TEST_08787,3.3902457576280107,0.1487150462233106,0.7736245281293505
TEST_08788,2.3719544646827564,-0.03705435337516922,-0.03422169981135356
TEST_08789,3.0614743767603927,-1.5324985178112323,1.0431566190723118
TEST_08790,1.414419679942238,-0.43892909729155577,0.4971664874772071
TEST_08791,2.8346260542158865,-0.01666359517139618,0.16677677514462733
TEST_08792,2.138438349589758,0.7183411950251796,-0.7572985597684535
TEST_08793,1.8676756047276248,0.14485438586025448,-0.293233405994607
TEST_08794,1.3349769177329214,0.14501568732712258,0.03714033114367831
TEST_08795,0.9701753568453245,0.050802539495862865,-0.009644104820506294
TEST_08796,1.9432511994912538,0.07821684740906025,0.14802781631767023
TEST_08797,2.7555984412535057,1.5405200291045493,0.29593870771386954
TEST_08798,1.9852895960292691,0.4473411989842577,-0.15540751871808428
TEST_08799,5.405239661660858,-0.7941406135887111,0.3067800802898305
TEST_08800,2.390231879643389,-1.1051250187826565,0.3153410949730267
TEST_08801,4.560193391036003,-1.47232462746579,-0.7057343580994413
TEST_08802,3.0183371790331344,1.3353374600104404,0.26543898985222664
TEST_08803,2.7951375197896486,-0.08365290087583695,0.5762043390936006
TEST_08804,2.3043529178601276,-0.9487408981577832,0.7207867127717268
TEST_08805,2.855014440750126,0.8038998230692803,0.7322376950645367
TEST_08806,3.7411866129622844,1.3348028675455208,-0.14767765917552908
TEST_08807,1.993924925495672,0.1276261640190454,-0.09450146361782938
TEST_08808,2.6370119084491725,0.1734257405192636,0.548555177189293
TEST_08809,1.9944859785645281,0.0396660559365862,-0.12484902115931587
TEST_08810,2.1390629484446135,0.19053628092859534,0.26880290600505546
TEST_08811,2.4089393767872376,-0.018739508022278292,-0.6633447000774605
TEST_08812,1.7660469875474507,-1.063147649318712,-0.7262267071283273
TEST_08813,1.1315421189461747,-0.09408158393072151,-0.09129443543325709
TEST_08814,1.297802849220377,0.543753508927068,-0.4526005329685091
TEST_08815,1.4274502555926303,-0.4505209483923399,0.1513236631932877
TEST_08816,1.1548173857505106,-0.2011746388783178,-0.3704344948128981
TEST_08817,2.4756636358934645,0.2316453802999007,0.58013268594551
TEST_08818,4.465285383077882,0.4016523587278645,-0.6087639611790392
TEST_08819,1.8495329050512797,-0.8173974736706529,0.5069151680792545
TEST_08820,2.3109524922996765,0.05358772209365259,-0.5225740608060783
TEST_08821,3.3638212271138155,0.2477582823911786,0.027097927018557698
TEST_08822,1.950493896272874,-0.4057559573449785,-0.29666206550875807
TEST_08823,1.5724520815272651,0.31927899987358094,0.13978335591213298
TEST_08824,2.680337333673318,-0.18609431850274027,0.18302520027787458
TEST_08825,1.6817603825675385,-0.51952446404641,0.9396309504648009
TEST_08826,3.406300393449716,0.2601205952215626,-0.8017635840396029
TEST_08827,1.4601680372682289,0.3379820428333003,0.13201969900238114
TEST_08828,2.3577570440162865,-0.2777630476553264,0.14077273420596614
TEST_08829,0.8962057433059766,0.3575145585776399,0.47224301434035976
TEST_08830,2.620686591992459,0.707223233250379,-0.7575888856287839
TEST_08831,1.7982745068434667,-0.3418673885959152,-0.059732000888841896
TEST_08832,2.640409103185932,0.5106042949229372,0.33914761647162034
TEST_08833,3.5559280857250744,0.8814751098328604,0.47862617345812003
TEST_08834,1.7197594459594527,0.3056142279278978,-0.1299183307038843
TEST_08835,1.5869894475470492,0.4225328023793575,0.5089389219302141
TEST_08836,3.318667557121635,-1.4521316548224183,1.2059756708128049
TEST_08837,2.974964450828202,-1.6240442081162714,-0.3798347704276751
TEST_08838,3.1605645987692954,-0.11111288974242815,1.0538529651611717
TEST_08839,5.391800214078608,-0.48719916377047706,1.3401073268717456
TEST_08840,3.73557072761634,1.446665149394296,0.5822522096729259
TEST_08841,1.0129933508894597,0.2055558116656824,0.19699743412295892
TEST_08842,3.8645992281375996,1.4394747826250132,0.7131358546092748
TEST_08843,2.661818342791585,-1.685355035435602,-0.7333520865275841
TEST_08844,2.8211119550562316,0.020059122067541114,0.19372501964766978
TEST_08845,2.6088130854806337,0.6129941581669468,-0.1617106916573029
TEST_08846,3.294810559902016,-0.33945836533332946,-0.6006313693896964
TEST_08847,1.979296739201867,1.2681503534274299,-0.9295505504511508
TEST_08848,6.194776596727525,1.8086668516526585,-0.6977339851188791
TEST_08849,1.5978203298429987,-0.3691047146169388,-0.08332998427700859
TEST_08850,2.9051227294200035,-0.017649842205222237,-0.7192510349688717
TEST_08851,0.9425682020287676,0.20611037032816718,-0.23740220735577194
TEST_08852,1.1358253284637063,-0.8839738248982839,0.3378499648967547
TEST_08853,1.3253087476045393,-0.1622037282594734,0.01077305200768264
TEST_08854,1.9173730558688493,0.6204805719538377,-0.1911651200988017
TEST_08855,3.7236428620011615,-0.5865154453413279,0.5633770281218109
TEST_08856,1.5235032850201333,-0.3977021692224414,-0.19812748733110466
TEST_08857,3.9940948113803545,-0.19322616409754467,1.9713823575695013
TEST_08858,2.629737946035943,0.7447689752442036,-0.7824338310459478
TEST_08859,1.9382309984792838,0.3837195051181352,-0.5109710586630397
TEST_08860,0.9197028386743126,0.27496680150176817,-0.04064443276456076
TEST_08861,3.2937426633978526,-0.24987734324167032,0.8736300634337237
TEST_08862,1.413760713956423,-0.24720251075702596,0.16147384634995754
TEST_08863,2.1217713864454066,0.37887708882618454,0.07199576667079477
TEST_08864,3.314302193815257,0.09729566601774378,0.14367617495419843
TEST_08865,3.603909963441995,0.9583169473696384,1.7540436252929124
TEST_08866,1.684794583881669,-0.4466716422818095,-0.4275857140132164
TEST_08867,2.32775773696362,0.49123365090732446,-0.292428194773821
TEST_08868,2.328032216249559,0.7347761968821132,-0.4566547822191513
TEST_08869,3.1603420532350754,-0.7361145868716408,0.8773439286281173
TEST_08870,4.806098309722526,-0.7122259292096002,1.5114872816150067
TEST_08871,1.0678180849256753,0.09154297478725647,-0.00852570819902966
TEST_08872,0.9131929150582019,-0.18388731405728273,0.25914059912103804
TEST_08873,1.8504114934685962,-0.3492347555628575,-0.1730802981960601
TEST_08874,2.3761442947951075,0.19517010830334083,0.09781402980274624
TEST_08875,2.3396719744303653,0.39466025268326216,-0.0285925870289647
TEST_08876,1.4775696416182746,-0.29121156585349106,0.20377763076185593
TEST_08877,3.8054707851337577,0.688480991024586,-0.24582515840851932
TEST_08878,2.311233895914679,0.8323346565686167,-0.40403233076792283
TEST_08879,5.406346385828158,0.08980743130712789,1.1500582188065656
TEST_08880,3.783014764781403,0.8787816180164704,0.99664993452851
TEST_08881,3.719790007523562,-1.544949912902198,0.3001151639604759
TEST_08882,1.023571077687776,0.07941809199747155,0.37159270226367863
TEST_08883,2.685559856533113,1.7487680073855512,1.134467761468481
TEST_08884,3.0766311261912307,-0.16130685972050565,0.28770095676499513
TEST_08885,1.016209912403123,0.24322623959137313,0.02580537781895745
TEST_08886,1.7094586514368817,0.2654119925844621,-0.06325200803320716
TEST_08887,3.22842562940843,0.49805200344900774,-0.001348218772831629
TEST_08888,2.5732273738053837,0.5096720828419464,-1.1845609020045622
TEST_08889,1.4771348960059638,0.22316458798695843,0.1003345375823137
TEST_08890,2.987540203741657,0.33505811602517155,-0.370622707773525
TEST_08891,1.5724490462481755,-0.0441833278198536,-0.2949302958874868
TEST_08892,1.0087579337475414,0.15258586243135255,0.32654074851257625
TEST_08893,2.9683804668721514,-0.19411882497080143,0.31926572525654573
TEST_08894,2.732347936744913,1.5274796828445405,1.1101861345716846
TEST_08895,2.396333264622054,-0.4358607354284282,-0.016949251464422735
TEST_08896,1.986679997082375,-0.6100067070552748,1.2172507639622572
TEST_08897,4.120311077152249,-0.24534145121714107,-0.7408323772033929
TEST_08898,1.290987728248613,-1.1655168636426023,-0.48498783911228766
TEST_08899,0.9577824209530211,0.32167240401700725,-0.12492081890866474
TEST_08900,2.3724282766060973,-0.4035175481602677,0.4263703321956821
TEST_08901,1.8518332115363059,0.08286030328571929,-0.31350035356761347
TEST_08902,2.0504860377486143,0.3901783300390368,-0.17814668578957113
TEST_08903,3.3699236737550398,-0.6767583188115597,0.911474436644437
TEST_08904,2.415628782851355,-0.41440150790901836,0.38660642735837397
TEST_08905,1.441697957465698,0.16038682096582627,0.25337070921575605
TEST_08906,2.7495018012864305,0.279290054184684,-0.13447988976403624
TEST_08907,2.48333706525204,0.433070043257832,-0.1649889000637528
TEST_08908,2.2735389002032655,-0.8929780410801469,0.5457675210406209
TEST_08909,4.030978155551012,1.4345068512954857,0.7700265421969188
TEST_08910,3.0198530146806553,-1.6285897848759445,0.8193761803921307
TEST_08911,1.2740744715979289,-0.21988633103610217,-0.2100573743247947
TEST_08912,1.9962774618312782,-0.14842417786686146,0.5350167917207351
TEST_08913,2.852978284384696,0.3800844282630954,-0.9392339548737916
TEST_08914,2.9965099930537606,-0.30391534937967674,0.6103821919231991
TEST_08915,1.3666220654235486,0.05318436369278422,-0.12913413704957652
TEST_08916,2.955795108747843,-0.1006589636028852,0.3490809932286575
TEST_08917,3.5909899201414084,-2.1539967515992955,-0.5120480395543744
TEST_08918,3.811227698149244,-1.4303651696699275,-0.23872288581768572
TEST_08919,2.317584875414469,-1.4365836409356412,0.630347154011923
TEST_08920,4.860182613160776,-0.11923848555153886,0.36416363942971025
TEST_08921,4.942164999997409,1.9870157595860032,-0.0006307469925564005
TEST_08922,3.753471862547587,-0.2111923976516747,0.6105040465146114
TEST_08923,3.0046699126052427,0.016652908003622645,0.42852227718781727
TEST_08924,1.5068195741057144,-0.32771474120790717,0.6063365023806097
TEST_08925,2.1945490150509923,0.458593597895694,0.36604194772781085
TEST_08926,2.726305952424379,-0.2802683968224271,-0.8067955124609555
TEST_08927,2.9605470198854675,-0.1461319118289167,0.4883209026704258
TEST_08928,5.443496903430609,0.04292706758211154,0.6366103850667837
TEST_08929,4.309633686045782,-0.0736224106964489,-1.1072110386651546
TEST_08930,2.7203775396735503,0.4637688030439374,-0.7583194863163225
TEST_08931,3.722078038678628,-0.5477366647274824,-0.7296088256984975
TEST_08932,4.129715395754635,0.9336366830044013,-1.2348460528046825
TEST_08933,0.9113537147094625,0.4189997428946881,-0.10923694279314664
TEST_08934,2.245061440307749,1.6672405263446326,-0.44146791018159637
TEST_08935,1.2153227377340854,0.41476696288259196,0.2580853151625855
TEST_08936,1.5322038309787125,0.2776938879589134,0.14965670281457574
TEST_08937,3.9510875151039726,-1.6509394188058053,0.7757674487769648
TEST_08938,5.761881894923833,0.39954068598581866,-1.1633378414185636
TEST_08939,1.1135239346382981,-0.07178371107634829,0.18566960136685132
TEST_08940,2.3274188095332504,0.6815246195181237,0.42985583547271894
TEST_08941,1.150278824996145,0.13506972460452404,0.2359607511343141
TEST_08942,1.70771908949672,0.7800488506199135,0.5398269641178157
TEST_08943,1.8238480636983287,-0.10910538145185074,-0.2976281351683897
TEST_08944,2.8539649948110024,0.468530795114642,-0.19012056172184844
TEST_08945,4.593060100460574,1.6884977093627858,0.02659853052453517
TEST_08946,3.38755170986262,-0.19956429374975668,0.12849360237856147
TEST_08947,1.330629822232218,0.3854930865074318,-0.45969335037842646
TEST_08948,3.1707683666186575,0.2395433984390441,-0.2975314344477733
TEST_08949,4.550443177725069,0.6077118272269451,0.9063912685445976
TEST_08950,2.6055193556662144,1.6327035005091979,0.5605315417759226
TEST_08951,2.6026966976366706,0.7834887942705436,0.4358005489038061
TEST_08952,3.1820678320608584,1.7243619583311567,1.6953202013320723
TEST_08953,3.849428666050021,0.46488049825399497,1.0729347000459393
TEST_08954,1.7598373638033613,0.3745854442045174,0.36640531096043916
TEST_08955,1.1199853769790005,0.2767664483057259,-0.19747122946601242
TEST_08956,3.787787221652516,-1.492292567882644,0.49078334304070753
TEST_08957,1.8174162487342715,0.46369193581834856,0.13667414037145728
TEST_08958,1.8069312133832507,-0.9680637583463785,0.04020464700504977
TEST_08959,2.6638516853383294,-0.905360374159979,0.8675516479009491
TEST_08960,1.4967275142025902,-0.11745339917379154,0.06637018855877068
TEST_08961,5.180271071290135,0.9824125168122474,1.0825730539008418
TEST_08962,1.3991681559165263,-0.6063863749778498,0.33138311427436284
TEST_08963,1.5426130526608517,1.1057162771100038,-0.5855213168881975
TEST_08964,2.7391463889038588,-0.04434152735133802,0.09542053254831724
TEST_08965,2.443469291091319,0.03669342460309005,-0.33125594710756345
TEST_08966,5.191589558793746,0.5282325368932558,0.5502106290627053
TEST_08967,2.366236260610433,1.2799981790758668,0.15811381357957197
TEST_08968,4.981647376863028,-0.3145614966384496,1.0201064571800247
TEST_08969,4.0359867453467535,0.18048694459311398,-0.8098209897522826
TEST_08970,1.5151116239382652,0.01745614632905645,-0.2138289576388329
TEST_08971,4.02704149919183,-0.5005159438972582,-0.6294343321203475
TEST_08972,4.549901424914023,-1.234145533080437,-1.0042645451626382
TEST_08973,0.9091213816820676,-0.2760963160590677,0.2720291836941692
TEST_08974,3.1860285654911262,-1.36837357465114,1.263508748821949
TEST_08975,2.9075293662972803,-0.6695526739847981,0.4553694350055437
TEST_08976,2.7578132368250468,-0.5183005894598959,1.6577821789561238
TEST_08977,3.2102233146329073,-0.27374684728388526,0.9383542420854895
TEST_08978,2.2929278389571994,-0.7349384905839914,1.33955428973893
TEST_08979,2.9435097167661763,-1.374666273543993,-0.8218808910402464
TEST_08980,2.0500672317726862,-0.2453099955511508,0.4198050046695936
TEST_08981,3.4902417541393302,0.14093332997466843,0.4581824951317672
TEST_08982,2.0452935245975565,0.038686531201875554,-0.22402992238553884
TEST_08983,2.812247214365261,-0.12244161079115326,0.10660296987625778
TEST_08984,3.0581336331137123,-0.04855147160259447,0.8492989345266481
TEST_08985,1.9981540857811926,-0.26797127966234113,0.6108917065812903
TEST_08986,1.9024407308076916,0.7542608610714435,0.3746988042932307
TEST_08987,3.606704084593296,-0.0764523368778211,-0.021394439438260394
TEST_08988,2.7393555730837273,-0.18734211065172887,0.017385642915830987
TEST_08989,3.2200623174413305,-1.0296361292838017,0.8428169645433914
TEST_08990,1.2632110929522877,0.23230465513775064,-0.23563765252562963
TEST_08991,2.427216706199875,0.023684407342858007,0.03302827018484476
TEST_08992,2.1395362369295015,-0.6978915043347627,-1.0822118408676156
TEST_08993,3.511734706153066,1.7607848877508503,0.540555616509351
TEST_08994,2.7792242209410363,-0.27399723448664065,0.13138260931253434
TEST_08995,0.8075130572312735,0.13586144208651788,0.1714373340051569
TEST_08996,2.4279386436322214,0.4953819639271281,0.32517609826934807
TEST_08997,0.9876034666615321,-0.42537943705814274,0.32386265055888686
TEST_08998,3.100058975870138,-0.7952401077290547,0.6896758053564104
TEST_08999,3.9502908032118307,-0.5800247893414778,-1.191940500007145
TEST_09000,4.409688788043039,-1.1328589318330538,0.46459273710492727
TEST_09001,2.504040692885741,-0.18728682522915915,0.3426968976806442
TEST_09002,1.7336817999762317,0.2712153457180229,0.7958531783421546
TEST_09003,2.8056248035585925,-2.380237041646854,-0.5392825296165482
TEST_09004,2.645583022771803,0.032872911208559154,0.25530767076979477
TEST_09005,1.3068498566899371,0.6128688912469806,-0.17579707095097535
TEST_09006,4.443019221624961,-1.0426084472653432,0.830289432631917
TEST_09007,4.058694103451756,0.47691186381650075,1.1857001257115871
TEST_09008,5.54890078019493,-0.7002152004919222,0.10184228803829437
TEST_09009,0.9954891581815511,0.29979246980067,0.17859866548425574
TEST_09010,1.0734814440555107,-0.18349881568672144,0.11695519257680391
TEST_09011,1.6428830788671263,0.08855782196970012,-0.0770812601973916
TEST_09012,3.6055838813450722,-0.014888231221222651,0.39239323095642165
TEST_09013,1.451980397742,0.04393507492905764,-0.1724150871287687
TEST_09014,1.646174452900226,-0.056940024298293763,0.7171854436887583
TEST_09015,3.0570987309690527,0.46588763640492215,0.4861946918558528
TEST_09016,2.1365912290282076,0.14956379090179656,-0.8379234872948115
TEST_09017,1.3078885125800417,0.6885986602091361,0.6167306390986337
TEST_09018,3.207685231995572,0.9239376919303717,-0.6940904073718173
TEST_09019,2.2460315133958835,-0.9810385500303406,0.6351731867188513
TEST_09020,2.110354558919712,0.1832750328326913,-0.9559216251742813
TEST_09021,3.3256832829945293,-0.35034060047899135,0.8201510472814921
TEST_09022,2.1878545108199514,-0.14225574783004208,0.06764899131990179
TEST_09023,3.2671322647537466,-0.05824990403663984,-0.32990672631718143
TEST_09024,1.9409844122268625,0.0847116315553088,-0.15049415886458614
TEST_09025,3.9813420168604203,1.234970556243564,0.8954807196802291
TEST_09026,1.2082488857458935,-0.06625061764073953,-0.4344949625267286
TEST_09027,3.964380357886082,-0.4911590813650894,-0.14626595645510915
TEST_09028,2.981386900741939,-0.022779952724567357,-0.09493905928128711
TEST_09029,4.612049854167365,0.7846644162707551,-0.5469776737429565
TEST_09030,5.260236135125026,-1.0736062984800527,1.7534639896947222
TEST_09031,2.036950100344029,-1.098211703000488,-0.12284958338240455
TEST_09032,2.1683323939484436,0.4567175184173559,0.2506353475042068
TEST_09033,2.173124144975034,0.2695205137310926,0.5994948275329758
TEST_09034,1.5560172060614195,0.2855171936630932,0.20759563146463467
TEST_09035,1.4350371549292864,0.2895909201872203,0.20441971633688943
TEST_09036,1.6293781932198923,-0.6696848559437982,-0.15022310431278052
TEST_09037,3.990592522648891,0.6929412092835314,-0.5709621612909512
TEST_09038,0.8954047798612857,-0.2617681243378745,0.4121978344122537
TEST_09039,4.731090530223669,1.7379144254220396,-0.9303586669438804
TEST_09040,1.6420652875904427,-0.6041950328504248,-0.11982948621567903
TEST_09041,1.2460658890747178,0.2512749295768252,-0.29850295596136617
TEST_09042,3.3313641898493898,-1.5978232726306667,0.8960857950835011
TEST_09043,1.2251409993292801,-0.5013119848401847,-0.048748558532577625
TEST_09044,3.495092816300276,0.25907455094129445,-0.18543017196024
TEST_09045,2.1291524067259293,0.9882169310870912,0.7151097587594638
TEST_09046,1.5075915806825055,0.9819173890429862,0.07469265701290383
TEST_09047,2.237368363291844,0.504099065491285,-0.006541813688025809
TEST_09048,3.947204834002998,1.6405283666446828,0.30210387752147083
TEST_09049,2.9018239177734326,0.4970359861017755,-0.2137545410110645
TEST_09050,1.4278591636141278,0.18496092191114558,0.10482144309294596
TEST_09051,1.7087226360965426,-0.21847669314789467,0.1734789952240544
TEST_09052,2.0698600081773626,-0.1360419114534351,-0.24095744791293988
TEST_09053,3.065128002021704,0.22808011503183548,-0.3177985103738794
TEST_09054,3.4940882023749897,-1.7374095765115636,-1.1164761932935185
TEST_09055,1.2056522525718196,-0.3550875790045378,-0.012939628894921725
TEST_09056,2.7070667393883583,-0.2623836211965308,0.7062146969399662
TEST_09057,3.1755768525945993,-1.116098153903808,0.8736992421723837
TEST_09058,4.256237928739779,0.04526259977304902,-0.6308186119210035
TEST_09059,1.3850685225563912,0.7004537802159323,-0.19457035833266031
TEST_09060,2.7919782153892636,0.5246291969250382,-0.9573544989796682
TEST_09061,1.6105216664886142,-0.512613406700994,0.3736379451632237
TEST_09062,1.3783635960346243,-0.424899484373874,0.3096016397508995
TEST_09063,2.137618990899662,-0.3624653600910964,0.4574485166619165
TEST_09064,2.019826503956006,-0.021875395535443674,0.36870153182002785
TEST_09065,2.737671447780042,-0.08499240502835186,-0.5172889731366946
TEST_09066,2.69812968182133,0.3349106483298587,0.02995156712788233
TEST_09067,3.530266622327908,0.5985964298034684,0.0980100991141409
TEST_09068,3.2683241497673223,0.7093569994888568,0.6408901174096001
TEST_09069,3.0501210517299353,-1.3262777189620503,-0.781123958537643
TEST_09070,2.227260979771453,-0.3631431906344674,-0.6167972153223074
TEST_09071,2.100587683955968,0.11853604933425804,0.33310651942544217
TEST_09072,3.489279504154337,0.5186619478264343,0.41543209304595097
TEST_09073,2.2209452965713865,-1.348588692349897,0.2306180870896584
TEST_09074,2.6284717323301514,-0.5699151895950769,0.3704968861332694
TEST_09075,1.3045071784391193,0.08902299116906488,-0.04621790527340777
TEST_09076,4.262047269911258,0.7277693481243009,-0.8431117969873203
TEST_09077,2.258021667032753,-0.026644627872293873,0.3487923392831447
TEST_09078,2.753325613916816,-0.7519899902589288,0.26625641516676224
TEST_09079,1.9337407730910925,-0.7765529330178199,0.25663983094910686
TEST_09080,4.468460039329984,1.037338653277022,-0.1625408731507071
TEST_09081,5.110274248273299,-2.0646476354514065,-0.6238906541263772
TEST_09082,1.4500053783216236,-0.9836412969671819,0.5937988470459074
TEST_09083,1.1205213004716075,-0.2305069694082481,-0.02435551727134247
TEST_09084,3.2869667677233663,-0.329521666897741,0.5398249422060121
TEST_09085,2.1499553801469324,0.7398975936502529,-0.21700760662550636
TEST_09086,3.930954844640115,-0.2552101458599813,1.0698041456020282
TEST_09087,2.014955610728708,1.414401592723959,0.6025986194897096
TEST_09088,4.148861871688153,2.234858019047493,0.3276350280839147
TEST_09089,3.1307189436982243,0.5496968646322657,-0.2642216759908264
TEST_09090,2.3954387064939766,0.4444698048315836,0.25810066844902957
TEST_09091,2.5619054488404673,-0.13121116453652618,-0.20666222198739465
TEST_09092,4.318550119384413,0.020706939877740176,0.37938939079628065
TEST_09093,2.56243378146643,0.07935048664675758,0.1272340560989543
TEST_09094,2.9243167588358228,-0.84098577493075,0.8751050666268574
TEST_09095,2.2909444971833666,0.9618025412996088,0.8582416177154849
TEST_09096,3.3206989986895157,0.5736430324192876,0.7386250456308988
TEST_09097,1.7435633815302662,0.15915904281915963,-0.37100693740817975
TEST_09098,5.093807541267129,-1.4635234875262042,0.06953655125235693
TEST_09099,3.350620411398321,0.9670378948254608,-1.1667472514889525
TEST_09100,1.5532434130601285,-0.26460990026184766,-0.09062497434132945
TEST_09101,1.8608386867469984,0.27653839381343903,-0.515263903581839
TEST_09102,2.1708556916620423,0.15957652489599466,0.6334801938188829
TEST_09103,3.4275009950990905,0.29363302332922686,-0.1523369381913127
TEST_09104,1.4277031323927982,0.11838499430524634,0.4082435811939199
TEST_09105,3.9582272459675325,-0.512638992695237,0.3572349079394367
TEST_09106,2.536549266602445,0.7285889384544809,-0.5380143896739991
TEST_09107,1.2526143298653885,0.045234098426241286,-0.2082335448862275
TEST_09108,2.826870833972615,-0.4200274474294149,0.18795526065904478
TEST_09109,1.5668759742462437,-0.29101785424894855,0.5915311899962601
TEST_09110,5.305984026445451,-0.5805074502268167,-0.7532522007587718
TEST_09111,2.6630262707267787,0.9422530545107288,-0.6604120707755327
TEST_09112,1.949043147728597,0.600054581316225,0.617569009951357
TEST_09113,3.628798581298879,0.8789631196519304,0.9726280836651948
TEST_09114,1.863571530312393,-0.6541628630632764,-0.1953949709799083
TEST_09115,2.092302680696062,0.46173099611150487,-0.45404703182596406
TEST_09116,4.461841665956745,0.5354081861682554,-0.1874049241926774
TEST_09117,2.6620080887195847,1.0309317270629879,-0.6102474509243156
TEST_09118,1.5398634121010575,-0.07484097942979318,-0.2579411972395636
TEST_09119,4.71697728513269,-1.0577586794955116,-0.7369289121068727
TEST_09120,4.194609925451796,2.4689946764847743,0.2554992322644156
TEST_09121,4.066151900978592,-0.9262080440071089,0.949667552593944
TEST_09122,1.9274822722292602,0.9822063836981251,0.29502902574793416
TEST_09123,2.7348261752755363,-2.234516516735045,-0.12241484798814957
TEST_09124,1.4057270519605458,-0.0011396489493778845,-0.2536090498842031
TEST_09125,2.440260728362059,0.4732989574584273,0.33137950048959
TEST_09126,4.963651010026737,-0.593185607374695,-0.2765688116188325
TEST_09127,1.6920309511202098,0.11676295274439176,-0.4488410042402829
TEST_09128,2.0017655038509554,0.14869007706251572,0.5846878514804876
TEST_09129,1.957092946643465,0.7412901602713565,-0.15739187035798663
TEST_09130,1.0687076272813807,-0.05548401605716608,0.2788307096351451
TEST_09131,2.159957417950656,0.47953999289444305,-0.28333705475763576
TEST_09132,1.2209554574856067,-0.529046009637646,-0.36216470909352305
TEST_09133,1.6781360335938298,-0.30275620138461845,0.3441566139414545
TEST_09134,2.428421270629809,-1.616299137968544,1.2095075230868106
TEST_09135,1.4553955669377958,-0.643372635943649,-0.08511287390202514
TEST_09136,2.1727234585215998,0.3347585104004107,0.934468465427486
TEST_09137,3.6273569868656055,1.70267774068542,0.8628159171239582
TEST_09138,3.08622174770184,0.045948112486656395,0.5513818450287084
TEST_09139,4.379452601695585,-0.677201589297957,-1.0983295743770873
TEST_09140,2.2081395241086113,0.7078791431740665,-0.8432843191700565
TEST_09141,3.1414029689934897,0.267654873307605,-0.4226854095653135
TEST_09142,1.5673315031391968,0.04350825558162428,0.43239343718287043
TEST_09143,3.2645406883094155,0.1735450377585775,0.17398029431654513
TEST_09144,3.6389268194279447,0.29105718564433464,0.5105122593339335
TEST_09145,4.407891441294269,-0.13973217165212454,-0.7109592529120349
TEST_09146,2.615929743807548,0.35282163113829684,0.19770703509000637
TEST_09147,1.8340792992702526,-0.6671577950245056,0.01698568824228374
TEST_09148,2.830657744914262,-0.31275284643552753,-0.5410979995636666
TEST_09149,3.542256626665425,0.662040935302393,0.0902618118525823
TEST_09150,3.003127470193253,0.4124042537821519,0.8647957679723988
TEST_09151,2.795427664725236,-0.39283222530004,0.012517202972852902
TEST_09152,2.9299172239045412,-1.3277385572817402,-0.41016834329026836
TEST_09153,2.7518515408240845,0.9282594440995229,-0.7049637608396518
TEST_09154,2.247046942136735,0.1990759547777745,-0.17354929268715125
TEST_09155,1.0672308186496604,0.0042143252087946635,-0.11603749949526851
TEST_09156,1.54770994204005,0.31567039011806214,0.4996736744408524
TEST_09157,3.2790760181096448,-0.5818439997360885,-0.5639652679859244
TEST_09158,2.8251254351814716,-0.15162467474592975,0.19480596856298527
TEST_09159,5.644997116614878,0.7653435186089147,1.3892355991249137
TEST_09160,4.524836353870733,-1.344274395273645,-0.10296910835518895
TEST_09161,1.9748896289553228,0.23750534527455996,0.25568349702070003
TEST_09162,1.7363176143992818,-0.031763762299726266,-0.4949449464135302
TEST_09163,2.0938531536273635,0.16497866088923288,0.44517254892092756
TEST_09164,2.3563663000419592,0.42747367535751335,0.16542328029369455
TEST_09165,2.53267827429917,0.758190798865109,-0.10342517690089921
TEST_09166,1.4535495747328318,-0.4597708993555448,0.2057392696600371
TEST_09167,4.555424845120035,-1.3837201329590154,1.0761342410010928
TEST_09168,1.682938885050591,-0.8387815555819694,0.21743235750846512
TEST_09169,1.1880098394567318,0.33826803106701897,0.2503504169186098
TEST_09170,2.50701752466273,0.40303044863989507,0.8930414499756396
TEST_09171,2.3193995412906934,-0.2906345371771482,0.0805302095572382
TEST_09172,2.1012020353906133,0.16902500822069874,-0.014131890758477558
TEST_09173,2.509116567809705,0.02791403613930725,0.11317036258009074
TEST_09174,3.520463493890694,0.052742180290325937,-0.7167129124138749
TEST_09175,1.2753153157981423,0.07551716921965633,-0.33571246570223995
TEST_09176,1.028011017285412,0.006476323709601736,0.02682264187379533
TEST_09177,4.163557912437043,0.11754119117407646,1.5969172863556271
TEST_09178,1.6854109795996741,-0.019266627863273992,0.45053584055201024
TEST_09179,3.7361005152316085,0.0591416811915675,0.6977945961783916
TEST_09180,2.5794342827054786,-0.2627450568301032,0.7718369943829178
TEST_09181,0.835957505085131,0.2529316239040275,-0.010504633941686756
TEST_09182,2.0956477763862837,0.6482905385508548,-0.051340469633482995
TEST_09183,1.2388978291772852,-0.5155177382253815,0.14021026471026685
TEST_09184,3.2289497785062564,0.1768542088607153,-0.20271217633945182
TEST_09185,2.0966956950004465,0.8891561701349961,0.7445385135971592
TEST_09186,3.261817728901127,0.44125012879970316,0.09420643807481384
TEST_09187,3.9845755854323066,-0.17361607999414252,-1.2484443004782533
TEST_09188,3.374984975805862,1.122594297705291,-1.160779899207452
TEST_09189,3.9797361197856964,0.2587045533636773,0.7725509750716265
TEST_09190,4.033059327894495,-1.2646560819999182,0.9463051152365015
TEST_09191,2.950907036780611,0.05218178212385948,0.3722234933717474
TEST_09192,3.0435863114734714,0.08407862563858906,-0.5043793863607523
TEST_09193,3.0183356739105047,0.6770541261236998,-0.31417513165201455
TEST_09194,1.761488911430426,0.33082359860848504,0.06336275969300631
TEST_09195,1.8568566569580778,-1.0250629683586951,-0.7202347434009119
TEST_09196,4.272507271042855,-1.3545682494421258,-0.4500217341418061
TEST_09197,1.6370052522359084,-0.4212888441228053,0.09419615531288521
TEST_09198,2.0996226723047107,0.5925159218039612,0.7741303803532749
TEST_09199,2.109312582400262,-0.23388085979927611,1.114394173605478
TEST_09200,2.7986965851211223,-0.9777972444128235,0.5248948638854337
TEST_09201,4.080874374120896,-0.22426618608323234,1.097519862057329
TEST_09202,1.930956643096311,1.6809450554862424,0.15996571309295468
TEST_09203,1.7437207576835483,-1.8760540243494335,-0.6392392909748974
TEST_09204,1.7793125110995496,0.5733780050480386,-0.49211028979170957
TEST_09205,1.683266698493743,-0.44783847915643993,0.5677742134201231
TEST_09206,4.219006930011649,-0.14319084037669935,0.3742801021778976
TEST_09207,3.654038606691667,-0.26993672953325454,0.35445363101801686
TEST_09208,2.921189318512276,2.2913588578843385,-0.36831573693909636
TEST_09209,3.1325725219416776,0.151195326102599,0.38647787478245227
TEST_09210,2.8355751077194173,-0.2900827874308566,0.0022538260897336636
TEST_09211,1.4295822227315134,0.17310703354020615,-0.21148190055074537
TEST_09212,4.390987596856731,1.1903217288837482,0.43141803973350756
TEST_09213,3.089174032622983,-0.3691266616488768,-0.6765839113478872
TEST_09214,1.5175131955538028,0.37943034414914656,-0.18128928897432614
TEST_09215,3.360387060603415,0.72223759130677,-0.4463546243257344
TEST_09216,1.2725953105361363,0.08847892101231414,-0.3019731683357461
TEST_09217,2.5889967302126724,-0.017733843005095107,0.6914258573628042
TEST_09218,2.203788191475175,-1.7241945435854198,0.19175991816290333
TEST_09219,3.3996902370570226,0.34136436448721436,0.023606776619438736
TEST_09220,2.375829767699246,-0.18367587214502734,0.2720097177687111
TEST_09221,3.0645264877396063,0.09233301369157622,-0.16071314127870132
TEST_09222,1.545613214611533,-0.36861006114488726,-0.26112057985125214
TEST_09223,4.44505338060773,-0.47645822022858475,1.1019620262812098
TEST_09224,3.0618570515095573,0.26164212209769727,1.1711288536201254
TEST_09225,2.8916046977899437,0.1508640920489309,-0.8894227367337867
TEST_09226,3.140787179664317,0.27765275219932906,-0.01915801217940549
TEST_09227,2.3147204586635235,-0.6392402338770424,-0.18002392218027008
TEST_09228,2.72463297632431,0.03889621994278786,-0.6354041672042896
TEST_09229,2.7558715002765304,1.4807776228231584,0.6959549660372558
TEST_09230,4.110466444170326,1.1908059833814493,1.6774364997480602
TEST_09231,2.2457776139021597,0.6065567794134937,-0.0004103410127482205
TEST_09232,1.2118977010910474,0.32087062201199623,0.3680341978168902
TEST_09233,3.756707817233364,1.916146884533999,1.1694711013469912
TEST_09234,2.550011349471718,-0.03452370082105602,-0.037186657212358865
TEST_09235,1.551086880121467,-0.06861865860418673,0.3390085701494243
TEST_09236,2.1613785198626347,0.008624944458184828,-0.7834903623619043
TEST_09237,1.6009801082213737,0.2674631877317743,-0.12226018499685243
TEST_09238,1.177268057414176,0.13903630600386513,-0.23456464347971762
TEST_09239,4.93952743252466,0.7831749996809133,1.3768927594095464
TEST_09240,2.1848988536762555,0.43043734059929784,0.3732929900913862
TEST_09241,2.638461073690869,-1.5755629043435904,-0.3344146458304089
TEST_09242,2.33310111272959,-0.9437281760958175,0.4173207058663196
TEST_09243,2.9082296495351487,-1.1958946100672607,0.658817859802069
TEST_09244,2.680028019912949,0.056034373718650006,0.28961033519961743
TEST_09245,1.8870152969494303,-0.6373093205138606,0.059603082504936594
TEST_09246,5.063622650764883,1.3182606489204558,-0.9456141321123113
TEST_09247,3.3927920266354197,0.01725707666522482,0.49974306186526296
TEST_09248,3.7178313514634675,-0.6241119778920653,0.5291859210292982
TEST_09249,4.62125399994687,0.7416534896747041,-0.2110272639851067
TEST_09250,1.3199409012753023,-0.021338528484989776,0.17588953921687925
TEST_09251,3.0503167268519515,0.19522150687944856,-0.1488822007740733
TEST_09252,3.9583853402028337,1.108494641830645,-0.11246127790761423
TEST_09253,2.707967746820407,-0.02821398998251228,0.17298940917982636
TEST_09254,3.5101548593434226,-1.5393281503021432,-0.29430710727474546
TEST_09255,2.4563389570100447,-0.3949530820533938,-0.602074356942676
TEST_09256,3.054724510137088,-1.4828336821393773,-0.7464472962179635
TEST_09257,1.5845752917844902,0.47036759735078804,0.5845320244393618
TEST_09258,4.093573160501991,-0.5703959373159121,0.5426578686339137
TEST_09259,1.645613854542602,-0.9923336019196839,0.4679807440894682
TEST_09260,1.2436310532383432,-0.07163311321536843,-0.25550464740456946
TEST_09261,1.010935688527,-0.01526563806296682,0.15127499840583264
TEST_09262,2.060364662809904,0.31120178314945396,0.03913388491238332
TEST_09263,2.2108184981942913,0.15919309762782693,0.5246470241194052
TEST_09264,3.3756393470459845,-0.5706487226137079,0.8856222379822547
TEST_09265,2.042330975032923,-1.1007802826444881,-0.8584658499362704
TEST_09266,2.802001321053959,-0.4695244933019009,0.6188079121752895
TEST_09267,3.0220620312359894,-0.2247794492786381,-0.10071340553835367
TEST_09268,2.107761913058617,-0.30433652292215285,-0.006108715122535021
TEST_09269,1.9158487132381787,0.34358871822515713,-1.3120562494500108
TEST_09270,2.2750006321063823,0.4661830721305123,-0.36365165633174223
TEST_09271,1.7515590535578958,-0.43364431605790216,0.10178299787855823
TEST_09272,2.0814487466907625,-0.48150486392489933,-0.5537359271040011
TEST_09273,2.225194891177455,0.5180511659815925,-0.16063576188222572
TEST_09274,3.4983313014606643,-0.7798918111144589,0.8146356237319905
TEST_09275,1.9349752153952564,-0.3833830716491111,0.1010985904674513
TEST_09276,2.0103180072255715,0.14221681478572654,-0.06948694186993681
TEST_09277,3.5234186351632064,0.6998715326550219,0.2973510907719167
TEST_09278,3.1502905310811,-0.40793034054869975,0.19039346747716324
TEST_09279,4.763642505082529,-0.03504034322270297,0.4034838755936687
TEST_09280,3.026604781484575,0.6882738117884222,0.7684044261774106
TEST_09281,1.8087753502336053,1.2323757610827228,-0.13359033030608525
TEST_09282,2.261783303951527,-0.3404038933963828,0.4240692040282817
TEST_09283,2.6566901935546863,1.2232930566855065,0.383765511035934
TEST_09284,2.4290460671642182,0.21642032573302766,-0.13074606987778875
TEST_09285,1.590462627038839,-0.0123340247487565,0.24530048827730996
TEST_09286,5.10969160059581,0.8150647319299276,0.6991342891226463
TEST_09287,2.6492456210699524,-1.3643039270508937,-0.3818359681447669
TEST_09288,3.3501859211052842,0.9435087475204943,-0.7009164947576794
TEST_09289,4.227630463999971,0.04304110353151459,0.8311837412151084
TEST_09290,1.8265529833050622,0.12305699561087773,0.28999741025302095
TEST_09291,1.548325334497575,-0.2978957026418888,-0.40620101388643753
TEST_09292,1.2447944348475093,-0.08524459863249848,-0.08068098701616985
TEST_09293,1.1142269755988945,0.1424795112056811,0.12248136239076447
TEST_09294,2.259173572938916,0.49699294761032037,-0.6698855099334602
TEST_09295,3.0711321506550817,-1.1233529653835619,-0.4109321304099804
TEST_09296,1.0057643495598292,0.5815091770000193,-0.3714203892923641
TEST_09297,1.9637803197324564,-0.15292418022651594,-0.2958065935757812
TEST_09298,4.39361089736341,-0.9887476630349354,-0.6107089186203195
TEST_09299,1.7256873187761006,-0.3301896325958347,-0.33112170589215834
TEST_09300,2.8854533214179,-0.4378406901547908,-0.12460942178413152
TEST_09301,2.108249575132524,-0.44408486274515335,-0.4512830436551623
TEST_09302,1.3946625738133582,0.31186760477144065,0.3646693364642247
TEST_09303,3.238041911493106,-0.21327474353731452,0.1148464480033214
TEST_09304,2.622442406715872,0.05682651729115466,-0.13135502734590698
TEST_09305,3.3990052693321915,-0.22859631613206496,0.023043862773285018
TEST_09306,1.6193339916472538,0.4461470341326629,0.1820471576807287
TEST_09307,4.24466121216727,0.1451628549566745,-0.7058845242551052
TEST_09308,1.9435783687619426,0.506577981377685,0.04711415059560422
TEST_09309,3.005267706685467,0.8171216378902969,0.08251567090880474
TEST_09310,4.449153023013208,1.4844783681759686,0.6257123549950829
TEST_09311,3.0356198548099838,-0.6372721572742623,-0.49727655810163274
TEST_09312,1.4453500901183078,-0.0494309804331737,-0.0026523588196028353
TEST_09313,2.1972076342120683,-0.9828785105547118,0.5726296329650125
TEST_09314,3.35240865195556,0.5330913936625525,-0.6375571541244976
TEST_09315,1.3696263361486036,0.6896142591650128,0.338955353360818
TEST_09316,4.525448765026561,-1.8687557506739125,0.42496396646125534
TEST_09317,1.64466078351802,0.09967583596348156,0.4492071593243107
TEST_09318,2.233219679934488,0.17009040987592353,-0.801048058352835
TEST_09319,4.28417450322374,-1.2897369846574616,2.3062193804662607
TEST_09320,3.9408883458776924,0.3343545341017013,1.1000151080800464
TEST_09321,4.768460738169857,-2.485912362258865,1.585545391615138
TEST_09322,3.501196420937154,-1.7195174802031312,-0.6894922395960558
TEST_09323,1.310613199448825,1.0410059229687816,0.33449747021187515
TEST_09324,2.240541434703908,-0.25025306586481366,0.5575843375821193
TEST_09325,2.510582548089233,0.4690214274825869,0.32312875813506026
TEST_09326,1.3906668597741079,0.34824336513136334,-0.17839974348587906
TEST_09327,4.653180670646248,0.014691832132613655,0.07345485139776539
TEST_09328,4.72321375401739,0.4950321176777958,0.2810598038692612
TEST_09329,2.098911301925272,0.3175022177377278,0.09359326773396218
TEST_09330,2.753978406459935,0.04526214500465916,0.6454262645766545
TEST_09331,3.119604174052116,0.26290449118717385,-0.5187773019185707
TEST_09332,4.469254550756686,-0.7385959279870044,0.23890600370667212
TEST_09333,3.016337988013427,0.08496559038467258,-0.026946428394639482
TEST_09334,2.9747232892072977,0.4041416565202957,-0.12118920494907753
TEST_09335,4.181473611810981,0.566234106166814,0.0401928059024063
TEST_09336,2.605096643472601,-1.0999978485299888,-0.3803842936686697
TEST_09337,1.8668807360253785,-0.22497657390322054,0.8793072216880906
TEST_09338,3.1724031989884156,-0.11539217607844215,-1.069542379233977
TEST_09339,1.131465949960165,-0.15382124223399904,-0.28722197047165393
TEST_09340,1.0437173680393539,-0.23692805227980795,-0.1065499155003089
TEST_09341,3.5649233808238368,-0.2183860701780654,-0.2658869637721489
TEST_09342,1.6843467627445352,-0.6051847649374562,-0.16026006843045149
TEST_09343,4.355283507624627,0.18989510771095894,1.3625409760396965
TEST_09344,2.0294824618496636,-0.669724746221148,0.38807590067856684
TEST_09345,4.05844559637688,1.6353879651351444,0.4576053566140832
TEST_09346,1.9888247786153554,-0.324418981424958,-0.5131062054429024
TEST_09347,3.6771315544540775,0.36199207023850927,0.461704154231472
TEST_09348,2.7435414025961373,-0.6705217492316659,0.31556619779272116
TEST_09349,4.170616585070103,1.5691429224513735,-0.8898050930935426
TEST_09350,2.338803013953928,-0.7362512730641241,-0.3939322972226203
TEST_09351,1.7435816771163304,-0.24320258256291036,0.20622323501910814
TEST_09352,2.941291793854818,0.8919981532966719,-0.6794301449916884
TEST_09353,2.8351775398458074,0.20307716010538612,0.7727578047649772
TEST_09354,1.0954896401423673,0.11971887340025825,0.11821902573003971
TEST_09355,1.8445375821340353,-0.942671537290327,0.36806463680561996
TEST_09356,3.9349062579763983,-1.6059687449082878,0.30909627582582266
TEST_09357,3.047141791257025,-0.5601136986695852,0.3594190111283832
TEST_09358,1.4596857793673055,0.19174729917373895,0.45326383201722736
TEST_09359,3.7446807201254324,-1.6911977202974382,0.7649647128332109
TEST_09360,4.480767157958472,-1.6210002350622175,0.1926344157512107
TEST_09361,1.486098611914117,-1.251555711027439,-0.012162370622450066
TEST_09362,2.5821544874056914,0.13019540892130774,-0.39959887303554414
TEST_09363,3.944097784082581,-1.3524342009072212,-0.590706973071059
TEST_09364,2.250006195908883,0.21333583049785035,0.47702333518037926
TEST_09365,1.1254784857818803,-0.15960608848098387,-0.3580624873045298
TEST_09366,3.545808890720792,0.05677158819387762,0.03135239867817897
TEST_09367,1.263343400453513,-0.057005735298726316,0.24565055430943625
TEST_09368,2.9266028272500995,0.937062458513478,0.16950513771252532
TEST_09369,2.398571223462223,0.4335180134029491,0.3466803511148322
TEST_09370,0.7962136910356254,0.26806654838208843,0.2050594549217365
TEST_09371,1.6104552423050642,0.077189072427682,0.3839827621384904
TEST_09372,2.143205826752276,-0.5713907023312303,-0.5721166057363308
TEST_09373,2.4340625282840875,-0.4439101037889385,0.23343675079170106
TEST_09374,3.4115529040639467,-1.2397090978708343,-0.6233104398371806
TEST_09375,1.0534486743183693,-0.28774981227908614,0.1724638931271461
TEST_09376,2.4853557646843307,-1.0424658341077189,0.6585608599791175
TEST_09377,3.8237437903327596,-2.0699883758341624,1.486687976816147
TEST_09378,3.1226740091980725,-0.8070768434279637,-0.16496435444922397
TEST_09379,3.043541263118312,-1.0043140109973834,0.7224307679213734
TEST_09380,2.328276522111451,0.20391967073629075,0.1009114562267937
TEST_09381,2.357599108312687,-0.4347955624392107,0.18702212433356846
TEST_09382,1.9079813329107769,-0.2937468972797656,0.4887621747068527
TEST_09383,3.714058202615765,-0.5496237765021077,-0.69341592344653
TEST_09384,2.451439357254509,0.136515881525507,-0.041002463158328735
TEST_09385,3.56241731731065,-0.14524362368765906,0.8491869948580183
TEST_09386,2.821296548240872,0.5096617420998786,0.5031397871838565
TEST_09387,3.0266612928092704,0.2460541587250379,0.5989337276913206
TEST_09388,2.8484049111486636,0.3968970590462521,-0.6365355412294805
TEST_09389,3.2839334871504984,-0.505983910773708,-0.726970760073708
TEST_09390,3.997618890326548,-1.438114458811059,-0.7360156226860602
TEST_09391,2.695694389200707,0.41898327224360143,0.5786191369084853
TEST_09392,1.0464338196610006,-0.1903277948809937,-0.27831023434098734
TEST_09393,2.4049907934315615,-0.9066815311006277,-0.4842398115181767
TEST_09394,3.3599333056173446,-0.4475104595161675,0.08946957188456524
TEST_09395,1.2682248189757557,-0.39980396656221345,-0.26402001774874734
TEST_09396,2.7002114318173414,-0.0897031784677149,0.26677585332060133
TEST_09397,1.3752748709507998,-0.030378700871164822,-0.0011217282642397488
TEST_09398,2.3710162800661814,0.7249850644090007,-0.020019472435545884
TEST_09399,3.5608746081368023,1.7792176196443747,-0.41805539316028095
TEST_09400,1.6688336997912685,0.282142569989095,0.47084395488105263
TEST_09401,3.376100396082131,0.5291639745900396,-0.7602667735702752
TEST_09402,3.1973400397121208,-0.9464688959404076,0.2715004286071914
TEST_09403,1.6945092302733578,0.45361206599006737,0.23150427133940388
TEST_09404,3.239234870045301,-0.41220542009641736,-0.13153569104744528
TEST_09405,1.2645486089300728,0.6472762461627685,-0.1534746537861448
TEST_09406,4.922250578470065,0.5717636394188244,-0.8170569115800295
TEST_09407,3.5770835377942234,1.1571797291899364,-0.21939181118819406
TEST_09408,1.8175831343353963,-0.6265762454655175,-0.5729792167777921
TEST_09409,1.4709820331473158,0.6522132701234421,-0.08994904115719203
TEST_09410,2.2802033838353895,0.7065353062344172,0.4552799177810387
TEST_09411,2.407554395082412,-0.0918673748218611,0.23066454588895666
TEST_09412,4.954519760075076,-1.113591766872039,-0.290216394071269
TEST_09413,3.0416549185682142,0.6490530071939972,0.08094787373563321
TEST_09414,1.7256205394798891,-0.8338653197977769,-0.359426880426857
TEST_09415,2.6800491381626954,0.18338297899230172,-0.16016060541436472
TEST_09416,2.607553375249467,0.05948379082126367,0.9518104317233688
TEST_09417,3.837017353945739,2.321207893246741,0.6006962626165964
TEST_09418,4.4256411075209865,-0.05043495287462135,1.4522871077112118
TEST_09419,3.1371991400524224,-1.3656959932483426,-0.17757909205305408
TEST_09420,1.760408113785581,-0.7091077640125719,0.3686720858630827
TEST_09421,2.0895183172148672,-0.442087011745216,-0.3305738371127415
TEST_09422,1.4547330943176215,-0.5239065706038917,0.4265113452340279
TEST_09423,3.90123489697921,-0.3022710567680922,0.4701662767410756
TEST_09424,1.3554295901352629,0.07744157521831771,0.3478623961509146
TEST_09425,3.6061222759654123,0.8055500436708802,0.5488739579299605
TEST_09426,1.8952893212294621,0.21946039050558738,-0.7990250533066368
TEST_09427,3.3241865634649606,-0.6004487809722341,0.18925881416713738
TEST_09428,2.595673210213548,-0.33447865212120204,0.032231834582809565
TEST_09429,4.121955612077859,-1.0798739570624216,0.21891688214392008
TEST_09430,3.3739258246034822,0.7403176259115621,0.6742228575307332
TEST_09431,1.7276680955738382,0.6381123259123185,0.18534021582726642
TEST_09432,2.664023570319627,-0.9241931801601719,1.1691069920513484
TEST_09433,2.5854212531634633,0.04815873881652645,-0.0032453713095130458
TEST_09434,1.9157576625213233,-0.4145570264032158,0.18470003343634525
TEST_09435,1.3968187710075195,0.2588660532194006,-0.4344883703906202
TEST_09436,4.503805760303626,1.900309482018891,-0.0038639262856812557
TEST_09437,3.418322561356589,-1.48750692282592,-0.7016116594224754
TEST_09438,1.3010240658948073,0.012963350476105768,-0.44986329183821017
TEST_09439,5.919545051937572,-1.6975346175094324,-0.10922122421649286
TEST_09440,2.490228447107306,-0.6735012907100116,0.03887387045847634
TEST_09441,3.1735400681285464,-1.181591936583908,-1.0310200195158266
TEST_09442,0.46270380630213037,0.36238522503569737,-0.19782486666098034
TEST_09443,2.528474310107872,-1.5927331080971372,0.9106368980853989
TEST_09444,2.0037920111755807,0.04017101450491223,-0.0980107072690778
TEST_09445,2.7774496407097184,-0.3025594209834437,-0.07493769604164668
TEST_09446,4.358396356508759,-1.2707596003004393,-0.43516678376303186
TEST_09447,4.953209807828148,-0.6661230847059446,0.8179411481057745
TEST_09448,2.65642467451941,-1.3500667908706643,-0.09914711995619542
TEST_09449,2.438773838641999,0.07608129773144152,0.24183641581100243
TEST_09450,3.1348211643748223,0.6449370030372493,0.8230026163192266
TEST_09451,1.4192650215007383,-0.2256385584471053,-0.26583882057410585
TEST_09452,3.211537550316114,0.9893799568473916,-0.23195888930436345
TEST_09453,1.0936425539949435,-0.04133335544465904,0.29614065939637757
TEST_09454,1.5184104038800155,0.5199074863269436,-0.09840752044722816
TEST_09455,2.3027557272001435,0.6634234551123419,-0.5665664893369046
TEST_09456,3.185558760094726,0.21294512723135098,-0.06256965477398495
TEST_09457,3.187657599132248,-0.15135359061840514,0.5971189903220905
TEST_09458,5.53512835549805,0.338408168702039,-1.15823714067477
TEST_09459,1.3431417719290608,0.5792838117821822,-0.4127033619806523
TEST_09460,2.716930458794785,0.5087409992093403,0.2525093006933928
TEST_09461,2.424796904276434,-0.48626411989492946,-0.37692079299881254
TEST_09462,1.9267122629358036,-0.2357609262494284,-0.19351728579110652
TEST_09463,1.933870328726106,0.5503314419253604,-0.2601542152667305
TEST_09464,2.83426056132456,0.13261708278936218,0.1839010518197815
TEST_09465,3.0765481003049535,-0.5411982008649011,1.6278664119708757
TEST_09466,2.5250844097157206,0.44243460311832705,-0.12488794746675702
TEST_09467,1.1616530775081344,0.22674222373741887,0.12557418281686022
TEST_09468,3.430927738375617,1.3352317525193564,-1.1412070914104537
TEST_09469,3.667649496822071,0.5444307788647259,0.5019139135474916
TEST_09470,2.7759894308666504,1.5317217958677416,0.12270693351866623
TEST_09471,1.070196531775765,-0.3676637035480028,0.02511513275695306
TEST_09472,3.3505264853180163,1.43893364315293,0.16881073695159485
TEST_09473,2.613249811507108,-1.4284039382680573,-0.3259642284658289
TEST_09474,3.6096759536814256,-0.4909303076438845,-0.1385931926701412
TEST_09475,1.7139381987509752,-0.051515684519375826,0.2956544415752161
TEST_09476,1.8377912730214303,0.6752102927200815,0.0422884048506649
TEST_09477,3.771221985138079,-0.3853886088572713,0.43162949441119064
TEST_09478,2.7860212476709076,-0.03556147489529714,-0.50656330482151
TEST_09479,5.1548992614675155,-0.5015484041178726,1.433429661981996
TEST_09480,4.000825615485182,0.22258909637460264,-1.4150524903817898
TEST_09481,4.774540604262245,1.7738054529666358,-0.5671447727800376
TEST_09482,1.3182404093055182,0.07171914834473848,-0.33359093379622035
TEST_09483,3.9839976557197834,-2.2434928460412613,0.6040060704301051
TEST_09484,3.3222346661292446,-0.15458263371704892,1.080139938980564
TEST_09485,2.0824226704474627,0.16113703465193047,0.37037137922805946
TEST_09486,4.767156392436033,-0.4485071575852714,-0.3986504345810011
TEST_09487,2.818656779092541,0.8544271240840444,-0.4373465275890332
TEST_09488,4.9590387437340295,-1.281322258576268,0.5609650785634843
TEST_09489,3.465356719905955,0.027300005846314146,-0.16777043700311628
TEST_09490,2.385924528342142,0.1617665650549548,-0.2208089840823881
TEST_09491,3.3509384786740406,-0.22542599384369544,-0.1386209682939431
TEST_09492,1.3011639971275157,0.39558732493368187,-0.001598665214681353
TEST_09493,1.103105820187322,-0.12586149882743375,-0.06603513389234181
TEST_09494,1.6528716237333583,0.9760157358244765,0.6715371867072014
TEST_09495,1.710589028379298,-0.5158290659921334,0.021180819682347557
TEST_09496,2.366566614811145,0.9373280572922531,0.4112763446476762
TEST_09497,4.05921206802768,1.5279685515571757,1.2884372206427703
TEST_09498,3.818943284751269,-1.2226572030989613,0.7127916851701791
TEST_09499,2.979963367185645,-0.042980759195466796,-0.8832559647276605
TEST_09500,1.7033840120995982,-0.03355136912054484,0.2057997047676924
TEST_09501,3.088231610093335,-0.5411125429389322,-0.15595522299879827
TEST_09502,1.790204493098932,0.2694141285004413,-0.3292501134608717
TEST_09503,3.8703942680959393,0.31971654778603553,0.47730623341698625
TEST_09504,3.0396009811180704,-0.6883057788615555,-0.6542314297527565
TEST_09505,4.157934384645569,-1.1242315416040196,1.9759211401382173
TEST_09506,3.169927804786783,0.39826575938706893,-0.8442325825272782
TEST_09507,2.228701690612102,0.4867189006013511,0.4384696009705368
TEST_09508,3.06729147000683,-0.1635547534937577,0.4902391725533275
TEST_09509,2.1356343571760763,-0.25168737468000096,-0.3206306625109575
TEST_09510,2.73543770193125,-0.8645651201092346,-0.431996230852754
TEST_09511,2.03947077674769,-0.44066371896323414,0.13405054176436942
TEST_09512,2.1064022163803204,-0.7935356640276634,0.8034058391184888
TEST_09513,2.2366882707893683,0.07711535342821459,0.33140882948021544
TEST_09514,2.424086351422139,-0.10266458083583047,0.10140219128332177
TEST_09515,0.9546601433046795,0.0856892545547465,0.22770746727991903
TEST_09516,4.778916724121958,-0.7223175027929656,0.7673211745942821
TEST_09517,2.10822786644174,0.5952461155422266,0.5909472992324569
TEST_09518,2.2059732212403396,-0.3363692225829595,-0.5352964271298429
TEST_09519,4.465489397040183,-0.4297352002403836,0.8478779612234624
TEST_09520,1.4457935379517293,-0.8602228866682687,-0.3512363917807337
TEST_09521,3.3923953594371,1.4359898299420164,-0.8759308893102694
TEST_09522,3.978092282192219,-1.4345311520675283,-0.019164601916407415
TEST_09523,1.8407268973736977,-2.143012909554246,-0.28715898749994573
TEST_09524,3.141014197261377,-0.5185740477361811,-0.9899507168053399
TEST_09525,1.8993750129543736,-0.00753539943144618,-0.3798506035715779
TEST_09526,3.333387185456102,-0.5853413770415584,0.29426621457502233
TEST_09527,4.819584324843302,1.645339060790066,-1.0166532744722379
TEST_09528,2.0259922187398507,-0.47707233812286803,0.6165888277172199
TEST_09529,3.0821465515833437,0.04976212636248573,0.23744926677686018
TEST_09530,2.985547090700953,-0.2302326923048476,0.17286353339809313
TEST_09531,1.050220828554466,0.01120233903322962,0.1692352002093064
TEST_09532,2.231571620286311,-1.1299076628067144,-0.6419659763248579
TEST_09533,2.2718944441924953,-0.12947219738046772,-0.08506041425278599
TEST_09534,3.047510444355997,1.1583131932126391,1.1998012152562567
TEST_09535,2.064389989321765,-0.024240141342299237,0.20737053982843537
TEST_09536,1.78528163437865,-0.994790169503435,-1.009464055856565
TEST_09537,3.181999116642008,0.9118082210842778,-0.3548142552864018
TEST_09538,4.7317906668516345,-0.690553291552811,1.0962166849870736
TEST_09539,2.922235086768676,0.18504401117409444,-0.04585884205395231
TEST_09540,2.7061362131987052,0.2580517335236964,-0.006396168006645284
TEST_09541,3.3705727832253634,-0.6119131047032922,1.0366831074620333
TEST_09542,1.1319465691733075,0.2884906609216789,-0.24514735312808542
TEST_09543,2.120626768280284,-0.3389094185268468,0.3412662917275678
TEST_09544,2.2045708964182618,-0.17097242138381022,0.3484672763366314
TEST_09545,4.694938703939604,1.3050268454532103,1.5109856772470978
TEST_09546,3.2118246295517086,-0.4377840541454329,-0.5057810322964233
TEST_09547,1.3271299882675667,0.12813110071389563,-0.2356890866946948
TEST_09548,3.019149216625649,-1.358938699956933,0.5602168592460225
TEST_09549,1.6921416490837835,-0.2448109081266961,-0.5848475721819661
TEST_09550,2.7338571454592553,-0.6007879673446452,-0.6967135680066178
TEST_09551,3.0109010174344766,-0.4307538674062315,0.34914488833425306
TEST_09552,1.9843159617874695,0.654566769101927,0.8041757348225873
TEST_09553,2.8449327426798687,-0.839522707710683,0.5865823029404073
TEST_09554,1.3026978054005436,0.1825662284182319,0.09233838520006649
TEST_09555,2.015057833905081,0.1624976746452804,0.008409969121914523
TEST_09556,3.8089990277035337,0.08744801279050626,0.48580481551963034
TEST_09557,1.1661682239162132,-0.4591899076012549,0.07034408401277
TEST_09558,1.7205667945908343,0.7767520491215001,-0.153627806200453
TEST_09559,3.6179560716856423,-1.3480101336060377,2.083757935853438
TEST_09560,2.9894200968307847,-1.5200712227732394,0.7129623147492988
TEST_09561,2.2181133431252404,-0.27401042524653607,0.6220859303414344
TEST_09562,1.590350215798271,-1.128242889850218,0.5898130604818885
TEST_09563,2.3751789317522105,0.0929921322257851,-0.28671350284964875
TEST_09564,1.6607681750054475,-0.044066255205400445,0.31627151993148533
TEST_09565,2.1578964198236106,-0.10815169169045775,-0.12773371103987896
TEST_09566,1.5109572003599472,-0.27994870025643875,0.29006680887252667
TEST_09567,4.800487406363891,0.32111803587741794,0.14802014961068277
TEST_09568,2.751002329336895,1.776325961352774,-0.5126838534963858
TEST_09569,1.839051700349068,-0.41200933867619666,0.28830785626350625
TEST_09570,1.7983522571704427,-0.23613293830344387,0.10177987651577568
TEST_09571,2.007942781391654,-0.5282982374715253,-0.24610700752145717
TEST_09572,2.4151613626792683,1.000612031976234,0.2897942770228741
TEST_09573,1.8226492457296462,0.2575996461342515,0.4252778520380113
TEST_09574,2.7219585047063743,1.192120708240231,0.8483735968351855
TEST_09575,3.115677129568414,-0.16722854522617356,-0.8296055319941845
TEST_09576,2.4297710509387955,-1.2579631086495024,0.15784055416026155
TEST_09577,1.9069362461778774,-0.09814024431149151,0.06614890186062118
TEST_09578,3.8993956716977856,0.5082621136617994,-0.8188536829314199
TEST_09579,1.3781157011460992,0.9079706239378,-0.3369352929426079
TEST_09580,2.0628630998360724,0.09721446552161767,-0.5144848365735393
TEST_09581,2.0385674175104755,-0.6174687508289602,-0.7191752604381138
TEST_09582,1.6196090141998654,0.023760202497035695,-0.3094222315690553
TEST_09583,3.090236156673298,-0.9343355942950164,0.8493473624886931
TEST_09584,2.8760728263690645,0.4072136534614917,-0.4619973835437014
TEST_09585,4.428361886974614,0.9234011706412812,0.4832018117711817
TEST_09586,1.6978079611934502,0.48333954485310243,-0.14867830580101749
TEST_09587,3.06139192155233,0.542720979677183,0.595453784082084
TEST_09588,2.5748608342813624,-0.6186141852350929,0.4121483663358538
TEST_09589,4.034723154620838,1.4890124208415751,0.2967465020762179
TEST_09590,3.0587810555181405,0.18005078121805698,0.8121028194743418
TEST_09591,2.789956697178357,0.2982109478867375,-0.35905623664375763
TEST_09592,3.663829646137742,1.6688094138916882,1.9127540195778534
TEST_09593,3.2548697915541007,0.3384863943878579,0.7146514944127582
TEST_09594,3.593798557231108,-0.7593069749857071,0.562716558395157
TEST_09595,2.1359045413235664,-0.23232709778194838,-0.8401722570769361
TEST_09596,3.7602943555387767,-0.4423473121823789,-0.4545363958277233
TEST_09597,3.2217892263426426,2.308095762179997,0.6286966154277376
TEST_09598,2.1555486453462085,1.0309780645730826,-0.06059144340615551
TEST_09599,3.574596017032666,0.8114902268005683,2.003194235171276
TEST_09600,3.5683376868305543,0.10167148988817044,1.2670336049905613
TEST_09601,1.0061485786337219,0.2961986047377864,-0.19968321022916113
TEST_09602,1.7278468220914338,0.6412688137471158,0.443948558288142
TEST_09603,2.291404486380774,2.0072548231964924,-0.11894719497918721
TEST_09604,2.913601501343539,0.0835346114169298,-0.14008063574934104
TEST_09605,1.5096451912002875,0.20946351485226472,-0.33993202771172026
TEST_09606,2.1508193356618666,-0.15648978924614854,0.19784952555287527
TEST_09607,4.01802781944174,-0.11296743151860808,0.9398316870311595
TEST_09608,4.858797719260961,-0.5483929384577367,0.13105956885884337
TEST_09609,3.6648970563564003,0.10982305731750847,0.16623381678473273
TEST_09610,2.616868516595219,0.019990227889523794,0.7041396932120816
TEST_09611,2.2760173571794042,-0.1482441749776316,-0.4623402455784729
TEST_09612,3.5159314796786902,-0.7723634772999479,0.37070210590449687
TEST_09613,1.0173312918156645,-0.40847219339887136,0.19948913921777028
TEST_09614,2.9358196274119748,-0.8588259454488053,0.12669333003184488
TEST_09615,3.6559940170747542,0.08967969644379944,0.6045377376708821
TEST_09616,2.6814572942577297,-0.3488258508382282,-0.30385547309474376
TEST_09617,3.9483098135000767,1.2267343310735324,1.25406220422704
TEST_09618,1.373463617837059,0.32072191044489595,0.370611268322706
TEST_09619,1.6054241940323497,-0.46165832955862174,-0.5437197616669682
TEST_09620,2.0202230927187848,-0.2004704486270805,-0.02019501859540562
TEST_09621,3.5350104459779845,0.0007806797702981389,0.015092373577074436
TEST_09622,1.7799954492823493,0.09240936467792764,0.41735752038452084
TEST_09623,2.119037712200147,-0.339457888764453,0.6559591051657566
TEST_09624,3.4568356657336134,-0.23877966333268397,-0.17040080267065857
TEST_09625,4.808064044627004,1.0197734865045032,0.6016607453220459
TEST_09626,2.6669454177337255,-0.3278556312605514,-0.6231307683189694
TEST_09627,1.9774172781406898,0.33039649125923815,0.6069414039431634
TEST_09628,1.8045789412269373,-0.10315061306565212,0.2556823337637449
TEST_09629,2.034226727334975,-0.3761444228172971,-0.7646207953649982
TEST_09630,3.8286195830014713,0.8190681636366346,-0.12030019827792923
TEST_09631,2.6288144733649235,0.16242901043475047,-0.06592012125897918
TEST_09632,3.204899073601057,-1.1865398912311234,-0.5816226813381322
TEST_09633,1.690373448496102,-0.11631977813711444,-0.4773910962741254
TEST_09634,1.9312130436589459,0.15673736933152288,-0.35773716421408325
TEST_09635,0.815329232768563,0.27610676984765986,-0.12940346871072625
TEST_09636,2.3761547062318975,1.097329279298379,-0.6632429370432715
TEST_09637,3.375460751158652,0.392257530105496,0.703402961444455
TEST_09638,3.623165250241691,-0.12729807872272164,0.391067888960491
TEST_09639,1.9877328058871349,0.8585723084738877,0.588461785080705
TEST_09640,1.9724333859402314,-1.2592364672535397,0.03403844086932535
TEST_09641,4.224627238144898,1.080570279880935,0.8909423026168437
TEST_09642,1.8158433253884023,-0.3860159440475742,-0.7391986486830873
TEST_09643,0.9848967510102167,-1.0080299308077076,-0.16394647415253247
TEST_09644,2.301237550866175,0.9494490547447535,0.5180791067368836
TEST_09645,1.7694226394527364,-0.937167383439904,0.3305638839107007
TEST_09646,3.6451681968405585,0.009287123775692172,-0.26457960669042624
TEST_09647,3.607351124281241,1.1811963222428754,-0.3968227441574624
TEST_09648,1.2899036832017976,-0.9126927654883903,0.3848209081840019
TEST_09649,3.7753252113558164,0.00442153397381745,-0.06085287273022427
TEST_09650,2.1472487829996503,0.0560668852515283,0.5073411956129554
TEST_09651,2.2258620339954285,-0.05315267173364708,0.06122038784041074
TEST_09652,5.108947938012024,-0.43261948151942203,1.162915343583969
TEST_09653,2.3136203099396733,0.2796475132898296,-0.4015664390799277
TEST_09654,3.391426963893026,1.7869199702176926,0.18727346900220335
TEST_09655,3.027347620377146,-0.2230243279956901,0.40992392422686436
TEST_09656,2.122828738484947,-0.31884748022014137,-0.8055302738703851
TEST_09657,1.862527908725422,0.3958246645385327,-0.3375079785365228
TEST_09658,2.4261853152796777,-1.5707140417862606,-0.7851080588206988
TEST_09659,3.6067586586965903,0.4718127795247799,0.3157982909907384
TEST_09660,2.427715740894161,-0.20578086589373035,0.018322384659650012
TEST_09661,3.31405925110421,-0.30361115998511917,-0.030866390341657626
TEST_09662,2.0610556674884615,0.1456955161488721,0.29411838720056693
TEST_09663,3.015928254168091,-0.5210558668285787,0.29985568810402924
TEST_09664,3.818765656145563,0.0010477732689479218,0.19008577508012467
TEST_09665,1.7098888933996526,0.39517879901460384,1.0391466465200967
TEST_09666,2.48618134585529,0.18998111795512748,-1.2600222491289512
TEST_09667,4.288877606277307,-0.4268631500467431,0.15897612058054283
TEST_09668,2.7591677956775023,-0.6419817459885104,0.4717570785515398
TEST_09669,5.0610494603414535,0.9337559507468073,0.01571529513561532
TEST_09670,1.0425643400740878,-0.37495971762234,-0.0480222633286617
TEST_09671,1.3495955894922147,-0.14301244791093132,-0.028242996323030678
TEST_09672,2.515451711590493,1.510121916624772,1.2102338719404377
TEST_09673,3.4055165001592527,-0.4291646159122708,-1.16120297082628
TEST_09674,1.8358736591505962,0.17282784610330454,-0.26513071552695605
TEST_09675,2.378596587378651,-0.6565528575852763,-0.6312173955864139
TEST_09676,1.557894259795663,-0.7876726704910587,-0.1521261229095598
TEST_09677,1.350364280540619,0.29430096077806495,0.17237742506244233
TEST_09678,3.4485718594089088,0.7942976598294591,-0.9194139326477839
TEST_09679,2.369776176883936,0.6484940893090408,-0.23067610044809506
TEST_09680,4.447605460602783,-1.8912795420329918,-0.22957238056624965
TEST_09681,4.608289656700363,0.37343773702752453,-0.18796615884439477
TEST_09682,2.5963856586204646,0.7406882835924414,1.324416403097854
TEST_09683,1.400000545014327,0.4044082183789886,-0.43095812608726625
TEST_09684,3.7199176920645067,0.9677259649279171,0.24652361577214793
TEST_09685,0.8766161140642375,0.11964974989691501,-0.17698943730458738
TEST_09686,3.4028103170650628,0.9492452200242406,0.36084750595993903
TEST_09687,3.500641613207136,1.0919780037143534,0.47702615944598825
TEST_09688,5.352817904940771,-1.197111562343883,0.646503128230912
TEST_09689,3.8092782237139606,-0.13834324102806617,0.34252562760174704
TEST_09690,2.1080264340214265,0.5093983773960609,-0.3327440639329774
TEST_09691,3.358084380307156,-0.3502104416472448,-0.3786719663000893
TEST_09692,1.2405146531667806,-0.18141396347666333,0.14810231243701485
TEST_09693,3.2536792263132988,0.6234006085018986,-0.5516869440894949
TEST_09694,1.1229600111246616,-0.563595197118082,-0.27372974570775893
TEST_09695,1.9974334314864484,-0.08047007098151117,0.48694821192508164
TEST_09696,3.0316403207444154,1.13105423059974,1.8997266959954495
TEST_09697,2.998452725493868,0.36210480457399935,0.06410420930528972
TEST_09698,1.7884372924561303,1.4202410617623944,-0.3591419527668722
TEST_09699,4.693657474708252,1.439615395215571,0.5860770016015289
TEST_09700,1.9573526306152882,0.5222439245810767,0.5212217629847613
TEST_09701,3.0149487472680674,-0.07454284113009996,-0.18511005395240376
TEST_09702,1.7134752922921592,-0.503391095130854,-0.12541904637207046
TEST_09703,3.0105638703117577,0.7660228515166799,-0.22258783663321316
TEST_09704,3.4883389504481697,0.32176330588618834,1.0477109512165406
TEST_09705,5.648362903324472,1.0131130615104864,-0.37447822094970296
TEST_09706,2.8743615479075926,-0.6059571850029424,0.48056578211687584
TEST_09707,3.605313889230116,0.07483283545227715,0.4053862231028376
TEST_09708,1.5251780081221313,0.6584966702992558,-0.4475543217103231
TEST_09709,2.4585170363168234,-1.2774001947370945,0.0686250094808743
TEST_09710,2.9508089176667207,0.05009768131949182,0.9270397807341797
TEST_09711,3.0765822264708547,-1.0080484306007134,-0.7081186069111077
TEST_09712,1.8217841045265115,0.3981679579202929,0.1656822474503787
TEST_09713,1.7711333966347105,0.18150714260855466,0.241515877211145
TEST_09714,2.602917952120953,-0.1634572493124386,0.10247450479233712
TEST_09715,2.28760338411962,-1.166748841394905,-1.0076644853502603
TEST_09716,3.4430625280459783,1.5952604625433655,0.052849096714665145
TEST_09717,3.2431082389993153,-0.7120989015532463,-0.3631574626320138
TEST_09718,1.5920207261335424,0.9078968627860553,-0.16381485008556082
TEST_09719,2.8204111333032356,-1.3574797053738819,1.1820092930466535
TEST_09720,2.825070338713257,-1.7988748343790857,-0.8674772991168246
TEST_09721,4.1242488633493295,1.0892791008289093,0.522088744715211
TEST_09722,2.6975967944190593,-0.49785262045908485,1.538062687637947
TEST_09723,4.248688737255436,-1.3053535437257693,0.5634137209236921
TEST_09724,2.433988889952061,-0.01792458449755501,-0.17743567444280106
TEST_09725,1.3320483498053077,-0.3106220778684703,0.18185035510651806
TEST_09726,1.81243066392345,-0.8706789655230832,-0.3417341780955372
TEST_09727,1.9273279561316479,-0.43654324100903413,0.2536045962506569
TEST_09728,6.239665465805298,1.8688764715421373,-0.8999814522009886
TEST_09729,1.5360209618181553,0.2884846267065337,0.16446297657607375
TEST_09730,3.141320779618239,-0.34127525241126055,-0.7266050126209341
TEST_09731,4.268605911577747,-0.2169752372640975,-0.6273392235537527
TEST_09732,2.313566176588504,0.8333817568202656,-0.4777615681072558
TEST_09733,0.8509563266647835,-0.053123842862920066,0.023368830644419303
TEST_09734,2.630412556325912,0.38068458991950366,1.5374096255189904
TEST_09735,2.031117827708432,0.640487362270292,0.4353052930435631
TEST_09736,2.140167663974319,0.004730895185142861,1.2966741206437344
TEST_09737,3.3840156925909985,-0.9701752747014005,0.04886926369381647
TEST_09738,3.2521632864018737,0.5441288643698704,1.344805985315315
TEST_09739,1.936178381374378,0.6017285559678989,-0.022977714430741626
TEST_09740,1.473777891749163,0.06724085849756235,0.2620938165847087
TEST_09741,2.3498124600059525,0.11250242672443501,0.3077040283019483
TEST_09742,1.3013357630924804,-0.4208476115795861,0.24681630079202002
TEST_09743,1.7899786308738053,0.6670122802034566,-0.24567952047115416
TEST_09744,3.925173255981847,0.048767329901317574,0.3441842502036266
TEST_09745,2.862503635716815,-1.6399717853773899,-0.8020180274180776
TEST_09746,3.373820646419889,0.5571607516712195,-0.7340738886644366
TEST_09747,3.490539074762106,0.327552090669386,0.030109269772531762
TEST_09748,2.690490530434337,0.13709099393348576,0.717739285475305
TEST_09749,4.50251697702877,0.3920917895965941,0.7156030426074351
TEST_09750,4.8617088299858935,-0.2568778944078125,-0.3934172399743262
TEST_09751,1.5238960451655483,-0.14397645246770194,0.02394879312403817
TEST_09752,3.232005101291932,-0.8379011244965934,-1.1085302051128711
TEST_09753,2.3265907021254653,-0.28268861047062227,0.19686697973473735
TEST_09754,1.9680216186783948,-0.29987802726599216,0.30492606827088403
TEST_09755,1.0704770866918687,0.1593479023904995,-0.04896587730068993
TEST_09756,2.4707389275398888,-0.04666275139881042,0.20934132792904164
TEST_09757,1.5184238665953902,0.701279566085927,0.4212698727640652
TEST_09758,1.9623651411808392,-0.767538022064642,0.8973920117416773
TEST_09759,3.101131058794443,1.8470776873962043,-0.2768253966449889
TEST_09760,4.246349446831372,-1.8359357728164738,0.2835033870809737
TEST_09761,4.7897311418228945,-0.2227277973198209,0.5170825809063204
TEST_09762,1.7776155870396004,0.11755200785880066,0.6682287351612738
TEST_09763,1.3378286804100328,1.0776983728101548,0.5900855133993441
TEST_09764,1.51772381460762,-0.006039565524727801,0.23941515978726932
TEST_09765,1.991373213691375,-0.2950791855298165,-0.21027420611014785
TEST_09766,1.48594752444205,0.30561265164603574,-0.07409188520791425
TEST_09767,4.424456368455232,1.0470755890075734,-0.8323466425327521
TEST_09768,1.4984392144585725,-0.3624509748523549,0.3468228607809662
TEST_09769,2.998446585270256,0.14604668783455205,0.3288592943023789
TEST_09770,1.982080779047172,0.2673280651567493,-0.5918578533587995
TEST_09771,3.594157818373145,-0.40983845921339856,-0.058776957726866315
TEST_09772,2.991843389187038,0.485397753764713,1.1497189435201862
TEST_09773,1.3009288366597753,0.031564643134273776,0.1369794101202584
TEST_09774,1.6311801574869145,-0.0728200729641782,0.5131840315005571
TEST_09775,3.1414954593128264,0.3119565499302516,0.6784112242763968
TEST_09776,2.2015708860212553,0.5372950937982541,1.1177226797471962
TEST_09777,2.01446311226864,0.5603721210734092,-0.2616129395851661
TEST_09778,4.847587424303354,-0.8583375317214719,0.2965645881733433
TEST_09779,2.618308957148588,-0.6370704426942413,-0.6175139936049558
TEST_09780,2.4611428157815065,0.4101155356755154,-0.2931017613606521
TEST_09781,3.229646191188293,-0.28520835194333627,0.43255745410640534
TEST_09782,1.4869785495136463,0.33170124928405664,0.36470236069575956
TEST_09783,3.0751263197111114,-0.5148437821731309,-0.8305004680011007
TEST_09784,3.8581712695046444,-0.06643832781646289,0.9126231873345403
TEST_09785,4.282984256360831,0.5483543865726574,0.5954398219771744
TEST_09786,2.372176015966528,-0.45435757202125276,0.9127431748520402
TEST_09787,4.2510938273168835,0.5539468017743564,0.06881917995715096
TEST_09788,2.011556562831044,-0.20153117273456816,-0.26649572451263326
TEST_09789,4.3918551210251335,-0.7683272544316224,-0.023915785816890137
TEST_09790,1.139414772544197,-0.06649267567090868,0.3488542904599857
TEST_09791,2.353681182600611,-0.048845719047439035,-0.04979666341377144
TEST_09792,2.3787110101434967,-1.4673296110798733,-0.271913761965578
TEST_09793,3.0524796926782747,-1.5488852329412954,1.123864189876505
TEST_09794,2.96789412477331,0.19937862866455017,0.6216624892117336
TEST_09795,1.914449945652356,-1.1197900183154115,0.25207346247507234
TEST_09796,1.8778833873993974,0.26874568268150095,-0.26655988539122305
TEST_09797,2.11011549854941,-0.30414584037172226,0.4953290495548159
TEST_09798,2.246645209205785,0.28023400011316923,0.7875193734967542
TEST_09799,5.4735859322023925,1.1454541005512462,2.0761870636094724
TEST_09800,4.349406098971745,0.60720913494304,0.5304111048584366
TEST_09801,2.0197786286271664,-0.9432699373521798,-0.3638619227001121
TEST_09802,3.993083698807848,0.04685394346154029,0.4077852959250063
TEST_09803,1.2598396450737566,-1.4941645206296152,0.17288680370897733
TEST_09804,2.227765624757428,0.17712611633628825,-0.020577513008680277
TEST_09805,2.813839585660617,0.7754567227398432,-0.5345241770483812
TEST_09806,3.4741931522806855,0.9593822892951899,0.8887691258775597
TEST_09807,3.3003253207279073,-1.028267484691364,0.5733210899935078
TEST_09808,5.411885731131449,0.10952516011606195,0.8206605186959222
TEST_09809,2.158921666604709,0.6481219290060276,0.16228370415639917
TEST_09810,3.2409279675141276,0.18538717348041392,0.900043576260234
TEST_09811,1.1042667719726633,0.46126720129931775,0.03966621484484966
TEST_09812,3.3293444716234313,-1.6592040446271994,-0.21360033075610826
TEST_09813,2.816404010658891,-0.3354247828893411,-0.1661409045422857
TEST_09814,2.665305371486161,0.9668764350720317,1.3685527508011754
TEST_09815,2.277846224516746,-0.19043362801053604,0.1290499097720696
TEST_09816,2.5564555796545454,0.17415074167290295,0.8765505221340107
TEST_09817,3.1529232844576263,-1.6629848600425339,0.4604714248016983
TEST_09818,3.7381347996978396,-0.14651327791051985,-0.8934581752867532
TEST_09819,4.047894479887271,-0.1170943039987226,-0.11045953960382891
TEST_09820,2.4051823114615645,-0.27607916171062247,-0.345074250455564
TEST_09821,2.204688544083476,0.3155574478872739,0.7082499684674715
TEST_09822,1.461107769711636,0.4510523511872,0.5059426357224476
TEST_09823,1.8938217323435105,-0.5064379560137937,0.7250244450476528
TEST_09824,3.93222237793142,-0.4745519701392048,0.38621754175717793
TEST_09825,5.288452642138564,-0.8364853048148816,-0.05108700882898581
TEST_09826,3.4778262479539195,0.3244977517703106,0.6398465782154551
TEST_09827,2.664618520731206,-0.6657070748324152,-0.31688815775014895
TEST_09828,3.7138318201612357,-0.22819067255155048,-0.5077238960570006
TEST_09829,1.0118195563134034,0.25467428425668404,0.6636935420561286
TEST_09830,2.8217759897155004,1.294351865659581,1.1430967738138826
TEST_09831,2.9084768412183712,0.7698429526423777,-0.5286083513702262
TEST_09832,2.8524038772970677,1.217614621018585,0.8248132854411628
TEST_09833,3.5596344500783643,-2.1134882275201927,-0.35335548443835096
TEST_09834,2.8536685439476783,-0.11227706495944477,0.6584716336730753
TEST_09835,1.7324950482377355,-0.6340937602958626,0.4515198501702
TEST_09836,4.012565263596176,-0.6078761866346295,1.1991197969132747
TEST_09837,2.6494451668594787,-1.2717192520432774,-0.19441625107660232
TEST_09838,2.8912693657058135,0.34087807692808736,1.2181247268868551
TEST_09839,4.0206203412165715,-0.7612710358253854,-0.8993463833999685
TEST_09840,4.124800285020823,0.34403475337982903,1.604367051287797
TEST_09841,1.9016102278091982,0.5856844936278001,0.17148185810515004
TEST_09842,3.7496144863701093,-1.1500494159828263,-0.36929652876575114
TEST_09843,1.4955720084269535,-0.3974760764354463,-0.06872281316580253
TEST_09844,3.0286323099131027,-0.5421604562082112,0.8684490530351019
TEST_09845,2.3773679638253498,-0.10097995746986707,0.19945347292546906
TEST_09846,4.295672566653042,-0.7233651355945565,0.07085536353579412
TEST_09847,2.6871367393860557,-0.8881591838589785,-0.44413160633951676
TEST_09848,4.460539320109501,1.407510887848714,0.12275079733494614
TEST_09849,2.1126063682719773,0.5464361611779047,-0.12633976527065674
TEST_09850,3.1828774451074806,-0.4910247185149004,-0.5194171045412178
TEST_09851,2.5912971009239163,-0.027800421980507972,-0.18586862736179877
TEST_09852,4.848485553741437,0.9280171667710059,1.251894077643544
TEST_09853,1.5048204804745637,0.08044451234259592,0.1358054791097863
TEST_09854,3.0408836104483106,1.0428809810006918,-0.8440337330040324
TEST_09855,1.9523519458415572,0.8639221677092406,-0.4028367722021716
TEST_09856,2.4279594265000815,-1.0478672215384255,1.2589501171524038
TEST_09857,3.8695552162955713,-0.8930007506322256,-0.5611511992875118
TEST_09858,1.6866744131214508,0.7273550283538964,-0.1699491459793272
TEST_09859,1.9915624960079081,-1.0032773050977217,0.44231681314565613
TEST_09860,2.601782652901366,-0.657054532866143,-0.2851692376801749
TEST_09861,3.37525567786539,-0.23873119894064607,-0.5991427523564274
TEST_09862,1.4791715682286157,0.27053058418283243,0.284731404906288
TEST_09863,3.6181377052274195,-0.4929737944816882,-0.06546161399512662
TEST_09864,1.6812219840066545,0.3976935262293615,-0.6351064353890996
TEST_09865,2.9700375002620216,1.5779262834355032,0.5942924507666438
TEST_09866,1.6325188692367238,-0.7214846605318067,-0.3569753513353873
TEST_09867,1.8420216109462275,-0.4911194039709467,0.05108944217398216
TEST_09868,3.37871538011272,1.038375094657896,0.0531353886552994
TEST_09869,3.026633750637747,1.1041755284396841,0.8775100507409325
TEST_09870,1.7920253090451008,0.85167550519819,-0.1514596866082848
TEST_09871,1.3924564441855558,0.5695201855569939,-0.10358673315560633
TEST_09872,2.9876082613129675,1.016419146555831,0.8032554068832386
TEST_09873,2.505090942130552,-1.461926368910306,-1.1236689209689334
TEST_09874,3.3111650097039895,-0.042088333239245976,-0.04869311842246094
TEST_09875,2.0861674294096955,-0.1445800182859705,0.22920117264215237
TEST_09876,2.8055876097240016,-0.843690685481709,-0.06914417890414574
TEST_09877,3.4190283225855866,-1.047628418124313,-0.6524437731970573
TEST_09878,1.9308709715384418,0.6636187062861455,0.3896790642606905
TEST_09879,4.355258979686851,-1.0630983560050977,2.0326543761584555
TEST_09880,3.130835185821861,-0.05777471386244182,0.8545398594533667
TEST_09881,1.913434915460645,-0.969565196583453,0.27545409741673493
TEST_09882,1.3779146074033461,0.8144429522031317,-0.032937727041464845
TEST_09883,2.5413747144013237,-0.3149152098616689,0.0490151021494741
TEST_09884,2.9549766895739067,0.5218414426812648,1.5211249206766315
TEST_09885,2.8883290158424826,-0.851187052253784,0.4298185203981829
TEST_09886,3.0916904371075073,0.35068172893670785,0.9258642020483281
TEST_09887,1.507929221933211,-0.4137223775442702,-0.2865490032100166
TEST_09888,4.807528997191284,-1.4652704525232643,-0.13337972416009458
TEST_09889,3.4529552183334014,0.019934952607196292,0.0761851762260811
TEST_09890,1.0438216711982766,0.035080208402513094,0.37279083617861075
TEST_09891,2.0402835879996823,-0.3960112777287061,0.1990519302539734
TEST_09892,2.3507556866511616,-0.8025198514193485,-0.08665431767295019
TEST_09893,1.7902562405363622,-0.5146252465383926,0.22830350700794
TEST_09894,1.8239859093588164,1.3985079032369785,0.666978604271343
TEST_09895,1.8717480711765948,0.7732627580937526,0.43876437655685174
TEST_09896,2.6731542588997232,0.49908377363598466,0.07583916138554155
TEST_09897,2.2924357457828473,-0.285029762644855,0.45796153945682044
TEST_09898,2.393159495973743,1.4011328906923388,-0.6693621516147085
TEST_09899,1.7364525719657953,-0.7956603347266754,-0.2991074734981099
TEST_09900,1.557000852073841,0.3216411683528965,0.06728230180684235
TEST_09901,2.0044896051835863,0.306440689788735,-0.12727269831399857
TEST_09902,1.6920959595778964,-0.6290374525518534,0.4471140440713685
TEST_09903,3.829180193555202,-0.16207104935331698,0.6137724675854037
TEST_09904,4.248296465878836,-0.7048478287909263,0.19764483369968291
TEST_09905,1.7950163190439195,-1.4222601128152002,0.4790052387163133
TEST_09906,1.370354286693568,-0.4928100670347279,0.20129609784333335
TEST_09907,2.010876604670581,0.7009022853854083,0.18117931380599828
TEST_09908,1.8059050835231705,-0.6001649515966282,-0.22509653596806323
TEST_09909,3.764278951563539,0.27674362012417497,-0.38203015139010155
TEST_09910,5.0242510567652126,1.3359687322234668,-0.5288272589023291
TEST_09911,2.8780841497439065,-0.543351030424111,-0.22649654518150034
TEST_09912,2.5397775870687522,1.6348885172630936,0.1038723521376151
TEST_09913,3.6820713905241584,-1.1703503535559563,0.11838488120747205
TEST_09914,1.5482458322283759,-0.02066931258888956,0.07141949615548968
TEST_09915,0.7467821256299297,0.23919162051664253,-0.1027785625494886
TEST_09916,2.4133639414664123,0.08474353825757143,-0.7014946617528242
TEST_09917,2.3312357848638703,-1.6793136272659104,-0.2278163133477635
TEST_09918,2.350289823458943,-1.4061264689251642,0.9721171334547395
TEST_09919,3.931016317447568,-0.7788162761781598,1.8937348198163457
TEST_09920,2.9547524740331967,-0.39552754433055015,0.23116477010579925
TEST_09921,2.136924773876546,1.1100452561943355,0.23559582307848245
TEST_09922,1.3541760768858206,-0.41619376409166825,-0.38774156503463963
TEST_09923,3.257668871665138,-1.0665374116331043,0.6502194424691
TEST_09924,1.6871905281438873,0.11310190947180151,0.494553597143623
TEST_09925,2.0412446579382553,0.7106812584527948,-0.4922632301714947
TEST_09926,4.5707393086241,-0.7463585388996544,-0.16276732976814973
TEST_09927,5.101775863927438,-1.008110362363326,0.89080158957859
TEST_09928,0.9519898641949759,-0.3443545170904153,0.2077760598708661
TEST_09929,1.5765269233097496,-0.1704375141360851,0.10530111604300439
TEST_09930,1.885115732989042,0.40458193993321784,0.2440847043078162
TEST_09931,2.5169428304371806,-0.07212536264821741,-0.2178024938415993
TEST_09932,1.4085632270543889,-0.17858382162256697,-0.5644900078195606
TEST_09933,3.174454723884122,0.03551505306155214,0.4333903578895979
TEST_09934,1.6591788149122901,0.6918953039709826,0.7079460550539207
TEST_09935,1.615725702588534,0.7337752571487087,-0.3132659198687295
TEST_09936,2.7676468036045563,-1.4103855036062978,1.6056574207422087
TEST_09937,1.1451497168783953,-0.15821187508299014,0.5331450735048364
TEST_09938,4.906739887915055,1.4442725411385855,0.38255919307700975
TEST_09939,4.092688988978072,-0.6019197702936334,1.2498310585650907
TEST_09940,3.253459007724412,0.27413082790667087,-0.7016982692582229
TEST_09941,2.208854967071111,-0.5784902899049218,-0.5500455030443606
TEST_09942,1.6627093573920602,0.06576476861172224,-0.23680466464486735
TEST_09943,4.134744883826295,-0.9567284300504931,-1.0217376139661414
TEST_09944,1.806773390579053,0.433662948847434,0.45025953783395967
TEST_09945,3.7872525007904816,0.6071962988870302,1.2031076925795159
TEST_09946,2.0647056969169633,0.20882386983046197,-0.4761000598367992
TEST_09947,3.9701043980815895,0.010779988362214284,-0.10388071315020621
TEST_09948,2.8389536838247693,-0.5617915166084656,0.7283125616457041
TEST_09949,4.472364497095165,-0.028501398969446822,1.3291556817338086
TEST_09950,1.982621816501692,-0.48666863831408896,-0.3847779318331453
TEST_09951,1.6860836563357486,-0.672528303107049,-0.13347821229598256
TEST_09952,1.1841697340782265,0.2832401061268538,0.4796755945947557
TEST_09953,2.5111348727275367,1.0444297424519926,-0.835752935106202
TEST_09954,2.8357384290853354,0.13588538028852473,0.28426684354524395
TEST_09955,1.3086255964270501,-0.502322790871318,-0.1556457796984519
TEST_09956,1.9644746600217278,-0.7786893439945543,0.03135899714198107
TEST_09957,3.4242616480257553,-1.2285566239130048,-0.40270932837176604
TEST_09958,2.9307052958302835,-0.45710359141824025,-0.5977609405258884
TEST_09959,4.719331873936208,1.1993139524367755,0.0037273524126186686
TEST_09960,3.0124391694706882,0.8304499887874742,-0.10766158061068025
TEST_09961,3.251924682225084,-1.0725333179472651,0.8729875118669727
TEST_09962,2.8642174087910046,-0.8152859105534691,1.1248256530904308
TEST_09963,3.632237528608942,-0.2821751920606508,-0.23695752425691446
TEST_09964,2.841675774803358,-0.08141492494094896,-0.458532759765366
TEST_09965,0.9402866596540241,0.3544281809779879,0.22585513503528568
TEST_09966,5.048373032033923,-0.8888892151236173,0.590407153375025
TEST_09967,4.05245415748706,-1.093100724253911,1.2944468542526755
TEST_09968,5.16349647131062,-1.6707658960081126,0.8122313230903927
TEST_09969,1.9085295981067691,0.6611769961835753,0.14023351741076706
TEST_09970,2.2166189653921182,0.2317355661940301,0.4629989550450127
TEST_09971,0.7311368788550878,0.11402721944616825,0.0452531304769594
TEST_09972,2.284413301260315,0.018617065354808157,0.5897126534643576
TEST_09973,2.956430603506413,0.2360669555489241,-0.14339386748697933
TEST_09974,2.819341429679751,0.9339721927465475,0.8762492531029313
TEST_09975,2.0580613759006843,-0.5820647899040062,0.30491520250506576
TEST_09976,0.9106838101888843,0.07834080679001777,-0.1836778245471089
TEST_09977,1.114895444480502,-0.24095431992077854,-0.1583291766037243
TEST_09978,3.1240495269929696,-0.5674132763665154,1.094644466166433
TEST_09979,3.609109642186935,-0.4585982395191096,-0.21288358754942252
TEST_09980,3.1955049435793472,1.0222610694642698,0.6294607055166208
TEST_09981,1.1025670756307047,0.24669931272182363,0.16915625107538132
TEST_09982,1.3926585079430547,0.2724569297569225,0.34645554430325287
TEST_09983,1.0005838216841092,-0.09160105890047356,0.11813424263066825
TEST_09984,0.7820279154240636,0.20363343387135036,0.03979147854758984
TEST_09985,4.134351832263006,-0.35804127078490533,0.9751258237549004
TEST_09986,2.3267134330594565,0.4171702900430133,-0.8487712673602037
TEST_09987,1.5505444439515048,0.5108942145581379,0.6038783708274993
TEST_09988,2.0158543444431816,-0.05999986689864399,0.19572986349742552
TEST_09989,3.2826542144448747,1.6142171736389914,-0.6026542516050276
TEST_09990,2.7059778260605647,0.6099095474367678,0.6292781919749493
TEST_09991,2.7469680472750797,0.4243570998599219,0.5468211198608541
TEST_09992,1.658014831017505,-0.6074330727140875,-0.8131159278319934
TEST_09993,2.788578252843439,0.9885873937992743,0.8721103157919277
TEST_09994,1.5050328699652962,-0.2426749030687272,0.3872543008315041
TEST_09995,1.098485503665221,0.4571787512072867,0.3767855196894731
TEST_09996,4.498329628609206,-1.4878533138683796,0.7645343801174712
TEST_09997,3.0933553084821974,0.6330923731074368,0.6912046395837176
TEST_09998,1.4106813556682096,0.6005614562644501,-0.39215329701689866
TEST_09999,4.235450844297511,-0.2294488479338604,1.6530400589019094
TEST_10000,1.0448966891625386,-0.2678289687531379,-0.06996077960274308
