id,x,y,z
TEST_00001,3.989617990770837,-1.052191230493427,0.04543450376208448
TEST_00002,1.9289363564058315,0.6180169859082182,0.798554904834926
TEST_00003,0.8061890539930663,-0.1900147028561056,0.14826081487774234
TEST_00004,3.526423351843449,-1.646572242726727,-0.9414060313825275
TEST_00005,2.3034562896098736,0.01754763386875226,-0.03934745378829864
TEST_00006,4.999243874543371,-0.7909543109287773,0.4973098199394175
TEST_00007,2.8990566905560513,1.001854395706259,0.834934371987015
TEST_00008,1.445568627528164,-0.45227211920879445,0.41903512684053124
TEST_00009,1.4553260012089635,0.48693831589697634,0.15013952657434812
TEST_00010,2.2583794058984394,-0.4099453313736251,0.17136239922341315
TEST_00011,2.328305397036695,-0.4636477509840242,0.02173199096034992
TEST_00012,4.01755738795352,1.5029822346826485,0.898540575635124
TEST_00013,2.551241233606702,0.582400872578817,-0.31326309439299815
TEST_00014,2.1580246682100896,1.4920948292416656,-0.2116610648284141
TEST_00015,3.0012848434880253,-0.6877773219679314,0.8676794809537345
TEST_00016,3.2836752332615684,0.5064782102815616,-0.5339967503040548
TEST_00017,4.005921788847802,0.8572942203758654,1.1597426443098124
TEST_00018,3.0720169894606277,0.2613312513804707,-0.4859032803163713
TEST_00019,1.41315023612727,0.08576235179367336,0.29102087181364394
TEST_00020,1.8776512902547822,0.065861482696317,0.030857401934198107
TEST_00021,3.5119299825949337,-0.3694030214163787,-0.14314728317872577
TEST_00022,1.4028689931505907,0.298157613895416,-0.27740311144768576
TEST_00023,2.140579487816509,0.39964535055287825,0.6823943373757793
TEST_00024,3.761358396885377,-0.5848858581565841,0.8164826545870242
TEST_00025,4.926771395445913,1.6167931017417032,1.2163134803692583
TEST_00026,1.7907012196191645,-0.5953291980372122,-0.5095237921560223
TEST_00027,3.45390891433435,0.19552942467745382,-0.34383892377914504
TEST_00028,3.4268028961684247,0.48330588946460434,-0.06135143755754657
TEST_00029,2.1787765141127977,-1.1422916912805077,1.3381889247517311
TEST_00030,3.5386858252591424,-0.19221464778342998,1.2238570992736106
TEST_00031,1.339628958678324,-0.9242136598752306,-0.10184780195352505
TEST_00032,2.5004541652563907,-0.8095914556187034,-0.02116019200668519
TEST_00033,2.162443045357162,-0.5912640854971062,0.47377862324620545
TEST_00034,1.9920968216944268,-0.15108862623572117,0.39741493451056475
TEST_00035,2.045895168250652,-0.16162448692216375,-0.2256159570281182
TEST_00036,3.5251635117926337,-1.406019129340136,-0.545687102250492
TEST_00037,2.8392149098691464,-1.576698184716794,0.18580451469967563
TEST_00038,0.9652767721868326,0.39813887674183474,-0.3240997532976963
TEST_00039,5.157067185706047,0.7726344846374135,-1.126287533626235
TEST_00040,2.3713550788093527,0.3177835737032701,-0.26178272687804804
TEST_00041,3.2230378089793006,-0.4119308297578239,0.6941579773429092
TEST_00042,3.3494963793380186,-1.5066328606679087,-0.509184453580638
TEST_00043,4.090294164264068,1.6781497310670597,0.896648930733784
TEST_00044,2.4162352286599678,-0.7603438717872882,-0.22503367392435614
TEST_00045,1.5658681632177671,0.41224371555784095,-0.12156116509248
TEST_00046,4.446681041079943,-0.16642230212308132,0.6020972845011953
TEST_00047,1.4830321546120062,-0.2635224029314788,-0.22884368221702123
TEST_00048,4.150138237204212,-0.9410176522000899,0.49121051806229515
TEST_00049,2.2265882558957504,0.3097472953320061,0.29580934686890403
TEST_00050,1.0730290318836242,0.5509073435313306,-0.24184796760386476
TEST_00051,3.219981439731825,-0.36135503763895827,-1.0507604353361253
TEST_00052,4.389989088721009,0.5747895713295834,1.5038146375332453
TEST_00053,2.7884702352640645,0.06450550368808503,0.16132054786645167
TEST_00054,2.5465201964272763,0.21727891996222676,0.995004864095826
TEST_00055,1.5473971464600713,0.08486586932373398,0.3608344822777268
TEST_00056,3.3765206701352724,-0.7682891024953286,-1.1107111277921249
TEST_00057,1.3414488899969637,0.21435381699716188,-0.18009843522234611
TEST_00058,3.5322675608747183,-0.6110742118407335,-0.26824777140684086
TEST_00059,3.191748066562512,-0.45085551670657203,-0.1381671484065802
TEST_00060,2.021250160408928,-0.9356612766189668,-0.6420462388090501
TEST_00061,1.930310109058404,0.015053235999987927,0.34109460443604467
TEST_00062,2.179529151611716,0.043897656712233585,0.7909493699821448
TEST_00063,2.7107220571864943,-0.012754340799736445,-0.743000005830076
TEST_00064,1.8532833315149024,-0.23930949154216305,0.541296741939054
TEST_00065,2.8607219506927377,-1.3786833355562589,-0.7440215087884466
TEST_00066,2.3026524018364416,0.5250263876407999,-0.33080887010539484
TEST_00067,3.653572273726798,0.13277242375873094,0.1905950665831295
TEST_00068,3.1328745211285542,-0.2110449743312936,0.03529674190135896
TEST_00069,3.0610597463978926,-0.41656006366994325,-0.27276519092643203
TEST_00070,1.3575589382116084,0.5198648852192528,0.5223634665568799
TEST_00071,2.6899091229605494,-0.7874880893340529,0.663793493430706
TEST_00072,2.253065595001486,1.0312454394298605,0.7769078384586158
TEST_00073,3.1248264273949027,-1.1822791727704893,0.9201762313830214
TEST_00074,1.3473149185954145,0.5351764797739512,0.22198061074852507
TEST_00075,0.928491907600423,0.3306512777366934,-0.2637598836498401
TEST_00076,3.9650426000963055,0.19757781842522215,1.0423528987265676
TEST_00077,3.3533170563707064,-1.3256681671295256,-1.0860780296860775
TEST_00078,1.2709462586698193,-0.4708126690873345,0.19119249495576887
TEST_00079,4.7432117955842905,-1.390739648093279,1.307293316229818
TEST_00080,1.4362467682524314,0.48817516467761507,0.41273334651707166
TEST_00081,3.6252276854288654,-1.167215951394691,1.2456949727275195
TEST_00082,2.2147070718507007,0.20499738119052047,0.39975118398559056
TEST_00083,2.9942954542530567,0.654437258627786,0.5680011220100641
TEST_00084,2.6036149004950886,0.3027120108868076,-0.18910562192382543
TEST_00085,1.9774117839313132,-0.43158133142011423,0.02731283235440225
TEST_00086,2.1109316220951397,1.2894569447412412,0.20327486402564773
TEST_00087,3.921354065122966,-0.8893752709512157,0.6111273793512325
TEST_00088,5.237771246956591,-2.1884809279842687,1.3128102759520974
TEST_00089,3.3179990639372394,-0.006243575849062588,0.15016262962093385
TEST_00090,3.023951265077853,0.6193794030939251,0.47254539069619217
TEST_00091,1.2353843918812413,-0.31515366882021684,0.21260606816681304
TEST_00092,2.0046901461149287,-0.4658712187893992,-0.5256006909394101
TEST_00093,2.4449727821285143,0.49631816808168056,-0.3666377921219063
TEST_00094,1.771474451780721,0.5782450047674594,0.27144815076327417
TEST_00095,3.839745784605275,-0.21530132384728545,-0.870869454158131
TEST_00096,2.094984890159543,0.8207058380728505,-0.43132728671190934
TEST_00097,2.8186229692366247,-0.09039052890853566,0.23983110661946497
TEST_00098,4.808591630973574,-1.077327468984495,-0.11864228908135796
TEST_00099,3.66255881200058,0.8211369642513269,0.7279934893010359
TEST_00100,1.0388014149833689,0.2956154601572812,0.3682267598179119
TEST_00101,1.5984956390948717,-0.34515217337436827,-0.1042154995494081
TEST_00102,1.8432454341011548,0.49758393211289864,0.41912898296781964
TEST_00103,3.7238767587078483,0.0823582356342992,0.7897091675116724
TEST_00104,2.0070582669666295,0.076696846670721,-0.2666189919116187
TEST_00105,1.2634573434265355,0.5211811451992372,0.38982008183944994
TEST_00106,3.1630453635152707,-0.0819556974158661,-1.1014159044189595
TEST_00107,4.17675319971038,-0.38226294132855204,1.0726296736864078
TEST_00108,3.002690256559325,-1.0621474583627906,-0.4933998230761923
TEST_00109,1.0213812782739606,-0.17124306697451994,-0.12057354849033661
TEST_00110,2.549274492570699,-1.6541604759769424,0.42774351048437137
TEST_00111,2.9973794237250813,-0.4243440770497996,-0.644129188303753
TEST_00112,3.5242083380049545,0.48388549029083233,-0.5811298080763608
TEST_00113,3.0573580221364782,-0.16058924048254503,0.4807725043073333
TEST_00114,2.8375205932198058,-0.44001770751252883,1.1875599310720457
TEST_00115,1.211748286171675,-0.18148428305905218,0.38815356571881743
TEST_00116,3.693272376066722,-0.8504757884106078,-0.7139681498394675
TEST_00117,3.1334508648359733,0.4587357961820982,0.7445263571188866
TEST_00118,1.676510969430814,0.6123128726280636,0.4966198055954413
TEST_00119,4.853487461164884,-0.027158811556450984,-0.35814145454499435
TEST_00120,2.7230283624841953,-0.9981718113512998,0.5001308332773945
TEST_00121,4.852894181564141,-1.0334481015631294,1.318639241645081
TEST_00122,4.269309152015992,0.5144916156983506,0.5591164689312987
TEST_00123,1.7110066843610168,0.9250093712457044,-0.10398133453184218
TEST_00124,1.7431554745489246,0.19252665759823434,-0.18892871916958795
TEST_00125,2.1257894514683557,-0.7794258789603753,0.7401324855613685
TEST_00126,1.530516433656922,-0.35157933825877463,-0.30833781120179066
TEST_00127,1.9038620474756174,0.32404777290199027,0.13347323322901922
TEST_00128,3.3324215983516496,1.95960955309047,0.5229365875297161
TEST_00129,3.5483958510122555,0.44955601324976274,0.4679273130350552
TEST_00130,2.712258166974943,-0.12693325610081166,-0.011637704820152568
TEST_00131,1.587480526256918,0.11020049968770557,0.2970226669120174
TEST_00132,4.509653556764641,0.5940155407418826,0.6056242492823656
TEST_00133,2.339101416665065,0.637451605955001,0.49480333855549563
TEST_00134,1.4235268787084348,0.7876646493639731,0.40991606068136177
TEST_00135,2.0447231159154433,0.9303461588018673,0.34379861324240724
TEST_00136,3.3633045235027543,-0.11972546876964868,-1.0052013508686748
TEST_00137,1.8352083715198095,0.8528241603079706,-0.718910022053944
TEST_00138,3.164274616873623,0.5579446474330486,-0.8096123433566126
TEST_00139,1.7887913840559841,-0.7767795257425346,-0.5038203425156369
TEST_00140,0.8925812000671688,0.5128098598711597,0.2854827765608334
TEST_00141,1.9506033465794574,-0.5622482254574634,0.13499797511902442
TEST_00142,1.1608841966049501,-0.05184221357130021,0.22638814685163017
TEST_00143,4.202519571504445,0.16464251879976413,0.9540808387679413
TEST_00144,2.1362525082145227,-0.19697442455974992,-0.08065537992276328
TEST_00145,5.174911648852738,0.009986312832897717,-0.5502474372697462
TEST_00146,3.068933865103293,-0.21766165419408826,-1.2819552610111586
TEST_00147,2.199169117436982,-0.08504384943956414,0.735564413618623
TEST_00148,2.797360820589686,1.000354507166109,-0.5791944485854403
TEST_00149,3.3634644208476607,1.1907170271294223,0.5409776636294921
TEST_00150,4.735050282647493,1.0748526983596287,0.8031758441703178
TEST_00151,2.2952777106361166,0.10292635807090081,-0.1353355406631187
TEST_00152,2.4571354964701935,0.8141400398079512,0.421233243134951
TEST_00153,3.7436396693926244,-0.37586478788855054,-0.5759078045877253
TEST_00154,2.942865054711266,0.23349370922380197,-0.2078423928180181
TEST_00155,1.97963578219288,0.1813202878435668,-0.5888307550762181
TEST_00156,1.951379782877415,-0.4730634151323094,0.3986649298224079
TEST_00157,2.3917959840456007,-0.5610846968551053,0.61338297971892
TEST_00158,2.669675708083035,-1.431610503337154,1.0774624410870153
TEST_00159,3.843921556586221,-1.2371333313422124,2.1114458162835374
TEST_00160,1.516083264854621,-0.021307377420735713,-0.0786290712497792
TEST_00161,1.1291498061866385,0.5986598314497291,0.02693121522841416
TEST_00162,1.3221522663367784,0.9332567325171824,-0.08074529369166175
TEST_00163,3.7188513972871258,0.20980499079084716,0.05641770887565812
TEST_00164,2.508683798588529,0.07671371179366213,1.0400878704989596
TEST_00165,1.901689514250455,0.45685521124351,0.5041314598694043
TEST_00166,2.9389241629944762,-0.566420028315645,-0.17661640764702988
TEST_00167,3.78415751437115,-0.056493975668375745,0.26764385856585177
TEST_00168,5.490313573779258,0.3085627869220645,0.0981720077857154
TEST_00169,2.6289006391926035,-0.4688140841513736,-0.1760436134221785
TEST_00170,0.9028927412175648,0.39813586114955124,0.2786280031186067
TEST_00171,3.456799544799817,-0.13353029292335947,-0.05424440996285379
TEST_00172,4.977809293873957,0.7833969873543276,-0.8791100974231076
TEST_00173,1.295678214282219,0.1766374650488513,-0.07759613329227388
TEST_00174,3.1297308961116936,1.9352551816537604,-0.18199833918144365
TEST_00175,3.400168765334087,0.5749521700591387,0.5167728909096702
TEST_00176,0.9810547937318211,-0.6076679200149158,-0.17515798884820277
TEST_00177,1.5475721921979813,0.7639772800950627,-0.2155833410554641
TEST_00178,5.228559150878738,0.564643890538019,-0.13035168525306207
TEST_00179,3.827695397271408,1.4277403643759414,0.1266081733526573
TEST_00180,3.143193273936378,0.389333196375808,0.26900743384884457
TEST_00181,2.891078369656939,0.16804972110210606,0.019796450519419723
TEST_00182,1.476518213138978,-0.4222323012785413,-0.32130800292661743
TEST_00183,2.0706919471313983,-0.18599558403527724,0.3657728329661619
TEST_00184,3.087059131405488,-0.095724824401316,-0.256267465283171
TEST_00185,3.026019868932811,0.8426621962598513,-0.43961790045674803
TEST_00186,2.454163106532419,-0.10689442120716866,-0.3843705085983541
TEST_00187,3.6139815259206167,-0.6519557178511246,0.3376052043705146
TEST_00188,2.518926102178484,-0.35434060994374056,-0.007479465821392927
TEST_00189,1.4282947592880715,0.7392113870643638,0.30221053523711694
TEST_00190,3.019384151184843,-1.8786074343346135,1.1490654136161789
TEST_00191,2.7814658903733767,0.41831456115065013,0.3530609034199921
TEST_00192,2.357127542753322,-0.6918656766181246,1.100795945215889
TEST_00193,2.905876325047359,-1.1184961464373613,1.1000415917941053
TEST_00194,1.3768972904325911,0.16921147640545395,0.09353557784963772
TEST_00195,2.2160505874045824,0.6482234799074564,0.5342656229177714
TEST_00196,3.3150763823228666,-0.27558137506738845,0.5282659999057844
TEST_00197,1.9913554601746533,-0.035860924012614225,0.08755884580670435
TEST_00198,3.7263898001043025,-0.1991153315416855,0.7348703932547955
TEST_00199,3.294956968967093,-0.5778064234737188,-1.1056103169197724
TEST_00200,4.746398255158476,0.28613134120806316,-0.19548765271728782
TEST_00201,1.8170497393075202,1.0938123554511776,-0.19637139695010172
TEST_00202,1.7751696176145537,0.41834957933754524,-0.47825577827517235
TEST_00203,3.1091077193589576,-0.41113158261534327,0.07207373766568814
TEST_00204,3.214562000452793,0.9829413130436493,-0.011065374787700859
TEST_00205,1.2855055194306597,0.4903146838972955,0.2450454466441126
TEST_00206,4.153194467476526,0.4152924624552468,0.5437453911031517
TEST_00207,3.816589557281166,0.7563500734211571,-0.15007182393926907
TEST_00208,4.587808641572177,-0.34199653891474974,0.8272923927194773
TEST_00209,2.240732250687974,0.6627582298639942,0.17345150327188563
TEST_00210,2.470949759532441,-0.1712244874361214,0.20970263115951884
TEST_00211,4.0853534589084886,0.2685990676422794,0.17936565051174522
TEST_00212,4.07575667056753,1.040258368573681,0.04126482092475505
TEST_00213,2.268645898143275,0.6956975075285106,-0.2577262331637731
TEST_00214,3.072295811372376,0.07436143794443326,0.4113948038634645
TEST_00215,2.8157326066913186,0.29221565162231705,0.27907653109082226
TEST_00216,2.8001438385439648,-0.5168958125899458,1.5584684225256233
TEST_00217,1.5038512640174215,0.17109578143437287,0.7260402282682077
TEST_00218,5.291303107614467,0.2232207389879053,-1.2235007621892322
TEST_00219,1.3736555159519397,-0.29203247079735295,-0.22289524767890492
TEST_00220,3.221931227070633,-0.20805467969517424,-0.7815541669349825
TEST_00221,2.989953102172378,0.2680521157074163,-0.1012884947613856
TEST_00222,1.3861389708449436,0.480685661131466,0.2851820315284749
TEST_00223,3.7469739751801043,-0.4068958866843455,0.2709933752332872
TEST_00224,1.300901803563909,0.5841895256324674,0.08966867843468283
TEST_00225,4.93975928693893,-1.7275951435449093,-0.4146904087140438
TEST_00226,3.0188102502728165,-0.26857441461214154,-1.1101152488146273
TEST_00227,4.508858434423208,0.041789107196568434,0.6181261225924745
TEST_00228,2.2661853891997787,-0.42569449877669824,0.2121721375474449
TEST_00229,3.9500554383616153,1.7077848219497964,-0.5704498067654032
TEST_00230,2.306888933055772,0.19597217421278604,0.581672338296169
TEST_00231,2.7302327295270645,0.812646116609921,0.12379186204933619
TEST_00232,3.429820423839903,1.7405304256355192,0.06247105619773173
TEST_00233,3.3168968224383044,1.0390351195764698,-0.8381145925031506
TEST_00234,1.9607524818989852,0.6698180775968005,-0.05260474534910787
TEST_00235,1.9941654931460193,0.06253640661093213,0.2019374704584184
TEST_00236,3.4561784053953875,-1.7265024912527285,1.3457008246734574
TEST_00237,2.1019456098498632,0.9352214231920448,0.19568214837821618
TEST_00238,1.7516704290796243,-0.24327265118892585,-0.6493804020206063
TEST_00239,6.324279344151804,-0.5731753179610782,-0.8366125689238639
TEST_00240,2.5690756781934128,1.6283032855767203,0.5990811742614822
TEST_00241,4.710913226859252,0.8777240490986346,1.327680636215587
TEST_00242,1.3123033922221194,0.40752735243435606,-0.39304430278365915
TEST_00243,2.0263970406064935,0.8334808120998822,-0.8809232666197995
TEST_00244,3.3569220122723022,0.2090677553518199,0.05886038672875743
TEST_00245,2.2544269803274277,0.9640336379669449,-0.2710433079920788
TEST_00246,4.024300321371098,-0.26918744272850265,0.16069994569860582
TEST_00247,4.484686478811211,-1.0368247502719468,0.3114806066205696
TEST_00248,1.2288297875935217,0.5749836433870749,-0.10658722016246365
TEST_00249,3.793510890419055,0.26374237058784267,-0.4454086729505466
TEST_00250,2.0517743444969043,-0.00862478965427606,-0.004254720345775374
TEST_00251,3.6710305052953682,-0.06440071569358397,-0.09422065024266607
TEST_00252,3.0749141611636306,0.22346137326213725,-0.577721476887814
TEST_00253,2.774508824183478,-0.3102079588931457,-0.22793155524379027
TEST_00254,1.6009022541657865,-0.6554978359912227,-0.02157920926422243
TEST_00255,1.883454374206579,0.01905209257772599,0.025705456071880114
TEST_00256,1.0772895161005085,0.35808471772370504,0.636385195068897
TEST_00257,1.7946655103903966,0.15261543177679338,0.09116615697173115
TEST_00258,2.5185813931950634,0.7788399780942091,0.45489925203119214
TEST_00259,3.254480005450804,0.2990734361494482,0.9945484272652969
TEST_00260,2.4084695332047796,0.8752645666617591,0.20322253521328437
TEST_00261,1.655507872583176,0.11759632835026151,0.44968394779394893
TEST_00262,1.0560700399860208,-0.025759248237709254,0.21991021172631653
TEST_00263,2.127167765748506,0.33737725570334126,0.6624388576862037
TEST_00264,3.4666722500845744,-0.05871572274896295,-0.4068946469629761
TEST_00265,1.2035412569336406,0.4905336777719725,0.5772906076243712
TEST_00266,2.791346119896102,0.4119320858768448,-0.016477269831789775
TEST_00267,1.2745351408598764,0.5431552301263387,-0.3070490101194288
TEST_00268,3.25431574021088,0.3017144136667839,-1.0227521525249912
TEST_00269,2.779322336375915,-1.30041397839965,0.40572339088782194
TEST_00270,2.789151739693206,-0.49593374666148365,-0.43651076471234135
TEST_00271,3.035014272984158,0.9062398989357247,0.2810834034351505
TEST_00272,2.6887603392693373,0.2701610206349005,-0.30191364830081213
TEST_00273,1.7908878876136611,0.12652575742749492,-0.35658181813026285
TEST_00274,1.5696870868585504,0.7048017942111662,0.13173337113297193
TEST_00275,2.113436592012353,-0.30411573808763837,0.3496779745656276
TEST_00276,3.9445299788821164,-0.5086565868030677,0.6765298066070282
TEST_00277,3.3092511070795463,-1.2429242404885077,0.9444890361199976
TEST_00278,3.9248347097943213,-1.1209927276444065,-0.5898943367457677
TEST_00279,5.385774116640059,-1.4736298476333018,-0.998985694537623
TEST_00280,3.1148714749416824,1.5752208841892603,-0.9152498452438952
TEST_00281,2.082618256367697,1.5663564735597555,-0.5611811140116829
TEST_00282,1.4647441470772353,-0.7193314527770277,0.8921554448773131
TEST_00283,1.3193961637836387,0.5840891680313841,0.4716972088949187
TEST_00284,2.7186699637430296,0.01091853675726162,0.2669253551301786
TEST_00285,1.5470711896126739,0.3351544015305645,-0.35135198679796553
TEST_00286,2.027954303223277,0.24434989835122603,0.255375933144009
TEST_00287,2.4170840450426154,-1.0688816575278968,-0.5118041220504174
TEST_00288,5.435597283857867,2.3226683863815922,0.6089934619100291
TEST_00289,4.348298020701035,0.3773364571603317,0.8314541612369896
TEST_00290,1.9814730778243232,-0.32347344455256516,-0.005599533086965855
TEST_00291,0.8940645834297919,0.28796545990379685,-0.07487396193920971
TEST_00292,4.117234247878705,0.9849779929829745,1.8963505608753846
TEST_00293,1.656401616120836,0.21047469366145272,0.25333678370086815
TEST_00294,1.831094357122504,-1.1562368731939208,0.2404627211122504
TEST_00295,3.4560829509771107,-0.13592330971674577,0.5283477972357821
TEST_00296,3.0072117466098343,-0.795076613955501,-0.5783364532684153
TEST_00297,1.595301012416747,-0.7037647907693892,-0.3411701369286791
TEST_00298,3.5120901943439318,0.9444773495715396,-1.3271123022678593
TEST_00299,4.364340827516715,0.7959775310228175,-0.5872295010717786
TEST_00300,2.1115671055331586,0.8724127643680446,-0.5692254127840924
TEST_00301,1.658883569481748,0.18505692019467207,-0.27953108447396474
TEST_00302,1.660663199648823,-0.07548276385867542,0.2849885943170208
TEST_00303,3.1918803772574416,0.5136311039396844,-0.034367009233101514
TEST_00304,1.8681515871703587,-0.16084315606097277,-0.45791556887083834
TEST_00305,4.0123239225893075,0.6007286622514898,0.8226937812154718
TEST_00306,1.0303867298759453,-0.36567962437341156,0.05248243632484531
TEST_00307,4.161430497859359,0.015877906618630998,-0.8107086493622342
TEST_00308,2.865020992984996,-0.5241495246209119,0.07073964006243907
TEST_00309,3.69561797977118,-0.8148348410557146,0.6117816142944146
TEST_00310,5.128271964836083,-1.3378142715520753,1.5996691211536094
TEST_00311,2.948904405567265,-0.8490867241837272,-0.07468124617524531
TEST_00312,1.2099729789369185,0.30354773088534576,-0.1781811400637349
TEST_00313,1.753479252158479,-0.06184234355235309,0.34515056967673313
TEST_00314,2.2394939058438736,0.2101858587721979,0.04520009795443801
TEST_00315,1.6446541792796718,-0.38745561436458537,-0.4497408804776305
TEST_00316,3.5790774922611805,-0.32825802768121776,1.2647633170869474
TEST_00317,3.4119251342365318,1.8585874181502564,0.18446884653753107
TEST_00318,1.471472309865498,0.2579421993783021,-0.07524194330202198
TEST_00319,5.309624047491477,-0.07081368799084242,-0.3804506553855471
TEST_00320,1.3008070347754885,-0.19670895446084077,-0.17153038282169694
TEST_00321,5.360155312265605,0.5341554091573678,0.6433132192964132
TEST_00322,3.9574487632491775,0.33092086177086394,-0.47747524014764187
TEST_00323,3.8442103208376808,0.9154318218357448,0.8125074476823462
TEST_00324,2.721659596559371,-0.6445652541716581,-0.26268577549937133
TEST_00325,0.8965743220496286,0.20501955161235558,0.25333087936882587
TEST_00326,4.800299456025969,0.4351959814679129,-0.2227980742109541
TEST_00327,2.049274263042661,0.18008043836115645,0.17938488019384566
TEST_00328,3.3695704652574485,-0.2445412961694737,-0.30244951711941603
TEST_00329,2.918612020095842,0.45203006023548675,0.06346562905721634
TEST_00330,1.5550425392761194,0.6146716445979971,0.03047483927378394
TEST_00331,0.8142217974198553,0.16887887132156273,-0.055687128816700474
TEST_00332,2.796784976105623,0.41299783412409813,1.0744539337541812
TEST_00333,2.6773222445571507,-0.7821490135159925,-0.36247543840847546
TEST_00334,1.3791136925185548,0.9551323147352422,-0.16862138416441214
TEST_00335,3.700490561432503,0.12650782865966295,-0.0508443087471231
TEST_00336,2.955609554216064,-0.3425542817027835,0.2251492184025767
TEST_00337,1.8118008008557187,0.24595322094418026,0.18230670581121786
TEST_00338,5.476391998509956,0.005980029015750563,-0.8513938684333209
TEST_00339,3.692997251714546,0.09019626060632718,-0.021855222332290702
TEST_00340,2.298218205603935,0.959758042843559,0.5232877437721994
TEST_00341,3.605097170669338,0.13751647250626328,0.06941753755801484
TEST_00342,1.8617947286558771,-0.5566606854182977,-0.7774347830631881
TEST_00343,1.591784616223516,-0.6669199086377366,-0.31637953149055176
TEST_00344,1.5312980701183496,-0.14245656657683864,-0.045258180234018265
TEST_00345,1.663961852345573,-0.1060871891242753,-0.1571261569607057
TEST_00346,2.571063974997014,0.4348552112676707,0.5547864253005136
TEST_00347,3.8795623516603865,0.3499593712004171,-0.6956724521068066
TEST_00348,1.9756828728828344,0.5361629251465515,0.003303583206094792
TEST_00349,2.0801347615254655,-0.9884245494570995,0.10323898463889965
TEST_00350,3.3657101097767823,-1.5548547922801743,-0.3162246421402332
TEST_00351,2.3475615731637953,-0.7686857608312031,-0.5663990576702356
TEST_00352,3.3871110921899605,-1.0954310156664895,1.2116992919448395
TEST_00353,3.5331996285251726,1.19954097950911,-0.600826137353021
TEST_00354,2.756731004867352,0.29576733238941755,-0.0637741709353239
TEST_00355,1.8973557109534835,-0.06327402144229338,0.08361181202314119
TEST_00356,2.307176094477098,0.46521600908189864,0.12108357729185856
TEST_00357,2.860397236425064,-0.7558906695838771,0.1965155906905197
TEST_00358,1.380123056535987,0.11717190683799272,0.10074376367701586
TEST_00359,2.906565499044927,1.3889815116434912,0.20959220080719784
TEST_00360,3.13181800116637,1.9606847644543874,1.367897934593251
TEST_00361,4.65291960461697,0.2514380968735107,0.443246244031246
TEST_00362,2.5621309244407855,-0.5225375499383486,0.1742886670778811
TEST_00363,3.001782664879422,0.1042199553314581,-1.2553174126547992
TEST_00364,3.7417296620905844,-1.51169777834299,0.10175026209912008
TEST_00365,2.916826549575949,0.6748869162683345,0.8736800878419955
TEST_00366,5.174790679632443,-0.43993146819912043,-0.18591355231687215
TEST_00367,1.879859395435033,-0.4651120490899857,-0.4631848312095308
TEST_00368,1.0578270493662134,0.1873906023576109,-0.3277230567123674
TEST_00369,4.313474472460697,0.42831435344078095,-0.49953833983185897
TEST_00370,1.4449783070701208,0.7697529726149512,0.16791037328775643
TEST_00371,1.8785932225028303,0.3723133225851177,0.22328468432210025
TEST_00372,1.6576205043020829,0.47099105043907924,0.6524266150375291
TEST_00373,2.9827572902272883,0.3769312339333792,0.20602905007108338
TEST_00374,1.085258042483455,-0.3091152024762348,-0.26148304301290015
TEST_00375,3.4538435743871294,0.9551761620517105,-0.23464403944522488
TEST_00376,1.1007380885005353,-0.6972717836265107,-0.12746049050878405
TEST_00377,2.2321897268487687,-0.16119019525881542,0.39866708543555784
TEST_00378,1.6326288153313167,-0.6704969449857429,-0.10018555870553747
TEST_00379,1.801545603060624,-0.9136060498104454,-0.4678068842039941
TEST_00380,2.799008905005332,-0.6587525415149441,0.3250052021245476
TEST_00381,3.487499835228299,0.017276404000099603,0.3251213425241973
TEST_00382,2.168497736760538,0.32106321020818657,0.480189935495126
TEST_00383,4.041470896637859,-0.4196847531549554,-0.40980154664911295
TEST_00384,2.161824111512948,-0.45100729638479253,-0.5271041818884422
TEST_00385,3.5651250111431594,-1.4721373719915607,-0.09010134178994093
TEST_00386,3.0205384234172787,-0.034769716125124764,-0.17218268333956901
TEST_00387,2.1870684208179685,0.027857538764108077,-0.03775990673039148
TEST_00388,1.6668118787119257,-0.1116121677363043,0.1918365188602807
TEST_00389,2.416898173331299,0.4645876383115032,1.4421234129206553
TEST_00390,4.430764332899818,0.28403397873657693,-0.6506038685028334
TEST_00391,1.6149323639708293,-0.5423061533580067,-0.05982335157462927
TEST_00392,3.0638033418805293,1.599626348363537,1.5338181459850553
TEST_00393,1.9298135524168267,-0.18268899643007008,0.5559265421366815
TEST_00394,2.8770599513656707,-0.5999627067270864,0.570736441224165
TEST_00395,1.0252967540202476,0.11355078495119897,-0.22504720818622376
TEST_00396,3.8294782939155816,0.7636040430645732,0.32353157798066423
TEST_00397,3.3592075191960777,0.8245894525764725,-0.8402309977750639
TEST_00398,1.1776835538636368,-0.12067195865580244,0.28031322423613736
TEST_00399,5.764626450058809,1.0363440472672796,0.27397590665165344
TEST_00400,3.9246034340084774,-0.13496634171086705,0.24137874398032136
TEST_00401,1.8387705296021546,-1.1796642781406974,-0.1835826902726384
TEST_00402,3.722820064227374,1.2852405245931728,0.33018570187563373
TEST_00403,3.018786322294875,-2.3573631501656322,0.4049357550842075
TEST_00404,3.131410650696994,-0.24786340038280025,-0.48559167208224346
TEST_00405,2.2022371355516235,1.0808054923093753,0.7341903629294738
TEST_00406,2.968501135513016,-0.36396151624251466,0.8353018492230848
TEST_00407,1.3118795069687854,0.8463180199532175,-0.13646552995814246
TEST_00408,4.532196747245712,1.4841017727718322,1.0825994091656617
TEST_00409,3.1901273216385646,0.34478299097761506,0.25161162292104056
TEST_00410,1.602866487917251,0.45134360414008623,0.39933138264922735
TEST_00411,3.5909599478375815,0.24238687947721824,-0.32878656026171577
TEST_00412,2.0968827552291445,-0.44841341207586666,0.5527181602495973
TEST_00413,2.3251808171895125,-0.3509319129059173,-0.09064638377056394
TEST_00414,1.7255512641906696,0.4051059939250139,-0.11952738025881465
TEST_00415,3.962690118404227,1.0071227070659796,-0.5869309388506748
TEST_00416,1.6191679142820574,0.2773855056144418,-0.21015332309906062
TEST_00417,3.615222736778732,-1.4378740177291807,1.2039566505845025
TEST_00418,1.8527501796504533,0.26039284134929563,0.2380823570724508
TEST_00419,4.006873826620234,0.4098747136841662,0.48195975224537235
TEST_00420,1.3551442486792615,0.13103274739466628,0.05270529919811124
TEST_00421,2.941016092516005,-0.4480387749837624,-1.0075997540903896
TEST_00422,1.6394349767520153,-0.10558830462141316,-0.6646497929571676
TEST_00423,2.6148943496893895,-0.7303604385751393,-0.8532077113759702
TEST_00424,1.121816419939273,-0.5277936490598072,0.3420241926253615
TEST_00425,2.5723041741762778,0.8187767023671402,0.2941662455662283
TEST_00426,3.1040509454161924,0.25327816048180346,-0.7436471976763425
TEST_00427,2.9565156713259344,-0.28650168733079173,-0.5293123980675256
TEST_00428,1.7718164768960525,0.010883763795346044,0.21870922154867553
TEST_00429,4.150537771208852,0.040679243480959595,0.07743988243151603
TEST_00430,1.1412644888066281,0.23517339111955682,-0.3227684129248313
TEST_00431,2.1867495531252303,0.41415726893198357,-0.05613307730880029
TEST_00432,2.776337513864087,0.4599040233193962,0.5205794226371027
TEST_00433,2.6151002659372278,1.1256224752476642,-0.06463744712931607
TEST_00434,1.235599953542307,-0.359822758600151,0.040719690728648096
TEST_00435,1.872258096672694,0.7536836207402289,-0.34361670289263546
TEST_00436,2.1721416758289265,0.5143131678389539,-0.017810123936561343
TEST_00437,3.0683060206889654,-1.0202858912674035,0.43382311758065795
TEST_00438,2.8013199462631087,1.560523582830539,0.05221423511746995
TEST_00439,2.467188416418281,1.436622919731484,1.5437951492377566
TEST_00440,2.9562901009927907,0.44535045907966847,0.631213672181794
TEST_00441,2.2670810753447017,1.0761412502641752,-0.9026345283037231
TEST_00442,2.7727742805014195,0.38771544785866785,-0.2381739274852203
TEST_00443,3.5444272735437368,1.0084297547724077,0.0718055793696752
TEST_00444,2.667483595015866,0.6041253357633828,0.4563651816996546
TEST_00445,2.4746889613732925,0.44570204334546015,0.628025051042432
TEST_00446,1.915402810225733,0.4499617143831297,0.030282951630835258
TEST_00447,2.510325194517474,-0.38493671900804577,-0.6027448455108826
TEST_00448,5.051387886788767,-0.36460194512182725,-0.5584053908497749
TEST_00449,4.796204449385281,0.7538641728539643,0.1689756142542798
TEST_00450,3.252862031678262,0.4322335662800544,1.0894906292600035
TEST_00451,3.2905178515788354,0.10776335153076236,0.3399240541026153
TEST_00452,4.266613605385133,-0.37354740627854505,-1.0939145993112458
TEST_00453,2.8726134638841754,0.06038392160776608,-0.27515932703678314
TEST_00454,2.778082095561723,-0.35264977095817723,0.662436705932107
TEST_00455,3.257053533323829,0.24922843584525442,-0.4244175666219493
TEST_00456,1.9510470445314059,0.42532209572592294,0.7294952557520339
TEST_00457,3.791874499822703,1.103028086511198,-0.6964996434527997
TEST_00458,4.399774224813995,0.05926548193404153,-0.28654017741991894
TEST_00459,4.4794280102950585,1.4957945340705874,-0.9968239735189826
TEST_00460,1.8801635379019317,0.47042483888255704,0.3383700861033887
TEST_00461,3.5690618931014573,0.4149156436479047,1.2302187283441968
TEST_00462,2.3367898458490433,-0.0706579574491987,0.8944420280645896
TEST_00463,1.2662949874030807,0.4238368081138211,-0.19417502760323405
TEST_00464,4.004068807866497,0.6146052935401186,-0.5275187898534031
TEST_00465,2.85435810087477,0.08922475885208897,0.05069067218444403
TEST_00466,1.3156245065161052,-0.6563956652305819,0.2134509429514523
TEST_00467,4.1777218593969785,-0.12397637707605409,0.5316409732257575
TEST_00468,2.079662578098744,0.11443733095988258,-0.02707239552069861
TEST_00469,2.353345088231273,-0.33095999773186957,-1.5453858541077348
TEST_00470,2.691210097115122,-0.15481477216868944,-0.41302266939623206
TEST_00471,1.3222654729237056,-0.5836506531481382,0.13902814350194242
TEST_00472,1.2893912817142033,-0.7133887865177316,0.5427185576506744
TEST_00473,3.0437327099202385,0.8576440603803036,0.6862865692220134
TEST_00474,2.8044820055801623,0.3855178513218187,-0.2863385424184158
TEST_00475,1.5847683602136833,0.021626491126873513,0.7109491960672196
TEST_00476,4.450786181772278,1.3584169418383518,0.5740046868577141
TEST_00477,1.785278521865857,0.30495963492820155,0.21644984198901263
TEST_00478,1.3471450789346253,0.6944783237890199,0.5697459725906837
TEST_00479,3.620315578299556,-0.2955931726730846,1.6317710703306478
TEST_00480,3.829057663891498,-0.5495036417977766,0.05851291908498845
TEST_00481,4.035995637825915,0.009200946638320651,1.0254524164428545
TEST_00482,2.4633625539449837,-0.32197852480100925,0.20809952053991426
TEST_00483,0.9799328812032698,-0.47431805331511495,-0.1576258755841126
TEST_00484,2.146242858707914,0.053407654443074624,0.5216680930309524
TEST_00485,1.630647497918926,0.5876255258612242,0.04672557449045194
TEST_00486,1.185723945229434,-0.42405652178906666,0.28341520656065866
TEST_00487,1.088646894145566,-0.02690551122003588,0.36616764159964904
TEST_00488,2.303933837394117,1.104572240858976,-0.2445768772451005
TEST_00489,3.205122403860159,0.2817102910555013,-0.22966271801113783
TEST_00490,2.0082301677344416,0.8516443966917242,0.37666376970797155
TEST_00491,3.6000334773798057,0.19026688022330818,1.1417612634853795
TEST_00492,4.1998328004608645,0.8855161957760321,1.5460899254785805
TEST_00493,2.53962497366921,-0.1171849046380987,0.3219736812416705
TEST_00494,1.9102165442050196,1.0547848384163154,0.0033516094249425245
TEST_00495,1.7784792193817098,-0.3663100409541266,-0.060474911490386675
TEST_00496,2.177407264117505,0.7076336112624156,0.37325097049044026
TEST_00497,1.9874591331295008,-0.6800754810347376,0.04504695409569964
TEST_00498,5.374078522928729,-0.8203234140534638,1.796985474604257
TEST_00499,4.112292834525343,0.302163406369649,0.2416988803152567
TEST_00500,1.9659210442616843,0.6739722061615844,0.4683050249126777
TEST_00501,2.9586974393246654,0.23278099660304616,1.3217699884989018
TEST_00502,1.8930051356672908,0.4362852607550276,0.15010622674751906
TEST_00503,1.793843831688875,0.3497415290696715,0.05908760011011416
TEST_00504,1.9876219386502807,0.0975301835321061,-0.4918670166601421
TEST_00505,3.542562001192815,1.5454454564803306,-0.24745810261951276
TEST_00506,1.8931138325548194,0.3225315519432947,0.4800646465868764
TEST_00507,1.3879144262768073,-0.005303666603187267,-0.24834269546902724
TEST_00508,2.2458154870622007,-0.9926972273097104,0.3791813524128456
TEST_00509,1.3164716823045464,-0.43243011925239283,0.6723193968458385
TEST_00510,2.0275247196762174,-1.554669228604245,0.5992559560897098
TEST_00511,2.689017171107042,-1.022098937769965,-0.4627091564101367
TEST_00512,2.628703227947134,1.154013693915375,-0.5284557099699779
TEST_00513,2.5396734570338606,0.6392389799452135,-0.5994476875190322
TEST_00514,1.9103964533597586,0.49524323845964857,-0.22532080141809838
TEST_00515,1.329040615101435,0.31926436728570146,-0.10607269455659506
TEST_00516,4.028655201528773,-0.3738790545995862,1.0274378748510726
TEST_00517,1.640435026657803,-0.38462471277877075,-0.17636972057748646
TEST_00518,3.834689191812037,0.4917405183353443,-0.04481561074511087
TEST_00519,3.5925837054406577,-0.8183433700161702,-0.964106961812037
TEST_00520,5.059669957512988,-0.5768056822672881,0.4798289087316498
TEST_00521,2.1890565360687404,-0.8433617367696143,-0.08652834711723469
TEST_00522,3.6266348219957267,1.3108024834100838,-0.09153417116866251
TEST_00523,2.1697222963862384,-1.3544740132468047,-0.2724575012564275
TEST_00524,3.087254140938315,0.29447682567166866,-0.38267226677500166
TEST_00525,1.5831029278985793,0.7097887906127041,-0.2066811047247225
TEST_00526,2.80310344916222,-0.7976716099812983,-0.755459300448736
TEST_00527,1.781217948969747,1.0411883141167602,0.23282876226198856
TEST_00528,5.80950014240795,-0.6359955768627935,-0.6340715948797827
TEST_00529,3.4907621280181926,0.2390137945772546,-0.13110441411901883
TEST_00530,2.935230369344267,-0.06745668602243586,-0.8083078111850388
TEST_00531,3.8687816471992758,-0.2717342971788212,-1.048389723801568
TEST_00532,2.4891109641026183,-0.9506434884661588,0.25952370403325203
TEST_00533,2.676535399491479,0.22883231030575563,-0.23484227109899672
TEST_00534,1.6673564107570111,0.9860398180340285,0.7507286584467888
TEST_00535,1.8904077985943155,-0.6746536931676903,-0.0791402665965937
TEST_00536,3.02063267050823,0.26077167712578536,1.642287339467588
TEST_00537,4.032912252514432,-0.6925022519227688,-0.6188609464676166
TEST_00538,3.5153234597265475,-0.06527579584995392,-0.5725254974971296
TEST_00539,2.4136887243159384,0.9343576886586964,-0.3219934986774441
TEST_00540,1.0800617138817201,-0.0457283021367252,-0.16784183586999088
TEST_00541,3.8264510367810414,-0.40042461151148495,0.33921227497047207
TEST_00542,1.7719143080061213,0.7814759712350711,-0.10805053486568009
TEST_00543,1.5223954979853063,0.4699077381036427,0.16469919254540907
TEST_00544,3.724422525973637,-0.3941221767801181,-0.5493978402965297
TEST_00545,2.825445310843645,0.0805731003223159,1.5221852669954592
TEST_00546,1.1820057645855155,-0.3202518829024088,-0.18714437791735467
TEST_00547,3.118736646170174,0.37171493502345815,-0.4697547651601558
TEST_00548,2.927152054240413,1.1839973023633974,-0.3939420549489815
TEST_00549,3.2647424051135396,0.10299318083116278,-1.0461442813669013
TEST_00550,3.8799637738473844,1.2170748425556186,-0.001701091570779717
TEST_00551,2.8229282988818793,-0.30755064451364855,-0.25752205168233006
TEST_00552,2.2948603959327762,-1.2500945801519823,0.4490410347812969
TEST_00553,3.20642546207948,-0.2252488057910492,0.5584665833080987
TEST_00554,1.7261093631834343,0.14983006255979087,0.1232608407815111
TEST_00555,2.075713405690977,-0.7858592049509988,0.12327299150742375
TEST_00556,3.0272712535141637,-1.2308372199141482,0.8310192250883472
TEST_00557,2.509461108453952,-0.3448639490581343,-0.1319420365993875
TEST_00558,2.958860452974104,-0.4027783706971731,-0.44765779529400196
TEST_00559,3.811817735974098,-0.7263526441102113,1.4346054743058445
TEST_00560,3.4429618881574067,-0.4310285807940336,0.9698741041792031
TEST_00561,5.017131093598811,-1.9259481108991359,1.2385107451619461
TEST_00562,1.927995598385675,-1.5803043127399263,0.9790327756969912
TEST_00563,1.075855154123403,-0.925453580347971,-0.1138771830685986
TEST_00564,1.83394256914389,-0.11956100460963985,0.22103563154500847
TEST_00565,2.1732381250293877,0.2335204059317778,0.6081367910231084
TEST_00566,3.1000226734048484,-0.49391219159710764,0.4631172487881407
TEST_00567,3.2743434186076885,-0.5945335107494936,0.3376707187482761
TEST_00568,3.30481315599188,0.8768918651126858,-0.8328260485039846
TEST_00569,3.5625520252938583,-0.0943874345272878,0.7596844199120508
TEST_00570,2.216221722608617,0.2137590364511566,0.37526699187896945
TEST_00571,3.0947144595890843,-0.3921157281076083,0.013442462663168807
TEST_00572,1.539252202726301,0.16213139220894074,-0.3003496340301692
TEST_00573,0.9636623504629191,-0.36059458428600805,-0.10252152669709733
TEST_00574,1.6196669246264224,0.29565844008960857,0.5900503011473773
TEST_00575,3.143532903194677,0.1512570227064106,0.15455264119611117
TEST_00576,2.0327569940888948,0.7492430240400921,0.6305955546338012
TEST_00577,2.3595849014286543,0.9925363305516006,0.3380036061752774
TEST_00578,3.896390164446907,0.2333015250798797,0.6206766443022222
TEST_00579,2.5877144929379576,0.07338491912729149,-0.15224979230723207
TEST_00580,1.6690509568685736,-0.5906588549049008,0.6316878114978703
TEST_00581,2.8538571761147904,0.4052204840164419,0.6797715280004716
TEST_00582,1.3707101410276101,-0.1252382394907982,-0.345315724268156
TEST_00583,3.7304415555699024,0.05233861550566431,-0.6810072614632465
TEST_00584,4.075304203031419,-0.30847119031547077,0.08536927051087924
TEST_00585,4.4919028226793145,-0.39533226878346295,-0.4718532077651478
TEST_00586,1.3486878452147404,-0.1500938395699123,-0.337099662722647
TEST_00587,2.0159107697937566,-0.052208713023923575,-0.12212177127861516
TEST_00588,2.611340850781359,-0.7818245612497945,0.47213914115907346
TEST_00589,1.0190629887279044,-0.012332701071465193,0.4527788329243359
TEST_00590,4.024758309588437,-0.7082927886817697,0.7099512956738164
TEST_00591,3.042890449564627,0.061008993167666274,-0.05084536867372774
TEST_00592,1.7931377428445867,-0.6810943836805592,-0.14076518910560978
TEST_00593,3.319200310099048,0.7795617453905975,1.1758888094686166
TEST_00594,2.3870275075634084,0.4277300351118139,0.4467350085737246
TEST_00595,1.1243207945847384,0.11681027077781578,-0.17072354882465213
TEST_00596,4.560250135148921,1.1392746647189735,-0.7836808524634618
TEST_00597,2.8577926364534143,-0.35370176270217796,0.5690191151783778
TEST_00598,2.3097969854021256,0.1135348165862244,0.7323765029238437
TEST_00599,4.475213405784498,-1.8902896444458468,2.2269280388215305
TEST_00600,2.9261664880308498,1.1615770145686353,1.0541441616125562
TEST_00601,2.7715531924598573,1.1139215440691308,-0.47356730660815416
TEST_00602,1.1654059475838743,0.6358881889493472,-0.10697006176848045
TEST_00603,1.3452223801749845,0.3683983571784884,0.01524007624787398
TEST_00604,3.514328569056258,-0.006526374551825619,0.19449226347843437
TEST_00605,1.1349110913364087,0.5533899542289569,-0.018531261624521025
TEST_00606,4.734124819197875,0.7429621928959674,0.9886927646766142
TEST_00607,1.6774208717371513,1.1980963524647523,0.533303064267713
TEST_00608,2.0037588015487477,1.5517352163683362,0.3512851223886027
TEST_00609,2.5428739562561016,0.08579082109648004,-0.5795963258371172
TEST_00610,2.0781676215889417,0.591141285482639,-0.1303818579500442
TEST_00611,3.7449537022110597,0.025528699138848848,0.8804686998961616
TEST_00612,3.4939128155563584,-0.9836987139836245,0.03026912477697532
TEST_00613,2.7188620637784706,-0.04587477142449565,-0.38435736302808254
TEST_00614,1.5475805041764483,-0.2697259568505529,0.33345501415182344
TEST_00615,1.194175845692888,0.026328901771499925,-0.14799509043986253
TEST_00616,2.1132597273762546,-0.4456154961036874,-0.5820080514860001
TEST_00617,2.9384051364377504,-0.26474608353728585,0.9470452040952424
TEST_00618,2.3820152317865313,0.7849466658531763,0.6369846654503135
TEST_00619,3.3157071904062168,1.063301235312984,0.8749789184741738
TEST_00620,2.2247160591386628,0.02915301732238676,0.48445163661713586
TEST_00621,3.035142047693723,-0.46351177685792744,0.4306680040000989
TEST_00622,1.8782821908806517,0.1836507327560193,0.18368992645281046
TEST_00623,3.9967739336862165,0.5092310994454635,-0.04464653781488504
TEST_00624,3.1037744432653533,-0.09731895372247712,-0.2512930037227857
TEST_00625,2.9636263256253454,1.0255404487493494,-0.09278120027889307
TEST_00626,3.1995515417954614,-0.5677326997647747,-0.8360956319722522
TEST_00627,2.734307024173141,-0.18562009706413293,0.15711510836356077
TEST_00628,2.154217526348254,0.044961506033353346,-0.15881440042164327
TEST_00629,3.9791538611026773,-1.0612966450021435,-0.24580425849755128
TEST_00630,3.3796829307931358,-0.8686495881657698,-0.7609913969192215
TEST_00631,3.057718851556879,-0.7316618436280599,-0.10302735424138061
TEST_00632,2.9735739046720746,0.607842039239421,0.5662968069239761
TEST_00633,2.702046499586796,-0.8146862524751093,0.7779012340315321
TEST_00634,1.6726253662162531,-0.24841257769115108,0.20884171321974818
TEST_00635,2.636778832381049,0.9139948401542416,0.8409663018444835
TEST_00636,1.4064084202861713,-0.4963142045114031,-0.339973343321088
TEST_00637,3.1079226394870774,0.16074012525003828,1.0232135897054109
TEST_00638,2.7539974992655663,0.1448179593922443,-0.06328264775382632
TEST_00639,4.830460589529908,0.7394305906141605,-1.197745327475234
TEST_00640,4.616623269677608,0.4627207572329449,-1.051089652931604
TEST_00641,4.67438388119055,-2.2077338338263344,1.2086037902265583
TEST_00642,1.6903540020036247,1.0530814129992792,0.8352340361598136
TEST_00643,1.931401796677017,1.1252908791994523,0.29285355725577694
TEST_00644,1.7079579466422437,0.3544172642062325,-0.2939803896129764
TEST_00645,1.295114795671716,0.008733544599571664,0.021484827808150336
TEST_00646,2.4065837191668917,-0.8834982015145251,0.5496761776262056
TEST_00647,2.4004269829989004,-0.7320824103231407,0.4730882670841829
TEST_00648,3.4044709337744754,-0.2929353664733822,0.39661813175520216
TEST_00649,1.7429194559010655,0.6828883302400578,0.29160519720218836
TEST_00650,2.215953728244065,-0.11080734188868013,-0.1568393551172905
TEST_00651,2.1024625859778947,0.6260879609059172,0.23256903993522535
TEST_00652,1.2954655389221648,-0.8476468469687163,0.09012325271467075
TEST_00653,2.5104401138127836,-0.5780748732567323,0.19799568751311158
TEST_00654,2.181548536689092,-0.4768618391583759,0.32134162532180816
TEST_00655,2.798075844570117,-0.3196042276602614,0.024497065508460165
TEST_00656,1.4302807230877204,0.7131876904245877,0.23012569905863034
TEST_00657,2.0323678412501467,0.5469862749482198,-0.5465539907326065
TEST_00658,1.7688501957376834,1.0383956726968144,-0.5560825561392627
TEST_00659,2.7310982707954143,-1.6287103296805827,0.3896021155905381
TEST_00660,2.898046583575531,0.41725910744478073,-0.027159691846196227
TEST_00661,1.4144884896012244,-0.6376387866617261,-0.22094705894971825
TEST_00662,1.3512146234137916,0.046875693449157624,0.08613463353967732
TEST_00663,3.2111374695917245,0.5540414809112492,0.21842116914105916
TEST_00664,3.443824955329819,-0.2587439097051432,-0.21007526712667074
TEST_00665,3.5639694806742703,0.08718122206198403,0.8021101855892099
TEST_00666,2.833085672594714,0.2146787054089674,-0.12619846307207463
TEST_00667,4.175314888140111,-0.5307965034450193,0.44471399796476613
TEST_00668,2.9037443948527084,-0.8837782331755252,0.04909718148298618
TEST_00669,2.6446144353022714,0.9503267430075825,1.1914906800504947
TEST_00670,3.0388700346234256,-0.2338213765602636,-0.5920990748160496
TEST_00671,2.399059537963087,0.24581021318351692,-0.010366696581973195
TEST_00672,2.9050438867792057,0.9972420742570481,0.9695612395344813
TEST_00673,2.8756470882219487,-0.7684093148518815,0.4541639801204226
TEST_00674,2.094807932322746,-0.43648087431026744,0.5886619898062935
TEST_00675,1.802486267804057,-0.044205915628200046,-0.5068597408592324
TEST_00676,1.9732601608082643,0.6840568128984313,0.03402980433338662
TEST_00677,3.2063181431399492,2.1202033132573455,0.5497380998573108
TEST_00678,2.222230749876542,0.5475663555753093,0.5934265469197659
TEST_00679,5.858259526084411,0.6794717800024356,-0.7222173130397002
TEST_00680,3.026201786378387,1.5974960484714227,0.21771264508670884
TEST_00681,3.2374528377949257,-1.3867120672746003,1.0882852707672903
TEST_00682,3.659728598977891,0.1764333187160739,0.276131438681476
TEST_00683,2.525442111289235,0.2626718787040252,0.9145649089035566
TEST_00684,2.340384643700166,-0.1677488041491403,0.6367028730827574
TEST_00685,2.3528590288401037,0.6718183513324695,0.10967503839618001
TEST_00686,1.521562973079293,-0.0636102619162867,0.19088673235315656
TEST_00687,5.022147714108107,1.3333704865103042,-0.9230832470366539
TEST_00688,4.074636989015024,-2.0956743720521156,1.4568093727121203
TEST_00689,3.340145752929448,0.01803753461137119,0.7080775518801149
TEST_00690,2.7267291203435033,0.4289675029035722,-0.6725667427433037
TEST_00691,2.2553159956915017,-0.05302523414681736,0.6972047954861541
TEST_00692,1.9639689894576522,-0.4310083167791253,0.6079918094083416
TEST_00693,2.3148708376440714,0.5509481432570585,0.10416905168641545
TEST_00694,2.8810556181112275,1.6704849858682866,0.7970520582199421
TEST_00695,0.9465669184849648,0.5554980710290951,-0.03359094149200659
TEST_00696,2.6859247775123563,0.43054612409742743,-0.5862655740466706
TEST_00697,2.4661854662225275,-0.3770311766250627,0.39545192954463415
TEST_00698,5.294886092582207,-1.6424023532544703,-0.6334600980057984
TEST_00699,1.2058072553504195,-0.02273221644296125,0.05521252307763362
TEST_00700,1.0987509725579472,0.0594403805531315,0.37660846510756424
TEST_00701,2.7244788991581865,0.3560554631093114,0.25881883217435336
TEST_00702,1.4326485485083822,-0.5636823952538736,-0.2718435462811124
TEST_00703,2.2419851110714943,0.15875741927584958,-0.02820240040314549
TEST_00704,2.2112009591253505,-0.7031767986132084,-0.37890586545217886
TEST_00705,2.618301136094915,1.3476129692737648,-0.31349322337407814
TEST_00706,2.7009442428210937,-0.2319390546037714,-0.1124719944410298
TEST_00707,4.404351720698543,-0.2047540623349213,-0.3406028738102114
TEST_00708,2.097676071668213,0.1400801870519404,-0.1608456943228139
TEST_00709,4.199271775232158,-1.7242141207230048,1.5101880023019416
TEST_00710,2.496350691866688,-1.70701293696119,0.7674882277256806
TEST_00711,1.4870695198452892,0.19836616451909309,0.08652542940745128
TEST_00712,2.62195890257908,0.16079053379903407,0.934867922737576
TEST_00713,2.2146287881736475,0.8185811641397966,-0.6221074639352561
TEST_00714,2.9318314326331425,-0.153208445643432,0.048850944719492514
TEST_00715,1.06909056904143,0.07197465581346023,-0.07213457100620048
TEST_00716,2.2024708155371338,0.059908292390310855,-0.6650231499797319
TEST_00717,2.223041198053413,0.2280888881947477,0.28407190896295004
TEST_00718,3.1298244670530644,-0.6367213098439765,0.9336511381558342
TEST_00719,3.151844239637773,-1.263540780436675,-1.4971483238968588
TEST_00720,2.993670177580106,2.3392254700553776,0.4497374900626301
TEST_00721,1.785056092913002,-0.7132904149863731,-0.05421513783468469
TEST_00722,4.112965772882689,0.3342644446627519,0.43471886440193375
TEST_00723,2.211708286088645,-0.3138729961715605,0.7543439586961284
TEST_00724,2.0603341855991295,-0.2966858461603113,-0.35873635739214915
TEST_00725,0.8472986192988817,-0.03163615717170606,-0.18791005507418446
TEST_00726,3.2434120514461116,-1.027288964141594,-0.06170252915308691
TEST_00727,3.4492069275883877,-0.8951055673675302,-0.6039246951301928
TEST_00728,5.792685453307246,-0.4826407772074043,-0.4001471235307736
TEST_00729,3.9418775858238124,0.4599240090345055,0.4371434464745054
TEST_00730,2.8768421879701664,0.6287472019587573,-0.009657841957637834
TEST_00731,2.244045789705204,0.510295547744303,0.15128517989749915
TEST_00732,1.4406399208642426,0.10334765204972299,0.028821676287221862
TEST_00733,2.833973643808033,0.34746547746878664,0.14084181310859986
TEST_00734,1.4369788722698478,-0.6175083474872507,-0.11058513266757175
TEST_00735,1.2106417125419462,-0.017747956704206334,0.36040868695735584
TEST_00736,2.227831113510733,0.6241776328103348,-0.31308098440520116
TEST_00737,3.0470703242048254,-1.4051297448195676,0.7030152041006332
TEST_00738,4.874715178579397,0.9016574879774255,-1.2833117129276619
TEST_00739,4.070214624515744,1.5088786374766006,1.274480411347129
TEST_00740,2.6069924916019636,-0.47244460079802186,-0.07367947261405719
TEST_00741,1.1919712173259536,-0.4266679718161462,0.4186352734669929
TEST_00742,1.9419375932718095,0.040205201630543884,0.6017383154032733
TEST_00743,3.6430617664892067,-0.4647934359154418,0.23185349214680176
TEST_00744,2.2584880242625154,-0.41564408700590944,0.4592007974960096
TEST_00745,2.598684417022769,0.3762551382634161,1.0806623315278665
TEST_00746,1.6439474712301707,0.30291016205287413,0.02831051797216393
TEST_00747,3.597821787464537,-0.5790477251635846,-0.7684336477878
TEST_00748,1.7359232085429235,0.025565380025308518,0.10870191720007026
TEST_00749,3.70701975810877,-0.3113673272904507,1.1775822947539785
TEST_00750,1.3589355546027286,0.7223857625202819,-0.3107569668222078
TEST_00751,2.858826372117762,-0.3001697143365766,-0.31025681242460423
TEST_00752,3.408554794328876,0.28960857403788776,0.6615926678701873
TEST_00753,3.1531967675268704,-1.375819491569502,0.8449569465646072
TEST_00754,2.8157555031777317,0.05195978809605756,0.41531731505864783
TEST_00755,1.8204654086214216,0.0909483661184146,-0.21154902751466345
TEST_00756,4.067712766754419,-0.7979387504435409,0.31966734330920676
TEST_00757,1.6623542694549942,0.3894881729205038,-0.08870664671283776
TEST_00758,2.5398974327193926,1.0668793923525266,-0.39776616658091324
TEST_00759,4.938217986925124,1.2237706500564711,0.10609984229835594
TEST_00760,4.750700686603159,-0.08337704649573684,-1.466311709120445
TEST_00761,1.0080179694452043,0.022277393218726252,-0.056730510091368626
TEST_00762,2.70468617784867,0.09475990454444037,-0.0753924480343085
TEST_00763,3.322194542628019,0.8576805106334833,0.3126171342122964
TEST_00764,2.4330592896087264,0.2484572147143364,-0.02454783751681382
TEST_00765,1.5914367685472524,0.42985384645418845,-0.014129718745201945
TEST_00766,2.1143045257637665,-0.7664456191153256,-0.35676124904476164
TEST_00767,2.8821348882071787,0.8412577855972816,0.9438127565451316
TEST_00768,2.514279739210087,0.297492474870861,-1.09925355842319
TEST_00769,2.1064217647417665,0.850527628397719,0.0338638757398256
TEST_00770,3.3807194701743075,0.34685951617021943,1.0988337925759457
TEST_00771,1.646545318110595,-0.3578841531149026,0.3338118061595718
TEST_00772,1.3895074981430908,-0.19618406682026915,-0.15634627695990524
TEST_00773,1.9465688086110464,-0.1141451938735014,0.24110162288940856
TEST_00774,2.1733088765846835,1.2874142728841245,-0.8045431609839551
TEST_00775,4.125883646993401,1.0677213908071956,-1.0997909694340755
TEST_00776,2.8704665619010963,0.22231857978223818,0.7735997357586799
TEST_00777,3.1934719029284726,-0.8927778077039126,0.18323618049851978
TEST_00778,4.891536200494008,0.42302283941691327,-0.3204378691483768
TEST_00779,4.777728376499545,-1.389885894751184,-1.4023084001252224
TEST_00780,1.9666223825590323,0.6698348456047212,0.48067658636027555
TEST_00781,3.1908943620292995,-0.08917345071466036,-0.18305172265976877
TEST_00782,1.9143549833563471,-0.4654053557838923,0.5007549873311422
TEST_00783,3.9198782543156563,0.7909982799641191,-0.005176250343478215
TEST_00784,2.3210930627298656,-0.18010141994457168,0.4679898013409719
TEST_00785,2.8109232118137144,0.44261346546769814,1.5259672623136988
TEST_00786,2.794216829781306,-0.27582675038180604,0.090756016672605
TEST_00787,2.5060755080030575,0.6696808032184456,0.8940505533638615
TEST_00788,2.279334621756963,-0.48828219165037756,0.38495777164188755
TEST_00789,2.730801848229014,-0.9550333839053976,-1.285797305280546
TEST_00790,4.0976893060613895,0.07411179491855822,0.5878608965575972
TEST_00791,2.382929324052916,-0.3104676275866478,0.29252543473094367
TEST_00792,2.218216601705157,0.9860613076889334,-0.14560922906237406
TEST_00793,2.959253573386719,0.5519706976900229,-0.045054305704311404
TEST_00794,2.4921377552021813,-0.584367598971284,0.411385154376306
TEST_00795,1.7875046725776802,0.3444745261699498,0.42513656117194853
TEST_00796,4.597254872469443,-0.4997252479603025,0.1333702370066476
TEST_00797,2.8552563052150894,-1.5003444705831896,0.9956842100703519
TEST_00798,3.3351264489141177,1.438254312721916,1.0075513325022516
TEST_00799,3.6565817127667835,-0.6421044172878616,-1.2775931420414168
TEST_00800,3.5001260300063204,1.5876682768831747,0.2923629925687379
TEST_00801,3.63514379936965,1.397957778807234,-0.2436790289079314
TEST_00802,4.496976513086406,-1.4301608194070827,-0.11763037480659731
TEST_00803,3.2320815520458916,-0.10669339840959809,0.06443576421968698
TEST_00804,2.0884677356534667,-0.532384672222657,-0.7603243456787334
TEST_00805,2.083475072226852,1.0698476697218107,-0.633239008348727
TEST_00806,4.226539639716346,-0.1957144603522848,0.3335129882084116
TEST_00807,1.1361553402052729,0.41028989802076166,0.1646973320711074
TEST_00808,5.606674173980777,0.37642181567550903,0.1490395910216814
TEST_00809,2.4193176948299224,0.6976628754354612,-0.06522486670626378
TEST_00810,1.5781595001159399,0.28314771940102684,-0.2264676863559139
TEST_00811,0.7879817981332287,0.41524415647698154,-0.03338788724951525
TEST_00812,2.4829938663221367,0.5724675009275337,-0.3129241113973643
TEST_00813,2.381033755787169,-0.11289478973738754,0.0393109128398612
TEST_00814,3.706623514413912,1.6836095312366361,-0.8085522177984246
TEST_00815,2.3645493753113147,0.8865126379697091,-0.21044785280629122
TEST_00816,2.5922298083512954,-1.1376521329078624,-0.20487799629926917
TEST_00817,3.7290125929804194,-1.9368696045078382,1.7391744651282095
TEST_00818,5.441120832188145,0.46847081102247595,-1.162078914726415
TEST_00819,1.6659525764916756,0.49876048070298684,0.30906153798044766
TEST_00820,1.4632025978530623,0.29829594519496655,-0.02139668352725089
TEST_00821,2.659123001261669,-0.39950395777425646,0.6463347524755819
TEST_00822,2.0859247597392727,0.6709067353521929,0.15974807682509734
TEST_00823,2.403051204759862,-0.5683192530723047,-0.4564777675250911
TEST_00824,1.6758311478262595,-0.33286160916532015,-0.25894170096326985
TEST_00825,1.4081732283668549,0.49512737787995004,-0.6858550494486626
TEST_00826,1.6083895297238946,0.45394700905157276,-0.31162453347956665
TEST_00827,1.1257766308164099,0.3994555502358071,0.06251543008024293
TEST_00828,2.3933564533914273,0.9299351476927276,-0.64939810700212
TEST_00829,1.2753658991468066,-0.08631364450361678,-0.2958269790477631
TEST_00830,4.7479134109565955,-1.3109170397303729,1.8368477969924673
TEST_00831,2.2026515577795607,-0.4144284548358412,0.16453151939084748
TEST_00832,1.444746304954779,0.6186490831011305,0.28636359690864377
TEST_00833,3.2023285982094376,-0.9548148544182075,1.4988730998774202
TEST_00834,2.0579017163736157,0.15634632231819648,0.23391057614979624
TEST_00835,1.9089623135446123,0.6796389990851678,0.10712515532131771
TEST_00836,1.413702402403207,-0.9176243686653154,0.0028676585224021215
TEST_00837,1.3697737992823644,-0.17968576080030876,0.0030824075657237115
TEST_00838,2.4122501260689493,-0.3435590672100214,-0.15281225358479703
TEST_00839,5.789690463094972,0.4487177432419105,-0.0744440743827806
TEST_00840,1.5008773950730618,-0.08301837800384415,-0.2454909060227909
TEST_00841,3.9912865583317156,1.4937399541113128,1.469785899651906
TEST_00842,3.0624182939403104,0.5723107489138753,1.5576003775037799
TEST_00843,2.438367537716272,0.6742830556520046,0.05727470288472031
TEST_00844,3.497217994551911,0.3131814557765281,0.7058180102379406
TEST_00845,2.5079188848831513,0.13273949370735874,-0.049387777230576975
TEST_00846,4.5916630877672695,-0.40807895599257654,0.7723953003182277
TEST_00847,3.655499301206379,0.3504959031074831,0.1348405611195841
TEST_00848,3.874053599855231,1.0659461986352488,0.0035209853637728846
TEST_00849,3.5788388696509745,-0.07462606370478218,-0.054766646651208825
TEST_00850,3.1079183333858547,-0.31679774556192525,-0.31123503985073103
TEST_00851,4.265439340957378,0.14166924261594444,-0.1398317298708016
TEST_00852,3.2213497126505013,-0.7011027755055993,0.48327901274689045
TEST_00853,1.6534134580494715,-0.6943070254146954,-0.15343483723660498
TEST_00854,3.116751617721357,1.3380138566451767,-1.0879101742669712
TEST_00855,1.0761793091067349,0.08617873579744377,-0.27296081925972254
TEST_00856,3.2724467177156207,-0.2252220245265311,1.5054096070807303
TEST_00857,3.7408991349210146,-1.9449497477775788,0.32888877654011506
TEST_00858,4.274325745947164,-0.16796131701477443,-0.5663504961191964
TEST_00859,1.297185761619275,0.28412425426022175,-0.3942531272202811
TEST_00860,2.156095471656091,0.3019149646063249,-0.13645686006509747
TEST_00861,3.360551002791169,0.035135174100274606,0.2301559757064091
TEST_00862,1.59128276384987,0.29949652478677974,-0.20439358184681566
TEST_00863,3.454090821039719,-0.01788341054627164,1.034671947715484
TEST_00864,4.06063546253691,0.1316602964087779,0.8405646749177398
TEST_00865,4.907988981857594,0.3454384159121293,0.13223443229377077
TEST_00866,1.387088339455289,0.45268010706340706,-0.04457725967169001
TEST_00867,1.8357305876016374,0.49246958583895,0.1864245847650317
TEST_00868,2.4268426103539658,-0.7676702209278795,0.23032522990381685
TEST_00869,4.38062937531605,-0.546023641908689,-0.1097140678731405
TEST_00870,0.9780693621283776,0.4226541435988698,0.0025056998303871415
TEST_00871,1.4836901074029964,-0.3761553138073098,-0.08441870919839309
TEST_00872,3.363403419985201,0.98538250422654,0.13586557678262043
TEST_00873,3.539912297822655,0.26053260168288794,0.5683474437287694
TEST_00874,1.6577135888550567,0.14784370806932856,-0.046548564588745345
TEST_00875,1.0667116036460962,0.30626591171173695,0.09500441321029761
TEST_00876,3.45706140893692,-0.2964349928425654,0.3574030984013752
TEST_00877,2.617522759793219,0.8229403723564408,0.1920150438385252
TEST_00878,2.2809396806349733,0.7124147682333747,-0.2923555295980865
TEST_00879,3.6115293809908273,-1.0353941370898665,1.9671141422539835
TEST_00880,4.231586032029288,-1.518696983544057,0.318549822079991
TEST_00881,4.644913683062012,1.373112461843553,0.8971201319822176
TEST_00882,2.0370616877100804,-1.0406201592830326,1.2688621539277536
TEST_00883,4.153295128081792,0.13018199824531942,-1.123722715602844
TEST_00884,1.8822470370679423,-0.2024747853528678,0.20616052900733747
TEST_00885,2.695727005889343,0.3385027474014858,0.5986254071217397
TEST_00886,2.0782489121779575,-0.33469491944091007,0.2615307433716755
TEST_00887,3.8736053576702276,-0.07895401078411382,0.1395953509603333
TEST_00888,4.294953613020636,-2.2058266733327807,0.93413489196255
TEST_00889,3.5177222737691882,0.051340276530815486,0.07944766008000025
TEST_00890,1.5863614987592707,0.30495134941661295,0.16980350861753968
TEST_00891,4.080295051519773,0.30809203370596244,-1.1417653509772632
TEST_00892,4.443276962523643,-1.1026300754328213,0.7317031185322158
TEST_00893,1.282455475649723,-0.030196074824203747,-0.03210313133920584
TEST_00894,1.6789439655450416,0.6367366558191158,0.7493349113343896
TEST_00895,2.856830972669281,0.3287261489912319,0.30905730216276034
TEST_00896,2.382074288521835,-0.17947531840401068,0.5218500793278188
TEST_00897,3.680917270722138,-1.0807679622551452,1.700910193991834
TEST_00898,1.9501610279597907,-0.4848069029773846,0.5519504306665285
TEST_00899,3.2224808191664844,-0.9447854287037494,-0.3380294905957428
TEST_00900,3.0935939799894006,0.4800368465043042,0.9049773021910686
TEST_00901,3.2442101262877414,0.42878449622173753,-1.1334179584234574
TEST_00902,2.500618688051109,-0.21541010163463892,0.16605143461348215
TEST_00903,2.768702736401276,-0.34145198178534003,-0.41092987765266153
TEST_00904,3.8298733437289116,-0.016540960465936096,0.8174801912205643
TEST_00905,4.107519795289617,-0.35901986640507894,0.7431345227454316
TEST_00906,1.9793521776325675,-0.0616543348366375,-0.06709210548923612
TEST_00907,4.1356441332063385,0.40562937590895465,-0.48281204836685115
TEST_00908,3.100091225298517,-0.8159423175500976,-0.5781494243350425
TEST_00909,4.2179207116798585,0.018181881778539622,0.4424298307405406
TEST_00910,1.9965351954322035,-0.8867487248438048,0.5535548528795454
TEST_00911,1.8020549363969869,0.045113481060039255,0.26289303732858066
TEST_00912,3.1878343116414896,-0.6988449427202132,0.5871435429317673
TEST_00913,3.279323627601411,0.9087978841603183,0.49555460112613003
TEST_00914,2.4046695351910516,-0.293111119855262,0.24923204109942057
TEST_00915,1.5974295770598248,-0.8286211000910765,-0.30647641579614254
TEST_00916,4.361591295701341,-0.02704249055311036,0.15103157693000827
TEST_00917,3.0552564703182625,-2.275146687381632,-0.8480943107516109
TEST_00918,1.600739144600029,-0.46575334038008315,-0.5017568342327372
TEST_00919,1.1729612511800103,0.09632040376375331,-0.13139580449391308
TEST_00920,2.8128937918494907,-1.666178579448557,-0.7035172266713535
TEST_00921,2.0199057760484656,1.2359942815888068,-0.3159746348301743
TEST_00922,4.2893038348441745,-0.779572398107795,0.4991421583635279
TEST_00923,2.347784676358173,0.5353398032568909,0.6311867668772919
TEST_00924,3.2997444225606176,1.0799761074954841,-0.05303150483153112
TEST_00925,0.8811859225365849,-0.12731788390357174,-0.31669674754164123
TEST_00926,4.592435008689881,-0.8240868278997825,-0.6007209291237054
TEST_00927,5.068520818183128,-0.47047024756276307,1.1936630326743505
TEST_00928,4.423243872838451,1.4929866371459946,-0.10463122187264048
TEST_00929,2.116626549438131,0.27945062908077095,0.2599770571522658
TEST_00930,2.7254311444548867,-0.04247865076760418,-0.6351751849155923
TEST_00931,3.1572566350340034,-0.42356722282857534,-1.2130036956699155
TEST_00932,3.4185304537409698,-0.9740803610236417,0.43966386571251515
TEST_00933,1.231896547015168,-0.36360924926927923,0.04069834665828502
TEST_00934,2.4860997138975383,-0.6452942940302364,-0.423430048481482
TEST_00935,1.2620006127381989,0.49003754214640327,0.23377063541038517
TEST_00936,1.7956708091690203,-1.1037777010409104,-0.6077686043100499
TEST_00937,2.1101729156173215,0.791668460008351,0.38658323421802065
TEST_00938,2.436694502461383,-0.6998226277268387,-0.7817737060229791
TEST_00939,2.3863788196049174,0.6035787028778778,-0.09317616465932631
TEST_00940,2.918352693408316,-0.2701516552081626,-0.14071641702428492
TEST_00941,3.6200497266879728,-0.4436267436678677,-0.6919441298838621
TEST_00942,1.7998410738731956,-0.41417728324563435,0.05633593486333391
TEST_00943,3.9903717998351618,0.4743149851891843,0.9436251441568281
TEST_00944,3.701590976679928,-0.2913162323286647,-0.5822356987741157
TEST_00945,2.193519750049592,1.7468363461877339,1.0740005214209778
TEST_00946,2.0470176335749715,0.08416790025644805,-0.1814770081775245
TEST_00947,2.289463839185844,-0.14944942469152847,0.08345303222958954
TEST_00948,2.0296511954681646,0.4278158822063338,-0.1980277580074974
TEST_00949,1.2339644169965955,0.18558025817978796,0.5550058082992101
TEST_00950,2.3029291014322872,-0.15225334547486225,0.2668642123188997
TEST_00951,1.7836393761013887,0.8074383118041056,0.3172288256304647
TEST_00952,2.1293868375564844,0.18147560122464257,-0.47551879420725984
TEST_00953,3.1130089493693944,-1.5685844610989703,0.8491435131450067
TEST_00954,2.7950146874097572,0.06120296302856041,-0.637000599807448
TEST_00955,2.086148455153147,-0.05192443933753332,-0.47948105926809875
TEST_00956,1.4000955287385655,0.04669455706082654,-0.5775100272969321
TEST_00957,2.063110510725213,0.20098821746397746,0.017519100228730836
TEST_00958,3.2930384315581707,-1.6189560755517896,-0.45650975753309875
TEST_00959,5.496034615815715,1.7166395271122823,0.2956439404920907
TEST_00960,3.943092814962866,-0.3441338268470883,0.2693424813633754
TEST_00961,4.133172617811988,1.040275773441919,0.766120671567979
TEST_00962,3.3716780543898492,0.6083902024488845,-0.5475975095672098
TEST_00963,3.3267386920692124,1.6843109938521894,0.08859010877400367
TEST_00964,2.5866666251163832,-0.13036175926414456,-0.5924313355284154
TEST_00965,2.3323165297632396,-0.5921478706214408,0.6104504044620329
TEST_00966,4.85037887382937,1.0753551369857746,0.49087801852602064
TEST_00967,4.798774839742697,-1.2686706321473549,0.5859390763946469
TEST_00968,1.6991196611799773,0.17628787103191298,-0.02441711172815244
TEST_00969,2.0338423354034085,-0.13646547075156484,0.03217570345795762
TEST_00970,2.2725191948378165,0.2574219935555859,-0.11425369905251959
TEST_00971,3.2920944705776454,0.09782893878149938,-0.3523094538858187
TEST_00972,2.9510461683706484,-0.08049931621501569,-0.3626535505622458
TEST_00973,1.0292215983570188,-0.019769817371347143,0.06878772837339898
TEST_00974,2.8686102583338755,1.316829118890272,-0.4426444738981231
TEST_00975,2.303386737727033,-0.7531716426320357,-0.09555392061609809
TEST_00976,1.8493819787957964,1.0219183971934804,1.106955849652474
TEST_00977,3.3458201125324316,0.16122036014734925,-0.3003612676630988
TEST_00978,2.015077931197644,-1.6123931580270165,0.3576938751922128
TEST_00979,4.46827933189033,-0.6692346638348731,-1.2970085387261525
TEST_00980,1.175734911715549,-0.34365226730516735,-0.09737806548758858
TEST_00981,2.9607133405628763,-0.09562268613241154,0.07124588458774647
TEST_00982,1.67951183719484,0.4166457695688637,0.026221504137226254
TEST_00983,1.2817745122084185,0.3042246131325723,-0.12966526898141567
TEST_00984,1.812937734921984,-0.10354658870871913,-0.17543571901043145
TEST_00985,1.5053260082579631,0.5295059058960193,0.6448763830513847
TEST_00986,3.2154657475032398,-0.10897705798105978,-1.3693015382278992
TEST_00987,2.946008122716145,-0.2921929820288465,0.08962435472188982
TEST_00988,2.5959523558179476,-0.04771781042257406,-0.07183267916556496
TEST_00989,1.8728689620274819,-0.11457579992323494,0.7771575606293696
TEST_00990,2.48073229490589,1.607575521284826,0.6105122764789493
TEST_00991,1.7223168877106902,-0.877678826588607,0.09187298312691564
TEST_00992,1.5854684520880218,0.9178095873680354,0.45712710955623614
TEST_00993,4.000985270010273,0.1399337409978507,1.0737103988026644
TEST_00994,1.352087400865363,0.14255531082065231,-0.09839404665444461
TEST_00995,0.7541207909867119,0.022838012566525644,-0.01492366683613044
TEST_00996,2.7871323627188764,-1.6071405942617034,-0.2647308682725888
TEST_00997,2.2549351482479896,-0.19517937454598377,0.174762751497049
TEST_00998,1.420271572285634,0.5828673795823994,0.0741451424020421
TEST_00999,1.3720994215802327,-0.6246517915365757,-0.6931999537115999
TEST_01000,2.7685873103506755,0.875278729390634,-0.8330524923265649
TEST_01001,3.356107854950604,-0.9517468634308169,1.0754595136523388
TEST_01002,3.555332955977982,0.9446510085612168,-0.42689098096275424
TEST_01003,3.670546977144567,-0.9577322475009807,-0.5073651458800708
TEST_01004,2.200816235572147,0.8357448984920298,-0.08918638480131279
TEST_01005,1.3184621249632194,0.7164729845475267,-0.08059508789532846
TEST_01006,3.780952566710448,0.7970085080722616,1.2540981422228537
TEST_01007,3.28628770770739,-1.4132915968157944,-0.6384820808232377
TEST_01008,4.982042407745397,-0.13128369455831895,1.4662954855679615
TEST_01009,2.444772245103404,0.16696776705866312,0.18584673044850758
TEST_01010,2.264079929537552,-0.10152155549145693,-0.39446814250555373
TEST_01011,2.506100883280268,-0.016202868600005724,0.09852117963968288
TEST_01012,4.83329856065715,0.5862183082115471,0.3920259332151782
TEST_01013,2.6594583592586245,0.16409713313173388,0.39613587393650185
TEST_01014,2.546259967017921,1.2917147119306578,1.000734161674186
TEST_01015,3.098019735132823,-0.26456045383132787,-0.14585846961455146
TEST_01016,1.9259700668227082,-0.8358367740535091,1.0684089436351365
TEST_01017,3.3022944751676304,-1.0909951951534096,-0.789839914382952
TEST_01018,3.057608126286104,1.4155413631167688,-1.1934006583611054
TEST_01019,3.8301403060590604,0.701502563545154,-0.19393496817991623
TEST_01020,1.5576878798322709,0.2779629042698537,0.6411965612787236
TEST_01021,1.6854999233140369,0.4448210931450454,0.44794477725030424
TEST_01022,1.787784257133526,0.08430079525222105,0.09842815575687282
TEST_01023,3.7078918501844575,-1.0387351818978252,0.5836464608043802
TEST_01024,2.6174671560520313,0.37678518793503374,-0.23261193795005788
TEST_01025,2.483889065153997,-0.46298641644709354,-0.53953841451807
TEST_01026,1.5229505896007878,0.3874979464263072,0.33592690369865297
TEST_01027,2.9493586805444973,-0.04076835092113315,-0.4747247266198213
TEST_01028,2.5898377859291477,-0.500484949344167,0.33239411623051374
TEST_01029,1.0708989332281966,-0.4915155911391782,-0.6096558622331132
TEST_01030,1.1527424548363354,-0.2156422941875428,0.1458624935783779
TEST_01031,1.8720789760811305,-0.23169598514982398,0.18862429635641753
TEST_01032,1.6449691677961968,0.5264252460843545,0.6621098770209646
TEST_01033,2.249777634590661,0.2747813001364253,0.5921709124557211
TEST_01034,2.827662948469804,-0.02818555961234982,-0.5884872969778548
TEST_01035,1.356833120208893,0.3575157937608999,0.6276763701903946
TEST_01036,0.9794378183234662,-0.3062966859359701,-0.4200544877727314
TEST_01037,3.252465294422575,-1.9455859741042638,0.9408869825515627
TEST_01038,2.455053657715554,0.7894445403979526,-0.7310796775626311
TEST_01039,5.33035182341395,-1.5999447590568643,1.8513989305847196
TEST_01040,3.5693313637755026,0.03129990814170648,0.2271489200775027
TEST_01041,3.4603791079866624,0.20341812236167336,-0.313124417701399
TEST_01042,1.5200895187405883,-0.33057051988631825,-0.14950577896951928
TEST_01043,3.8411159427569737,-1.9475657462308014,0.958704248676901
TEST_01044,2.443957590957019,-0.8624515634737868,0.19228023681149176
TEST_01045,1.3810151811314089,-0.04856265133253446,0.06710362057741574
TEST_01046,2.039474480084672,0.19479002749200222,0.21678946121378653
TEST_01047,1.5958008613970154,0.7350551653599654,0.602660827497624
TEST_01048,3.406319376130262,-2.2798225139754984,-0.3711169654172657
TEST_01049,3.7223149187780913,0.20671341544784622,0.38868388290670464
TEST_01050,1.3865064041081896,0.029165187081483347,0.3731573837262431
TEST_01051,1.4280855010444213,-0.15683614215613384,-0.03657366919383741
TEST_01052,1.428509778618544,-0.05495955771865402,0.1333452383510707
TEST_01053,2.2656372562014546,-0.729684124951169,0.5164501118774163
TEST_01054,3.6793220442018137,-1.0798847785115429,-0.2980977816306775
TEST_01055,1.913357412000631,-0.16044214690069492,0.36604930979138484
TEST_01056,2.1743732739859425,-0.013187227713195143,0.9671061979507337
TEST_01057,3.4530192623342693,-0.819877311613319,1.168042995955108
TEST_01058,4.690251887058618,-0.9800750067143904,-0.40916909178249883
TEST_01059,4.072091966636511,-0.5614786499174415,-1.07679566758512
TEST_01060,1.7415181724563031,0.5240885917259822,-0.1705485303938342
TEST_01061,3.033328254558172,-0.3339508318411344,0.7426340291715293
TEST_01062,1.9484997761517464,0.7213596928720077,0.17931831074783447
TEST_01063,3.318615780866758,-0.47291093929847555,-0.4261230066484866
TEST_01064,2.238558158546466,-0.3194958307890932,0.9396708571629546
TEST_01065,3.52275838887766,1.1069175263095412,1.669865588437704
TEST_01066,2.562973956499373,0.14174186750160075,-0.004110532863338328
TEST_01067,4.6309177754759085,-0.15332138252174543,0.3655538212550291
TEST_01068,3.1407950639197613,1.2226797082765324,-1.0651098847726947
TEST_01069,3.4842061358490355,0.8515019278284923,0.4596361436494146
TEST_01070,4.558661177536188,-0.5484516754019378,1.0416892580692279
TEST_01071,1.3685816864628746,0.2208619137166891,-0.15276545221986976
TEST_01072,1.5162545741418203,-0.05429244254084954,0.7132744188417971
TEST_01073,3.168109498119361,0.5610218225806491,0.4698188141442804
TEST_01074,2.7989970611817716,0.04004413656960865,0.17955244738664014
TEST_01075,1.5640941434545341,-0.782139447969423,0.5686458387418107
TEST_01076,2.953675870348952,0.4994211252135618,1.1111432649436161
TEST_01077,3.4975064172518677,1.486491108707628,-0.5088324167481945
TEST_01078,2.419677475855544,-1.0224284083190385,-0.3905417109121911
TEST_01079,5.368317220014378,-0.8323729641237287,0.7450065145353392
TEST_01080,3.6047586816270942,1.5609339666154924,0.2878762060690242
TEST_01081,2.275961291623844,0.8034856169743216,0.5777063095625882
TEST_01082,1.5675149445408376,0.46874663855007004,0.033768358211612386
TEST_01083,2.12767645339564,-2.0077288164345815,-0.5483698888502321
TEST_01084,2.2446718257083287,0.6190433884528945,-0.20979346811989774
TEST_01085,2.2453416302607283,-0.17403878221680946,-0.040100636430330856
TEST_01086,2.2257635482227665,0.8755242049565853,-0.3115999482469018
TEST_01087,4.844493728730032,-0.1692662571207394,-0.42334057021743865
TEST_01088,4.988820947715875,-2.0564780353616117,0.15282146670899383
TEST_01089,3.5053962009734585,-0.11774213183518593,0.10079060760493773
TEST_01090,2.7204984296059123,0.26458746433345676,0.11989423370260324
TEST_01091,4.145586456084448,0.28810346543481324,0.30566616068692276
TEST_01092,5.043440418556802,-0.9673783146353643,1.2165215231369348
TEST_01093,2.1249197148773304,0.49780358177192924,-0.18675403881615585
TEST_01094,2.0466135172169015,1.261124394513422,0.8419367114429198
TEST_01095,3.3843781798125243,0.9248844088746281,-0.6167345636821848
TEST_01096,2.0052981415407807,0.49306319981949126,-0.23463249129015046
TEST_01097,3.8992413333951834,1.566958657706145,0.8838010345389007
TEST_01098,1.7753221200654359,-1.1604594637992063,-0.767119992065218
TEST_01099,1.2506973172862736,-0.5704634006222301,-0.2743377413172483
TEST_01100,2.5296382004898827,0.4755965029354555,-0.7586449844174475
TEST_01101,1.0559500902484564,0.26908570287784817,-0.4040027659761049
TEST_01102,1.478032220792577,0.1991438427508677,0.24964344446897302
TEST_01103,3.3991505622363243,0.019891803274564347,0.5633497979201775
TEST_01104,1.263558506262955,-0.49026068563288067,-0.1952314600645805
TEST_01105,1.728611371163151,-0.7598807294126675,0.04215290650612011
TEST_01106,3.5082512623019855,0.15060663784487374,-0.40063778840571596
TEST_01107,1.670336715140406,-0.1963572789272621,0.510092625939267
TEST_01108,2.6849463423441526,-0.049112951471228655,-0.11296420706806623
TEST_01109,3.4496878497014194,-1.406871295590303,-1.0476967143231646
TEST_01110,1.0741788018893128,-0.30903055457248174,0.009246615783269192
TEST_01111,3.1605476458477373,0.11155881562262339,-0.31311134629159504
TEST_01112,1.5318390045273946,0.14667634306912414,-0.055481235102839144
TEST_01113,3.5927915186461274,-0.7824457556440318,-0.16729852690317668
TEST_01114,3.1271369883909115,-0.10135845116259869,0.7602450579342299
TEST_01115,2.11518402828393,-0.22623634660838524,-0.5478187814307672
TEST_01116,1.820643852306262,-1.0540848184073577,-0.36383924523691574
TEST_01117,2.3812217019816946,-1.2286691059648776,-0.3188282896239593
TEST_01118,3.7505180124833695,-1.5355121410356887,-1.11957545360436
TEST_01119,1.8782932288510485,0.08793110822600932,-0.36651907679991147
TEST_01120,4.657782421174445,-1.1169820982544971,0.2476015381051266
TEST_01121,3.084311518358842,1.5072246751871996,0.818030171227955
TEST_01122,2.106147740522554,-1.0322566884456776,-0.19353946423784155
TEST_01123,2.821490159588991,-0.7909687125911579,-0.469779747390413
TEST_01124,1.1135512780005845,-0.17141573400269702,0.39899077491118906
TEST_01125,1.4977852132306417,0.5768245310542586,0.055396791035907215
TEST_01126,4.3809937795246,0.35222265521025037,1.0822363760526972
TEST_01127,2.969220618417358,0.04796585532525569,0.8770483581343727
TEST_01128,3.7809535846533016,0.6030828285302802,0.9663019971156218
TEST_01129,3.193489849064897,0.0015993336446539523,0.6426129062999275
TEST_01130,2.598396818931007,0.01750161877333865,-0.5324143400082372
TEST_01131,2.2697497401758797,-0.18571611778742264,-0.040554095792285506
TEST_01132,3.217936848193799,-0.28437119733101257,0.6593490924717873
TEST_01133,1.4017929822244983,0.2603240450302537,0.09386201285899383
TEST_01134,3.059161955039981,0.5505414524130413,-0.9408543557604924
TEST_01135,1.8592510029430793,0.7546395791503235,0.345660854054306
TEST_01136,2.7610517198358044,-0.022733245411505804,-0.465298845403581
TEST_01137,0.7867635310757553,0.04922798493604117,0.2577860826476986
TEST_01138,3.2881687051821125,1.4750099206735843,0.8818370545334152
TEST_01139,2.225007359939205,-1.2688832364674674,-0.3363797680123532
TEST_01140,2.524783682707996,-1.0007046890034712,-0.931319870975964
TEST_01141,2.8025332961119904,0.03687827084078761,-1.0987643675993324
TEST_01142,1.788057241418292,-0.5112171306733748,0.06239051612218381
TEST_01143,2.1200641374171307,-0.430359454622521,-0.20799515354941597
TEST_01144,3.163760435642778,0.15575713655420584,0.09024557626732502
TEST_01145,1.095504957169491,-0.12829152234874447,-0.0805766943185195
TEST_01146,2.915657147646273,0.5930416542129844,-0.015105585950324206
TEST_01147,4.3852447987536785,-0.11533502489628764,-1.0531859803724248
TEST_01148,2.100201858945354,0.18360647250326773,-0.07349480524897312
TEST_01149,3.3088341580900362,0.4025939853638059,-0.5977713565786628
TEST_01150,0.9027067136786743,-0.4531156446559573,0.026974227446075208
TEST_01151,2.8918959039675856,-0.4165686194165436,-0.38411785138077326
TEST_01152,1.4737452304072085,0.030205547392912993,0.5492835861179918
TEST_01153,3.7022928466130725,-1.7535590411605193,-0.593940719370672
TEST_01154,1.5319348302300217,0.1084030721535364,-0.13013316537362304
TEST_01155,2.2274133177889026,0.0783515228533412,0.7196557820903784
TEST_01156,4.791952305307094,0.1585678940237709,0.3925807534348858
TEST_01157,1.9830305940025705,-0.30218610258446593,0.2864718093410261
TEST_01158,3.511544241293063,0.780764329326504,-0.3116566262955456
TEST_01159,4.703042280439563,-0.5588884103746384,1.8468463769977503
TEST_01160,4.401817044077879,1.8539343368582242,0.05810654638562065
TEST_01161,2.015741229963994,1.3608626141715343,-0.307421636657472
TEST_01162,2.2997183424569743,-1.2679503700674244,0.47934520355401317
TEST_01163,3.4987145530393433,0.9010768467641369,-0.811590668526969
TEST_01164,2.0616732873920247,-0.09365084991428346,0.47937128520361766
TEST_01165,1.4740339719380495,0.01863578343629109,-0.33526025272354676
TEST_01166,2.781478540836551,0.42108916312682926,-0.08683457689768258
TEST_01167,2.420631702419196,-0.2235502847979542,0.9892695581597069
TEST_01168,1.0951557535867926,0.6302812935689539,0.02596212338956956
TEST_01169,3.535042380025173,-0.1045099938825481,0.08285485538832611
TEST_01170,1.9372771870722276,0.3183736647195226,-0.5750578218262459
TEST_01171,1.8970019008151684,-0.04179892275848911,0.22391772795843323
TEST_01172,4.8518878051956404,-0.2821448899672089,0.9335785451046263
TEST_01173,2.826121684155252,0.46761884662037384,0.521539421167668
TEST_01174,3.436391677950945,0.34379373030287474,1.0817352340695432
TEST_01175,1.9278738550885468,-0.22319129628134982,0.24100194382231355
TEST_01176,1.6713982462414498,0.6515073674211724,0.821602996414959
TEST_01177,3.3982803446486645,0.4887836400213295,-0.5026975831107238
TEST_01178,5.17210095140047,0.2610400941019087,0.4431063539351903
TEST_01179,3.4167205259498585,0.38843911896454975,-0.8383838675450691
TEST_01180,1.3156082110457377,0.3696249035865967,0.05634970858855908
TEST_01181,1.6342582314194862,-0.13909797391772266,0.5689333789938597
TEST_01182,1.5641798351531362,0.7055278521707844,0.4887179131415457
TEST_01183,1.9954701469343257,0.06650724747192574,-0.19040899553189972
TEST_01184,2.56905478036671,-0.193257557408613,-0.7917409441028597
TEST_01185,3.092093212228509,-0.578166199816557,1.175451469260823
TEST_01186,2.7127269936803295,-0.28867980315596253,-0.07051121063499523
TEST_01187,4.046395655980527,0.5904127713876645,-0.9881064871827877
TEST_01188,2.2755052369628523,-0.0647371452425888,-0.2097436084170753
TEST_01189,2.4652453623424653,1.3814380132748039,-1.0166920792534155
TEST_01190,1.6692402544048968,0.8262742654410083,0.571236237341235
TEST_01191,1.3995374389367956,0.5133504959229018,0.20010425938835397
TEST_01192,2.6259825862317894,-1.798064139944747,-0.8802971202965141
TEST_01193,3.611743894449357,0.9091198612494774,0.6430950915716468
TEST_01194,2.3942014281840285,0.6084091949217054,0.40069905516601834
TEST_01195,2.1886398216553804,-0.4256398196103782,0.18117806123794236
TEST_01196,3.1886209705589224,-1.5915612754142983,0.7017984724464706
TEST_01197,2.937689597850585,-1.7840041180708752,0.3385178501346604
TEST_01198,3.1572305292756537,1.3140908856410756,0.5823905115379446
TEST_01199,5.4110151882807696,-1.4992257148963075,2.000272861958051
TEST_01200,1.8350582793735446,0.85872880403323,0.0941374998974008
TEST_01201,2.621116318331105,-0.14193309713601873,-0.46746840166934267
TEST_01202,1.8572963120008916,-1.0389149713378596,0.8694132196542019
TEST_01203,1.41946810256708,0.2775971673607633,0.4063189394670907
TEST_01204,3.3460265295158966,-0.6559341817973602,0.06934862124011901
TEST_01205,2.418363550194937,0.050669604907296543,0.1329892422450022
TEST_01206,4.145493973853567,-0.16141669917743454,-0.016617298383554288
TEST_01207,4.694292687623557,-0.44087814010790666,-0.5933605111310134
TEST_01208,3.1204560709547424,-1.1021501688405122,-1.1076108307433516
TEST_01209,3.563580736766814,-0.0916496168895396,-0.793713637927437
TEST_01210,2.186078292580239,0.33825045882670063,0.0978024368403191
TEST_01211,4.327207345457632,0.5366960304892868,0.466097139891077
TEST_01212,2.6903825301598334,-0.7038133232883979,1.1229869138136503
TEST_01213,1.6511888784760593,0.4128196254241598,0.31454720382067314
TEST_01214,3.1891281864466414,0.6598092607065024,1.5860105257366692
TEST_01215,2.7057955456839378,-0.5966386313500777,-0.12118733391607926
TEST_01216,2.352793254457208,0.44648523867064,-0.07510379031513945
TEST_01217,1.932347638781734,-0.12332541128342309,0.5510563928718141
TEST_01218,1.2349362169542064,0.6233655687981682,0.0910728480492674
TEST_01219,3.7505633198716315,0.4187203038997255,0.2595412060091259
TEST_01220,2.7082549918188277,0.7594361423365316,-0.019625304624811716
TEST_01221,3.629787519950834,-0.5143775274048188,-0.24042191855484976
TEST_01222,2.178942787907151,0.2879459575919122,-0.7971419396353543
TEST_01223,2.5811072144089935,-0.7587561774477563,0.21661020675840972
TEST_01224,4.187905221879355,0.11129217179430609,1.0772674531066242
TEST_01225,1.9322809807157406,-0.8750054283392767,0.5967906356972442
TEST_01226,2.2433152330461916,0.016608403290101555,-0.006101277026286306
TEST_01227,1.3267894270111895,-0.18805704257703776,-0.39678112916232394
TEST_01228,2.2942580158849237,0.21499399393785174,-0.04493171020948827
TEST_01229,3.679326396140296,-0.672454495151296,0.6286916642897529
TEST_01230,1.1095971109023768,-0.6511133398741265,0.16636121528627068
TEST_01231,3.0100908523265897,0.3875308489428092,0.06781123657210278
TEST_01232,2.077481181587769,0.29694206739926393,-0.1271315390003398
TEST_01233,2.645946210766113,0.18950104588336852,0.2970451819518949
TEST_01234,2.2424660476396627,-0.03787279673141578,0.3742029806913724
TEST_01235,1.2995977387503503,-0.4330872487292185,-0.05936690603005695
TEST_01236,3.475527664624555,-0.14347591817196623,-0.2619160217760338
TEST_01237,3.0861497416451584,-0.8341458343068728,0.16381463792153841
TEST_01238,2.325795937624013,0.5828595531267218,0.054808502127076435
TEST_01239,4.904248965452226,-1.5152046279000406,0.9194523640396366
TEST_01240,3.0166790753809067,-2.151227922618915,-1.0715430720083663
TEST_01241,4.128744392972542,-0.6888269188109047,1.0514873145064658
TEST_01242,2.9057342769217382,-0.05472284401481723,-0.6299777261882481
TEST_01243,3.071848710767383,0.7957891971421602,-0.46832241524764995
TEST_01244,3.803707203736499,-0.8642299690917326,1.3567585545022458
TEST_01245,2.4474442083998023,-0.8523056652587329,0.4012123909053531
TEST_01246,2.643164560954125,0.10381389179794567,-0.16191531631182016
TEST_01247,2.962804966087821,-0.3362864906410548,1.0204696325600076
TEST_01248,3.191515998049498,0.6044977892042844,0.9581296857217734
TEST_01249,2.765924666013037,0.5434614357441945,0.42676057287836716
TEST_01250,2.167238392786731,0.3546400841396017,0.4605937947161987
TEST_01251,3.0488910816469477,0.25328674985488825,0.0962945922296666
TEST_01252,3.6014942980021005,0.39091537661097414,-0.8771873250466271
TEST_01253,2.3079307046265956,0.22058741505931442,-0.39353137006480887
TEST_01254,2.5205873144003133,-0.5000746565329609,0.29296757436937504
TEST_01255,1.8851071797372942,1.2118223056359878,0.17385644193997685
TEST_01256,3.258515522130322,-0.36836013983370086,0.7762720075237627
TEST_01257,3.3860102255746773,-1.8967642665390807,1.582837195600934
TEST_01258,1.8983769639292638,1.4347333791391201,-0.025621270079459683
TEST_01259,3.163718193238384,1.4503349861239678,-0.3608010296315537
TEST_01260,1.2428162978259447,-0.015002475859610615,-0.49461466696651374
TEST_01261,1.9474754945669852,-0.44698006507331683,-0.29157309087248895
TEST_01262,2.0044793626170003,-0.49293800522615633,0.5161472740058886
TEST_01263,4.131230079797386,-0.6780475013724436,1.2951891272437737
TEST_01264,3.7525264692555926,-0.1798310024692172,-0.0804593160099148
TEST_01265,1.1898072174241483,0.44577895903182574,0.3123883899654917
TEST_01266,3.010228011812723,0.0999990478786615,-0.15939266109722766
TEST_01267,3.4783627670746213,-0.36916166098221914,-0.22641912655329607
TEST_01268,2.476841164244053,-0.09855164173351666,0.22128885255516983
TEST_01269,4.385714024817957,1.7806299755532078,0.8170443431438561
TEST_01270,4.148926905697627,-0.6104584009072391,1.0678440229816974
TEST_01271,2.843541910567742,0.49570155561869944,0.07560636403785573
TEST_01272,2.027601050877954,-0.8531508696440953,0.8297675583763684
TEST_01273,2.0273921191812088,-0.14673686055418103,0.24127517352745323
TEST_01274,2.718080224086246,0.17245836025993752,0.08110714848385643
TEST_01275,1.2368241877179345,-0.3217873673599168,-0.11844928913606968
TEST_01276,3.8667152369161233,0.09324701747644552,0.06709343848650724
TEST_01277,1.4849761833582344,0.015940899461518766,-0.16290000096512092
TEST_01278,3.164077344863133,-1.2137182361322645,-0.9885994436852363
TEST_01279,4.889577347610655,0.07542973613594384,0.2993596718771265
TEST_01280,3.539710788332968,-0.6862950163479045,-0.5122215058673885
TEST_01281,4.255774775128252,0.576919886315716,0.06929864173110928
TEST_01282,3.6840872622312086,-1.4191693791667188,0.3000769790880747
TEST_01283,2.745853603954783,-1.601568884491312,-1.1189255584094306
TEST_01284,1.6871199346774393,0.25185669731722543,-0.23473023013586095
TEST_01285,1.524673548085595,-0.03337144542126952,0.5656930975602358
TEST_01286,2.0889437460620117,0.18870565582749627,0.26459093572065173
TEST_01287,1.963683851595866,0.7776077259577326,-0.02056855045125082
TEST_01288,5.214925353678339,-2.1121676749268197,0.8507728900118261
TEST_01289,3.6721846539467875,-0.05346421685753666,0.3490874861597832
TEST_01290,1.6716495612222209,0.6386291132852349,-0.2276312693824583
TEST_01291,1.788415292329403,0.08931613491007617,0.11692874084074224
TEST_01292,4.378503364076829,1.277675540982143,1.4114918728535804
TEST_01293,3.0345716293113942,0.27320619536144386,0.20729978889368755
TEST_01294,1.6898476152703554,-0.5229424364557902,-0.6547800984303692
TEST_01295,3.776640704017062,1.1652486861164955,0.3828431384829556
TEST_01296,1.2414458697130775,-0.2588087527326418,0.08168809010501082
TEST_01297,3.304538954459119,1.3365541565184011,1.390763737942414
TEST_01298,1.9047299902171984,0.09292131125703482,-0.4605143424687392
TEST_01299,3.079139046458281,-0.1911725787650428,-0.27596019227846624
TEST_01300,2.644630799703469,-0.42316422967861156,-0.27476990527575973
TEST_01301,2.391092767304219,-0.1648167530921552,-0.23605505081648476
TEST_01302,1.5037278554106794,-0.44277901628073335,0.2437605764068555
TEST_01303,2.976572399274557,0.07053759986717598,0.07661031240052495
TEST_01304,1.8410898686638504,-0.044213103691935624,-0.4937799887922419
TEST_01305,5.489400701499962,0.8669848466197637,1.1431951348854648
TEST_01306,2.934332012145287,0.5146052357053975,-0.3972662621755889
TEST_01307,2.0355374244664795,-0.6543626471243691,0.2528209871152037
TEST_01308,2.2086526517382845,0.3496398198554258,0.4846757616855145
TEST_01309,2.8481899911437285,-1.4076571043666881,0.6137525993379399
TEST_01310,4.144680066431994,0.34292444561483953,0.5962217701499705
TEST_01311,2.6444833919874267,1.0049385731968101,-0.15930563059127678
TEST_01312,1.5088452839434152,-0.3141787606116999,0.040139490196839815
TEST_01313,3.2375778898613023,-1.4734023757736217,-0.3712424665054397
TEST_01314,2.1582483248391493,-0.6884433745835641,0.1151426209270301
TEST_01315,0.8574231048459506,-0.06633728236309168,-0.18217252509258336
TEST_01316,1.8647976487063578,-0.5133887747972112,-0.06764667262405241
TEST_01317,3.5086646164143604,-2.2146764715255274,1.137363885742017
TEST_01318,3.0441999136431668,-0.6050083965262212,0.46054061592486334
TEST_01319,5.491260418644415,-0.2542503840103353,0.3440231360508135
TEST_01320,1.430385245230002,0.6014583330067278,-0.441937756427635
TEST_01321,4.853322025981691,0.5629904080604905,0.1290200306311559
TEST_01322,4.722813865011815,-1.5252995732658114,-0.8050526820770498
TEST_01323,4.213085850340369,-1.6595721937705101,-0.1742626789799367
TEST_01324,1.0140758906102298,-0.1539891164182249,-0.2088045369102235
TEST_01325,1.9840876970028112,0.29620593665454065,0.3556576286029955
TEST_01326,4.17210661223999,-0.801930015979309,-0.031535432977712864
TEST_01327,1.9469310869349024,0.9494019437453267,0.4469279708197314
TEST_01328,5.388155764455189,-1.3462253449256047,1.5147681159208404
TEST_01329,3.3948290144538014,0.29340932499095923,0.21792951617889877
TEST_01330,2.816298766279865,0.6288242874389295,-0.7331810227727493
TEST_01331,3.1039662211244137,0.11150912316813173,-0.07643491696148075
TEST_01332,3.096312317287619,-0.08692511656449706,-0.14514656816953014
TEST_01333,2.464614300759734,0.09664478424678759,-0.14548618030643687
TEST_01334,3.186883900022569,0.23489464968256804,0.2060859710321638
TEST_01335,3.7679560823359224,-0.260031783290547,-0.1032851418085165
TEST_01336,1.647968655484333,0.3715572379888835,0.34957075212128425
TEST_01337,3.0761729550765744,2.0106670745838278,1.9294172664217446
TEST_01338,1.2865649934722931,0.7538211811963077,-0.18996053707531904
TEST_01339,1.3045958238361595,-0.193693970204852,-0.027766125386810146
TEST_01340,1.9248021703309504,-0.25000713866133645,-0.3409284329178422
TEST_01341,3.4407871065794704,-0.2829974326947875,1.1225521625862542
TEST_01342,1.697823698937273,-0.9736591278636945,0.2878609368761223
TEST_01343,3.4411908764454715,0.23132255903916146,0.8390102064425404
TEST_01344,3.861838513188267,-0.7052933235166144,0.9955855190609411
TEST_01345,1.3849178980427086,-0.4806351198802564,0.021526405301064287
TEST_01346,2.2764324649536705,-0.592806956844538,0.2255663940220433
TEST_01347,2.263015034411426,-0.6676998311233072,0.45839761883764535
TEST_01348,2.6898799748898488,-0.0043872295238324595,-0.18444418181108496
TEST_01349,1.898735707330744,0.43485779786696627,-0.3785868086201472
TEST_01350,3.342875677073628,-1.1982695570986155,0.9837310085351219
TEST_01351,2.28606462467493,1.0472851806472572,0.15645801333584627
TEST_01352,3.305944519351041,-0.04468796265953095,1.6772759785208071
TEST_01353,1.6438802866821511,0.05470760087399777,-0.005913800298663797
TEST_01354,1.8592445032418174,0.6259842780944482,0.30470522673305006
TEST_01355,2.2793403894142044,0.142026804895264,-0.05822926917659967
TEST_01356,3.4755850172165172,1.7596657065823647,-0.31266442681618317
TEST_01357,3.2065828998404173,0.07433230619809052,0.8244402217765563
TEST_01358,3.6851457962140644,0.07978066736079306,0.7778004431219001
TEST_01359,5.568544190484321,1.6528597825002946,0.223822134855739
TEST_01360,4.429961242952487,0.9769564589577019,0.9111539586455293
TEST_01361,2.7014055264950247,1.537384860106281,-0.16452345711149172
TEST_01362,2.420195554248828,0.43696868860834165,0.6776533557384561
TEST_01363,3.087163583039483,-2.083422612583242,-1.150696210731139
TEST_01364,3.69124862127826,0.6788937848621819,1.0760968489854055
TEST_01365,1.5001494282827175,0.47708887544662143,-0.07117438429766679
TEST_01366,2.4106087262328977,-0.4185867923392771,0.39326115496804276
TEST_01367,2.5086690744470923,-0.19487075421142322,-0.22200300181523147
TEST_01368,2.81445126616493,-1.0080583667606968,1.206002483147779
TEST_01369,2.20123005992397,0.3206751117692046,0.2613317915372501
TEST_01370,1.580575546706409,0.774631959241402,0.0008785975654848261
TEST_01371,2.170800050221718,0.04164963194823832,-0.44824332962733787
TEST_01372,3.8694691765705453,0.5810083710533653,-0.9994498221281088
TEST_01373,2.383280563941984,-0.6246605829427313,-0.09419707335615593
TEST_01374,1.2633366971651665,-0.28614039793100765,0.28084346321021747
TEST_01375,3.1588312737900592,-0.5095487536067219,-0.011893679479293352
TEST_01376,2.676006394289795,0.4111284211964497,1.017535858006405
TEST_01377,1.5573881053661462,0.6890446909737407,0.03131408268075522
TEST_01378,2.6675285556715838,0.6886050816545407,-0.7224190089610671
TEST_01379,4.371104472060806,1.1612519911616959,-1.3195920426468015
TEST_01380,2.2092556507379753,-0.6907018595437933,-0.2712100450103646
TEST_01381,2.709576961670344,-0.5402941196024603,-0.3245151023553349
TEST_01382,1.561725226566336,0.18323150732557913,0.0845350182717715
TEST_01383,2.3448317331704636,0.5830618281331874,-0.010867315615074355
TEST_01384,2.4626016164418276,-0.06348245164410925,0.05516517401308635
TEST_01385,2.564312293156441,0.28303907611619605,0.40947257182990404
TEST_01386,2.468598770603519,-0.205410463154698,0.3564646449744997
TEST_01387,3.5480001315217797,-0.09929287929492973,0.04978501867330653
TEST_01388,2.359899535346395,0.16313085168192026,0.28515769553100107
TEST_01389,3.8814068870496983,0.29992222172569893,-0.3148632211173162
TEST_01390,0.9861394494341993,-0.12529579331409063,0.07326931729918809
TEST_01391,1.2413287740761527,-0.0633159382150606,-0.05273241838921368
TEST_01392,2.672036763241551,0.6173013094992141,-0.4880524618757638
TEST_01393,2.196870057398986,-0.17399614529405028,0.5380455938917573
TEST_01394,2.773862527792626,0.011849319375814339,0.06935365849956202
TEST_01395,2.030401829026129,-0.43961726950790064,-0.13773113047495628
TEST_01396,2.62179354594432,1.1673442775917802,-0.6439659339343665
TEST_01397,2.1998792390945128,0.5837365250734636,0.6538106573341114
TEST_01398,1.7067079995557806,-0.2769453539134662,-0.04874604159815413
TEST_01399,5.86904909604132,1.4055426832270606,-0.4250284489780462
TEST_01400,4.682781874458462,2.224683434619789,-0.49471419079278384
TEST_01401,4.362863584959382,1.4964094441640732,0.7313943579706487
TEST_01402,2.4951095796638945,-1.275204862183346,1.1291654187535116
TEST_01403,1.8160704135348533,-1.706933478805925,-0.6040514579933587
TEST_01404,1.7817149325114443,0.9365461938668421,0.2896787576085274
TEST_01405,2.8579473764646117,0.43352151342404294,-0.3136997233623925
TEST_01406,3.8077742303391413,-0.32170164084181946,-0.2190238112239754
TEST_01407,1.3831397489572645,-0.8821837337528448,-0.079071359919234
TEST_01408,4.375735228392254,-0.7142519727664802,0.911861399794568
TEST_01409,2.4569174477938995,-0.3480531090726461,-0.4638821049029927
TEST_01410,2.1303315666487195,0.2836157485229442,0.22016080374213773
TEST_01411,0.8156891964278,0.3338418360201638,-0.04735226152134848
TEST_01412,2.574388856753383,-0.37574363888318013,-0.19030042263766808
TEST_01413,1.1925763836738748,-0.11391842816170283,0.3186509596689235
TEST_01414,1.6834249308654488,-0.3245003431496209,0.022001327213126406
TEST_01415,4.036047362568471,0.8397533246976955,-0.8311368747383179
TEST_01416,3.2186307425974032,1.0655875418087986,-0.5837919716279132
TEST_01417,2.856573872389188,1.2251598324491229,0.3448647159661466
TEST_01418,5.284037075649895,-0.7016607069861577,0.5941738993479665
TEST_01419,1.8477161845542662,0.6187496323478803,-0.20641368939177893
TEST_01420,2.465772388628649,0.9072660125002507,-0.7990682368051455
TEST_01421,2.5472353073676386,-0.34973431015468015,0.21320746691957307
TEST_01422,2.0887979999726896,-0.07610075979888628,-0.21336060290185743
TEST_01423,2.8954120487126604,-0.47225143797358854,0.12015098529945754
TEST_01424,2.6486518522202873,0.1396482174625483,-0.04385489930084234
TEST_01425,2.2142781958390483,0.6594399613883043,-0.5671368675080465
TEST_01426,1.076610946775099,0.2058981757063299,0.2651653566485915
TEST_01427,3.903853007927696,0.7735995470527476,0.9081216172948361
TEST_01428,2.1548395878193474,-0.12227203964595311,-0.15211601788013415
TEST_01429,3.652950876898389,1.0324748630103466,0.42832573503946186
TEST_01430,3.0147911685180278,-0.5900738731481259,0.7458839679262904
TEST_01431,1.525568716189393,-0.9319978780525272,-0.3574017465512762
TEST_01432,2.8447558658463605,1.347727381160429,0.3708875010745591
TEST_01433,1.9430180121616767,-0.36675728331511925,-0.22207769962544924
TEST_01434,1.8130061652195242,0.01573787737331747,-0.10735263683931379
TEST_01435,2.0484475013365713,-0.7205784887308195,-0.6913013202405888
TEST_01436,1.784315553525723,-0.050627632655413465,-0.13981457166331926
TEST_01437,1.665532383688151,-0.5405213726519215,0.14489545968197717
TEST_01438,3.427005943140324,1.6676671922758446,-0.5645101471415817
TEST_01439,5.636010326826204,1.0279320390511713,0.3710328986544836
TEST_01440,4.399974966548659,-0.7762330288020256,-0.8073250544734812
TEST_01441,3.101145607345524,2.1429572001825767,-0.18877045307387133
TEST_01442,1.6470729695086375,-1.5988417500628844,-0.6786615434531464
TEST_01443,3.4290092585484135,0.4212010729945686,0.5526767403359644
TEST_01444,1.8199269319686098,0.32695294276002373,0.5193960972924547
TEST_01445,1.0310580883773892,-0.1340307919250153,0.19313703003770807
TEST_01446,1.7051026885245462,0.14399257213083924,0.054838286341445275
TEST_01447,5.117358783043139,-1.0251230682614583,1.286819358369941
TEST_01448,4.0601021452978925,1.1381381414629066,1.2085220491901991
TEST_01449,3.8498796522894287,-0.28552635589752545,0.8528438306468916
TEST_01450,1.9583534667369689,0.6576689658898004,-0.11828588835311206
TEST_01451,2.4875629055058788,-0.32037078088581933,0.37724207751585664
TEST_01452,3.857789641994475,0.5839656670901104,1.644374349309818
TEST_01453,1.0968632751342469,0.124140743202479,0.12341735666626935
TEST_01454,1.7075911164712894,0.9875330358732457,-0.5982621145724171
TEST_01455,0.883226561370018,0.37685488204941114,0.12742958955220188
TEST_01456,2.0632928042520358,0.5018055873261758,0.041334502289538604
TEST_01457,3.772185745080911,-1.783019020345351,-0.43672334909364857
TEST_01458,2.584992469065974,0.94587412535459,-0.7727781115817701
TEST_01459,3.4611379195042735,0.2744104640703074,0.24863896920073908
TEST_01460,1.760460711414264,-0.13474842658131544,-0.31296110275859235
TEST_01461,3.2380131249511015,-0.023973149430725,0.591498410808172
TEST_01462,1.945272904034246,-0.4563740567324371,0.21199804962587565
TEST_01463,1.9741573876023253,0.5617722352639567,-0.6764423733922105
TEST_01464,1.6809637186786726,-0.6069222220769053,0.11215421200308127
TEST_01465,3.6082843816310164,-0.239450110190309,0.5591919160573777
TEST_01466,3.1924965221242387,-0.0462353650125399,0.2107192219641319
TEST_01467,4.025807137876167,0.7910516721427515,-0.8217530924175831
TEST_01468,2.5374385560318062,-0.4613544914146924,0.10151171187557294
TEST_01469,3.265323383055943,-1.2281054778689438,-0.39970138092941604
TEST_01470,3.660509447324541,-1.373832223682274,-0.3112739150602221
TEST_01471,2.026237872545421,0.057928946721147824,-0.04489042434494232
TEST_01472,3.7189278832607666,0.7376920042246617,1.2257064656461785
TEST_01473,3.613752158640402,-1.0645221231363382,-0.13979418798133814
TEST_01474,1.8380926663564994,0.12999600250768903,0.46307829641449666
TEST_01475,1.766435804783303,0.4333787012831232,-0.11771913514624174
TEST_01476,2.2313327152808986,0.25620499010363174,-0.5518851553691217
TEST_01477,2.4239553780425114,-0.036248224216691986,-0.35026091885148086
TEST_01478,1.2929510866487768,-0.38303952206662856,0.5208333789668723
TEST_01479,5.616981220850582,0.7705879913002739,0.7677455694492419
TEST_01480,3.4059737698119714,-0.5951045048099607,-0.5944176357524156
TEST_01481,2.7137323167170626,-1.9599858100003682,-0.45248376341324986
TEST_01482,1.3123452709611756,-0.8049668333062016,-0.6740486311420326
TEST_01483,2.671907582206505,-2.1058948351638325,-0.04498361286165234
TEST_01484,1.8648607148375516,0.35253237597615783,0.4127255814129092
TEST_01485,2.0844565248534606,1.0064746375749176,-0.4729030309867356
TEST_01486,2.492580167690158,-0.43088478699932337,-0.39776849501017936
TEST_01487,3.911648123272436,0.7033272471460843,-0.4522731342449484
TEST_01488,2.927185162747074,1.559177806116209,1.110213158377844
TEST_01489,3.365065925621777,0.15355654600466295,-0.4010588094934405
TEST_01490,2.8945396346417245,0.07380174918908879,-0.12736632149071253
TEST_01491,2.7232281433920638,-0.05126721922742741,-0.9044006406317671
TEST_01492,2.563072410495699,-1.5662716341281053,-1.139406550911745
TEST_01493,2.2722551226596996,0.2974798893975814,-0.25550094727893674
TEST_01494,2.843922514469535,-0.032327627612640845,0.6217599831631482
TEST_01495,3.360700392254595,0.185241417241972,-0.2672206711618946
TEST_01496,2.5960512135710947,0.5836681285908575,1.290308505471455
TEST_01497,2.1743630213934577,1.065843014571014,-0.24232106506126594
TEST_01498,3.3522360090530245,-0.7753976296748133,1.3822935577888533
TEST_01499,3.694261585205455,-1.094263773617417,0.19445686941531035
TEST_01500,2.1892214327785515,0.5806406404255422,0.20656950658910203
TEST_01501,2.0470829048110017,-0.18395146296157977,-0.6442988896538724
TEST_01502,1.7576839533897923,-0.9164075010806414,0.6546992573548808
TEST_01503,4.327911828546156,0.7203378462762078,0.2589879513307235
TEST_01504,3.472302586754578,0.12471135943010513,0.44328399782677164
TEST_01505,3.42788150206884,-1.1422357801305179,1.7561525784998182
TEST_01506,1.446885527870199,0.11387236844220114,-0.09185175162955339
TEST_01507,2.7375167517234824,-0.29306434257880243,0.2884898257076497
TEST_01508,2.9992087784785126,-0.5469964735750498,-0.20064894040816217
TEST_01509,2.2608952488237266,-0.021078665450417707,-0.4365513874678684
TEST_01510,3.3948680877351305,-1.3018819670971638,0.8034434330751158
TEST_01511,1.9208940610723992,-0.38708045051382295,0.09169369750769862
TEST_01512,1.2659854265488455,0.47981034637811926,0.19468782064620663
TEST_01513,2.984513971340312,-0.5660059335555395,0.5915558323199114
TEST_01514,1.4877019439102885,-0.1435922134292941,0.26571249304549893
TEST_01515,1.0156672331534078,-0.4845196095919603,0.2563964463160978
TEST_01516,2.336212600184461,-0.08039732931919756,0.7465981213289564
TEST_01517,3.0536207504802166,0.1324082968655228,-0.828293763890493
TEST_01518,2.3834240912074396,-1.0376821885517575,-0.8246892255046174
TEST_01519,4.911699224219525,1.0794816876635607,2.326907696528767
TEST_01520,4.098578217311643,-0.3336730869472035,0.35691021377598914
TEST_01521,1.1620445906651151,0.46788110367975216,0.350567021312146
TEST_01522,4.24606735674198,0.19241466044753963,0.0619848520678326
TEST_01523,1.5338991517944869,0.5801875001345643,-0.4561115829311767
TEST_01524,3.2933071076061955,0.03409959616930773,1.136004908071852
TEST_01525,1.8559526388278798,0.31845803465599776,-0.21769754064529886
TEST_01526,4.785774056912286,0.8162561167281001,0.8403265374216784
TEST_01527,2.3443165777838293,0.3271454357988688,0.5256043145593555
TEST_01528,1.3775767110463273,-0.16079557744153078,-0.1691476913838551
TEST_01529,1.77009956117783,-0.01574455601740758,0.06311072906268343
TEST_01530,2.243454988492921,0.10711099709214708,0.5439608238737493
TEST_01531,2.3635721386425885,0.0023112121736890575,-0.36057944113026014
TEST_01532,4.876595129443645,1.017407801799401,1.8308130580143829
TEST_01533,2.2420481099485214,0.00868983997317242,-0.2127379372376903
TEST_01534,3.139436354870347,0.573802129275984,0.6745492599751932
TEST_01535,3.0609564105205207,0.47017984991553213,0.7171397077056443
TEST_01536,2.636814721076178,-0.9580934993820795,1.3328647635408961
TEST_01537,1.7134123094716252,0.6343758168420991,0.7572634200913806
TEST_01538,3.8978318733098325,-0.6575217627269456,1.5519015815754051
TEST_01539,2.857530726055486,-0.4797790024436905,-0.07713723863363135
TEST_01540,2.1793876023445615,0.7658163786808116,-0.4418330191587098
TEST_01541,1.3255358985762824,-0.611891040694861,0.05803710275902254
TEST_01542,1.2951519932317306,0.20699293050693296,0.21289491262384633
TEST_01543,1.2928612033157851,0.04003706700337209,-0.3199318729022546
TEST_01544,4.152501409472021,-0.09040757512293877,-0.4347995969302641
TEST_01545,2.867094789751341,0.2573710692981485,-0.7293617764444472
TEST_01546,2.888992301265077,0.221076669047693,0.12454226838442463
TEST_01547,1.6638178132066732,0.14277671996620472,0.09592920682587308
TEST_01548,2.882648446142952,1.2957187339784306,-0.8876875058309115
TEST_01549,3.9961333601907545,-0.6189948332233882,0.811250257902871
TEST_01550,1.6297052298354742,1.0918474911187086,0.007162948392240437
TEST_01551,1.810558638750313,-0.5263205512944855,0.08598687789291992
TEST_01552,2.4665668128747833,-1.111066689966964,0.4693399504578993
TEST_01553,2.674293027319889,0.6649869935361478,-0.2743341572848888
TEST_01554,2.1800266965272996,-0.35019286775797887,-0.3536800943982336
TEST_01555,1.6705050025636274,-0.22139962903361976,0.12228223336528374
TEST_01556,3.7497340842343525,0.03624956418242292,0.665991050182267
TEST_01557,3.640363429373543,1.1873171664684243,1.0590142648638308
TEST_01558,3.521915135151064,1.114656272027177,0.62349243535308
TEST_01559,5.141208125498796,1.4646260251758914,-0.8443619054779296
TEST_01560,4.494545615180285,0.3058583133346132,1.1555350768829997
TEST_01561,4.090950276517694,-0.8674318293390515,1.1972829214950755
TEST_01562,1.7397051762392717,1.2417950070742851,-0.7991418697759805
TEST_01563,3.8926509639496314,1.5007640680506193,1.293086553386522
TEST_01564,3.2578694188267554,0.1460011047550711,-0.3169651332309676
TEST_01565,2.001208637825237,-0.5270741666477947,0.4653178238229921
TEST_01566,2.575466133395195,-0.5041261211460482,0.14300697270208076
TEST_01567,3.2309033664865248,0.5739870808272617,0.32828794175930714
TEST_01568,3.2433890833022594,-1.8599236617775492,-0.26306178914046163
TEST_01569,3.448749458889334,-0.17681570029368895,-0.3555993045889641
TEST_01570,2.646416743299659,0.2225621194610845,-0.4908775392467742
TEST_01571,3.9180041857984493,0.31566798856227657,-0.41271440835489487
TEST_01572,3.8558634104365237,-1.4546985273204427,-0.8244552504565682
TEST_01573,2.6288791935560853,0.154347694945409,0.07788822022747736
TEST_01574,2.047038277152924,1.1519497532972263,0.02263304334079312
TEST_01575,2.0684150868585673,-0.5611755916899246,0.5809658810647133
TEST_01576,1.319368542156896,0.44452435933902457,0.7346761530577367
TEST_01577,2.7333742401800194,0.7717515122539889,0.7151501160242132
TEST_01578,4.570965357337512,0.23807450636035454,0.3370405556760891
TEST_01579,1.6167977329578858,-0.5793299251598325,0.35527731703479487
TEST_01580,1.6918948208327607,0.5118026700232546,0.6228841968306463
TEST_01581,1.954987167582468,0.1326877769367591,-0.9178428622308952
TEST_01582,1.535690827049178,-0.539691581616806,-0.25878946623079035
TEST_01583,4.318915326462822,-0.7886424351826142,0.9211470979317474
TEST_01584,2.456713021124215,-0.13173039057919564,-0.03618912372004126
TEST_01585,0.9304857489453194,-0.5341286632351339,0.3123435325627859
TEST_01586,2.8118538648559612,0.3146198155364423,-0.5023999444806448
TEST_01587,2.7287342182629315,0.6157869244628115,-0.47929676019885664
TEST_01588,2.643609389323984,0.5343415373594673,-0.06266182186784433
TEST_01589,4.566691573114168,1.2150367216544837,0.9324428265448733
TEST_01590,1.3679222035759944,0.9501401368213581,0.033048884601732456
TEST_01591,2.4198541805945064,-0.415948244618627,0.16945416772434874
TEST_01592,1.3688582546310268,0.1332529906915761,0.27041739394351144
TEST_01593,2.7208752002716996,0.772750745697826,-0.7677837582534783
TEST_01594,1.583480291134426,-0.17334628236773109,-0.05932240658971494
TEST_01595,1.0666105884947463,-0.331806856259103,0.12847925021268655
TEST_01596,3.2916065249083024,-0.26444647225460144,0.8918574490667879
TEST_01597,0.960806346094924,-0.16693654099790967,-0.07879390672280973
TEST_01598,2.5647298919206714,1.1907321600568992,1.0459710807514393
TEST_01599,5.28048488254852,-0.5472411502177227,0.27249769581992944
TEST_01600,4.63523981645822,2.037467918363525,1.175924105816359
TEST_01601,4.32792772113357,0.13154833115705464,-0.7619194544777314
TEST_01602,3.452680922000287,-1.2322581865436792,0.21267716685561958
TEST_01603,4.021465424420907,-1.4805657400264471,-0.6104623817238489
TEST_01604,2.521202885082172,0.6836360383456793,-0.07340691365136526
TEST_01605,1.9218242475603606,-0.26499230084762787,-0.0713042540836545
TEST_01606,4.0588471780585085,-0.27829284289616685,0.16009174410325308
TEST_01607,4.504200543416906,-1.1837301372323241,-0.3315747643525382
TEST_01608,3.5634772316976164,-0.9413787723442855,1.2846061943345048
TEST_01609,2.9633233205569165,0.4660975534813383,-0.1168218594508421
TEST_01610,1.9793095672775447,-0.45933256600000694,0.386935871267154
TEST_01611,3.5527993345625055,-0.2601907890668369,-0.03309304512150743
TEST_01612,2.999170013260174,0.954790762660537,0.1889012692407021
TEST_01613,1.8072642246831563,0.048063704718699404,0.16804797432041024
TEST_01614,1.6937033369035117,-0.8589977523703471,0.8580328118964403
TEST_01615,2.5786529958155593,-0.22874096635788335,-0.6060474943031546
TEST_01616,2.785000897088348,-1.271525006363201,-0.31710656871935977
TEST_01617,1.9609207542838167,-0.7121866493270371,-0.2098094322045948
TEST_01618,1.3048542048079594,0.06717037914103784,0.4009487611139499
TEST_01619,2.009695693068641,0.4400706872430471,0.25326322914209254
TEST_01620,2.315883260489037,-0.8856185415848477,0.11910992063743403
TEST_01621,3.2673500527983332,0.11624718660826092,0.12985417760107779
TEST_01622,1.89268222728832,-0.4115352409950806,0.3008255111485167
TEST_01623,2.463750031211425,-0.6655634123315869,-0.5699904004354133
TEST_01624,4.143633649109147,0.22471437354789559,-0.8202497381971761
TEST_01625,4.612651508805977,-1.6945619035150092,1.0338970039669801
TEST_01626,1.803717993059308,0.10251494134692575,0.4414184298545112
TEST_01627,3.5649180202905617,-0.24279881404569267,-0.2712811561686553
TEST_01628,2.867839096360713,-1.1545171580483449,-0.3302451077585313
TEST_01629,3.624680094221788,-0.2702564719436607,0.8589306565523692
TEST_01630,1.2076722456011029,0.4813498335933964,0.32745961036920446
TEST_01631,3.133427516240798,-0.7864046947942605,-0.5589722074455675
TEST_01632,3.4931611940282252,1.4513508676486035,-1.0373110187384997
TEST_01633,3.4404431610971984,0.8655243140906524,0.768920699855745
TEST_01634,3.713813709623794,-0.4448738314852911,-0.6517692801707069
TEST_01635,1.5522746330854311,-0.27348611693910063,-0.18363528628151132
TEST_01636,2.556698748580773,-1.4941449864678553,1.0641803457321242
TEST_01637,3.012526121655615,-0.29415040309156254,-0.10704299741839621
TEST_01638,2.8490135178318035,0.5048727184563295,0.1678841809998181
TEST_01639,4.109261487418282,0.9989195142467504,1.8097260006895366
TEST_01640,3.6006434976248682,1.1018476104923356,-0.6456615920623949
TEST_01641,3.4208689688194367,-0.07652212195237042,1.1065280299614508
TEST_01642,2.9200775253074878,1.5970360293014696,-0.6403725487962888
TEST_01643,2.876921467413546,-1.1761281065165665,0.3371162848700753
TEST_01644,1.8142869779175708,-0.20050414968578445,-0.192306309415717
TEST_01645,2.137359042831386,0.5687638918362323,-0.15085932527586915
TEST_01646,4.705764343868681,-0.15508213532827891,1.2318171707116814
TEST_01647,4.943467727794063,-0.9010233112993321,0.2683454741747687
TEST_01648,5.135690313792581,1.2435333553195747,-0.3373428660302968
TEST_01649,2.7805860992404443,-0.20866485033907053,-0.2768239169055152
TEST_01650,1.7439788038100197,0.14667397058816134,-0.11228848763127551
TEST_01651,1.7654270174845856,-5.522937378040892e-05,0.20593698313104072
TEST_01652,3.5641796908966255,1.3835718724790853,-0.3233339085734431
TEST_01653,1.5166124634130744,-0.23245900388453988,0.34460386939046184
TEST_01654,3.248142009291062,0.7332618445423051,-0.6160527342308937
TEST_01655,1.3024807685821853,-0.8296452721332245,-0.2142070526244575
TEST_01656,2.6676270368058916,-1.2729122185036346,1.0622969485112455
TEST_01657,3.885943657092584,0.5295703173838912,0.5827812594767565
TEST_01658,1.4880592302822522,-0.3340359325681654,0.20808534399444925
TEST_01659,3.7509640767652335,-1.4793485977146537,-0.6178292508528385
TEST_01660,2.1152250339714396,0.884351090530768,0.7786694294312884
TEST_01661,2.13304647371173,0.25455570028556346,-0.49693860629298836
TEST_01662,1.5632138229887833,0.17449400711540647,0.1894353587561589
TEST_01663,1.6658031117244312,0.6618802202907641,-0.5702857660201408
TEST_01664,2.8715546819827966,-0.48142453685281555,0.2809795672227126
TEST_01665,4.596302722769686,1.3302020563650871,-0.9336517574372348
TEST_01666,1.8005161331932467,0.14773357192011335,-0.48277789793798287
TEST_01667,1.178394883184792,-0.24808198484829505,-0.27551308621942594
TEST_01668,2.664847428376005,-0.45460781640796744,0.6576786169396014
TEST_01669,4.63840909341118,-1.2153062788612041,1.2816118720256369
TEST_01670,2.5289385628779617,0.33824831775555253,0.6862924195811313
TEST_01671,1.1391056562708273,-0.2625144143308632,0.04978562386021827
TEST_01672,1.7429372956611773,-0.5915066932537453,0.46587886087609326
TEST_01673,2.606412935829758,-0.7008378936377645,0.5960745639103692
TEST_01674,3.169917554478823,-0.5357334255386328,0.08141762906950391
TEST_01675,1.9079892885809735,0.549422197940639,-0.2644830304774312
TEST_01676,3.7483676183325834,-1.95047397183267,1.0237926248374727
TEST_01677,2.6239012014100727,-0.6589754143271367,0.4160894556877606
TEST_01678,1.7792261169334793,-0.053062716226169475,-0.4526298247812262
TEST_01679,5.416719683699827,-1.9403899211408575,1.330228362130616
TEST_01680,3.271075619949868,1.4393165194844215,-0.3108591301656006
TEST_01681,4.150325938353504,-0.028368367214105055,-0.6644245658181103
TEST_01682,2.291529078632024,-0.26246909450926537,0.8292162265412532
TEST_01683,3.3368145675606047,0.4799004754295676,0.46854438056247816
TEST_01684,2.026221815452576,-0.3309109827017113,0.22667218638936446
TEST_01685,1.641408193006604,-0.826536463370784,0.5822659745366584
TEST_01686,4.389485657828768,0.7750596863025208,-0.08755716453536941
TEST_01687,2.082433668786027,-1.0647802669835233,-0.22803169843914795
TEST_01688,0.9654596399024539,-0.7854215796380289,0.30775545928536185
TEST_01689,2.9744094030026096,0.2603336811152752,0.33521739927125516
TEST_01690,1.9133710010005756,-0.09253488046277344,-0.038505092107258214
TEST_01691,3.415084771368957,0.018273848900162648,0.13075297986732853
TEST_01692,4.679520850468282,-0.11805215969192256,1.431435702228146
TEST_01693,2.9539443236083933,0.23909932553670235,0.5867964318436314
TEST_01694,3.8205090603454748,-0.16283608917011502,-0.22763908656349247
TEST_01695,2.563128691785034,-0.3412941936014256,0.0302948913970461
TEST_01696,2.707809961583942,0.11280231983429645,-0.4225461299099951
TEST_01697,2.729272849897369,-1.4542453269152507,0.5159067608289438
TEST_01698,1.2262895660533966,1.0296756812562047,0.45055064448616156
TEST_01699,4.647940139062148,-1.1092690576071333,-0.6232665644255002
TEST_01700,1.0511368950079376,-0.3711729510106948,-0.11997404118168281
TEST_01701,1.4762171074329002,-0.27093553600033204,-0.4810927389628549
TEST_01702,1.8811121062422802,0.83074154421352,-0.47778173301416904
TEST_01703,1.3747458812475541,0.6798269754461079,0.3466555412918034
TEST_01704,1.8031912156184136,-0.04936879389331716,0.08408995155776862
TEST_01705,5.0065368379529245,1.3933234687998461,1.1731909778618557
TEST_01706,1.087204572602136,0.45365343657732693,0.5876468426227797
TEST_01707,1.334483649738911,-0.03270933596629524,-0.23315321263286787
TEST_01708,2.7222189296595998,-0.05519375526913538,0.03798348755617324
TEST_01709,3.3869991330257725,0.16398002531374425,-0.13087168083060116
TEST_01710,4.521441631907559,1.032406597830367,1.5357599296824431
TEST_01711,2.085318880073332,0.2661211290670361,0.1337336908823
TEST_01712,2.0130980438504276,-0.8083794783422654,-0.2228237363891996
TEST_01713,2.277520918854458,-1.1372738871426624,0.31627644811399064
TEST_01714,1.5866060346982664,0.1387690837182943,-0.020812982040945994
TEST_01715,1.8851088384046382,-1.1861064741589176,-0.6238452921212205
TEST_01716,3.269337894423153,1.4190350746140288,0.917181562879817
TEST_01717,3.7407647132480015,0.5966716542130448,0.6856249716562045
TEST_01718,1.4665993737365066,-0.2460953865695176,0.3570708254976746
TEST_01719,2.3151892872821844,-1.1659024678066807,-0.1341186606596887
TEST_01720,3.276690065903436,2.339585969093789,0.9815260379159494
TEST_01721,3.7200034409102485,-2.3866615654018655,-0.7554452578884813
TEST_01722,4.223949135702446,0.14835191838498615,1.5239517737168846
TEST_01723,1.1583239477587142,0.60728424875685,-0.3367841515378687
TEST_01724,2.2806553382513304,0.9765183420772224,-0.20873830658625211
TEST_01725,2.4726870820344833,-0.024255032352705683,-0.07448243740332651
TEST_01726,4.6500620232773064,1.2294846038529534,0.08143843448347386
TEST_01727,3.0258647864687984,1.0318247429483693,-0.1738580187860402
TEST_01728,4.685533760961978,0.1567700736592235,-0.37123234474453876
TEST_01729,3.052427063923834,0.0014026832963824,0.3785656427797649
TEST_01730,1.4678800977428086,0.5857868227237188,0.05376999392628415
TEST_01731,1.0130008777275696,0.29025839986654356,-0.308081866336905
TEST_01732,3.5633804513008918,-1.036888115016896,0.1727412909478455
TEST_01733,1.1546179977262687,-0.4478261642186425,0.1721985832901294
TEST_01734,1.8088633430753849,-1.0450745089462437,1.1832551886285805
TEST_01735,1.4114798584569033,-0.5238479656452579,0.521527196239798
TEST_01736,2.6374924434074387,-0.2197412783014277,-0.5330321266208223
TEST_01737,3.7223517991538437,2.1728383476927586,2.029333086003022
TEST_01738,5.429077579528761,-1.118861293564849,1.681366878491119
TEST_01739,1.3094914296098477,0.27561196344987204,0.05481863540505442
TEST_01740,2.1526268256645382,-0.6995691691750439,-0.13850256716508907
TEST_01741,1.175593159179333,-0.4440634833018487,-0.21116725733073963
TEST_01742,1.9876257895328766,0.900346963073721,0.6193664032861779
TEST_01743,3.2768748812479527,0.6065816452858087,1.1424819855677244
TEST_01744,2.8524178414703956,-0.3545126974614549,0.21318451081187004
TEST_01745,1.4859013072940437,-0.4951257007140642,-0.1754215300537116
TEST_01746,1.295048663880312,-0.8114317523695016,-0.550820792388578
TEST_01747,4.118058480251033,0.3397424294654222,-0.829103739260947
TEST_01748,1.7573500540809348,-0.2379327415552066,0.10501904702877597
TEST_01749,4.455595410743207,-0.7709559132203604,0.7412532146502913
TEST_01750,2.395721065408387,1.4443058982158263,0.013369122436675313
TEST_01751,1.5659480314113832,0.1100583493806978,0.12153098071629359
TEST_01752,2.7681879054763776,1.6018445341872014,0.3865490640670519
TEST_01753,3.072907491881379,-0.6862248682823046,0.6166972296508221
TEST_01754,1.6060155340580735,-0.15991393502563644,0.1961142543398501
TEST_01755,1.7856276286941037,0.18401874474089872,-0.522364749111964
TEST_01756,3.3801833394668748,1.386115134757022,0.5536214934774332
TEST_01757,2.6958508877782292,-0.018280759260056515,0.5833994497494635
TEST_01758,1.6534474479975774,-0.4914679915355587,0.034641230459266016
TEST_01759,5.898566439522468,0.2629420245818318,0.38542110672510277
TEST_01760,4.742761997920872,-1.1208428461176705,-1.4993417499672224
TEST_01761,4.350040636535309,-1.8463976044022317,1.144071586408937
TEST_01762,1.8781607343706999,1.6580802211883843,-0.556609055482083
TEST_01763,1.2778376786624122,-0.17489789068404893,-0.4988902201981157
TEST_01764,3.196637025647997,1.175360488766948,-0.0349638919618062
TEST_01765,1.0989678290471003,0.24347076821117933,-0.11032412234423253
TEST_01766,3.334399052609364,0.14028970771791932,-0.744519684044728
TEST_01767,3.5244762978905366,0.02899733379375403,-0.605629791987103
TEST_01768,0.8467467657360913,-0.14640569626323247,0.2737851153353248
TEST_01769,3.49202878657987,-0.06420018188776354,-0.3227294957731216
TEST_01770,3.605301870504717,0.360336215604646,0.258301958531245
TEST_01771,2.6310516462724114,-0.22620528658643713,-0.07269731567784338
TEST_01772,1.9932747513223779,-0.09826904790613114,0.4363179591778099
TEST_01773,2.7746350969364544,-0.3235616720586799,0.23087924502056253
TEST_01774,2.7631929303965004,0.23571508783995748,-0.4508190499055559
TEST_01775,1.0687307997185986,0.41792912203391214,-0.30981441307574126
TEST_01776,2.9459274725896423,0.2684393423397641,1.3128328883392832
TEST_01777,2.218310803940568,0.11128710475759335,-0.5798559976269726
TEST_01778,1.620424379985778,0.036659854065619384,0.17873569129313663
TEST_01779,3.6558913545227454,1.208058450039414,-0.43873729071316553
TEST_01780,1.887197103370021,-0.4804879967716936,-0.6126328907362797
TEST_01781,3.307330102801201,-0.16903001687771868,0.5595828105105188
TEST_01782,1.9111738905488664,-0.3895982244490756,0.4183336900662241
TEST_01783,2.3859714859345944,-0.3096989974194993,0.5382867715093864
TEST_01784,3.1367008793796956,-0.5340311659215317,0.7944738399049164
TEST_01785,1.9260938503357987,0.07782866304312401,-1.0067604515041517
TEST_01786,2.854746579610848,-0.022211624035934803,-0.018982979919594356
TEST_01787,2.3234652000957188,-0.1917495642078839,-0.3999079197655838
TEST_01788,1.9316015778668263,-0.3506891995511061,0.24229269721394567
TEST_01789,4.972243325141204,0.8655299056905325,0.10863691552785423
TEST_01790,5.348666746867517,-1.182421449615807,1.2916707248681853
TEST_01791,1.954763500459875,-0.27790611319553027,0.0886827413520439
TEST_01792,1.5161217998786956,0.27248150798621373,0.3717916581177484
TEST_01793,3.2764028087548223,1.233392064524085,1.6583178068115065
TEST_01794,1.8947432562977475,0.5296952495800396,-0.01315798661048476
TEST_01795,1.6536460860158342,0.3011639241427706,0.352570752902069
TEST_01796,1.2526061299341429,0.355496731833871,0.4904595008276935
TEST_01797,2.998815566712516,-0.5292766777345855,0.04064951545704336
TEST_01798,2.523958047227834,0.25565239545537954,0.378790801265729
TEST_01799,1.7900573501941963,-0.8833991066074154,0.4465285750006507
TEST_01800,1.4217272352885637,1.0003287796457965,0.29425075066523937
TEST_01801,3.114977516774793,-0.20631684218553484,0.6201000349943181
TEST_01802,1.5064910394396902,0.590589952082068,0.7400777954999403
TEST_01803,1.1765171789110067,-0.5592825588303203,-0.0046443542394181735
TEST_01804,1.9450968230649337,0.7514672386566469,-0.12082290862062006
TEST_01805,1.674525701946888,0.35795766770202075,-0.35275353617813776
TEST_01806,4.208597336586172,0.3327593542158731,0.7122588402562399
TEST_01807,3.4206258581026128,-1.3110103962641408,0.6106224353241549
TEST_01808,3.8294994167737593,1.4785582860034554,-0.3554256284332378
TEST_01809,2.0390589050662262,-0.11324830163612684,-0.17092156749265106
TEST_01810,1.686689674507318,0.24344653208964828,0.4360643131382362
TEST_01811,2.211892729200759,0.06951068412630289,-0.16521304097759174
TEST_01812,1.6066914182721352,-1.1767306038479657,0.09235679670334018
TEST_01813,2.63282288164599,-0.3841040418546379,-0.613728263644684
TEST_01814,1.510976818838298,0.45105551766219565,0.12380622808814398
TEST_01815,1.0294026374284146,0.022311976351531454,-0.1870470013177334
TEST_01816,2.045765822212743,0.8412751552700456,-0.8987464657375028
TEST_01817,3.757811909185745,-0.1817539770148309,0.548182211052153
TEST_01818,1.0437831161718658,-0.11154052499310706,0.012805152545265201
TEST_01819,1.8021874395357742,-0.9721857098642975,-0.03588734066466623
TEST_01820,2.133338470345806,0.06777637303891478,0.5666073231827194
TEST_01821,3.2214761679671717,0.21733261318782668,-0.2104159881688926
TEST_01822,1.9413115235428882,0.7458261527058121,0.3883751962717172
TEST_01823,4.087837830012944,0.2873703703311844,0.6802972454552427
TEST_01824,3.7316228759351464,-0.686789221722324,-0.2282165816417766
TEST_01825,3.227205122426277,1.4767899444231987,0.5403723401946326
TEST_01826,2.4932435941916844,-0.11646021839385418,-0.16951625524642847
TEST_01827,4.254847958648789,0.162386423653068,0.860499333719421
TEST_01828,3.1231284032805533,1.0528548079290705,-0.6423211352562225
TEST_01829,2.706175898018676,1.7889527127286127,-0.46797589806415174
TEST_01830,3.6322879671996566,1.6950752911487097,0.4803133327519131
TEST_01831,1.9495182459819398,-0.0428942108506618,-0.1743217750359548
TEST_01832,3.4185274563974852,-0.9665509012282266,1.0007716682928929
TEST_01833,3.0324281003190996,0.7627489950179321,-0.09741421755533104
TEST_01834,2.0213169837684113,-0.29415131409887385,-0.06285705594124384
TEST_01835,2.09516928392595,-0.3885065435956504,-0.5564167103848846
TEST_01836,1.7228614196931569,0.5637693459631894,-0.515481895004095
TEST_01837,1.9736779761663272,-0.2971946206261464,0.27384107800154434
TEST_01838,2.958748099930553,-1.6069981045897788,-0.281542388411248
TEST_01839,3.2790549682825754,-0.4594644989190237,1.129827698660016
TEST_01840,4.847711237993314,-0.13523429654645208,-0.8356639742865901
TEST_01841,4.52772307198341,-0.22380350679673414,-0.5442779033487889
TEST_01842,2.0912412036395325,-1.215551619434162,-0.7183823604771991
TEST_01843,2.391473934912147,-1.188490938121046,-0.0471349207798436
TEST_01844,2.117405459582527,0.28742388847354355,-0.5574721568773056
TEST_01845,2.1722190681778693,-0.15302276340013132,-0.45087870858073786
TEST_01846,2.2715566890263537,0.3360154627563501,-0.5560077728121033
TEST_01847,4.844014062811963,-1.2793901083158505,0.6383551211230061
TEST_01848,5.689830481252078,-0.9947694814784416,0.38722409027877547
TEST_01849,4.398868427007308,0.563594521458604,0.0169600380459293
TEST_01850,2.4369903061838287,-0.13209325929444526,0.6518296129371164
TEST_01851,2.7626224738971707,0.034097927100084524,-0.48242467500874103
TEST_01852,1.7567825479077654,-0.30086933268405697,-0.6126794712803342
TEST_01853,2.0487982399330567,-0.209004670869431,-0.006207663571138205
TEST_01854,2.9544243915279154,0.008675456742235117,0.5404568200225611
TEST_01855,3.0613968015573607,0.7620678455010953,0.22329206143745559
TEST_01856,1.2502311227348903,0.5060411666738579,0.3188122439365564
TEST_01857,2.4962009274957935,-0.7882414700155375,1.1539559269543163
TEST_01858,2.90984235259851,0.8157156054179701,0.35248964362763996
TEST_01859,1.935019603982222,-0.9119980720554287,0.20288540270865352
TEST_01860,2.3891826852802986,-0.4645730628270818,-0.8511378449808212
TEST_01861,1.6806312288497307,0.5330024560206978,0.4884514656558144
TEST_01862,1.895585060843609,0.682483357079745,-0.15900161042931932
TEST_01863,2.4313284016843837,-0.08316490105306179,0.3234295431690676
TEST_01864,2.4225171189240915,0.007278483287832981,0.1178990228387997
TEST_01865,3.8074457354272306,0.08406642333625555,0.8537675809364923
TEST_01866,3.0936503641459345,0.661910965495746,0.33753690938372594
TEST_01867,2.4491661077841353,-0.5600048329279926,0.24846731830974833
TEST_01868,3.1047909861753213,-0.3907096827700224,-0.05312598410341864
TEST_01869,4.352599271263978,-0.7630600995564697,0.2699157204694303
TEST_01870,3.7468239738685294,0.7158319670034452,0.6558448341323441
TEST_01871,1.3286623998398115,0.27440081023196716,0.12769371291852022
TEST_01872,2.4345299989867613,0.6391733652939072,0.7299424290772469
TEST_01873,1.8192410182520615,0.27193189867459516,-0.2803933780660336
TEST_01874,2.154955028804031,0.602415053906865,0.3093954260507827
TEST_01875,1.872563907946607,0.06005214300828145,0.5258381954456726
TEST_01876,4.093445083308322,-1.3884957835360827,0.38118320733077365
TEST_01877,3.1064864672858454,1.239785515037952,-0.5597567771188348
TEST_01878,2.8115534634485693,-1.2353868308283156,0.2958504079879579
TEST_01879,5.145544645908443,-0.3901038553876016,0.9534276929372203
TEST_01880,4.705182488308708,-0.20313382825895873,-0.5151660543734026
TEST_01881,5.296566342470808,-0.9900681897468866,1.2631583787320368
TEST_01882,3.924677477908843,0.595250214939058,0.8387759707314834
TEST_01883,2.3202471232685355,-1.5277309469581415,0.2836820192464215
TEST_01884,2.1048963989814293,0.77886495550042,0.24838925492159467
TEST_01885,1.1199008620654323,-0.14587626740733786,-0.2621701282622624
TEST_01886,1.543468561081563,0.9806393461930334,-0.4536376626904773
TEST_01887,3.8006503765328237,-1.3315742747035273,-0.8726273313038226
TEST_01888,4.436781274135589,1.945213419354089,0.167499446679316
TEST_01889,1.2784024710705497,-0.38640711306644526,-0.16558254969512462
TEST_01890,1.4021722620525354,0.09310447457834886,-0.13173276434627582
TEST_01891,2.103762249435194,-0.0806190962516941,-0.8169083528875998
TEST_01892,5.132115959432369,-1.1913766719637304,-0.8505314417563017
TEST_01893,1.4477954479819466,-0.266916988591076,0.20044888140935305
TEST_01894,3.0932788390350034,0.24996019095079208,-1.205900368315015
TEST_01895,2.504045165688035,0.6323282645293624,0.09975197305931054
TEST_01896,2.7034664018744303,-0.23248912312190417,0.7694135215458089
TEST_01897,1.647067817609917,0.5017499148199804,-0.38898798286704156
TEST_01898,5.147786433640503,-0.980259216453499,0.0049150527534025865
TEST_01899,2.0005502718348174,1.3114538436377,0.3255681080959018
TEST_01900,2.76410752223112,-0.2400397937877066,0.3576084607562221
TEST_01901,1.847266631417102,0.08706175712184669,0.08777950396314829
TEST_01902,2.2588617088349134,0.27041886890891664,-0.8491932179404357
TEST_01903,1.3299674740876541,0.36417702796311446,0.365542743830624
TEST_01904,3.5287956473892836,-0.3226761906768037,-0.07861063250864576
TEST_01905,1.295177098014854,-0.2854579407038389,-0.3731531593640472
TEST_01906,2.4928721699832037,0.38853596624657755,0.446612210107441
TEST_01907,3.620498737060218,-0.47339173490246234,-0.11055256777654113
TEST_01908,2.861577576132214,-0.07178385013408915,0.07082070468534145
TEST_01909,3.7221371474821785,-0.10749383397319881,1.0694964023803217
TEST_01910,2.3095400207021113,-0.6672717229953148,0.3133376359946884
TEST_01911,3.0220688918364247,-0.712895724318998,-0.0038644555009623013
TEST_01912,1.1839566390573568,0.03316338250619025,-0.20170212787372277
TEST_01913,1.8433847482176215,0.7108574062079096,-0.7410718540694532
TEST_01914,3.3760165503516784,0.5387873218917767,0.8628816919640041
TEST_01915,1.7324132938305215,-0.8319319551674803,0.4429682161497784
TEST_01916,2.380009667179755,0.22128861555720894,-0.07934697058524491
TEST_01917,3.0449826295599274,-0.5720500447702006,0.32855166148906184
TEST_01918,2.608076708217654,0.37952450142287997,0.029529442253364784
TEST_01919,4.899705760307759,1.046421543592706,-1.0633851057661718
TEST_01920,4.35803928819178,-0.8802579878053073,0.506217402142119
TEST_01921,2.8023959910537775,0.24764994960494918,0.6374503274900175
TEST_01922,3.4363776292236574,0.644222506377269,0.8831588281123489
TEST_01923,2.480774351120325,-0.9705364486836446,-0.9817020977229864
TEST_01924,2.905645066440729,-0.4999205050698275,0.1481963671961854
TEST_01925,2.338016765784175,0.3569064893761194,0.17727604473904232
TEST_01926,4.278806135779783,-0.1381603967767541,0.16199789281960758
TEST_01927,3.1072533776782674,-1.3647253663132977,0.07005598823723305
TEST_01928,1.3446781923623243,0.4729688563064865,0.5872908076713703
TEST_01929,3.6659491652315275,-0.0056321702990204045,0.37199653615458594
TEST_01930,1.1802265694951775,-0.16603912974181254,-0.14313714728578356
TEST_01931,4.313694005593754,0.47300346512470887,-0.2077693243042834
TEST_01932,3.641063031638239,-0.28956786640389653,-0.24827138026668785
TEST_01933,1.6609747191146351,-0.2680674877191841,-0.27344695671898844
TEST_01934,1.7423056949029532,0.12539315080999358,-0.5237993079391217
TEST_01935,2.9131405997306548,0.595102599291443,-0.8118286491099062
TEST_01936,1.1388476271891421,0.19236561396534177,-0.060820488328009195
TEST_01937,2.6861518108022584,0.3431304804811325,0.2919190408418319
TEST_01938,5.313891180646017,0.5398580872406279,0.37593444270812904
TEST_01939,3.3868380927991746,-1.0133132461940808,0.25778489833420565
TEST_01940,2.733573734049187,0.793241192177231,-0.08732949371509914
TEST_01941,2.127008858503616,0.44798816634006766,-0.6998790806084141
TEST_01942,1.6991674030638777,0.31446619618469823,0.28677320411849766
TEST_01943,1.4222569759477675,0.23222839803394726,-0.1922363372862918
TEST_01944,1.312147612418886,0.24400829958428252,0.2682993983460909
TEST_01945,2.042122849962668,0.16601582438154258,1.1033793906020553
TEST_01946,1.917626600967975,-0.00918720922079088,0.4346807001362503
TEST_01947,3.9437802235551707,0.13359774201443736,0.0036445798089725697
TEST_01948,1.959016041606691,-0.5789589365741108,0.32364304964967333
TEST_01949,3.2300911014703337,-0.8284116781534556,0.2575679881844675
TEST_01950,4.005647191889548,-0.21396524786450835,-0.7629836932115421
TEST_01951,2.8143766073169565,0.5497129691550032,-0.5699534980865668
TEST_01952,2.688364142280817,1.4266776970252295,-0.4742297409688769
TEST_01953,1.686327752920959,-0.31080031753009,0.18794920303947954
TEST_01954,2.6638403663124075,-0.19481350162398609,0.10422790736280639
TEST_01955,1.9481180220899803,-0.21120577636852514,0.21884152420096917
TEST_01956,1.635504108420472,0.6481285298524047,0.4292692296477615
TEST_01957,2.0863347012611575,-0.04067628690147603,0.42807698091109303
TEST_01958,2.662762177663835,-0.5539645392238202,-0.40123311667340894
TEST_01959,3.9575046163067173,-1.3549838738409588,2.3960261261773343
TEST_01960,4.587279302611987,0.46556485987846963,0.9605251385289173
TEST_01961,3.6365267304128444,1.9858174948923262,-0.6178857906994165
TEST_01962,2.263618911339353,0.3412336458496691,1.035352850384681
TEST_01963,1.7724813000881763,0.39736314176779924,-0.541983933403395
TEST_01964,3.315373696503399,0.6470490899491008,-0.8461357062018839
TEST_01965,2.0216143269126094,1.1116269128615566,-0.6750281527806854
TEST_01966,1.3064240796475282,0.7721448825275739,-0.1753139177079926
TEST_01967,4.096835789187495,-0.30704238193382544,0.16160412354312867
TEST_01968,3.948553826824978,-0.39371091182876655,0.7211281694496031
TEST_01969,4.368636489308546,-0.07795064858462965,-0.9804231614573263
TEST_01970,2.38276775471834,0.44488502571462657,0.628645482754984
TEST_01971,3.2008449726621957,-0.04612615367878182,0.6237156183846255
TEST_01972,4.882949798817871,-0.0039002544393059216,-0.987085691261408
TEST_01973,1.035544989198266,0.16928674136556543,0.2122355409502548
TEST_01974,3.2896814864711548,-0.6206099668264613,1.045289860388878
TEST_01975,1.1987705949823324,-0.18364479377883736,0.4126483197371943
TEST_01976,2.672889905757166,-0.8051414955237648,-0.6519538629571278
TEST_01977,3.681659613094304,2.2394985115297565,-0.14001943878811773
TEST_01978,5.65353509893285,0.5227953812853603,0.7216745141069346
TEST_01979,4.645438683148548,1.3819532348150259,0.03457903855470822
TEST_01980,2.0848717043937253,-0.8108153105371397,-0.26409650044822935
TEST_01981,3.1145929352967614,-0.20414758006009603,0.07533926591065723
TEST_01982,1.9855797566620559,-0.7665507338577134,0.693309416761609
TEST_01983,2.6025450341687266,0.4055859520571082,0.5066550032173605
TEST_01984,1.5745891785393091,-0.4085741164676467,-0.32502211295029027
TEST_01985,4.868134359687271,-0.16435645568895488,-0.046252701251977585
TEST_01986,2.7204910393836257,-0.3368290935992479,0.45601487686393943
TEST_01987,4.671930979916286,0.392586855460297,0.33439290091724877
TEST_01988,2.390033609460375,0.532935916935969,-0.32966656919867643
TEST_01989,3.095808905031308,1.3902293485744965,-0.7657657528395537
TEST_01990,4.9115296426849655,0.7616784646448103,1.5791315112676982
TEST_01991,3.1848585695500455,0.4759295663548202,0.46053775028843147
TEST_01992,2.0172649330841943,0.6398569426456028,0.47163080484502456
TEST_01993,2.790677607105014,0.09104252724460232,0.19115534899266762
TEST_01994,2.3393978634274104,0.4352482451834154,0.11498151795128705
TEST_01995,1.7291752202507182,-0.60486719406486,-0.09837683758034184
TEST_01996,1.8857021745991651,0.1983015958066322,0.4604268281093265
TEST_01997,2.079396480438181,0.22963552265226103,-0.178374216785241
TEST_01998,2.7176310402565487,1.5243595780074348,1.0184299594994821
TEST_01999,3.1634984962187165,1.8963003628502793,-0.8145010695858815
TEST_02000,3.932575145814409,-0.1115706304933543,-0.6064726956306359
TEST_02001,3.4952008431766473,0.29593658059928835,0.0035707148102581574
TEST_02002,1.7865307848691945,-1.4478611396462358,0.4911170338635034
TEST_02003,3.455267685298247,-0.714011117528087,0.0008586501059617106
TEST_02004,4.052271049992065,-0.6746480653071576,-0.1956835120351396
TEST_02005,2.2303399533525803,-0.0819303148988205,-0.3983875775967679
TEST_02006,4.302163029862739,1.1193599138202621,0.6009436787024425
TEST_02007,3.0461823301759936,-0.9639140890639081,-0.023003015855295003
TEST_02008,5.076179382824089,1.6751027334246493,0.008465354432878729
TEST_02009,2.795059765920223,0.3667854530569745,0.47056194690223785
TEST_02010,2.0152053265078287,0.06433107537487212,0.08864802396145396
TEST_02011,2.45240739435505,-0.3485298779049111,-0.1869446274744638
TEST_02012,3.0427750236534266,-0.810952034634028,0.10944795270582172
TEST_02013,2.809427606929004,0.2049140114400517,-0.009002026007458105
TEST_02014,3.3392046296384508,0.06403660467489503,1.2651841063797729
TEST_02015,2.722683305158616,0.47949898267355334,-0.19897299532851984
TEST_02016,3.021320274443769,0.38347531785457434,-0.51536413434138
TEST_02017,3.641703150027186,-1.7693854370114197,-0.4444021064245894
TEST_02018,3.415168141011441,-0.19004183953244305,-1.0428062634967934
TEST_02019,3.6207635885482268,0.9250734456054321,0.9861765119041132
TEST_02020,2.692035011908217,0.9372663017963767,0.8793587643788717
TEST_02021,1.502381030446617,-0.2248004454297974,-0.1513111846188387
TEST_02022,1.149932927565466,-0.2683261151636412,0.4481436948099018
TEST_02023,3.550477011757772,-0.21379191114548313,0.1514516465424114
TEST_02024,2.460300852557172,-0.22941032112415188,-0.34458962034325924
TEST_02025,1.3051701614409181,0.35843631766806233,-0.09601368942166429
TEST_02026,1.6634137353355085,-0.4826064781069395,-0.3704248448113351
TEST_02027,2.945966944206224,-0.24133543268936533,0.9239212206851619
TEST_02028,1.9774481896086882,-0.1396871611439477,0.21465426695032258
TEST_02029,4.688176045016398,1.1000182241698724,0.4947215206787086
TEST_02030,1.963058187153272,-0.7860328147257369,0.7503647071022048
TEST_02031,2.352954905342052,-0.13984675647645076,-0.43052987700489825
TEST_02032,3.803945476906666,-0.33421346236916355,1.9663177992063148
TEST_02033,3.332669169871654,0.18829797359419606,0.31475071962492984
TEST_02034,2.149039303395275,-0.06093917095930965,-0.10525982937755642
TEST_02035,2.3548884183530316,0.6485397151027029,0.551827026960718
TEST_02036,4.160501795945692,1.769816233867029,0.31979406854279074
TEST_02037,1.5927904618926372,0.3439869369818792,0.2288665933770097
TEST_02038,2.355258159387475,0.9758689416211357,0.9606378463789451
TEST_02039,2.6589482626882264,0.6065651437647172,1.4023153722008663
TEST_02040,4.2469639214201065,1.0134543750750267,1.5774162894634634
TEST_02041,3.227578584475722,-2.58252595703141,-0.01609648463719885
TEST_02042,4.734038899084054,0.4292939750011939,-0.5915741489295988
TEST_02043,3.7540407613795908,0.38148301260170214,0.11974411562646249
TEST_02044,3.398428971080724,-1.6814780800653475,1.3652341509306116
TEST_02045,1.4461763751350638,-0.47290749593293174,-0.013005161759009648
TEST_02046,4.502943739896728,-0.7895901859824851,1.1757732675708992
TEST_02047,4.989618614679232,-1.1529310879454648,-0.08477689108105967
TEST_02048,2.8417788754346924,-0.8975869183832821,-0.9226744016247346
TEST_02049,2.840474105168497,0.2915787932814901,0.4694842717716014
TEST_02050,2.974431804445048,0.39545305538722897,0.1505643817317149
TEST_02051,3.3769948081462267,-0.06594269946243188,0.0942360627351346
TEST_02052,2.131099745645692,1.0988752386696026,-0.7262559916023684
TEST_02053,3.1222893237999303,0.31910322700736804,0.22240093401299463
TEST_02054,2.8656123232201156,-0.1786965301955418,0.7948712118003036
TEST_02055,1.879002919692464,-0.6126127157405532,0.30451660773454214
TEST_02056,3.5756382798372286,0.6314814019190244,-0.4351290255955129
TEST_02057,3.696403857484299,0.4935174311325962,1.1593295763142593
TEST_02058,2.9406882613263785,1.5324202819957835,1.1098828239980272
TEST_02059,2.7331573652770182,-1.5502684182234896,-0.8289056723530472
TEST_02060,1.1085080758368242,-0.3006191255663316,0.11471156623299167
TEST_02061,3.0688246466895057,0.46152659266956014,0.8923080463697475
TEST_02062,1.6196222156400202,0.13216289227024006,-0.0937517745615327
TEST_02063,2.8349538284341294,-0.6634635954786595,0.45824403451225915
TEST_02064,1.517587151098209,-0.05155486802968588,0.23797142839197805
TEST_02065,2.6227584288001333,-0.16905258336761236,0.26610641099810584
TEST_02066,2.401299902104054,0.3826429889906193,0.21498447673311102
TEST_02067,3.952114501845884,0.4574959066025919,0.5056083109813007
TEST_02068,2.796361361960638,0.13147220867574697,0.14688252423643638
TEST_02069,3.2162135414297026,1.2060847932317866,0.5150259423058333
TEST_02070,1.8243362424832028,-0.6839713198950954,-0.35803482993700764
TEST_02071,2.53652441957343,0.9908746895895125,-0.6656661863512261
TEST_02072,2.803357367267844,1.5668790754155306,0.11896326154742173
TEST_02073,2.9441020099967736,-1.2722967830420449,0.7525620013298755
TEST_02074,2.7867384432443556,0.06556095372389141,0.14440877964192
TEST_02075,1.8196327846678786,0.36130834047545524,0.3210013673162174
TEST_02076,2.2161849296529708,0.9014583935916288,-0.4728477450324148
TEST_02077,3.0981529091571716,-1.1798970920418421,0.017967500572719595
TEST_02078,3.445336133209887,1.7306605181166221,0.8488627935616592
TEST_02079,5.143713124001404,1.4025494364759963,1.8705157106017825
TEST_02080,2.7237163629263113,1.4252577322164839,0.5999011193570138
TEST_02081,2.066861529865452,0.35466729420158033,-0.6148744773572471
TEST_02082,4.469946491828962,0.3786824395181892,-0.5330794705279345
TEST_02083,2.2270621756086624,-0.23026729578837818,0.6318457286482405
TEST_02084,1.4502279820082427,-0.07927824053659671,0.19020323338135633
TEST_02085,2.744580387106918,0.42869698982247073,-0.12577655400053547
TEST_02086,3.3595888000757563,-0.0005407046219328871,0.9635322220805398
TEST_02087,4.4463925226799015,-0.5876682726927043,-0.16241619294030787
TEST_02088,1.2758496170804199,-0.046896382287162544,-0.28252395223389576
TEST_02089,2.445179103137426,-0.06540041373399876,0.08048970728334989
TEST_02090,2.633059007226725,0.5545851909653421,0.08731148917622858
TEST_02091,3.19992004689166,-0.14840117478986395,0.5581340616778986
TEST_02092,2.166516528963406,-0.9805581724967679,-0.24125527518464307
TEST_02093,2.424465471881587,-0.1674014855392821,-0.06949204511202471
TEST_02094,2.71695842350401,1.0511921219480937,-1.0218484250596145
TEST_02095,2.8327727870261565,0.01643488392636882,0.03776230069199357
TEST_02096,1.6362676099834699,0.679087423672507,0.8802570640108288
TEST_02097,4.278689686236484,1.0515270933974155,2.218081169485544
TEST_02098,4.870950849777709,-0.5597354811794144,-0.18011218765176115
TEST_02099,3.874288490857521,-0.5644500173345223,-0.43584517477862506
TEST_02100,2.727198444604016,0.003952376208334928,-0.7733575379818491
TEST_02101,3.4404198283991803,0.008178190377135627,-0.6284544962168669
TEST_02102,1.8548355708499837,0.33150932030915564,-0.346998082732953
TEST_02103,4.346780032509706,0.1761347388651355,0.6241262412106453
TEST_02104,2.6325543323658778,-0.17814169793677057,0.3800458537611009
TEST_02105,3.730536794798707,-0.9471962081653397,1.3183861477678993
TEST_02106,1.7396795389988788,-0.6594041493338838,-0.4836427962924281
TEST_02107,2.33255218446281,-0.3520282425755608,-0.4230244539406825
TEST_02108,2.775144680104789,1.282508397433263,0.8697871569464584
TEST_02109,1.745760763358455,-0.7035601767045391,-0.31584972490166574
TEST_02110,4.916845210584917,-1.106845785505152,0.9809305810534699
TEST_02111,3.459229688184673,-0.5711509261492652,-0.276666305692023
TEST_02112,3.3757532255383644,0.5952100307439304,0.44751993018014563
TEST_02113,2.7911116211634974,-1.022329765326636,0.6636902024409119
TEST_02114,1.9604861956968915,-0.3934869182985385,-0.02957952219280995
TEST_02115,1.8037242717469564,0.2525290753550566,-0.20409149063575693
TEST_02116,1.4877917223087225,-0.3264343836787722,-0.1270797314111154
TEST_02117,1.9009937456911843,0.055564901664433695,-0.1775076059864108
TEST_02118,2.9539192740469367,-0.7651843526402107,0.7793401165504642
TEST_02119,4.067185126354242,1.1119226477444695,0.6381093264656179
TEST_02120,3.184355099591968,1.6530380874866821,1.0370448420563383
TEST_02121,1.3332895995374834,0.8855906654672455,0.07714333419091109
TEST_02122,2.949936200251798,-0.7666688231186047,1.3733774359458248
TEST_02123,1.7533993501630403,0.4765025208970916,-0.28187599619184545
TEST_02124,2.6681485810760397,0.1140502480009222,0.2067321064909921
TEST_02125,2.2088195373324084,-0.5339103951530382,0.7525053737658017
TEST_02126,1.7518909113707026,0.9063102560139316,0.2598550480201928
TEST_02127,3.459997374335087,-0.1289815125172048,1.267519713551153
TEST_02128,5.6565173974424745,-1.5195938301586702,-0.6886833196930765
TEST_02129,2.7836437639987177,0.6894598996912558,-0.1659665014834048
TEST_02130,1.9276345801398362,0.3893761429532184,-0.3325673396148572
TEST_02131,2.6205127321623984,-0.32729276307801713,0.2874586347355204
TEST_02132,3.6193325145565067,1.3910773652675166,1.1826604093471218
TEST_02133,3.145674091809667,0.27708192959394173,-0.11124777290528115
TEST_02134,3.0688668351068387,-1.2106834184915283,0.05461575681402791
TEST_02135,2.0597426211186733,-0.09894035758389177,0.06250985098191901
TEST_02136,2.2522000578508448,-0.1637534732555574,-0.30414698548753977
TEST_02137,3.491999307608453,0.12022247483548307,1.9530807488687816
TEST_02138,4.095753501187836,0.9806420235230889,-0.7746712020344201
TEST_02139,1.1808209724274052,-0.6601155228508644,-0.1677593304045619
TEST_02140,2.4535176370774683,0.005405744853798099,-0.014077451054307093
TEST_02141,1.951440101823588,-0.1746457152981602,-0.6144334510472285
TEST_02142,1.750794165337245,0.012052444490421532,0.46955337801608676
TEST_02143,2.6545910191171593,0.2811205826431103,-0.02131623669732028
TEST_02144,2.69282135151765,-0.29113225491632533,0.8428904367766258
TEST_02145,1.6432379499821552,0.093045756412873,0.012625032073679468
TEST_02146,1.1460484685673207,0.11040417845426694,0.33369190090526885
TEST_02147,2.554381323169813,-0.6450215555828873,0.9634944202122562
TEST_02148,2.4824991248654964,-0.043393508769335135,-0.08524192403133832
TEST_02149,1.778865910372468,-0.21477813445416444,-0.7458732101422247
TEST_02150,1.186515635033282,-0.1778144463786642,0.24474832642441324
TEST_02151,1.8525063096054044,0.2470907249538599,0.4081839549671292
TEST_02152,3.376606628806288,1.542851205134509,0.5476622844222158
TEST_02153,2.989504780589547,1.3761706842902073,-0.46947007229356114
TEST_02154,2.746609469910728,0.16744328764194397,-0.2589948172830982
TEST_02155,1.8320990183613812,-0.03460503125150232,-0.537036578599243
TEST_02156,4.205210073244236,0.542269711695619,-0.24633137353831772
TEST_02157,2.570131634830009,0.5650728815407132,-0.46444249004665494
TEST_02158,3.666143568299114,-1.3392676467610372,0.3673368620515367
TEST_02159,4.121998111099988,1.6869788502547984,-1.3394735738735548
TEST_02160,3.1143333416138463,1.335199376638751,-0.5261697617897929
TEST_02161,4.9246066248902,2.322939378096116,-0.0009570520759935629
TEST_02162,2.816771802255787,1.485804025154049,0.007703537636213342
TEST_02163,3.4915197470746677,-1.3503332724421582,-0.0027407047016033952
TEST_02164,3.059751481252912,1.3231541846385242,-0.11297534981047475
TEST_02165,2.6607399492373807,0.8169772956705058,0.43077007814241913
TEST_02166,4.591830688254063,-0.5630135020171808,1.0600891713294165
TEST_02167,1.7203198061774436,0.011035620833527635,-0.4807436778590927
TEST_02168,5.269606586012879,0.7568029036268362,1.3271130386029446
TEST_02169,4.058503527736474,0.006056683985274695,-0.21202566042548585
TEST_02170,3.1364966888661745,-0.014615794979534157,0.6487908487546348
TEST_02171,2.1002502496268325,-0.37695794980303826,-0.4394335477944376
TEST_02172,3.5042300627255805,1.202676433796681,-1.0843353598954761
TEST_02173,1.6731811927286333,-0.5156309779556053,0.08787026132711989
TEST_02174,3.5253742422663623,1.2828507879265079,1.3052304372872028
TEST_02175,2.4153333847075142,0.10006856200166984,0.4397356080387335
TEST_02176,0.9192934337802904,-0.25962225390602284,0.1787128621593348
TEST_02177,2.450394693225021,-0.8227528800372998,1.434739107512356
TEST_02178,4.5408689632222385,1.5508648396474405,1.1188021051967485
TEST_02179,3.9138307812868263,0.8420393869238535,0.9504669707133436
TEST_02180,1.6218994423692186,-0.31064011088590704,0.7446196791097265
TEST_02181,2.6306050774531933,-0.1749404506249267,-0.8195697885819863
TEST_02182,1.8714536613262842,0.34477227906318314,0.0731476476016829
TEST_02183,4.341590491072659,-0.3607644693486139,-0.6250819853504646
TEST_02184,1.9546853553545764,-0.17605824372034623,0.47727411330186487
TEST_02185,1.1834029758328561,-0.6317344045997646,0.2434330135582094
TEST_02186,1.1699482976576534,-0.0633064896253642,0.3919701775440659
TEST_02187,3.599988762572429,-0.4279822490760071,-0.033373326313253626
TEST_02188,3.1580113852249787,-0.598685067101145,0.8517247779453403
TEST_02189,3.781471368310109,-1.5033416059103324,0.2525466079532568
TEST_02190,2.7941158830380064,-0.14604899510522568,0.25367899060808335
TEST_02191,2.060825852790781,-0.7705803603788527,-0.22468660752138217
TEST_02192,1.3501627927369608,-0.20444313411388654,0.276388418453215
TEST_02193,2.1864317608651835,-0.6115908106292373,-0.16913850719364038
TEST_02194,2.0444411610065765,-0.142493312199384,-0.009168488711162765
TEST_02195,1.1104980466349945,0.24679495722338768,-0.15570741094088988
TEST_02196,1.3738934601970478,-0.3973071335187862,0.22100584783606667
TEST_02197,2.059763873644527,-0.8201766333328958,-0.0569694570775463
TEST_02198,3.5654000048358774,0.5554321384306665,1.2730444762051791
TEST_02199,5.8754833690668145,-1.2163953245260823,0.5172635796889735
TEST_02200,4.108961600101911,-0.10150849179368567,0.13139165018964855
TEST_02201,3.449865287688681,-0.5682932656082678,0.5449786780253747
TEST_02202,1.3140063600066352,0.8303994356319443,0.09462196408820105
TEST_02203,3.5409964095225317,0.948226409256122,-1.1567502600627309
TEST_02204,1.3811262257621784,-0.5134852446100346,0.13358704542130703
TEST_02205,2.7682448145059375,-0.9700069347117937,-0.8607381227567416
TEST_02206,3.512359608585985,0.25029259894588257,0.12140776393191864
TEST_02207,1.9619933368808917,-0.2852210788530039,0.13345002838993653
TEST_02208,5.30391874880429,0.9386645678627473,0.07871548846079508
TEST_02209,2.691301104873918,0.29793422481110204,0.12520149499451352
TEST_02210,2.654203213089054,0.3352280247257473,-0.7637250174425986
TEST_02211,4.380675194060559,0.2813712171543262,0.09068425445885972
TEST_02212,1.353238482129977,0.015244921498428075,0.3874273260833287
TEST_02213,2.5364909895591947,-0.20025724109099874,0.19967360761402522
TEST_02214,2.8002176150036626,0.010613082838891584,0.9656335271178029
TEST_02215,2.0016192407415723,0.10814388632786633,0.5588256233360296
TEST_02216,2.5989362474305167,0.1459832418170504,0.8393979504590404
TEST_02217,2.2097694481768495,-0.03626672910961535,0.8556294934569226
TEST_02218,3.015520643974826,1.0713881765445934,1.5622028341435212
TEST_02219,3.993560687958451,1.0387890085482034,-0.6551227389293268
TEST_02220,2.4844323239574697,-0.8860721698525981,-0.6123836904035026
TEST_02221,1.2281703040810508,0.37801114884625947,0.5104840035186542
TEST_02222,1.9514091629173924,-0.38858732638486376,0.36089021544467953
TEST_02223,3.805449556679148,0.6010148965249559,0.9262207527821236
TEST_02224,3.0792932184636874,-0.03068986079788637,-0.12265621035852124
TEST_02225,1.6829603426393616,0.9885192953604638,0.24277066585365253
TEST_02226,1.3931161670134447,0.39752524184840715,0.24862725100447344
TEST_02227,3.3399086433104572,0.474596105871348,0.3840081968922835
TEST_02228,2.9366397635794264,0.7994456283244303,-0.39155645599631916
TEST_02229,1.5207832035791535,-0.5895790821022164,0.9852810106762736
TEST_02230,4.021001776888408,-1.4698163562385538,0.2261553895031952
TEST_02231,2.0962114000430243,-0.3569777127199804,0.1241366267776784
TEST_02232,3.115428204330289,0.5656354202931069,-0.08991691485603227
TEST_02233,3.7813916168051174,1.3554014458399612,1.022923871504116
TEST_02234,3.5096563386052364,0.31895601102574755,1.3367866902422048
TEST_02235,2.2364421971071207,-0.3856912022710207,-0.04452942422715891
TEST_02236,1.5155381557472938,0.09440517530910414,0.20564470787824504
TEST_02237,3.4143878255858744,-0.6172380349513292,-1.1046395549884325
TEST_02238,1.0914879473083354,0.17656390157771085,-0.21427837425291124
TEST_02239,3.2804336649383354,1.4898252539039203,-0.7418234558347465
TEST_02240,4.271208459659244,-1.8699488456976407,0.86901919277738
TEST_02241,5.136032841562287,-1.0065843947330042,0.6868321851196334
TEST_02242,1.1390801376708033,-0.4592631815848383,-0.5494004893660933
TEST_02243,2.5783183966705625,0.6298494860670809,-0.04297841775001005
TEST_02244,2.152448773452065,0.792778409225942,-0.024638591064394557
TEST_02245,1.4808747181103645,-0.20729805707697224,-0.5477174556775711
TEST_02246,2.394722760394068,-0.1995771114673513,-0.1348885535500857
TEST_02247,4.673638209212234,0.33239058360869495,-0.18885556487761665
TEST_02248,1.8547324375287209,1.1844196163135141,-0.684293333836881
TEST_02249,2.0176673629784645,0.12461267247572938,-0.3614623634911137
TEST_02250,2.8998479018031054,0.3036569660317978,-0.7256189353761842
TEST_02251,2.3844933285540924,-0.2904859802860866,0.2993750003736554
TEST_02252,4.149889477948367,-1.4438785520812907,1.231516583717084
TEST_02253,1.5226103021334392,0.0312637478519104,0.1410209497113974
TEST_02254,2.7748041373202113,0.7807764105612226,0.37855439948926334
TEST_02255,3.4302023618077904,0.3462262518746417,0.27020383471670095
TEST_02256,3.425082405706984,0.36509028771856344,0.9985326644008866
TEST_02257,3.153924721513041,0.8554066730222809,-0.22694596487912957
TEST_02258,2.341240546803475,0.2923091554132516,0.009193477503812178
TEST_02259,4.11739007384189,1.023132200105645,0.15956521817039573
TEST_02260,2.8699315493301634,-0.02509891272805171,0.07424164291532442
TEST_02261,3.1207814490805923,-0.14352299343858288,0.10229526663409513
TEST_02262,2.3236273672426426,0.074657508323649,-0.31232876801451753
TEST_02263,3.9799698337631613,0.40832355102246765,-0.06619410473431005
TEST_02264,3.9417309664031994,0.03482765497081357,0.15161202325638318
TEST_02265,3.6541752401623246,0.4139798067708006,1.6755448504748898
TEST_02266,1.309843072167573,0.08803589280753554,0.3135505373631501
TEST_02267,3.2466117403972987,-0.1400666939124239,-0.37613460304526347
TEST_02268,2.0503012731476304,0.4041893370842367,0.3043584038820048
TEST_02269,4.839762042481749,-1.4118182609379044,0.8077785146994256
TEST_02270,3.208909130159001,-1.406045725509884,0.46751946791764404
TEST_02271,2.998186558398115,0.9478880349502857,-0.6459968665018686
TEST_02272,2.706753543651659,0.48009276756468244,0.5755999608229675
TEST_02273,1.6303525587009255,-0.818325838108238,0.19280910021612685
TEST_02274,3.4909225791868503,0.01985553570984981,-0.6722855745657672
TEST_02275,0.9797778354431199,-0.3122968535606016,0.27251552950868474
TEST_02276,3.7316555712307014,-1.101602453222173,1.0079720858418517
TEST_02277,3.805634027926651,1.0394381757142583,-0.1955002018220201
TEST_02278,1.3183018841219742,-0.19693552581902732,0.5149025005526751
TEST_02279,4.508967197399766,1.1441905060162931,-1.1808066653080038
TEST_02280,3.9685407611441645,0.765697601865626,-0.4540940832721182
TEST_02281,3.2062938492137714,-0.2672810717026618,0.8841345099388015
TEST_02282,4.219565885744658,-0.4999895713092477,-0.5373630571771825
TEST_02283,2.245253553055214,0.41005488369037063,0.09047299117776797
TEST_02284,1.7370356950502848,-0.4168639673096573,0.29937542670938333
TEST_02285,2.6581986763803718,-1.0279693414887416,0.2892182996536789
TEST_02286,4.614622228955999,0.19252308611600166,0.2828158591053729
TEST_02287,3.844041730172977,0.8739607485888551,-0.414439402455374
TEST_02288,1.1695694427514345,-0.34237342140934507,-0.10433475422388443
TEST_02289,3.576936160494871,-0.12889885088641617,-0.34569666298463003
TEST_02290,2.2008868619524224,-0.14218262891147576,-0.24657949686052627
TEST_02291,2.1995298374196057,0.4147787575017899,0.7259153577656802
TEST_02292,1.3343829239537455,-0.5586751126450834,-0.15766192053114622
TEST_02293,2.678532045532868,0.49332146104996966,-0.28929564964150645
TEST_02294,1.3262453838729098,-0.7971900361177257,-0.5287675979015813
TEST_02295,2.6854237036334787,0.5233298888842989,-0.029171419643013632
TEST_02296,2.4894221258729545,-1.795360034211229,-0.17972730090267075
TEST_02297,1.7925117310466034,0.42103064199088436,0.6205126708982006
TEST_02298,2.235056587162876,-0.9615132876404472,0.42046265395511284
TEST_02299,2.816564487522616,1.1845811914813729,0.16212924506753007
TEST_02300,2.3022316439290837,-0.6948706284799357,0.24224876909442117
TEST_02301,2.1420372152236404,-0.17853238727579626,-0.3026811194363407
TEST_02302,2.0492543954753253,-0.33094960796875056,-0.045829749891124386
TEST_02303,1.5840370431324822,0.08414694908617876,0.10545816885737262
TEST_02304,1.9977732485319113,0.272905637875308,0.10269589737354669
TEST_02305,2.578710596874001,-0.7232869872362346,0.5769872886980734
TEST_02306,2.772534151418956,0.45289325062667546,0.13162049205513748
TEST_02307,2.6115676933988627,-0.5679588246566307,0.4715210853548997
TEST_02308,2.129012618078913,-0.5543793358346464,0.45656852984964497
TEST_02309,2.8339992142104853,-0.1468046168405667,-0.369118362897807
TEST_02310,3.2792870189649093,0.6470953398414128,-0.3664404344882984
TEST_02311,1.7733766619762175,-0.9625168395761903,-0.19026063777957963
TEST_02312,2.255047008571943,-0.1960157158213276,-0.11818825786725205
TEST_02313,3.079097575499164,0.6544972535813894,0.019553291550267794
TEST_02314,2.7252486653287105,-0.005791721130310949,0.13131334880105555
TEST_02315,2.3697358205484016,-0.7789092382425544,-0.9451306757777885
TEST_02316,4.07745004634315,0.6544202442407694,0.3843867070964688
TEST_02317,2.352754209908137,1.1817245282688653,0.5739129581657443
TEST_02318,3.1003240840259836,-1.4728050358257545,0.1523234124737785
TEST_02319,5.747972372849767,-1.0365065844496695,0.3641611648604842
TEST_02320,4.707531786181118,-0.4882495414599948,1.142147615979541
TEST_02321,2.751305139110977,0.5540281034728289,-0.11991097514744081
TEST_02322,4.5930996697691855,-0.14701333266515032,-0.6345590253901261
TEST_02323,2.473787576515294,-0.4104626089917332,0.3101755478210152
TEST_02324,2.531301635644399,-0.9981451129727713,-0.8473487944892609
TEST_02325,2.5309397771101256,-0.16199541106903118,0.34119935116592254
TEST_02326,4.785906613176205,-0.38747393545679726,-0.14330145216499096
TEST_02327,3.9948084449110843,0.9899201818322476,-0.5233414901541945
TEST_02328,5.235583566074653,-0.39907295143761545,0.3513481210371445
TEST_02329,4.236128951821016,-0.591456841718064,-0.22575104770786894
TEST_02330,1.1709091792728266,-0.1572239649745776,0.0961364104579884
TEST_02331,1.5116381285413343,-0.19250099819210373,-0.20994048278776492
TEST_02332,4.289131331043523,-1.4771357246662584,1.9529379283447315
TEST_02333,0.7100959048085888,0.24290097507154693,-0.19463888287422945
TEST_02334,2.8660828249276435,-0.8060476014258535,0.6974795352885482
TEST_02335,3.127150391817496,-0.7717292091516124,-0.4607510069205059
TEST_02336,2.668640060087969,-1.426586510027328,-1.0176536238480465
TEST_02337,3.04390767043313,0.24341902280206562,0.7361600659960629
TEST_02338,3.3916167799743655,-1.1297552560420843,-0.7276325338410895
TEST_02339,2.9895425517391057,0.7575272065875985,0.5756159678159202
TEST_02340,1.3512045806743724,0.23603219327625274,0.41524590566734726
TEST_02341,1.66774923290055,-0.3616514239968024,0.6804279857379558
TEST_02342,1.832011776024389,0.12540439425986172,-0.15398600181681463
TEST_02343,4.3016321917492695,-0.4994915042827384,0.27085668909423105
TEST_02344,3.4469251922719115,0.2648020245262492,0.21744970926740248
TEST_02345,4.943047966782624,1.5675569326424257,1.8244218303224589
TEST_02346,1.5455995373938185,0.7346555979450515,-0.1302771116238529
TEST_02347,2.8550591410522865,0.42111581338526427,0.25545767508549905
TEST_02348,2.8799249506061164,-1.1187825541922936,-0.9971730429798777
TEST_02349,2.640076557824788,1.8305021495018527,1.4053366104372949
TEST_02350,2.605874741804545,-0.6323369765473914,0.7400490940038902
TEST_02351,2.16806788609452,-0.7820136969394934,-0.22871700008221324
TEST_02352,2.426018656534059,-1.5638000304550004,0.38393835045853997
TEST_02353,2.1149568399061813,-0.6513073574752253,-0.2871535273820561
TEST_02354,2.2570229616317135,-0.40591189412644774,0.4217983531758827
TEST_02355,1.139828092741777,-0.03218968409737361,0.22982152688039503
TEST_02356,3.8032093239108464,1.7955341286795203,1.471884020293023
TEST_02357,2.169345061991997,-0.4387983710700492,0.5418893114838476
TEST_02358,3.4216444966070405,-1.022560937225501,-0.768724111834295
TEST_02359,5.020881325371813,-0.9407829835427969,-0.1757140210105889
TEST_02360,2.124712762524279,0.6640416629753715,-0.2127715109109895
TEST_02361,1.927413729222636,1.3240374331722473,-0.015064260512761319
TEST_02362,3.948289849080028,0.7218325513210704,0.03098590499800727
TEST_02363,2.1636463357381976,-0.08501510566475026,-0.6863088615215708
TEST_02364,1.5683573055252678,-0.10598116251289165,0.2064251207664566
TEST_02365,1.9266205884031893,0.19927776052779123,-0.0769036417156934
TEST_02366,4.076435109773179,0.11368388744903989,-0.3970404809527838
TEST_02367,3.229566429060571,0.6865933169138019,-0.22064827535087406
TEST_02368,3.4644661510360333,0.38472910977106756,-0.8943769503747458
TEST_02369,3.3844569512501557,-0.20761561190149824,-0.30190327536190725
TEST_02370,1.8603940771754526,-0.22548996721041403,0.39544516403337066
TEST_02371,2.6029164874545088,0.010472991350531122,-0.3116732035869249
TEST_02372,2.4183453169762075,-0.39396410096254686,-0.11764618373084712
TEST_02373,2.870204237360142,-0.3047965040097507,-0.5192813683591485
TEST_02374,2.5452222990796662,-0.937789087962417,1.120817966933169
TEST_02375,3.607059045162902,0.27352547321692855,-0.07585642344617705
TEST_02376,2.613999965332657,0.09456067466479376,0.8458187520971336
TEST_02377,2.892748154426874,-0.24795595685737465,1.1520673929388838
TEST_02378,2.0919302002115927,0.3355835748707517,-0.36823619241474637
TEST_02379,1.7180942018187153,-0.9989881399037074,0.5875028159138869
TEST_02380,1.9258741454443136,0.6567428309342104,0.1073885489857933
TEST_02381,1.606514778843472,-0.4202481123154663,-0.40993643588813156
TEST_02382,1.6156771011578428,0.35690716463554445,0.30630544340032667
TEST_02383,1.4562410948331221,-0.1985597150525354,0.3176885702697633
TEST_02384,3.6891970768088855,-0.29397940907673414,0.8151088651329024
TEST_02385,2.349323429700907,-1.8989862212889408,-0.17649299832800233
TEST_02386,1.7603067419637324,0.04171656899996704,0.16756135447213938
TEST_02387,2.619077727874547,0.2772560402956191,0.30414710507006015
TEST_02388,2.8699633715030957,0.6825550545587521,-0.7218188010314651
TEST_02389,4.616684612733375,0.02230047213279033,0.9785798338039954
TEST_02390,5.264479994759068,-0.17075122874188128,1.0728751191783885
TEST_02391,2.7169578078985266,0.33225971493181444,0.6150663126450707
TEST_02392,2.1009556643293505,0.6210204602786821,0.269123511843213
TEST_02393,2.72465707216759,1.4840658016063983,0.8014220861907693
TEST_02394,3.07941563165862,-0.06929695055774215,0.45052917807106924
TEST_02395,1.4636041426169237,0.6359701156846885,0.3510521664310639
TEST_02396,2.2337966182189772,0.7195444672756117,0.007053303281730978
TEST_02397,3.9924618912477046,-1.0054562910396994,0.4317837145102896
TEST_02398,1.8308943786454905,-0.34263345584907634,-0.5376698088543463
TEST_02399,3.3593526619015224,1.0901510682225513,1.4793091271112724
TEST_02400,3.1258387883741565,1.1901109660223208,0.3054838103553325
TEST_02401,3.520436224576825,-0.26744196933262565,-0.8219950451190443
TEST_02402,3.987478803394469,-0.8458670559420808,-0.7634498097736805
TEST_02403,1.9100920018252596,0.5460472716045046,0.48438463291842876
TEST_02404,3.098850182617548,0.9106423127618247,-0.7583753502821522
TEST_02405,1.628175857372217,0.06916612485959392,-0.011985576199613886
TEST_02406,2.7049119973144724,0.6336966353994565,0.14385475819971144
TEST_02407,2.0107231096089087,-0.8670858353723736,0.07164030310864873
TEST_02408,2.1698096966483202,1.6454349453921895,-0.5137237097958323
TEST_02409,2.8556295578662865,0.387523931858997,-0.5162747379921153
TEST_02410,2.4178521347661026,-0.09883577131041402,0.013258668400341275
TEST_02411,1.6566421381207845,0.3121055913127037,-0.42877713918862354
TEST_02412,1.5724135628724278,-0.5305924896440197,-0.39014233089443134
TEST_02413,1.7937316064676863,-0.4226551835224712,0.28554372306226883
TEST_02414,3.499979300950738,0.5324953206487496,1.8638876390204635
TEST_02415,2.0515689256280814,-0.08308741038538474,0.19134862003795225
TEST_02416,1.5145016895279815,-1.2570001003548117,-0.2229298183033443
TEST_02417,2.547968366410229,-1.2953287895086156,0.2212581734660803
TEST_02418,5.124906707282288,0.37163853394706514,1.4014543721904174
TEST_02419,3.0322322130085855,1.5852222750858564,-0.09136962370032953
TEST_02420,2.7159638888788846,0.29374152429574674,0.3483085326872946
TEST_02421,3.459393420902739,-0.11293050317491675,0.35877009487873995
TEST_02422,1.7569271412656164,0.18533457892800204,0.22925265896780525
TEST_02423,2.1925371552123165,0.8518808527923546,-0.3176854030536011
TEST_02424,3.2403600118685962,-0.08588919899577822,0.1271838300062076
TEST_02425,2.192527483467875,0.027431725006258498,1.13950457729955
TEST_02426,3.3677613496938648,-0.7520140599945719,-0.4191382756440358
TEST_02427,1.9369137322057504,0.014378820195024074,0.6474966311917073
TEST_02428,2.141108848923164,0.46121734840862394,0.17642255272483617
TEST_02429,3.4925494403982924,0.5145351454000457,0.08796709835700603
TEST_02430,2.0536286543817233,0.3622119758958801,0.10872307147207624
TEST_02431,2.5396778410926872,0.5800704141947697,0.030226818358126392
TEST_02432,2.2730857715065462,0.1388268390350739,-0.41932497766594945
TEST_02433,3.6841493293445318,-0.12114645602327265,0.5656214813046071
TEST_02434,1.5544154966289705,-0.046806557701653005,0.03838706948556207
TEST_02435,1.2480528316617265,0.43854259006853713,0.2021491065043596
TEST_02436,2.007436345596807,-0.23954873438024182,0.6052776321432167
TEST_02437,2.129726800748645,-1.1958150983504954,0.0817445259176227
TEST_02438,2.7799438504387393,0.9996351186320052,-0.21919292100199297
TEST_02439,2.057826529523624,1.4684300899204474,-0.6275155483095975
TEST_02440,2.858401657620512,1.813323812383857,-0.661467914293625
TEST_02441,2.372038708399493,1.8358069112321744,-0.8584275096253888
TEST_02442,1.218790345593594,-0.5839266891503397,0.3997641137805374
TEST_02443,2.020487049052939,1.9875107593980192,0.8608200295331585
TEST_02444,3.164482127072723,0.017738783224381348,0.21896152112580938
TEST_02445,1.926398765198686,0.41431904565995303,-0.17409961333559734
TEST_02446,1.1728345411697343,-0.2919454983168587,-0.1636749348061167
TEST_02447,1.743679885557949,0.12300352501069836,-0.3862139629989454
TEST_02448,3.516288821108047,-1.183357498634622,0.05493808767929421
TEST_02449,2.156198851728791,0.4741907729037122,0.13150481226453958
TEST_02450,2.149564378237775,0.3523806035712694,-0.06047507267947414
TEST_02451,3.273589280813284,-0.06269859439424481,-0.06879447775645892
TEST_02452,4.683018553603852,1.4327151512437368,0.6596313761574542
TEST_02453,3.107164205025699,-0.21229677108866515,0.356875310444703
TEST_02454,3.5697189992534963,1.256426611731242,-1.1825724159615196
TEST_02455,3.53921203592205,-1.1683167674803485,1.1080603088167442
TEST_02456,2.9567305867083347,1.1550018675874074,0.28604290717102077
TEST_02457,2.231828557019292,0.07843843009101747,0.06324933489555759
TEST_02458,4.487399019876405,-1.3920487710732905,-0.5206778119881236
TEST_02459,3.0244861698238323,0.3252776584210558,-0.6682491777449329
TEST_02460,2.257893694584408,-0.06000478911911299,0.6441185219316835
TEST_02461,3.4485016436376323,-0.26088787563109234,1.0437336271361706
TEST_02462,2.3981172931286054,-0.3293229458337701,0.3527056835676262
TEST_02463,2.8757443889286565,0.14851977413956657,0.5642305188622333
TEST_02464,3.7336639630256765,-0.07948615271896849,0.2957845361957307
TEST_02465,3.661585540788022,-0.3957237209581893,0.47651352468441754
TEST_02466,1.8753378259442672,-0.5592430631713637,0.6640604172400066
TEST_02467,2.913845056985845,0.2074407205314194,-0.6285015452723726
TEST_02468,2.4795788522235265,-0.9094855807208267,-0.5558076954182318
TEST_02469,2.8163774955632292,0.7476079998453343,-1.1196636803487217
TEST_02470,2.4684300968686053,-0.3018422152085936,0.5766126140955381
TEST_02471,3.1151477175601556,-1.183349985716401,0.5671289825320275
TEST_02472,2.086587486676743,-0.8326382839792006,0.019435064812204198
TEST_02473,3.392187683193029,-0.27574535335172295,0.27837346345056535
TEST_02474,2.050080013885992,-0.1020737675920108,-0.00585499520397719
TEST_02475,2.417629385950214,0.622231951856013,-0.3749928266537739
TEST_02476,4.6481328535867,-1.550129864968207,-0.7643002514165966
TEST_02477,3.1561663822813735,-1.1793116179756498,0.06243515603329031
TEST_02478,3.6578863534652726,-0.10134827533645402,0.9334176021744495
TEST_02479,4.799651570785483,0.39636063869092275,-0.1619418343736442
TEST_02480,4.024956689270548,-0.7188388032796332,-1.1356208279564433
TEST_02481,4.6419149635530434,0.045610715532687834,-0.5247143611990124
TEST_02482,2.3167697328794197,0.47111098836785004,-0.35026590811641123
TEST_02483,2.0441262615461144,1.0689801210698888,0.32917283784420753
TEST_02484,3.4329676452071167,-0.051398749596714685,-0.5056940619712773
TEST_02485,1.8691262605541497,0.7669170985701678,-0.476270281848025
TEST_02486,2.7112415155495797,-0.4692072684694951,-0.898290371757614
TEST_02487,2.7500606328135295,-0.8410341127143317,-0.26898513834324767
TEST_02488,5.4304478801924185,-0.300651407232404,1.202713211876653
TEST_02489,2.0788371194380146,-0.10826846531084067,-0.06721438897581894
TEST_02490,1.0999483345304262,-0.166198320305932,0.09279552595837326
TEST_02491,3.497071984845144,0.38714759476852484,-0.6423244297599237
TEST_02492,3.050952799244483,1.073614772500487,0.2653989527574847
TEST_02493,2.532048740883082,0.34174742132584407,0.24623310560426515
TEST_02494,1.674655067751066,1.032956940768217,0.47062560142195864
TEST_02495,3.4392826222840824,-1.2746121958644845,1.1804586967269877
TEST_02496,2.781263584504146,-0.8440891348575175,1.3388415722333746
TEST_02497,3.22761581222083,1.538768417062556,-0.4832753938265271
TEST_02498,1.4165906293101223,0.5068672540842571,-0.4495398505074337
TEST_02499,2.530489758331539,-1.1738467871101403,-0.1813884105915692
TEST_02500,2.524750671820466,-0.6338888951861579,0.08491610905722623
TEST_02501,3.106761268394378,0.34825045596361964,-0.46257030435629
TEST_02502,1.4671888491665812,0.43041083412583914,0.2377749400091121
TEST_02503,2.1129102803575437,0.29764705236489775,-0.5901524506582628
TEST_02504,2.107461283187605,-0.6122421531283978,1.0251318786863786
TEST_02505,1.9884748641777017,0.8977497503283439,0.3358311407735829
TEST_02506,2.482930536786303,-0.34703444064660816,0.45556518563287035
TEST_02507,1.1757148090920262,0.4596983494728543,-0.16004514462055333
TEST_02508,2.183278687719234,-0.5078056766944885,0.09770734400332456
TEST_02509,4.308030973308718,0.842615655075943,-0.3983129392466118
TEST_02510,5.203974685070573,-1.6329134031739785,1.815532533702998
TEST_02511,1.3784877770401782,-0.31815570427874307,-0.03785615307365846
TEST_02512,3.034362547424404,0.1690475255010567,0.14023509502173617
TEST_02513,3.754358615512801,-1.6391913057925134,-0.5073159010611774
TEST_02514,2.0590569928684523,0.4429583102599594,0.009737885641063693
TEST_02515,1.6730459516576828,-0.09499098954852907,-0.257996403105401
TEST_02516,3.110112838879601,-1.044861067312097,1.1343223838731828
TEST_02517,3.2794844711132805,0.21583597519555817,0.3916298472597931
TEST_02518,0.9965709283497219,0.3167512597809187,0.33371207565836697
TEST_02519,3.316540353107672,-0.3538340788340093,0.9209831759839202
TEST_02520,1.6744223556418005,0.9012636399681304,0.20572923447005811
TEST_02521,1.2547678933923232,-0.40288008146661175,-0.2802299562069486
TEST_02522,3.0516154457868394,-1.2002978760745238,1.1313075139251776
TEST_02523,4.153622294626641,0.3683542345303,-1.0698663678197609
TEST_02524,2.352418801184056,-0.9418501607758718,-0.534913495460954
TEST_02525,2.611425542292906,-0.038983475630026285,-0.6359640385578221
TEST_02526,3.9283377786916303,-0.8967606564736145,-0.9018017263529264
TEST_02527,1.3362023094388737,0.6276019793525138,-0.15745896383529914
TEST_02528,2.0227894903646333,0.9845965880481952,0.4118638850364185
TEST_02529,2.129110703198344,0.058616849710771975,0.32677838426997463
TEST_02530,3.1653332889887897,-0.5136763191335868,-0.6432905431513325
TEST_02531,3.167603320739182,-0.05948679779820821,0.017771141998556835
TEST_02532,1.7598792366739513,0.36426501853797677,0.10518286504969172
TEST_02533,2.1064095581608613,0.22393637380378031,0.37483399712284726
TEST_02534,1.912649455773191,1.3500539774876883,-0.1648771218010074
TEST_02535,2.316044736413703,-1.0781639491234494,0.2775931657354672
TEST_02536,2.3901444994140255,0.7388848750919824,0.620257195595032
TEST_02537,3.331542977462581,1.6886047463575538,1.4017935135082862
TEST_02538,4.32302937615595,0.43749447419899185,1.392299911004559
TEST_02539,0.9133962113896148,0.3458193067742071,-0.09073479526953691
TEST_02540,3.406179780036872,0.033742506365770246,0.9216809238880029
TEST_02541,2.8310174954705576,0.20863682880828877,0.26693432549408097
TEST_02542,1.4261834399707614,0.08114720732136882,0.11895775384328951
TEST_02543,3.716534456201208,0.24491565493818684,-0.26688058205298687
TEST_02544,2.735799135163099,-0.28626104762711957,1.13627755838334
TEST_02545,4.547479950332333,0.9538454909550262,1.0334236732449837
TEST_02546,1.6671442232135818,-0.20097033458594205,0.3677552132889779
TEST_02547,2.933158840704694,-0.03323691439806372,0.6203378966951828
TEST_02548,3.0997528715629152,-0.06707406130471219,0.5930300251079083
TEST_02549,4.452010073019842,-0.002724006170426682,-0.8232896667933066
TEST_02550,1.712800430784319,-0.9442185244003536,-0.6949743635721372
TEST_02551,2.945389076241326,0.027583674862310288,-0.11512120696775019
TEST_02552,2.3918121061156903,-0.806528797344071,0.38074372778857213
TEST_02553,3.0485772551319497,-0.08668307352726376,0.4016966578348552
TEST_02554,2.1883359095912014,0.129391614716933,0.2733539723691353
TEST_02555,2.3757049745908456,0.39474088850520667,-0.05816042609234061
TEST_02556,1.8322452639518363,0.7801484959926708,-0.2966418693958703
TEST_02557,1.8699859662203306,0.09455457354448547,0.49896789212109677
TEST_02558,2.2529957700288517,-0.5155267458343906,-0.8448926117450251
TEST_02559,4.965523596873963,-0.38962488178108773,0.7720473821491557
TEST_02560,4.103685282327441,1.0775756034884385,0.15699385958549894
TEST_02561,4.36898261246961,0.8631617680250292,-0.7286668475694482
TEST_02562,3.4087176080114796,0.32214360398322556,0.12427662981381292
TEST_02563,3.7592259685297167,-0.3554799214422564,0.6278342292599706
TEST_02564,2.7988392351633946,0.5700748630716933,0.15432227727221426
TEST_02565,2.3423999523327814,0.23321342734682132,-0.9465014776276718
TEST_02566,1.0930149608895712,-0.6862923011135587,-0.3871241994353365
TEST_02567,4.784040211051672,0.11918902752282025,0.5724567654779182
TEST_02568,4.396170350827631,1.0397309575398,-0.7103586322223686
TEST_02569,3.451748104331593,-0.41226351091927677,-0.5947306259978873
TEST_02570,2.440514725833215,-0.03472620998465344,0.1283966718194792
TEST_02571,1.3816461029279463,-0.15744573285330005,0.05447683456430842
TEST_02572,2.66793478737895,0.7463805244714354,-0.9287675023916823
TEST_02573,3.003263996102875,-0.37669045774742366,0.5520619000705783
TEST_02574,2.575565267432217,-0.7137883268735492,1.0872659604786001
TEST_02575,0.997079955382801,0.15764068822129362,-0.07186722986353984
TEST_02576,2.44337232824925,-0.3331554604398407,0.61522582671344
TEST_02577,3.603809254967559,2.1158235530461575,0.06741985168309546
TEST_02578,5.62002775271166,0.11934208897333412,1.1574285325200455
TEST_02579,2.7395157578385936,0.7351851475913884,-0.22519791158535538
TEST_02580,2.610103373953465,-0.5681489845652633,-0.2361143511332539
TEST_02581,1.0488897003434499,-0.3459688947632562,-0.2804470087429803
TEST_02582,1.5624149486471686,0.4893421317893586,0.12235517219554067
TEST_02583,4.47845964490147,-0.5162251489143865,-0.7084305647602913
TEST_02584,3.8130427144832035,0.08941901817472438,0.16992123814008264
TEST_02585,4.86957599093398,-1.7716938938116633,0.08300264413172947
TEST_02586,2.3940223165201036,-0.46584585398528333,0.35473404389078117
TEST_02587,2.8423943971156134,-0.44011962754820455,0.40457829574547405
TEST_02588,2.6280805887755414,-0.23066630066336358,0.19584360525554517
TEST_02589,2.112148557805644,-1.4115424200316196,1.0604193844745873
TEST_02590,2.6983072087119813,-1.361495640002048,-0.06826141014827812
TEST_02591,2.847987674510063,0.04227893593357705,-0.6114036785402862
TEST_02592,2.140518479108908,0.7079218315489513,0.6194935592017742
TEST_02593,1.5223890961049955,-0.4466440461822057,0.5333684160892924
TEST_02594,2.083319093870262,0.36587742304222076,0.03984854953905093
TEST_02595,1.6261665874796516,-0.14196821046505323,-0.10497905165180936
TEST_02596,1.902319126723003,-0.0005722669644159903,-0.013474754674190143
TEST_02597,1.6509624082711245,-0.06952977434056053,0.2698046671925626
TEST_02598,2.7371441344720973,-0.3238192633543689,0.22462524022276545
TEST_02599,5.9271098650317215,1.373983770593614,0.821869763650098
TEST_02600,1.9606623968631587,0.6680622776704483,0.24469307450021924
TEST_02601,4.864802567054305,1.4301033420106979,0.2267452171901746
TEST_02602,2.9676804683482834,0.8185884467640163,0.482638900282403
TEST_02603,3.1177295468302435,1.2388899991760367,0.8298067341378068
TEST_02604,2.5811451776041263,-0.3257797089033513,0.10469310040924992
TEST_02605,1.0654417113073051,-0.07228765220068743,-0.2578382815586895
TEST_02606,4.648039402827377,0.18824266314716634,0.46298839340143905
TEST_02607,1.132966495113379,0.5567621882675627,-0.3606129216893019
TEST_02608,3.059697638417256,-1.0480740028971112,0.3161077972688382
TEST_02609,4.289012331291946,-0.010646308123810708,1.0139599961696706
TEST_02610,1.3417049855826761,-0.0361615625945851,-0.00929172293640573
TEST_02611,2.611429398005751,-0.20205473396320178,-0.22489785372877094
TEST_02612,2.2159488333392807,0.3555610326097858,-0.22268067749162113
TEST_02613,1.2458795178277366,0.3355230445860811,0.16156926400614763
TEST_02614,2.648534093448378,0.035778805962651594,-0.5843107533400848
TEST_02615,0.9658130487398237,0.45351055085693975,-0.055481457709674525
TEST_02616,2.3334698271760685,-0.4008214575092124,-1.0063922384164896
TEST_02617,3.5020716741518436,-1.8780397328388356,0.9813214922118041
TEST_02618,4.240700450610121,1.2039062428189098,0.9879485624738396
TEST_02619,1.6002056596090681,-0.18603108426640974,-0.514065201076583
TEST_02620,2.0929739744932037,-0.7688212669185484,0.07774936067685544
TEST_02621,2.9018920093465153,-0.05430387528719774,-0.36506841014501257
TEST_02622,1.924894992062061,0.726501926830831,-0.055496747884199046
TEST_02623,3.727686710818522,-0.3351692239761553,-0.2965858523418082
TEST_02624,4.061289343189106,0.23714896082195747,0.40722055334711343
TEST_02625,3.18919527523009,-1.1563099147069338,-0.49803686365968214
TEST_02626,0.8864873465382422,0.06579781432410874,-0.3045640901335056
TEST_02627,4.174078920968371,0.14210988122415166,0.2390342773497359
TEST_02628,1.6235738534964568,-0.7445287486071012,0.3730145673092223
TEST_02629,3.9095805269880946,0.665628391192088,-0.08815755286097715
TEST_02630,4.058517108161332,-0.9085416665136075,-0.404198663540741
TEST_02631,3.2655934603151158,-0.4419531770023366,0.718166201830142
TEST_02632,1.5725703633318797,0.5815509217754945,0.43988062984509607
TEST_02633,2.017237931025084,0.14462689582190946,0.5401024889232231
TEST_02634,2.735817345257548,0.14581517050744489,-0.41844013182722767
TEST_02635,1.1397779601382632,0.36588883872493594,-0.06466904342691239
TEST_02636,4.622135754655994,-1.1303139520196586,1.0025610964043388
TEST_02637,1.1767768636587834,-0.29345019939295425,0.28167054329195
TEST_02638,3.417092294560482,-1.5633574141634228,-0.8360196441058891
TEST_02639,5.302242067895257,-0.5588918271078569,0.15535833340494645
TEST_02640,2.9846478118148516,0.2492011812960847,1.108958990290509
TEST_02641,1.1216493640761611,-0.8822566413228558,0.16418542219621757
TEST_02642,2.269172952594627,-0.5700417829356057,0.27570095340830464
TEST_02643,1.320760377047903,0.5206386278590589,0.13667632912991992
TEST_02644,3.1072921834358733,-0.8283529675323416,-0.8650147970056108
TEST_02645,2.2347221033199327,-1.079088445131682,-0.7810866064495214
TEST_02646,4.510010656295368,0.7200405557696894,0.19269494954607613
TEST_02647,1.954444893410703,0.6539809962887401,0.8221452671585309
TEST_02648,3.87942887781571,2.0388788330681487,0.009100917722187072
TEST_02649,2.5161563361482924,0.11961564011642017,-0.03891711111995345
TEST_02650,1.950297111046704,0.08244560042065273,0.535495485819727
TEST_02651,2.770017967091938,0.10095184455419905,-0.03090372102637098
TEST_02652,1.6233785810121935,-0.9331695853170386,-0.6142412376560035
TEST_02653,3.108318406553041,-0.052664980000632855,-0.4113505772300875
TEST_02654,1.1167851635096848,-0.38111873809184416,-0.2731851174065942
TEST_02655,1.372569774351281,0.4207006613012424,0.19201964679543093
TEST_02656,2.9446317194187515,-1.036079224931094,0.7081273229033628
TEST_02657,2.7647878286515386,-0.8831107748786337,0.2822244484575219
TEST_02658,4.583756753398074,-0.13428335316998022,1.0029513391216238
TEST_02659,2.175077696786209,0.7657126321816883,0.2508313249019503
TEST_02660,1.6430599134637327,0.04040548998040404,-0.6169458408957057
TEST_02661,3.467820128624128,0.12513595987458292,0.8275801974874576
TEST_02662,1.92463048106693,0.20806802445275166,0.03203536980173323
TEST_02663,3.097098549566073,-1.0260745351698135,1.105445973059008
TEST_02664,1.926181009405728,-0.3647509293781773,-0.3460575401158192
TEST_02665,5.360791076995223,1.2951713272889878,0.4629743111066907
TEST_02666,2.9016247966677575,-0.289172542974066,-0.34423076232028677
TEST_02667,3.335745268392472,0.39047452777385544,0.19289722927729813
TEST_02668,3.333387821517069,0.044250636784429385,-0.26865155208303965
TEST_02669,3.7411721806424363,0.28905898320783935,0.5235044354770919
TEST_02670,4.294638240485894,0.7093287372408946,-0.8363243339234446
TEST_02671,2.6885869747068636,-0.10990715475174705,0.0008803337539450993
TEST_02672,2.330559715169426,-0.13805592443576958,0.5268808326550125
TEST_02673,1.9380693094279762,-0.6896598576849171,0.050542392962553515
TEST_02674,1.7821371297648592,-0.12055497265270801,0.28717195787283134
TEST_02675,2.504289979060368,-0.5193093101239455,0.466652205143779
TEST_02676,3.0277310907637482,1.0279973730015308,0.3286549116467639
TEST_02677,2.1330410448437336,-0.22890356232939946,0.3256107324715531
TEST_02678,1.2430315382456918,0.13719912786095048,-0.09317764575056035
TEST_02679,3.1015776073968735,1.7299257318487455,0.9662825207249084
TEST_02680,2.277077397978934,-0.9926615923859062,0.17129358189255733
TEST_02681,1.5219782970802986,-1.4639434297285843,-0.35455685202721005
TEST_02682,1.4715565424040882,0.6186854598621278,-0.665397919100492
TEST_02683,1.1701269058441688,0.062076296080769325,0.15326672108507403
TEST_02684,2.462853031037107,1.3623894049110195,-0.6051564677883925
TEST_02685,2.1810161175257177,0.3471069351923368,-0.45126659056582724
TEST_02686,1.9636523244486948,0.7636827558583577,0.38006767565351585
TEST_02687,4.217575337310818,-0.4870847356220774,0.18107319037523037
TEST_02688,4.819890614663818,-0.6297717889118294,1.1584273189857446
TEST_02689,3.7868070358391255,-0.16268293998642866,-0.6666969251163871
TEST_02690,1.408078958346052,0.32994361987159654,-0.41658440628898125
TEST_02691,2.0283651390519206,0.3212569529464458,0.40655176857053354
TEST_02692,2.184267823661161,-0.6819800464749617,0.7060502969387782
TEST_02693,2.415898069351498,-0.18164800609792822,0.28783191404063163
TEST_02694,2.386599817949183,0.8575066431409107,0.7055478714644837
TEST_02695,2.9592442167002644,0.00492332256349727,-0.042053113075551374
TEST_02696,2.8687058346040173,0.7663199094961937,1.0998507418552752
TEST_02697,2.313381964631132,-0.440474724601701,1.0384325025994834
TEST_02698,1.3311409043750702,1.0347769579646502,-0.6952153849863209
TEST_02699,3.766518728143681,-1.3824203798351422,1.2055309099515408
TEST_02700,2.1902610884534646,-0.2835262420015563,0.8137406802767501
TEST_02701,2.130924776017528,0.18364296184530396,0.6364714883888408
TEST_02702,1.329255410044369,0.22982500349040513,0.1030651689221044
TEST_02703,3.232609400516007,-0.6968547757533748,-0.031584635782213696
TEST_02704,2.578154126427494,-0.20659956881123306,-0.2783550827302238
TEST_02705,3.348595993657718,-1.0838729412483252,-0.8513134989382233
TEST_02706,1.2857060591526963,0.17824668373461483,-0.30220028140739347
TEST_02707,2.1125284213964535,-0.18214622252833862,-0.6087904080505149
TEST_02708,2.259519681977544,0.9886617308628741,0.3029374693798804
TEST_02709,3.237471157938341,1.8580908000780014,0.8295067132736155
TEST_02710,1.5432013563760072,-0.5150105998665861,-0.4350695895083393
TEST_02711,1.9277436775273398,0.9756520960467172,-0.41004849451954345
TEST_02712,1.2332066617085544,-0.19647037545645324,0.07218839400962625
TEST_02713,3.7791056068760454,1.2397853198115265,-1.0447412135781577
TEST_02714,1.2290202367210412,0.13177552518667993,-0.005648962949668298
TEST_02715,1.7532429528323228,-0.15058165793382286,-0.03704766676553043
TEST_02716,4.09587638229617,1.2972270541388928,0.4098423290746419
TEST_02717,3.1904040628826786,-0.8097910605787781,-0.5127193796878615
TEST_02718,3.498282976509438,-1.7876215619193805,-0.27053472644584026
TEST_02719,3.575963919692136,-0.3023255677015095,-1.4943764861646027
TEST_02720,2.489108725581475,-0.8670753862654228,-0.4915167627048702
TEST_02721,5.298840681511886,0.6792881232520073,0.7082152621481035
TEST_02722,2.2412642268913023,1.1668901767540274,1.0627107067037007
TEST_02723,3.1977854359254945,-0.7148015921523792,0.5291868594290848
TEST_02724,2.6970729938323363,0.42206033102314944,-0.27856262211064575
TEST_02725,1.5902277531958806,-0.5391378502766951,-0.013579567792958021
TEST_02726,2.0668441247442955,0.33119699671518615,0.5303388050505871
TEST_02727,1.4650240102482055,-0.5134244628196691,0.38655706692692365
TEST_02728,5.65366081604782,0.7029266646570272,-0.20587149701402077
TEST_02729,2.3541814415597746,-0.22179468316394216,0.5292511427298082
TEST_02730,2.893805858774938,-0.44997944702236564,0.4061712065099831
TEST_02731,0.9658672703053888,-0.2224265949107721,-0.10753224333525434
TEST_02732,4.845708181233033,-1.1783626768195117,0.9399470164310829
TEST_02733,2.516613328638055,0.1751875849787581,-0.014074356698631264
TEST_02734,3.0984488762169717,-0.3634431958896303,-1.0439629423048145
TEST_02735,2.4789687308526847,-0.20118585047769882,-0.015783895565835537
TEST_02736,1.3038735135742183,-0.17236672899057945,0.45497245406963277
TEST_02737,2.6644635057549766,-0.702306981320005,-0.09985650360487598
TEST_02738,1.2935085064128202,-0.7315599434840584,0.24836242623296031
TEST_02739,1.717000863173786,-0.901761274616963,0.10071648623020535
TEST_02740,1.3984052366353235,-0.35002633609756123,-0.5879013804924483
TEST_02741,1.2168761239343229,-0.12550868865668433,-0.2812710427975864
TEST_02742,1.2709623720487533,0.44846428487634876,-0.18995346143392064
TEST_02743,3.868381844216231,0.1194506057710423,-0.4637651863858234
TEST_02744,1.339746803444833,-0.377817470059118,-0.35899545850667647
TEST_02745,4.212906000816064,0.8053367522719953,0.10373944503845484
TEST_02746,2.065634283721211,0.44528854325641315,0.509318120765378
TEST_02747,3.6906912441822564,-0.41700974696209925,0.6845045926763608
TEST_02748,1.8907087651316075,-0.009858874391310928,0.08192496594683622
TEST_02749,4.537550910818446,0.7055724904475795,0.8739195208604738
TEST_02750,3.1276181498594067,1.1842822681860339,-0.3738374720185558
TEST_02751,1.4734591056405366,-0.7291164673055495,-0.0954306036027391
TEST_02752,0.8004948525241347,0.031203067016464435,-0.12403646106860484
TEST_02753,1.9049616367271547,-0.43817386922933166,-0.008101534981960045
TEST_02754,3.577271383993263,0.43247585927026566,-0.9831163011774083
TEST_02755,1.9688794729194385,-0.8299109624746894,-0.21130192468045697
TEST_02756,3.9989730976512927,-1.2430575214633262,-0.3392160092327267
TEST_02757,1.5242876800973464,-0.20529782258399693,0.08203211509712456
TEST_02758,2.12273675310615,0.4308744668891588,-0.6625781417097869
TEST_02759,2.470226140483693,-1.167520011723791,-0.8823290042647176
TEST_02760,2.5960593700694865,1.4394230468601061,0.5530121175934414
TEST_02761,3.766997958817384,1.7108916303129265,0.865862224828917
TEST_02762,1.5447645896989468,-0.8626135436107671,0.7331376772190629
TEST_02763,2.0339522724009473,-0.0702738345943742,0.5624417187604123
TEST_02764,2.9389456679061476,0.936370874303537,0.11481271557655248
TEST_02765,1.8029524794267169,0.19128323149774376,-0.5395286898719164
TEST_02766,4.0963142315300995,0.7666124537468372,0.16826073611572545
TEST_02767,1.6926148548599445,0.19085960166723243,0.26134245835130854
TEST_02768,2.7712607121911192,-0.08081969477328572,-0.16946003087816847
TEST_02769,2.5695022899314193,-0.033537041819463216,0.013332810542906567
TEST_02770,2.0199449837147188,-0.5450475576873995,0.281364278731359
TEST_02771,1.9867942376477203,0.10587781946033635,0.26556668997229665
TEST_02772,4.956886216754626,0.010292032169004959,0.97521992929533
TEST_02773,2.5919278516165654,-0.19413336998455227,0.20574569763626963
TEST_02774,3.1616199591789766,-0.9200909653741481,-0.7639572384644754
TEST_02775,1.8208531464059043,-0.2611164705563086,0.05743689596418583
TEST_02776,1.5023043387288986,-0.2580512762173624,0.38215286101891666
TEST_02777,3.7341598083814276,1.9019514027474367,1.8285329784961748
TEST_02778,1.7334905895847992,-0.13130500128975714,0.5636104750258938
TEST_02779,4.340259666857036,-0.3961304191153837,-0.2043098866937344
TEST_02780,2.6476799915264975,0.5599975005558028,-0.8976462872926675
TEST_02781,2.8167630843633855,-0.3625626310834574,-0.592928138492969
TEST_02782,1.2649339235131885,0.21021986114742558,-0.04254269050672271
TEST_02783,3.242836480260598,-0.5969972131688678,-0.2974836303611415
TEST_02784,4.201770839785616,-0.8047989813551298,-0.5716862840165697
TEST_02785,5.390264988041354,-0.147720395698439,0.6342047015612082
TEST_02786,2.741594936766188,-0.0780459128018048,-0.055137299249634564
TEST_02787,1.165232157492514,0.02506780386878233,0.22220306636729123
TEST_02788,2.1998778369372896,0.4629193983710683,-0.0894739723382458
TEST_02789,4.409174862818424,1.5866904013471261,-0.331049286717103
TEST_02790,5.051653908502676,-0.4825782238787583,0.6080184791384411
TEST_02791,1.9201184147886443,0.12986481148530327,0.19998703629561457
TEST_02792,1.3439357602956645,0.2253625435020862,0.3391668888500538
TEST_02793,2.1196435112911285,-0.18897272845811675,0.2590059571881742
TEST_02794,2.534573708887888,-0.3269042469214346,0.4007432206824281
TEST_02795,2.0005544474510844,0.3370738225521946,0.3089998432898125
TEST_02796,3.272172797889218,-0.5339483695397087,0.07312333430204479
TEST_02797,1.807006982083434,-0.8497146246293109,0.06427353390691523
TEST_02798,1.8236614923388448,-1.088411853451256,-0.8520924028010388
TEST_02799,3.316684452697537,1.0019620367200714,-0.7902417241075118
TEST_02800,3.308445020547705,0.5005104682651926,0.03404323840815828
TEST_02801,1.5604287921828706,-0.13486626612025643,-0.15145918761569693
TEST_02802,3.271294526717748,-1.7338196123308574,1.2469984036002826
TEST_02803,1.0936213044154972,-0.6102748636399804,0.37669280114293985
TEST_02804,2.9480050428826,-0.821634922115331,0.12563721542959866
TEST_02805,2.7072838789981493,0.07585092693924902,-0.19529379999040658
TEST_02806,5.023641522835689,-0.135510191512813,0.3405651318555882
TEST_02807,3.567163969868914,0.013430224507536571,-0.7817409744227647
TEST_02808,4.913268336593925,0.2751993931274301,-0.05862642085357462
TEST_02809,2.4925751830823732,0.24999523229820717,-0.2305133809202994
TEST_02810,3.47043164876359,0.5528630619700525,1.1622663376691797
TEST_02811,1.9509691240974396,0.43103035234749715,0.3956210761535104
TEST_02812,2.4121019857811716,-0.1528034199253852,-0.3859594535876226
TEST_02813,1.9529293107445422,0.11015300087319282,0.13793786981623096
TEST_02814,2.196547703359903,-0.39843839946580567,-0.41228211687909155
TEST_02815,3.0497443781712827,0.1632661212014339,0.36224970439632515
TEST_02816,2.6857665157363417,0.09526176703073001,1.364149675422109
TEST_02817,3.6551243234513078,-1.872304172263857,0.1326856302370328
TEST_02818,3.4856440140009535,-0.30156356479844326,0.8952865822026531
TEST_02819,1.7715764525004272,-0.5540881437798264,-0.07749947065799136
TEST_02820,2.85419998478519,0.582170047552843,-0.12381489030544023
TEST_02821,2.578792741542007,0.13590774334253455,-0.4857227364830943
TEST_02822,1.5683820784140718,0.3760093245507933,-0.46106790569642325
TEST_02823,1.9906983122513686,-0.5671730176234077,0.7449561953443025
TEST_02824,1.8371859239655546,0.0394641169525477,-0.7479177061484341
TEST_02825,3.718363991269994,-0.1161775845706094,0.4629093452540584
TEST_02826,2.6519634971704846,0.23522062074297687,-0.10514428572525834
TEST_02827,2.2329230189820377,-0.40305504005937315,0.3934346564959678
TEST_02828,2.8972548380461056,-0.17336560753285088,0.4426346051418758
TEST_02829,4.588046644725274,1.1323143056652318,0.9153920239941796
TEST_02830,1.8321794895316963,1.2482043585383114,0.5608723070762206
TEST_02831,3.103418067706588,0.8840111062221897,-0.4590660974697067
TEST_02832,1.25000431906799,-0.3399435715617851,-0.17487021048561865
TEST_02833,3.539319935746616,1.2504891918413787,1.2813324185472645
TEST_02834,2.952785770548082,0.18130806480699982,-0.16326752378901083
TEST_02835,2.442728392979394,0.4559349914339269,-0.0008174749809906165
TEST_02836,2.22681336064402,-0.17386828609687385,-0.4424028588845181
TEST_02837,2.195465578484088,0.2759625800554726,0.7503996456395875
TEST_02838,1.3902649129855305,0.22994000110452903,-0.40417403787499256
TEST_02839,3.6640560203790096,1.2913470984953543,-1.0475840001711654
TEST_02840,3.4292198339685283,-0.9142647322153942,-0.015851384746180947
TEST_02841,4.518472220246358,1.2694823462969922,1.4731437588023033
TEST_02842,3.5090445054156523,-0.6984855903481298,0.8707284925044687
TEST_02843,3.3961809703327406,1.8544954367550797,-0.777572265301427
TEST_02844,3.393082281004691,-0.1793015842379733,-0.2990677841505516
TEST_02845,1.6811171709901143,0.7732726298200994,-0.36129708300217434
TEST_02846,4.559381900435712,0.9524652122053411,-0.5754027553949858
TEST_02847,2.620728662705486,-0.16496851972848506,0.008543840045095919
TEST_02848,1.417637778243302,-1.2881855408757108,0.02764560140982287
TEST_02849,3.7393865384316003,0.1926635294011886,0.707756891710151
TEST_02850,2.180579860859713,0.32376502691697295,0.33478176260256587
TEST_02851,4.132071471897092,0.19280323015571668,0.9735844244179207
TEST_02852,3.8608406964050848,-0.6888830157687107,1.0224669360629401
TEST_02853,1.0288225153200516,-0.3215016785125553,0.22750785623295544
TEST_02854,0.9844469749203503,-0.7645357693023954,0.14265682052008968
TEST_02855,1.8060357613530025,0.0818395345068249,-0.34045484177768326
TEST_02856,1.6302627100004803,-0.052987504316934664,0.45579781247862944
TEST_02857,2.3045685940790768,0.45342712851290345,0.4830412481264421
TEST_02858,2.063417877263785,-1.0357380334096522,0.5297553439939108
TEST_02859,3.931722152973851,0.8879969013520264,-0.5582002582358561
TEST_02860,0.7057057789212452,-0.39470993556600315,0.3608266384802834
TEST_02861,2.900271636740697,0.1405361946958649,0.41499738046529583
TEST_02862,1.9298931612434616,-0.15890382870433659,0.16014889294183787
TEST_02863,3.5456624355073827,-0.5248139846647264,0.924492865806869
TEST_02864,4.074766108447288,0.6103212499083707,0.8299602871486136
TEST_02865,3.436921260732153,-0.21209932348548965,-0.3411581793743944
TEST_02866,2.66446230594866,-0.25355659683588855,0.47005696765091615
TEST_02867,3.1699143974149067,0.03317389352070499,-0.9755769391173227
TEST_02868,3.0565142129242253,-0.14992354096520416,0.0680269316666504
TEST_02869,1.6713952937650305,-0.23478884902971095,0.8544751841550344
TEST_02870,4.5902551368384605,-0.055044619103974755,0.7493718638296621
TEST_02871,0.9822593170190544,-0.690701392966478,-0.21444307258028344
TEST_02872,2.971442032022431,1.1932507413419544,-0.7728679513766276
TEST_02873,2.399744900309257,0.43880504528036546,0.23278253107726152
TEST_02874,2.4015011516885267,-0.24500306657092086,-0.026595393301754665
TEST_02875,0.8807315732285074,0.11153012941749944,0.27441303603427053
TEST_02876,1.506848516002978,0.43459789260756915,0.4429673957387528
TEST_02877,3.100311499783567,-1.3931255728777265,0.5882669184547155
TEST_02878,1.8459442389673781,0.028895019715379403,-0.4976194701848116
TEST_02879,2.461237325278078,1.2414191103593497,0.4113551949821197
TEST_02880,2.8119291314137307,1.48521680083983,-0.7397588321082731
TEST_02881,4.905101594443856,-1.8318378971282603,0.39457283755582323
TEST_02882,4.0413705412880745,0.09372075530285448,-0.7067666207521016
TEST_02883,2.3111345760725124,0.2370732468025818,0.13129611793750964
TEST_02884,2.6050761246904086,0.1113527322489825,0.2933329661393158
TEST_02885,2.0833887378826925,0.23154039971207596,0.350054625585026
TEST_02886,2.9082618911268825,-1.042986377681745,-0.684595890435392
TEST_02887,4.284168893248604,-0.02939891348646671,-0.6778515164143175
TEST_02888,5.84972197777487,-0.09739647899448692,0.9246667716694517
TEST_02889,3.862691992101918,0.4642743531535023,0.09260435491796057
TEST_02890,3.228032693009465,0.2419520935603618,-0.08175208749731055
TEST_02891,1.4938389739467015,-0.01288695583135924,0.027625383338821495
TEST_02892,2.417037478766441,0.8755247505399807,0.8745203164433265
TEST_02893,2.846521788477193,-0.24819538755606402,0.09693544429889378
TEST_02894,1.9877876684715117,0.015243858040554144,0.06521256335569761
TEST_02895,1.73160273714723,-0.32742280356910025,-0.19577556965157253
TEST_02896,2.4533243460467014,-0.5454923557919439,1.0499587801183246
TEST_02897,3.053528923429525,0.7410259692622329,-0.17636834481003608
TEST_02898,4.448715737137235,-0.5430372126712256,-0.175258782417158
TEST_02899,3.328893527845762,-0.44760586488291576,-0.05406370929065404
TEST_02900,2.851300279512427,0.5225634357710813,0.3044647660114296
TEST_02901,3.659836537867712,-0.427315384570671,0.04032677395369476
TEST_02902,1.4727699946357078,-0.36940922317992086,0.2907741419435507
TEST_02903,1.0750121439111078,-0.30044424529723096,0.2372924117652724
TEST_02904,1.8824493161877776,-0.3148966836891062,-0.2693253871826198
TEST_02905,1.5743029590679698,-0.04143574295531691,0.9186954541802196
TEST_02906,2.4325447581120083,-0.18071339184258495,0.33953712016813314
TEST_02907,4.503208227800148,-0.040172439620965124,0.6433131837127942
TEST_02908,2.6066251858268092,-0.16089025179537092,0.10365542886322585
TEST_02909,4.0510049017845935,0.34535988396266326,0.4595939858506874
TEST_02910,3.583392960485925,1.7974760037134943,-0.15103867512124164
TEST_02911,1.6580389073297626,0.46433957265004583,-0.20644312595560194
TEST_02912,3.809319248006299,-1.581275881708193,1.8322798044649309
TEST_02913,2.839718806796471,0.2498148334762488,0.5944650097390506
TEST_02914,2.4451303317937882,0.1615845700551135,0.03267016068527038
TEST_02915,1.8955820778262433,-0.10932909890390606,-0.40883182154226905
TEST_02916,3.73323902104169,-1.0802919126623742,-0.041186078634988174
TEST_02917,2.7462406319142607,-1.4719750139202623,0.6049128873789631
TEST_02918,2.9064534886036215,-0.5574644091626707,-0.7493330147283771
TEST_02919,4.372998405977916,1.4144785075023134,1.8119374491116342
TEST_02920,4.241055380543104,-1.4300630430870458,0.806078736176641
TEST_02921,4.6078084545922104,0.2085516321444141,0.3214786941461163
TEST_02922,2.3521903728937525,1.7140003552801228,0.3279964419140934
TEST_02923,3.590308295885016,0.30690564081768884,0.10196815458134481
TEST_02924,1.4412531986232695,-0.044431096326430566,0.4854078749203676
TEST_02925,1.1142890488161452,0.2408766429360834,0.07171131376497202
TEST_02926,2.256180897087227,-0.8403492637727826,-0.3025630119775646
TEST_02927,4.910300348104155,-1.1537622401162206,0.22579442809825692
TEST_02928,1.5288309726570068,0.2611148841155666,-0.29391577100711175
TEST_02929,3.7185701892072025,-0.131960395009093,-0.44552601891362054
TEST_02930,2.185021370820824,-0.009464375432043015,0.14884220427636013
TEST_02931,1.8323052157480644,-0.3361557766340859,-0.14767492833046675
TEST_02932,1.6006526605942026,-0.12368167168353074,-0.026634280602651918
TEST_02933,2.693560328995318,-0.18392725481014838,0.2588086738400605
TEST_02934,3.4162758151945507,1.5365987661357348,1.2924911120660747
TEST_02935,0.7988470505824246,0.023904929063238753,-0.27454855260777145
TEST_02936,2.0125114614670228,0.9920442822966895,0.24626605885573563
TEST_02937,1.4733843981300225,-0.5454700413308783,0.11265645010287553
TEST_02938,4.030253418439256,-0.19690820449414728,1.0990818637379034
TEST_02939,3.129205970553691,-1.443368082811716,1.0802938085456346
TEST_02940,2.4703872783496066,0.1940128890956792,-0.05102260656300689
TEST_02941,2.290646108635673,-0.26196930987491474,0.1145564486119945
TEST_02942,2.253317979094829,-0.760693878233647,-0.7896767947511345
TEST_02943,3.9862518922032084,0.6423029979246115,-0.9321726473712421
TEST_02944,0.9665039255656639,0.3264762803427598,-0.20535100914391385
TEST_02945,4.951342431957555,1.4407512830348932,-0.8648854457493675
TEST_02946,2.5476944645256943,0.1941601257101553,-0.039681936339046764
TEST_02947,1.9973599867636536,0.3236730329914858,0.3614470068337895
TEST_02948,1.7074240559009322,-0.6146088372529961,0.24215460527835217
TEST_02949,3.5258370886229393,-0.6321144519391279,0.8244068877052186
TEST_02950,0.9657094231722068,0.38028152528149606,0.2702668320862053
TEST_02951,2.325636330453193,0.43948380357422473,-0.246473994028519
TEST_02952,2.5691734144519898,0.35567379710348346,-0.06411389145300586
TEST_02953,4.062473813618609,1.4057946296592574,0.7656922446215948
TEST_02954,1.5430759109612855,0.23944427366756507,-0.05482679149347006
TEST_02955,2.3867284943216927,-1.0332629296929943,0.0765428616745634
TEST_02956,3.701636135043976,1.1750739822864729,0.8611648215552475
TEST_02957,2.7528801757417396,0.9300732313117658,0.27166891832990997
TEST_02958,1.2840960067352265,0.4928205681744741,0.20163165698890573
TEST_02959,5.335212679487388,-0.5002233767026227,-0.38693586957122916
TEST_02960,3.966104705353453,1.4572337524065944,-1.1553366218569276
TEST_02961,2.8660050144620164,1.1053578541249627,0.2079760725842577
TEST_02962,1.9425720572002987,-1.0963115305929751,-0.6573443857270207
TEST_02963,3.679678114813164,1.2543152428129616,0.8720521730547467
TEST_02964,3.3932218480673013,1.005890898652185,-0.05422448485578805
TEST_02965,2.642275511539368,-0.7131218369211877,0.5777732590398342
TEST_02966,4.3279601095893945,0.4087394014867558,0.001988507529051277
TEST_02967,2.288520489275986,-1.0744764046124566,0.5314713485595772
TEST_02968,3.5107825964651798,-2.0690461446485258,0.5263148136034155
TEST_02969,1.889657778340544,-0.46802833802943145,0.09914790292626442
TEST_02970,2.9967332197308414,-0.10183326322086042,1.072152761354895
TEST_02971,0.9199306309244588,0.15825064501229422,-0.2865665340860556
TEST_02972,1.6858682658118123,-0.5855969594064655,-0.8107439168275481
TEST_02973,1.5396086796609216,0.2296416395901592,-0.038682245773177304
TEST_02974,2.884498717914481,0.10277969128681202,0.27550610794629254
TEST_02975,2.6955112888390573,-0.43784700458709197,-0.5662261636118144
TEST_02976,1.0013287632658274,-0.7950151485086289,0.3545474607918606
TEST_02977,3.199127243960191,0.5685799220402277,-0.6196750442700577
TEST_02978,2.3140285225224355,-1.0592482569479256,0.1130865681991545
TEST_02979,1.6200776703452824,0.27388342104883945,0.012062275122348604
TEST_02980,1.5403037483621707,0.3616659062358988,0.03223527998882449
TEST_02981,2.465501586066472,0.12409411871552099,0.44783039590130974
TEST_02982,1.5201322179969703,0.5291338964081848,-0.012299279129039735
TEST_02983,3.105581721687581,0.5529637302075274,-0.12344791236991053
TEST_02984,3.404791821564702,-0.11521102725456485,0.2338445258802375
TEST_02985,3.732973618591592,-0.5840804506191773,-0.3986867419247539
TEST_02986,2.9441054822550523,0.5619499605283811,-0.19035615932759634
TEST_02987,3.9137822795417483,-0.3804214047157098,-1.133428244627531
TEST_02988,1.5991148689332,0.3421553591977589,0.2247609291483504
TEST_02989,4.4599834574194785,0.07328274404058713,-0.9205440218607067
TEST_02990,2.401422278748571,-0.6584772878226267,1.0240047833463262
TEST_02991,2.638161609841074,-0.30619510835631414,0.027838156132304517
TEST_02992,2.941460354473629,0.9109750836955814,0.4290620625211556
TEST_02993,2.3164688134844513,-0.5975825921417143,0.4978158781514304
TEST_02994,1.588067228667175,-0.5472837414608273,0.2877344032876399
TEST_02995,2.073516496028535,-0.3430429807793872,-0.39926739398041394
TEST_02996,4.40651793568688,-1.3331985980626888,-0.7748974008614428
TEST_02997,3.0412239669238783,1.9604909623807343,1.0388725554901688
TEST_02998,1.5464424402565404,-0.9113808722142752,0.14109747827223085
TEST_02999,3.4004771926040473,-0.3460447587510916,-1.420338290010641
TEST_03000,3.9362278070375747,0.3281757309856382,0.4667688773393331
TEST_03001,3.1887265657565327,1.3599012627132945,0.28489839252787985
TEST_03002,1.8304656901910277,-1.256910823977073,-0.7385990265251035
TEST_03003,4.191492687785012,-0.5430794460779843,1.3462339270105665
TEST_03004,3.178629823655126,0.9078194576891881,-0.768534191184215
TEST_03005,1.342710406702059,0.47513271902160414,-0.05120454288506506
TEST_03006,4.920427507123374,0.4258540329696031,-0.31736355957941564
TEST_03007,4.353675280934416,-1.4929947185874148,1.1995388086252863
TEST_03008,4.04206095429489,1.4697020426264849,-0.4653471598081571
TEST_03009,4.325659753638768,0.186353852510703,-1.0030297065872993
TEST_03010,2.6695214165304577,0.02027625876459984,0.19900283661404394
TEST_03011,1.6985261098049995,-0.4252004758601566,0.2910340446802696
TEST_03012,2.8991629217214214,-0.006806745165791514,-1.2077680777373523
TEST_03013,1.2285997674060793,-0.05017544474741018,0.05471026971246181
TEST_03014,3.102562501986697,-0.056725890023903346,0.19410528697120336
TEST_03015,1.4267532923602193,-0.02127633679576434,0.03927404634644673
TEST_03016,2.510896898868729,-0.0465714026144144,-0.8827233738962097
TEST_03017,3.6477289284386347,-0.5706635814970331,1.1291381027179432
TEST_03018,2.3552967389601505,-0.42125155392507346,1.2243401590226826
TEST_03019,2.366661531859075,-0.06768645591254754,0.7392226194053657
TEST_03020,1.1124511690242826,-0.56519182886251,0.07697398560216191
TEST_03021,2.146157459961983,-0.6245575920155476,-0.25506895113068984
TEST_03022,1.3101441763047394,-0.3236411014227912,0.11580678014494493
TEST_03023,1.3605836999003207,-0.21968615530826321,0.4487087319796601
TEST_03024,3.3494157007350776,-0.39488907903726395,1.2364407678351714
TEST_03025,3.6740755301020585,-1.2560065848710154,0.7901049499897124
TEST_03026,3.170709441885448,0.09564968891812992,0.37611936022897857
TEST_03027,2.711880761343641,0.04498619598764169,-0.07316053767228572
TEST_03028,1.951703866229047,-0.27059851457201667,0.19419654220144988
TEST_03029,3.355915541428598,-0.746142357390444,0.9784827346698346
TEST_03030,0.908082269944941,-0.4830867928913579,0.2525261582999064
TEST_03031,2.675078604357252,0.7693278925428094,0.5504176117091235
TEST_03032,1.9697490445446868,0.12029215944721373,-0.032888623642852215
TEST_03033,2.7431559016070786,0.21685025541534458,0.06986986768381369
TEST_03034,1.562828921977818,0.07198214710763705,-0.05415841258370635
TEST_03035,2.0445947559190123,0.6850179467378247,0.03755639274687589
TEST_03036,2.151098007701921,-0.262715795952351,0.6249838603674929
TEST_03037,3.5767167920601133,1.0065565942292198,-0.23979428720042908
TEST_03038,1.3664843457993332,-0.00406486482979976,-0.2749806860154256
TEST_03039,5.229527476378081,-0.9189719003372124,1.7428096672895579
TEST_03040,4.628153581663326,0.30644912859376916,0.13523730143915264
TEST_03041,4.442068322839068,-0.7152733014326647,-0.007250443364159165
TEST_03042,3.866509932196036,0.10504290090189387,0.19595486360468356
TEST_03043,2.8279657905097597,-0.7205297450765052,1.0725292644144824
TEST_03044,2.7080956885847134,-0.5628405875277083,0.8163758976126054
TEST_03045,1.1246537941362669,0.5950189153970424,-0.18332653274121413
TEST_03046,1.3678529523952978,0.42294552189281964,0.26462110025009133
TEST_03047,1.8516914605183086,-0.7396341811047469,0.11505983541255628
TEST_03048,4.943943747403639,2.103580990417167,1.0330797846352444
TEST_03049,1.7473729463364993,-0.5201482939658328,-0.023989844496428988
TEST_03050,2.661426238254631,-0.42624269757870803,-0.9372968454912742
TEST_03051,1.943070553475724,0.3638862520142618,-0.3285165955492203
TEST_03052,3.54649220645316,0.015718260550423777,0.9774064516570852
TEST_03053,2.6264219467588066,-0.6481127021390736,0.6509101717271668
TEST_03054,2.0407592903326077,1.0617470148984236,0.40905758907015544
TEST_03055,1.6744381650388382,-0.24061861733117565,0.11857118189180745
TEST_03056,2.306028969187146,0.8402636399642126,-0.7807763850077402
TEST_03057,2.5962290681765308,0.518981160770605,0.6592708123757013
TEST_03058,2.9559705239417635,-0.7437887689740255,-1.0024834964618632
TEST_03059,4.299863055900856,0.706866323391904,-0.056402320735682444
TEST_03060,2.5458320588796446,-0.3533393696319895,0.6439585148355164
TEST_03061,0.7851373845483934,0.10673158519137757,0.2667795782594466
TEST_03062,1.7927447911557228,0.9575678359029663,-0.3214653760835796
TEST_03063,3.235414435072085,0.364798283947547,1.1464970453211283
TEST_03064,3.150694063297369,-0.34376483658159995,-0.23212083956638707
TEST_03065,4.32519354521523,0.41683914779270054,1.7328631562157677
TEST_03066,3.262593361599599,-0.368523011227636,-0.10524675408989752
TEST_03067,2.6355750533758457,0.7025231127855057,-0.5678782703702006
TEST_03068,1.535126211378323,-0.5090849962870608,0.43136405914634585
TEST_03069,3.3434803369983763,0.9437418292565973,1.1032862045638372
TEST_03070,2.318870656052768,1.6936405767720737,-0.6093961631791837
TEST_03071,1.246598962775255,-0.22851005751725018,0.33153688402281184
TEST_03072,2.183496703888041,1.307713292041237,0.7122672149353294
TEST_03073,3.0902508062343093,-1.229104567094969,1.2486013210035056
TEST_03074,3.047225966655437,0.0886182926992544,0.8708503388437135
TEST_03075,1.3395464211743355,-0.15409912984365193,-0.22076904314750534
TEST_03076,1.5209333034881438,-0.12221778756948523,0.04074500806884146
TEST_03077,2.147349548090649,-0.27089517257711654,0.4316778750857871
TEST_03078,3.62618425565098,-1.0943494662890374,0.5873401004302452
TEST_03079,4.982130251962845,-1.6382034606046667,-0.6164800340830155
TEST_03080,4.823892471430459,1.0420171073739104,-0.6322047971111192
TEST_03081,3.9419386265443994,1.6673028354291528,1.3700984373264442
TEST_03082,1.2574969326093417,0.16525579147818917,-0.03558566226871224
TEST_03083,3.7754893495681023,-1.66407807506936,0.32862351623995506
TEST_03084,2.3138238337655155,0.715713104147183,-0.20406167993814608
TEST_03085,1.0124467579906473,0.18578524000287472,-0.337375714259312
TEST_03086,3.013198291631633,0.6482965904842146,0.2502793622453659
TEST_03087,3.580421325054315,-0.5130930895482064,0.6615242109874248
TEST_03088,1.1261385200237808,-0.7771298168549627,-0.3060362048423863
TEST_03089,4.170021696980723,-0.13763834644773532,-0.20553684563893784
TEST_03090,1.7848960537412204,0.43869463964452027,-0.5491984212701455
TEST_03091,4.319910978299745,-0.295804619769234,0.33362350514202005
TEST_03092,4.807934764441796,1.3298793283591315,-0.5651579055484712
TEST_03093,2.165130827182663,0.3967001743530511,-0.1320849146571112
TEST_03094,1.8327868768740911,-0.6320486804155665,-0.3026890235622774
TEST_03095,2.500672983600869,-0.28666653453328095,0.15398604906387958
TEST_03096,0.9962918118516524,-0.2749834215763942,0.3253913837975514
TEST_03097,2.9878389676860957,-1.1303162165940932,0.7553947861620058
TEST_03098,3.8554728463462635,-0.16393178556662444,0.23435203309366154
TEST_03099,3.7557302573353843,0.2536264748443863,0.6681936802684135
TEST_03100,2.1653815622975614,0.4328299020061038,1.0219107461491448
TEST_03101,1.4760129265274486,0.3163871611839635,0.3421760163225145
TEST_03102,1.9085146219697973,-0.0695553492569455,0.20978499924225127
TEST_03103,1.9921239533970685,-0.04364795353150949,0.3845180421342371
TEST_03104,2.490328806220669,-0.11283937144191243,0.5633361562073204
TEST_03105,1.6193579398521125,0.08954597448813453,0.22473814690716365
TEST_03106,1.8565609225085882,-0.08771098303099441,-0.44826375149798237
TEST_03107,3.603838835691712,0.041748315880536326,0.5599585861316857
TEST_03108,2.8618924210693186,0.052143356170006955,-0.4932532670552504
TEST_03109,1.6446579413432694,-0.23599349974678038,-0.16362260092737496
TEST_03110,4.519600248133564,-0.3921543835021582,-0.2456489622054709
TEST_03111,1.6455602027611793,-0.6905635473083852,0.25493577175630505
TEST_03112,1.462974324521462,0.783402412913275,0.231716103754945
TEST_03113,2.491314771984448,-0.9420464684202395,0.08516988931463447
TEST_03114,1.7909745100631684,0.09862850078801656,0.10782710143038209
TEST_03115,0.8693979866529482,-0.20122186082960095,0.271518446890823
TEST_03116,2.1822905936667167,1.0001616988015511,-0.46922317521267354
TEST_03117,2.9294509326550564,-0.2380275270602717,0.03230037495055453
TEST_03118,3.2052475425443845,0.36779251415295366,1.3022136689839432
TEST_03119,4.727537800677909,0.9932873014759023,2.046199613626807
TEST_03120,1.4575141551617372,-0.04942862636248269,-0.23864460108987823
TEST_03121,2.7001058337865627,0.9915651698908141,0.45418791202008163
TEST_03122,1.514117173906266,-0.4776219399831208,-0.7405887138335859
TEST_03123,2.4642343863707294,-2.240802510303528,-1.165359572239107
TEST_03124,1.5206462800915324,-0.11032244294249272,-0.03134571234715143
TEST_03125,2.728837340861367,1.0326052540495954,0.5885541521228639
TEST_03126,4.303442725912247,0.09805422982408601,-0.5856168028809614
TEST_03127,3.01968932893545,-0.4800100945777958,-0.8441983969398332
TEST_03128,4.610661456815314,-1.033668199610933,1.0618681912152645
TEST_03129,2.7945077718612947,0.5171369564323891,-0.3422901135431133
TEST_03130,1.7907640302047643,-0.4522879639704542,0.35029947906604636
TEST_03131,4.359879275363329,-0.5820376624938479,-1.052342299940429
TEST_03132,1.2788593929166427,0.563766975896988,-0.27628541505051607
TEST_03133,3.3867881035732594,0.34942301157460065,-0.4744438291186472
TEST_03134,2.576386128480954,1.3077051504401134,1.1403873924447803
TEST_03135,2.160375909972243,1.0299663748329662,0.4419846766381166
TEST_03136,1.9825518349843347,-0.5565478415780246,-1.0051389093309913
TEST_03137,1.6304027334434623,-0.10875559723842501,0.21821030632906985
TEST_03138,2.262255963367798,0.6947670041096746,1.2518988544415461
TEST_03139,1.4460500605117241,0.13941701843712132,0.15237510025323092
TEST_03140,2.996632573600801,-0.2052503171559684,-0.500790932855272
TEST_03141,3.278834898631411,-0.11324191057015388,0.41514274471259066
TEST_03142,1.340800098884004,0.39594080368973894,0.012791275756898701
TEST_03143,3.076985310893038,-0.9938179285631532,0.530825270847827
TEST_03144,3.621193507207719,-0.00844080233187883,0.5787319796812666
TEST_03145,5.207540509787788,0.7391944698730136,0.30391092360529876
TEST_03146,2.7218844175644583,0.17933464759910775,0.7077906295742787
TEST_03147,4.37223980127049,-0.5668408626414316,0.9620115210680281
TEST_03148,3.2930474972691797,-0.7176973034858727,0.7415408341881898
TEST_03149,4.353284665055646,-0.8350895405656222,1.2392461526611263
TEST_03150,4.206831137188706,-0.07065323619026728,0.588149980848741
TEST_03151,1.2361013531344385,-0.1556025158418305,0.18568844933622164
TEST_03152,3.3213913638465264,0.012788271831134457,-0.3113770655901008
TEST_03153,2.582645701917678,-1.4922806655810428,-0.45704073768164843
TEST_03154,3.05906517048251,0.4186285563974314,0.3215537001692533
TEST_03155,2.6873507595038477,-1.0215311152787898,0.6958819223943601
TEST_03156,2.7940628969704946,1.2640699950435084,0.31849113569165644
TEST_03157,1.7624364755005653,-0.30052416639701235,0.39216878192247706
TEST_03158,1.3934974938571998,0.8756851124254815,-0.4443830740470013
TEST_03159,4.663440868508355,-1.615220392861151,-0.9406624472321473
TEST_03160,2.6622434713088876,0.26181467487255694,0.3557138872014361
TEST_03161,4.598561550185838,1.2537853149838172,1.1184647857108505
TEST_03162,3.633150424237531,-0.3123089425609555,0.06345470224808399
TEST_03163,2.7760247361261237,-1.604222278746838,1.2418670596087962
TEST_03164,2.1212008076476376,0.07802450770853771,0.975136706935233
TEST_03165,1.8297197069242996,0.9875897313151467,-0.12222238771833838
TEST_03166,1.9565237027410523,0.0832172923799233,-0.4366778372548611
TEST_03167,2.4901530905509914,0.37707475486506326,-0.6124957379427856
TEST_03168,0.7886414905236546,0.3259084334320041,0.06789868025725715
TEST_03169,4.495895929221859,0.40192015194128916,-0.08557027672978211
TEST_03170,2.848919756641336,-0.5684424897874386,-0.46844556241650476
TEST_03171,2.8600253344729674,0.5031031585449767,0.7229314039118145
TEST_03172,3.7857963437175846,0.4098759756385056,1.2393653198189343
TEST_03173,1.2051437393956155,0.38181849637800785,0.000743785151874567
TEST_03174,1.7953318708611272,0.9690252328522686,-0.41168078892822707
TEST_03175,2.50030251641038,-0.22774483409340102,-0.5063945963569715
TEST_03176,2.4996984527716535,0.6786058983074255,0.05619045658031049
TEST_03177,3.8811912087507343,0.8970546699275033,0.4734780987243236
TEST_03178,4.417475401308854,-1.0782597196971655,-1.0720876661648133
TEST_03179,3.7876033542644003,0.5674436295335809,-0.39797238120238065
TEST_03180,2.463274859206351,-0.5067642708468931,-0.37781103798821436
TEST_03181,3.0983775553682085,0.045547489334072495,0.5140379280272995
TEST_03182,2.2495949410902734,0.523486062913807,0.5265060546044626
TEST_03183,1.5175125088881616,-0.8267546923787943,0.2966434305705241
TEST_03184,3.4333834704628314,0.3607718127225106,-0.36543813284384913
TEST_03185,1.816481720284322,0.31528875660158934,-0.07702567587545776
TEST_03186,2.489985116061898,-0.5353494319328652,-0.49169482458299685
TEST_03187,3.328260088796724,0.4147009528744569,-1.1036601990529051
TEST_03188,2.5948597394733195,-0.8134751805511187,-0.10820618039293223
TEST_03189,3.820850340120011,-1.1911895925278784,-0.6931082602998306
TEST_03190,2.7260172069590953,0.9388762216862854,-0.3092014483187288
TEST_03191,2.9158684160348014,-0.9039490915296019,-0.3266325567848407
TEST_03192,2.3577882836560256,1.2271538153219959,-0.4752590542354936
TEST_03193,1.381043377624294,-0.41982318257677664,0.25903311761170633
TEST_03194,3.2548242304816823,-0.2857548703937795,0.9620099345618363
TEST_03195,2.244430494800416,0.4282899491040799,0.4056903493705145
TEST_03196,3.268253351967171,1.0073208339289377,-0.3331803811831896
TEST_03197,2.598929444634554,-1.0923019516356773,-0.519950091794078
TEST_03198,1.71152500303738,0.33948183632338924,-0.5605865373641155
TEST_03199,4.6091942581717555,-1.7432021547814598,2.0932821900667538
TEST_03200,1.3031057734058915,-0.18852197188284678,-0.36363929505013953
TEST_03201,4.972675027014207,-0.6421857303982761,0.755715585583717
TEST_03202,4.681910442129998,-0.9000375505444012,-0.5738031140805997
TEST_03203,3.7302636035299295,-1.6252165645561751,0.299643276362545
TEST_03204,2.682819543133995,-0.2196859216935652,0.06601505294502823
TEST_03205,1.3036192971043536,0.04569773146969844,0.07121925953542961
TEST_03206,4.260569410976157,-0.9072555717384408,0.06189173087085488
TEST_03207,3.049775750327365,1.0508884367304814,-0.1582485403296837
TEST_03208,6.4034559021724515,-1.4373326218901616,1.6085399622354764
TEST_03209,2.9108466512940323,0.024511682240272784,0.2497961647420852
TEST_03210,1.7063455259393412,-0.4676790543505354,-0.015204510549263705
TEST_03211,4.091259813940878,-0.3390829899309591,0.734773815171427
TEST_03212,4.188915092841339,0.5110921021758966,1.1291727819264186
TEST_03213,1.4797690613102275,0.15614381039200972,0.26646488353529596
TEST_03214,2.1488167136985,0.1439669149875027,1.1167451520986276
TEST_03215,0.9275680157547412,0.0938072760587052,0.16886194485197634
TEST_03216,2.4063221131151273,0.6859841493163755,1.0311156734603457
TEST_03217,1.4372006588582187,-0.09281507968420631,-0.014560736549426636
TEST_03218,3.449736516165314,-1.0343669697080216,0.46463204787961204
TEST_03219,2.0594430737784357,0.9639089194898754,0.2564274967061182
TEST_03220,1.2068941095122019,-0.12602052855854884,-0.14180254212881402
TEST_03221,3.141414262891773,-0.19319596346500717,-0.09968891626036942
TEST_03222,1.4391253787859017,0.2915059472785232,0.26173057857512744
TEST_03223,2.743299998475722,-0.5913642834213275,-0.010223139157393788
TEST_03224,1.9800675295140395,0.6191850145215864,-0.32693962607743166
TEST_03225,3.592956351471208,1.504376179953265,1.5834455441154924
TEST_03226,2.1148236343863056,-0.05940567386110285,0.05742711505685067
TEST_03227,4.161341598414323,-0.6868328305476669,0.6424701917851311
TEST_03228,2.9871372894253536,-0.5150164332612711,0.038951147387584505
TEST_03229,3.6330889294053255,0.38905273553414677,0.5111663883672602
TEST_03230,2.6939306430993346,0.5341077783769562,-0.07137478217014778
TEST_03231,3.2624108669815635,-0.34187813913808884,-0.13477137076856732
TEST_03232,3.2194042479048974,-1.4288811577877225,-0.12770044127976457
TEST_03233,2.338840188026182,0.029277733757894546,0.4917029810039308
TEST_03234,2.477811792943108,0.299082336787379,0.08899262813250973
TEST_03235,1.090221048778071,0.3448601764276357,0.004329219813364091
TEST_03236,2.634771995251233,-0.5152273884386355,0.6411142287850866
TEST_03237,2.431975785497957,-0.24060173274039243,0.5319358011892614
TEST_03238,3.274004490784581,-0.7575267558077043,0.8636186100084391
TEST_03239,4.549740829142185,0.610477619683194,0.46715999299588923
TEST_03240,1.6612667119968059,0.7161308452193228,0.19100531812869406
TEST_03241,4.985048376715,-0.6816369736927002,0.9005644972705731
TEST_03242,3.618600673692252,0.608248801939164,1.1114628774080149
TEST_03243,1.5434181171120505,-0.3091006935620419,0.010900516863323079
TEST_03244,2.876776762833846,-0.81711900355728,-0.2433372774269618
TEST_03245,2.61406359052176,1.1698426418290224,0.9510671297532054
TEST_03246,4.46732325481948,1.3728897944719678,0.05009836882626354
TEST_03247,2.3431691915404103,-0.25330945931565263,0.49911996513208534
TEST_03248,0.8761538192612057,-0.9000736891220186,0.20767059058699006
TEST_03249,2.874370143391289,-0.12003582735999807,-0.3716412957497204
TEST_03250,2.3310729203371605,0.6157209345016436,0.05681936689963945
TEST_03251,3.065227917008168,-0.0704614778792685,0.19550865142441468
TEST_03252,4.22333181952303,0.8727935916501481,-0.9612163381690835
TEST_03253,1.6104925221114395,-0.31126558807144317,-0.19092501940108184
TEST_03254,1.7555329138795992,0.9878860074528186,-0.5559592290723717
TEST_03255,1.8286410554638206,0.6433401662199718,0.2471820041339536
TEST_03256,2.753495332900064,-1.0212550201450714,-0.819206330716035
TEST_03257,2.8783253480023405,0.49640449678976045,0.7356897867308558
TEST_03258,2.4346409066729757,0.17982387054662377,0.8986899490364417
TEST_03259,2.6334126016261226,-0.7489251647094185,0.18334106164728986
TEST_03260,2.415774648918996,0.14070797484527872,0.8217160617611363
TEST_03261,1.7010579606512215,-0.12199013797256913,-0.03767864585086734
TEST_03262,2.121459634849738,-0.40053108270719706,-0.582313178510818
TEST_03263,3.8301674555009586,0.1839795186267546,-0.7721785753385324
TEST_03264,2.6593768441301497,-0.1905052773293213,1.0025671688150437
TEST_03265,4.921999168415236,-0.8244174944534904,1.6263806780424106
TEST_03266,3.355245389524895,-0.4896064568345087,0.6624625272970843
TEST_03267,3.4479211990397474,-0.22720045106997797,0.11185163256048031
TEST_03268,2.7083446904403314,1.0897426725160924,0.7552717831532313
TEST_03269,3.2174284924269503,0.005797909834256508,0.0959425945835432
TEST_03270,2.6775458474964253,1.074828886583377,0.3253007287425645
TEST_03271,1.3271282910543494,-0.28794516520346247,-0.0610198060612374
TEST_03272,2.828335263539685,-1.0346405436011716,0.13189694134942637
TEST_03273,2.874414132956193,-1.0539128376869626,0.5974515126154321
TEST_03274,2.461004607102931,-0.0021804831498514034,-0.1978072446017323
TEST_03275,2.562854202941073,0.8105011734722761,0.1929720983125192
TEST_03276,2.440960512535858,-0.24127181215816298,0.5697777411082288
TEST_03277,1.6252027573907974,-0.7061835902408352,0.19777623812980558
TEST_03278,1.4638185946977527,-0.31129862432867156,0.11063987413799511
TEST_03279,3.989537503108919,0.4085637443078536,1.66817285373
TEST_03280,4.958027791936735,1.3980796783616336,0.6700376292840255
TEST_03281,1.8941284429023864,0.9551112050039999,-0.492276572403972
TEST_03282,3.0241503970995383,0.8182783615173459,1.0963958234307092
TEST_03283,2.904430480280153,0.5843145229396798,0.405229424637326
TEST_03284,3.1978872779591105,0.6268684216235784,-0.43633560290751633
TEST_03285,2.0600697971897897,0.9372383433992747,-0.1168966676061951
TEST_03286,4.192256316263158,-0.7477537933859458,-0.26344796271759924
TEST_03287,2.502900593357457,-1.300307765841045,1.1732761635798599
TEST_03288,1.8789703273287686,0.6204419655865077,0.2594323306986572
TEST_03289,4.397645588344568,0.24248619193219184,-0.19543164317939782
TEST_03290,2.0931631260186365,0.2325256585707786,0.22148433457210262
TEST_03291,3.326966563520387,0.16233769214351956,0.7592952936693952
TEST_03292,1.5836637917007725,-0.2751351811130041,-0.016506993187673652
TEST_03293,1.5754579552851433,-0.5238899127089577,0.19087100774715265
TEST_03294,1.3274564355075842,0.9167592306308894,0.30168804623594825
TEST_03295,0.9216929332111969,-0.2760982527332608,0.19382598356419242
TEST_03296,2.7729645834858982,-1.155784286126452,-0.06263240330450079
TEST_03297,1.925830045286471,0.4336890669315643,0.4227192780830154
TEST_03298,4.074303026120288,-0.49326316965569633,0.847063998707094
TEST_03299,1.893255230135186,-0.679955192656473,0.33612197583698744
TEST_03300,2.7357788289983427,0.2337715023935805,0.7046939195822098
TEST_03301,1.8566426167610282,-0.46090377549168293,-0.2600602552768735
TEST_03302,1.688785463740842,-0.20271260235490418,0.21558640749256555
TEST_03303,2.588376082849607,-0.7399493867840748,0.5531316608070559
TEST_03304,1.8949379497203858,0.18478457420777314,-0.3483608313112904
TEST_03305,4.8892479574229535,-1.7208292350268326,0.4086868930729526
TEST_03306,2.384762633891353,0.3203403869662019,0.7278102900364094
TEST_03307,3.0289177235506783,-0.09483108851455527,0.6000904294751154
TEST_03308,3.1333807015752506,0.1498881020963935,0.16502287869105506
TEST_03309,1.8732457353484242,0.48178054015154764,0.1049470675419128
TEST_03310,3.641835790350861,1.0540531968667672,0.5353564706841087
TEST_03311,2.605674391731165,0.1521182755349112,-0.09212111648528618
TEST_03312,3.497018587802172,0.40782974800871385,0.7066845303516798
TEST_03313,3.2001240302907314,1.3519200597274992,0.22817370685461866
TEST_03314,1.3466576095002651,0.11037296592349713,0.1263824115246417
TEST_03315,2.0091622459328,-0.6587710119299511,-0.6916323062821823
TEST_03316,1.8932722484800915,-0.4731547216398354,0.2437370627476812
TEST_03317,3.572950944657308,0.03652062506302356,0.27853702954438314
TEST_03318,1.4738225175096322,-0.3646890282673499,-0.19475285379485602
TEST_03319,4.539584242845761,0.6709928421984115,-0.22927026911601409
TEST_03320,2.341473070371157,0.7272880832019657,-0.10185550944083949
TEST_03321,3.450588545217937,1.9307630130489506,1.2097956929541975
TEST_03322,4.494093428944809,1.4280543930791099,-0.2898178353815946
TEST_03323,1.454972703292305,-0.7390785131650688,-0.23594796581271812
TEST_03324,1.426185580702021,-0.16018679120052948,0.1580146325077768
TEST_03325,2.344096282737451,-0.6776085177929487,-0.2974506770005857
TEST_03326,2.8629810606301853,-0.7002016897714587,0.21972967527328016
TEST_03327,4.4336635153089095,0.709207892977015,-0.4443736450879981
TEST_03328,4.98171879821467,-1.8712686230981674,-0.6509936077894513
TEST_03329,2.4844853030143463,-0.06850760916088824,-0.6711216840259204
TEST_03330,2.2846739586833684,-0.20412918517089568,-0.5635882683844959
TEST_03331,1.643146581081554,-0.3214331020060295,-0.211816948193622
TEST_03332,2.227462869504535,0.11322472512917243,-0.29086044812303513
TEST_03333,1.2118160958229751,0.41382874844510503,-0.004418875613612237
TEST_03334,2.898806374052114,-1.763112155366034,-0.8953043032945888
TEST_03335,3.890250939947697,0.27406276687054115,1.2490111029384938
TEST_03336,1.1591992820006793,0.33608975031479493,0.0947920583978745
TEST_03337,2.029227579210416,0.24458445783128474,-0.04497348548008732
TEST_03338,3.8875992885467667,1.274160043021254,-1.1851461515811808
TEST_03339,3.8824631602284176,-1.0876463314461426,0.2904806979644196
TEST_03340,1.8064134280710975,-0.028110648513335605,-0.3261727359241769
TEST_03341,2.4646983985766626,-0.39988157899648624,0.8244540782837971
TEST_03342,2.085619907577584,-0.28398264029218934,0.13027951735972107
TEST_03343,3.1970173973723703,0.4452373821218632,-0.5697400563965698
TEST_03344,1.3903751039191332,0.4312250157798286,0.619949484576779
TEST_03345,1.7502293311914385,1.236770330297439,0.6493979563041636
TEST_03346,1.5154542443980108,-0.29803802983438726,0.4845816201568762
TEST_03347,1.3272473460998235,-0.20573715562785108,0.12696553597142354
TEST_03348,2.7790833577871936,-0.6574663682589926,0.5786403795585524
TEST_03349,1.4157169136416934,0.4718883040507982,0.22177040395838754
TEST_03350,2.6289358545702783,0.8362484904590429,0.5677442674785826
TEST_03351,1.9718031339345339,1.1276089041233295,-0.3496997167846051
TEST_03352,2.8175582419131997,-1.2865909228863979,-0.7906908448949842
TEST_03353,1.581735273232577,-0.3622994935215629,0.014619602534591672
TEST_03354,2.5015782582268216,0.40053486848975894,0.24211478240655043
TEST_03355,1.8034313861653346,0.2156578090170422,-0.32530805704994675
TEST_03356,2.749005067775042,1.7561921334721742,-0.5997338716945683
TEST_03357,3.241867546684214,1.0482699332678151,0.41775894727280144
TEST_03358,1.3210898877761241,-0.6203864325548594,-0.5103291551092934
TEST_03359,2.491384631596368,-1.5478596997583849,-1.4758767148729057
TEST_03360,1.2836471255190116,0.8885912996808337,-0.07782262605566517
TEST_03361,4.235452986663378,1.4399937101944429,1.010368706307954
TEST_03362,1.4816737909317101,-0.5152888895259619,0.1315142181222257
TEST_03363,2.9065464878760463,1.4810928115802118,-0.31777349887602796
TEST_03364,2.536454819801532,0.5589747160773303,0.8619326735179679
TEST_03365,2.1091547200079814,0.08655522126313109,0.08870943008270196
TEST_03366,1.8762236026731607,-0.16699138606111555,-0.3110752608052675
TEST_03367,4.106799914624843,0.08352683716074875,0.1544010380665247
TEST_03368,1.406872404779596,-0.09435211344948237,0.7029091055284353
TEST_03369,2.363643642539689,-0.1283377515191815,-0.09132044818217214
TEST_03370,2.0344330089043363,-0.26514184673212526,-0.05773676650500514
TEST_03371,3.0663447389373415,0.26233035350691986,0.04989438389258166
TEST_03372,4.014697282530606,0.48414508202711193,-0.22459328159813186
TEST_03373,2.3847750836415407,0.13905308987716378,-0.27581378689550967
TEST_03374,3.203396837608633,-0.44407513494060297,0.6935870091363333
TEST_03375,1.2263381616491893,0.07942210511030116,-0.11703443760466947
TEST_03376,3.108017334440729,-0.719590333291132,1.6990198881285532
TEST_03377,4.0018889143054,-0.8662121232841254,-0.06881002582001834
TEST_03378,2.8989683018147496,0.7441666555010552,-1.3215880665927306
TEST_03379,4.157655625157269,1.8270367761889421,1.3544334472904147
TEST_03380,1.318611954647306,0.07177947409604461,-0.18905181160652584
TEST_03381,2.644257547049395,-0.3159082580042264,0.1942218128684145
TEST_03382,2.095298832058913,-0.11583584971202693,-0.3197584593161501
TEST_03383,1.685365179646132,0.07623013560866373,0.5884431449003993
TEST_03384,4.021620976068758,-0.20836010659538842,0.1420207864509042
TEST_03385,5.613969328719469,-0.9986965393960072,1.812070515346425
TEST_03386,2.2383678235306306,0.1979687698776476,0.893874365212893
TEST_03387,4.0833253177268425,-0.6062160354547672,-0.5607102933978924
TEST_03388,2.461472199474042,1.3421220206462867,0.24956291241213213
TEST_03389,3.199407613336387,-1.785421503535151,1.179622443878639
TEST_03390,5.271357476575846,-1.7439693331139663,1.1298616089348288
TEST_03391,2.451298185104515,0.3809860457710736,-0.1900986272708962
TEST_03392,2.547727411840169,0.9984459724523952,0.8022432049723691
TEST_03393,3.293305852464728,-1.8433599902255382,1.10873604746216
TEST_03394,2.323994370288377,-0.6535774889698108,0.4082750695186852
TEST_03395,2.3292773615735745,-0.7646304780361101,0.6488539604459193
TEST_03396,4.005010433583658,1.4443059575715866,0.07434265153408254
TEST_03397,2.4556155340934867,-0.8558065418646158,0.14108439570798564
TEST_03398,2.9782602766654525,0.019238957709034794,0.7738739093185686
TEST_03399,4.812539083727872,-1.070570726633375,1.6751602881246852
TEST_03400,4.535282990469821,-0.5606364548433475,0.5870812092022729
TEST_03401,3.271612123366359,-0.6296393575442585,0.5187904567399426
TEST_03402,3.0744234345658663,-0.19473215183979267,-0.6434218317262862
TEST_03403,2.3158474771046693,0.7021754458544583,0.9922332082974313
TEST_03404,3.210649756326431,0.8929369565613156,0.05978402498786513
TEST_03405,2.4742042003772773,-0.7899683323053323,-0.3414312957431936
TEST_03406,3.3604843764414927,-0.1562965907796167,0.8555492399565545
TEST_03407,2.4183276711304935,-0.3619818953276174,0.2784936584435808
TEST_03408,5.638569438428993,-2.358498997014962,0.7208402693523267
TEST_03409,3.3730266042563923,0.2238705107290315,-0.1963460324064251
TEST_03410,1.8411437907977588,-0.21278852094210912,-0.23287146077825552
TEST_03411,1.0247601936530133,-0.010858124560403743,-0.1781077329348668
TEST_03412,3.71781402217385,0.6271766572151005,0.38787794910841894
TEST_03413,1.0631564563099742,-0.3377640006497602,0.14086763105397368
TEST_03414,3.668470948719464,-0.48446608864799123,1.7991441645330641
TEST_03415,1.0163233270308625,-0.41554207395270276,0.07298980506240813
TEST_03416,1.3626417891309295,0.3419502076207082,-0.16719911668992765
TEST_03417,2.8279900211910425,1.2680659371320258,-0.24345917198646685
TEST_03418,1.0856462977545098,-0.20006212722660774,-0.2720586140998566
TEST_03419,3.0259708624410266,1.4012576708917468,0.16620417628506334
TEST_03420,2.4640133888922793,-0.5811761012535732,-0.20782066759254483
TEST_03421,3.3124888702802866,0.1781004825717807,-0.2758735379954103
TEST_03422,2.3544868907972014,-0.10570642315105203,0.20448375873588145
TEST_03423,1.8242848108099277,0.7868444191593957,0.5406596016777012
TEST_03424,3.1162101902710133,-0.06912186658150954,-0.44866400090539155
TEST_03425,3.85639102278404,1.1341581294675618,-0.2659123257393395
TEST_03426,2.894114972161599,-0.2203008361586765,0.5114141818538119
TEST_03427,1.9466771271087724,0.26569987817910784,-0.36809748890597055
TEST_03428,3.2228173231938606,-0.32645833450566913,-0.2562570486182967
TEST_03429,4.19729757742824,-0.07683566410433132,0.09223733350297512
TEST_03430,1.9015039281884487,1.003621904922528,0.048976383309597624
TEST_03431,2.8147465521457185,-0.90911209146631,0.5559072388106174
TEST_03432,1.6997233460020174,0.7170452583379786,-0.07546791071962272
TEST_03433,2.8864557825348887,0.45514092913608456,-0.5996551681263296
TEST_03434,1.2672996919883457,-0.4010326825034144,0.030155346870974552
TEST_03435,2.262746997586219,0.06861862220647283,-0.196484023538958
TEST_03436,4.433166353585714,-0.1836362715087618,-0.03355167630126593
TEST_03437,1.2152538089311289,0.3205475784246284,0.32625038474217083
TEST_03438,2.717367938859217,1.3284721568899167,-0.32690977034466634
TEST_03439,5.851108590104363,0.8685949923019715,1.2368902393119081
TEST_03440,3.6955123035504926,-2.003506582700235,-0.8924772809840812
TEST_03441,4.209154407744892,0.2529921707201899,1.332166042514212
TEST_03442,4.410445239486715,0.022722551915675203,0.5653809645734319
TEST_03443,0.9800433118906944,0.41996802232103253,0.35191716223837555
TEST_03444,1.9498734939558098,0.31852300257278987,-0.284352351187315
TEST_03445,2.164575471259873,-0.4845208164637765,-0.27396744820981606
TEST_03446,4.80848496330966,-0.604118271867207,0.9465808105061229
TEST_03447,1.8735395361862561,-0.972634030660105,-0.24734081099422686
TEST_03448,5.298612876706072,-2.5116906157902994,-0.9379479542998026
TEST_03449,2.1873374330810935,0.4853804142068649,0.06716239594379074
TEST_03450,1.0184760065142668,0.44668051771573447,0.2650428347068453
TEST_03451,4.2253399758937125,0.5131207287925238,0.24898072923503559
TEST_03452,3.2092284340034722,1.2664958106684963,0.38310628878562436
TEST_03453,2.1999441412151644,0.5362620480064987,0.08063095644325555
TEST_03454,2.922878932820937,-0.21718426713104746,-0.2809592349208251
TEST_03455,3.6687232043595928,0.7952919838955028,-0.4496416096335514
TEST_03456,2.0790398136310846,1.2326231440090198,-0.9378996260824027
TEST_03457,3.3392097451904297,1.0689743586592308,0.16505879240916446
TEST_03458,5.455449456532645,-0.3631808878876236,0.14016236164267573
TEST_03459,1.664158184791447,0.20650604736292627,-0.1515870543096562
TEST_03460,2.925752642075059,0.7391428306249266,-0.07578878866419203
TEST_03461,1.4513286699019823,0.04207642943711568,0.026555425883453065
TEST_03462,1.9615694242735107,-0.13915975910698378,-0.4366684571969619
TEST_03463,3.2781991010133495,-0.24315272941200664,0.09765978140938332
TEST_03464,1.4064484690544872,0.4480978809565959,0.5872701075264539
TEST_03465,5.9384108259752635,-1.789603553960025,1.7323371158017529
TEST_03466,2.7871514180234884,-0.3760494740202281,0.7918828413015667
TEST_03467,1.8001802336655384,0.42421747325236486,-0.30493131223481806
TEST_03468,2.9645597417298784,-1.1443127162266364,0.8876272186559806
TEST_03469,2.228958013838961,-0.25671056858962427,0.5859679018045968
TEST_03470,4.731309050718991,0.6173737304253724,1.6532338866304808
TEST_03471,2.086508934334361,0.4765969166163731,0.026378639822622257
TEST_03472,2.245006427513265,-0.1800822962944367,-0.6215383744707319
TEST_03473,2.7297459823925787,-0.7202169242598683,0.0640369423837299
TEST_03474,2.7030439766364505,-0.08925431453527073,0.06349941817404768
TEST_03475,0.9163170918281446,0.1690246311702473,0.0932002640498174
TEST_03476,3.4214485920046007,-0.7640792428109012,0.42932253795400704
TEST_03477,1.9619308038292362,-0.4616047925377786,0.13476589347270723
TEST_03478,2.9405396131916435,-0.5038649581266165,-0.35646939036965175
TEST_03479,4.859798555970221,-0.6259683436065746,-0.27266206049641684
TEST_03480,1.6594245577383615,-0.18340066010043413,-0.183016831690794
TEST_03481,1.2091265290388493,-0.9445334239599671,0.06627780676581545
TEST_03482,4.5466095282361305,-1.5886165647346964,-0.3227469595845763
TEST_03483,4.1735385200007755,-0.3878823476346102,0.006605117001826315
TEST_03484,1.7108933819597605,0.30940536759015946,0.30917022954138823
TEST_03485,1.1034761352793212,-0.18677631159507457,0.24068060007705158
TEST_03486,3.6496504856996825,-0.8444218599661671,-0.6158620836925534
TEST_03487,1.5963671354331745,0.17448524692409761,0.7300990320028279
TEST_03488,5.157976807105231,0.9109023674533187,-0.1833613280217694
TEST_03489,2.122384864300512,-0.10819340017646681,0.19049086804798973
TEST_03490,2.7048675254195658,0.12539278298439574,0.11490538816781885
TEST_03491,2.5348317527460753,0.2116202094896959,-0.42569165750258764
TEST_03492,5.054689026293173,-0.9949442195910397,-0.5594694337830298
TEST_03493,0.9840877556715896,-0.3323392970298116,0.060670989172108496
TEST_03494,1.456364103482338,-0.4868673322412895,0.229085020684429
TEST_03495,1.503108021724743,0.2920045635740652,0.09577492406623052
TEST_03496,3.0909069317010816,-1.2329070980082963,0.31106331042017465
TEST_03497,3.752855291106036,-0.3624161552049685,0.11719182350538314
TEST_03498,1.0751664897786268,-0.6604828871506283,0.48644603948728843
TEST_03499,4.014987919644236,0.418254999154989,0.3389432384736161
TEST_03500,2.523095858050976,-0.567804602076289,-0.7938520708841116
TEST_03501,3.5409398733920456,-0.462410919146058,-0.611944025047535
TEST_03502,1.8714303046594682,0.57998413915361,-0.42820756618189326
TEST_03503,3.079584119756509,-0.43921651937850925,-0.23227202886454323
TEST_03504,2.7015096874099656,0.23740846422516007,0.1958446754312769
TEST_03505,6.062057632480388,0.5914008905021796,0.9642138266086626
TEST_03506,2.3627998381551727,0.17658828924131073,0.6203698259378477
TEST_03507,2.529528571611993,-0.1157965720232973,-1.0414988755175567
TEST_03508,1.7434411045710778,-0.5757690108299015,0.2618856609504816
TEST_03509,4.483689128306428,0.7822253446690106,1.0779982456349018
TEST_03510,5.18405425873543,1.1343946194887167,-0.8894114291854712
TEST_03511,3.53311567265577,-0.7764936646467923,0.27521537475963176
TEST_03512,2.3072481358383277,0.3343351004849547,-0.3138662507522654
TEST_03513,3.2089463981641666,0.1825074449258272,-0.572097332443156
TEST_03514,2.9684302871347676,0.23687068657337684,-0.7496090833438671
TEST_03515,2.1011375516651682,0.4053222023505659,-0.7474278227730405
TEST_03516,4.4636883849301086,-1.0588729290907177,1.1770887590949595
TEST_03517,2.7774808338852055,1.3829965664078507,0.1989696909009793
TEST_03518,2.558822022613003,-0.593087392008726,-0.4104222383778182
TEST_03519,3.0499457416406726,0.022923987166037177,-0.7091494038138966
TEST_03520,2.3335041024029355,-0.06595828903164347,0.4588308864287612
TEST_03521,3.341811140252767,-1.7431024647598514,0.5018626351957093
TEST_03522,2.836204691417763,1.0227471317781778,0.644687698409308
TEST_03523,1.8570513843096292,-0.951605249053728,0.2150948939561142
TEST_03524,2.8446874137385594,-0.9415407698196355,1.0913225478450348
TEST_03525,1.052266585582783,0.03848599040505184,0.03154832539638607
TEST_03526,3.4956228577374695,-1.0335495194391315,0.5499426540595438
TEST_03527,1.080218076384842,-0.19137682601212527,0.3176279836546226
TEST_03528,4.780635378855052,-0.8318241293149727,-0.9160723631929425
TEST_03529,2.8167785227653748,0.45796792916352097,-0.27480212593995257
TEST_03530,2.842343960240392,0.11946527727874447,0.39977095098571064
TEST_03531,2.7879014707759016,0.2720715654380356,0.7165754843615407
TEST_03532,2.7531344574000567,-1.1192533367879953,0.9158291019609592
TEST_03533,2.6402977045930287,0.014410013173572205,0.15465847960720902
TEST_03534,1.3521140192635857,0.1419863467738303,0.34339454430459954
TEST_03535,1.6390336993714205,0.10720373881097986,0.12623617783738492
TEST_03536,1.9130858188612552,-0.26923682081815503,0.2594526367102044
TEST_03537,2.27685106763331,1.0023630888305768,1.2118134147700468
TEST_03538,3.7851463463758326,1.5986753658551596,-1.3603187753222459
TEST_03539,1.7578934491135134,-0.7278097600750251,0.17314125869988334
TEST_03540,2.2913514879910464,-0.05221691162345661,0.20031348943689417
TEST_03541,1.52003792149956,-0.673815119198389,0.09478469194144777
TEST_03542,1.5347912754678534,0.24637802112486354,0.22108344189288798
TEST_03543,1.7846155161223403,-0.07369433139469077,-0.5886938729587092
TEST_03544,4.012005722758432,-0.9234578111722669,0.1996761485356082
TEST_03545,1.2343724486104513,0.22090992774017704,-0.21500166900417386
TEST_03546,3.0100418771908015,-0.6998951594987436,1.0899083495098347
TEST_03547,2.682926109409052,0.46413719819109645,-0.6163834258754214
TEST_03548,3.4727209869373583,0.3329270470511453,0.2543050381828566
TEST_03549,2.9815163068532526,-1.532755295084902,-1.0949734470572623
TEST_03550,4.839913216800779,0.2318327789097993,1.4100964547826773
TEST_03551,1.8444987068170728,0.11625400698338005,0.34638435286394414
TEST_03552,3.428462829962317,-0.49171249325655025,-0.15440937168902716
TEST_03553,2.357317229896931,-0.7132268305953553,0.37062737315482774
TEST_03554,2.382818633845167,0.305698130277744,0.004964467244196146
TEST_03555,1.1727805513871725,-0.43901769067635965,-0.12444702647345914
TEST_03556,4.51397388872231,-0.960496417146265,-0.0339895073811958
TEST_03557,3.4236276316892544,0.295129289333294,1.0084741237762223
TEST_03558,3.611043514913449,-0.0900968453489619,0.6917251960299615
TEST_03559,3.643544185587008,-0.08032804443557008,0.1623779255461059
TEST_03560,2.34949439087736,1.4952320792094254,-0.6652029295849164
TEST_03561,5.001004461070183,-1.8511377906357374,-0.23768786608520232
TEST_03562,4.551082504455945,-0.42760574119881695,-0.1621480949946382
TEST_03563,1.2451834297816615,-0.5020751105926476,-0.27496606784762456
TEST_03564,2.633447859215519,-0.026422006198683685,-0.3685354811786728
TEST_03565,1.3177094483160698,-0.10675412597720076,-0.25631931718225137
TEST_03566,1.3238828221917367,-0.05108296681866999,0.24126992559744198
TEST_03567,2.302133371134156,-0.04264186363920773,0.28744266514927685
TEST_03568,2.2128524411264396,-0.4948356595591971,0.16633122127373465
TEST_03569,1.2049587123102972,-0.04558807996524947,0.12206189364989418
TEST_03570,2.0335668224860286,0.4193259027007751,0.058513165978304714
TEST_03571,2.2207028230875445,-0.1498302137952718,0.2949716384563661
TEST_03572,2.693222171267182,-1.3745336543677487,-0.5674645582355275
TEST_03573,2.6055487541194746,0.6142708298616755,0.44024481177047037
TEST_03574,3.0473359846298966,-0.8589525163103933,-0.25448583874544717
TEST_03575,2.363255642758445,0.6599516361309392,0.432687944593005
TEST_03576,1.178551706869953,0.4654970121904514,0.16176210882073758
TEST_03577,3.2875150274403078,-1.947520078605107,2.138270616028867
TEST_03578,3.994072948481228,1.2125965111252741,1.602224006191956
TEST_03579,2.2032383738036345,1.1046794092776755,-0.35181055738929484
TEST_03580,2.9982600072155536,0.033167625103459934,-0.9505281506933689
TEST_03581,1.176998200994226,-0.5895271024146981,0.27681179149502033
TEST_03582,1.2698153163594408,0.23463562657489673,-0.14875608014258807
TEST_03583,1.8915829441006773,-1.062716149684397,-0.4334288051528071
TEST_03584,3.8439291520377745,-0.5961209445063846,-0.12650101337695557
TEST_03585,4.1774021232100536,1.577030132167016,1.318274638113945
TEST_03586,1.9191108815002822,-0.40266280746145994,0.1281032234133899
TEST_03587,3.239557746430352,-0.5485857321341159,-0.40565784332681
TEST_03588,1.8133689395327741,0.11285455676803731,0.2103941322885622
TEST_03589,2.959567172262296,1.7167721479985758,-0.7851676353042479
TEST_03590,1.7100516089740019,-0.3813029005754603,0.0009480346591896661
TEST_03591,3.096252693744434,1.0249864887084899,-0.5678547184848399
TEST_03592,3.207116260374929,-0.8900949617067765,1.7749220667355727
TEST_03593,2.626328862184205,-0.8697653494839778,-0.2798806479597315
TEST_03594,1.4831014809551364,-0.12935145015896934,0.1802872292091306
TEST_03595,1.4557240039074002,-0.45540220217301125,0.4168112385492648
TEST_03596,3.587947481890538,0.949693359961714,0.7546043943016915
TEST_03597,3.201941699348868,1.1335206233248187,0.30123333950760295
TEST_03598,1.852186983977804,-0.46346866373895707,-0.6933299187562876
TEST_03599,4.278815405499206,-1.6375347558843147,0.7399784337663887
TEST_03600,4.059110806206321,-1.0838232607951963,1.1140807669088506
TEST_03601,2.387259442038682,-0.11925884729698467,-0.7019129428772135
TEST_03602,4.058361954053461,1.7174623913875804,-0.8909152979362955
TEST_03603,3.5214472181934573,1.012220435346979,0.8132991282502531
TEST_03604,1.7959023222251747,0.012645626637838539,0.2332744951721044
TEST_03605,2.44839895154265,-0.8207331213530261,0.4799103030483115
TEST_03606,3.2164618841770287,0.03343136473916588,0.31844588309232585
TEST_03607,0.8071041580150132,-0.3501539367842167,-0.18761479182981686
TEST_03608,6.288046031992649,1.0503342254444443,-1.151235951633738
TEST_03609,3.648042267864784,0.5187811464211619,0.2212539642749576
TEST_03610,3.0048918765161154,0.566478598707578,1.1822182529007945
TEST_03611,3.4637556861852006,-0.06658090931096014,-0.028864868828859275
TEST_03612,4.797158667118549,0.5034451780243975,-0.05993036232176
TEST_03613,2.450489967999372,-0.2448927436994399,0.08301774879172416
TEST_03614,1.641881079603359,1.2061970244464557,0.8089234251333557
TEST_03615,2.58766353564478,0.8136252534810527,0.49661475073931977
TEST_03616,2.739231683174778,0.24141656930679606,-0.18450720378196556
TEST_03617,3.916014616668321,-1.6333501250392437,0.45592070516879574
TEST_03618,1.0656611112819212,-0.27347371970268153,-0.3927770945790702
TEST_03619,2.7559594802409118,-0.2948454014446045,0.06608451124170336
TEST_03620,1.6187239497400605,-0.7490161491586769,0.2738902955069829
TEST_03621,1.7463054084422998,-0.6916105975626088,0.3590625428299462
TEST_03622,1.667447808454332,0.2176124028348259,0.3111902632796976
TEST_03623,1.1948518790855285,-0.42970089055174343,-0.4589553359007526
TEST_03624,1.8807372525620893,-0.25136192005689156,0.6196209074926227
TEST_03625,4.881883779063412,0.1445648081588251,0.23254124806433987
TEST_03626,1.6478397260240463,-0.30030441803810576,-0.2595097221323612
TEST_03627,4.5646332130759095,0.32447438629315056,-1.2652125483523964
TEST_03628,2.8028644044234037,0.697709921840672,0.3680294264866989
TEST_03629,4.504950804765006,0.6371674835134379,0.4730426067473311
TEST_03630,4.712509311947953,-1.827488951537185,-0.9907459131977523
TEST_03631,2.392341154168839,0.020038685514059164,-0.19731369993542744
TEST_03632,1.7442624238503681,-0.06880943762864927,-0.6889128453675097
TEST_03633,2.447236697651645,-1.006238439960484,0.6786899492507023
TEST_03634,3.0482032019685437,0.6108195232771425,-0.9240996056202311
TEST_03635,2.437694404923262,-0.9994881676786186,-0.5373011677813362
TEST_03636,1.1421378862027285,0.6688404302253647,-0.3969695192004441
TEST_03637,2.089994756279886,1.3479270127478693,0.2872702967031062
TEST_03638,3.448711401763568,-1.6107157541134574,0.578796593449803
TEST_03639,4.875526847566851,-0.2066009522760912,-0.900788862665583
TEST_03640,4.8419349211114735,-0.8087052222140393,-0.8670920612335606
TEST_03641,1.948154427695717,-0.49531965351453644,0.1012721763125207
TEST_03642,4.71469556674607,0.051019300674296,1.6183559547756432
TEST_03643,1.3296188091064538,-0.17040697479463007,0.28779582111770874
TEST_03644,1.4894723644622627,0.46981326371511306,-0.24039627730512614
TEST_03645,2.7250207557134933,0.6958775088290021,0.9135439827385754
TEST_03646,4.869443697931351,-0.37879813752003616,-0.6012734101303113
TEST_03647,4.1155432371408684,-0.26561512651054425,0.4311620633452421
TEST_03648,3.0139416321266284,0.7212011125200514,0.12348876126754688
TEST_03649,1.9127780667597576,-0.35325398647344564,0.2499167880940092
TEST_03650,2.36829603019505,-0.1376176750153997,-0.03519482478130748
TEST_03651,3.6653821782465803,-0.3001771936508569,-0.4112647348860986
TEST_03652,2.49643128921361,-0.323146653565222,0.5188302421552659
TEST_03653,0.789107101794911,0.19440039270719522,0.17871498735114022
TEST_03654,2.507723480883881,0.5287639724056471,0.9254406922082715
TEST_03655,1.4743470985010685,-0.41874563321837927,0.3844545397861265
TEST_03656,2.8135835797731352,0.3866866583820246,1.1234386005867376
TEST_03657,3.0801419554030383,-0.6984001952244409,1.544469304592317
TEST_03658,4.671760540877272,-1.0364415007912324,-1.2054952366117568
TEST_03659,1.8366481870176012,-1.0920975475456614,-0.5011501089064109
TEST_03660,1.1926086350641274,-0.0748567644883905,0.23210892611484288
TEST_03661,2.6444883433512416,-0.3157384520412082,-0.060378356942468625
TEST_03662,2.101018564575501,0.323384534865641,-0.5800345538314551
TEST_03663,4.256164727774099,0.3640507886635973,0.4879451863980793
TEST_03664,3.5780213211992353,0.032370432888962665,0.9064794724555941
TEST_03665,2.38499363411443,-0.15246770246836072,0.6880572444204658
TEST_03666,1.6188350481036,0.035854916621251356,-0.02507178149550379
TEST_03667,3.8673305881270914,0.4895334925093135,-0.3195140974609158
TEST_03668,1.610840430759173,-0.16521393166451215,-0.025606447387543727
TEST_03669,4.053757381778091,0.2227058564208406,0.20703552631577066
TEST_03670,4.326959289987518,0.57810705698402,1.4035395261657593
TEST_03671,2.4844730742959644,-0.12330136848653175,-0.04485513512452935
TEST_03672,2.0402756688274883,0.6464731243130406,0.9545624316855322
TEST_03673,3.5678363813738505,-1.6081753118742723,-0.18317209347523639
TEST_03674,2.517347975620015,0.3846395482534811,0.039538466920591264
TEST_03675,1.2650880657138377,-0.2580831852937713,0.43586775407882306
TEST_03676,1.4104367968667262,0.16616259317266754,-0.11479489992075148
TEST_03677,1.9288004074545562,0.19317242264121373,0.5226380209790278
TEST_03678,3.1844162706206562,-1.8939832650032788,-0.7418718065059329
TEST_03679,4.822956286915997,-0.048882368980310426,-0.14365845306066513
TEST_03680,2.097475145856226,-0.4685334839581927,0.4306764254931316
TEST_03681,5.152962473149589,-1.6222560571424463,-0.5534685339234037
TEST_03682,3.625907858112747,-0.2783608734176922,0.5536502724011361
TEST_03683,1.9719586092353463,1.7422266094171817,0.6319969207991182
TEST_03684,1.0073308781095502,0.06703589264700634,-0.1550203696248422
TEST_03685,2.4945179106441913,0.15476448453917968,-0.5566404186543408
TEST_03686,2.829416930608545,0.3284580898549434,0.35207798328571843
TEST_03687,3.8940944215409568,1.3502226862448774,0.9552566444803455
TEST_03688,4.546852974182269,0.2559400236989112,-0.6410378020337856
TEST_03689,2.699653305373779,0.36503301867787535,0.49571671225191305
TEST_03690,2.454836593657282,0.15997572114799855,0.776094796218798
TEST_03691,1.8603089774162898,-0.4058654180560464,0.6151278041161722
TEST_03692,2.6324557954830143,0.0032222082307617954,0.0983399209022202
TEST_03693,1.0730093788532586,0.4573323169104958,0.08088974106334573
TEST_03694,2.1289678746670337,-0.8049238475674478,0.6463425029648013
TEST_03695,3.3075328083608206,-0.24042109084261376,-0.7127193466997533
TEST_03696,3.0282404771790628,1.022182404284904,0.05653778156678542
TEST_03697,2.7966973042343892,0.6442255348221975,0.08126004186850413
TEST_03698,3.5800896906056185,0.3875020756508655,-0.6074298484481314
TEST_03699,2.6566427097864755,-0.8135341695957293,0.0947295912410007
TEST_03700,2.500461868089057,-0.28983387530232996,-0.14589915778567264
TEST_03701,3.093912551185821,0.02233817627407056,0.18807678637386507
TEST_03702,1.7291706805509701,-0.0031435026679864364,-0.1837700185363617
TEST_03703,1.684520135193497,-0.012222365279116784,-0.03720230162444762
TEST_03704,4.0115011271632355,-0.21270459854188392,0.5240325830061161
TEST_03705,2.150273717282029,0.46340894406088334,0.6378146113712176
TEST_03706,2.6851998237683077,-0.14721308634679459,-0.5385938616904387
TEST_03707,2.974726966199855,0.13799128497516572,0.1274563155752044
TEST_03708,3.0862609118423503,-0.14675346684877977,-0.1710916980297321
TEST_03709,0.9572706617243502,-0.5783607785923084,0.516414647598566
TEST_03710,4.507317788198386,0.7718278688996711,-0.727972069095942
TEST_03711,1.1145753942972312,0.1932433226120902,0.09913378344547025
TEST_03712,2.85926662663706,1.5906126283079554,1.1914774950521083
TEST_03713,1.3441508370381465,-0.5414294953259886,-0.07340576418716725
TEST_03714,1.4037133302872231,0.07875805220327226,-0.05069173034900809
TEST_03715,2.622087827097623,-0.2318110375076433,-0.463252530848234
TEST_03716,2.713383442658456,-0.9205423120889153,-0.36375971384703115
TEST_03717,3.164098904243372,-1.8417157273985247,1.0458232761948028
TEST_03718,1.3322194834205074,0.2573090067799591,0.014746290595704308
TEST_03719,4.099382292443309,-0.2695836694353819,-1.1157440981615367
TEST_03720,1.8119590617077708,0.09448371776489584,0.2183086650251351
TEST_03721,3.4337278888883938,0.643074971782263,-0.1040570436644923
TEST_03722,2.5712998241117693,-1.1689774030382212,0.9952704574309255
TEST_03723,2.578798975014104,1.798551324583006,-0.737021215243428
TEST_03724,2.3782672286120916,1.074844434736439,-0.29102824081729267
TEST_03725,2.4188395811375254,-0.1697741053034469,0.017940819042798584
TEST_03726,1.1108854119977853,-0.09861818033841113,0.1017495768009705
TEST_03727,2.593403225522763,-0.8913316909908767,0.6606840025890335
TEST_03728,5.835941304360705,-1.7257817262500688,-0.7559246942637975
TEST_03729,2.9926615994984544,0.6810151082176921,0.010007704685903632
TEST_03730,2.550269001041521,0.1194150740019687,0.20517554172912844
TEST_03731,3.88315790523529,-0.5264224251841341,-0.0001220429306697567
TEST_03732,2.544287210137696,0.007947207817263147,-0.11311008565124753
TEST_03733,1.6523047643572906,0.5709360635925464,-0.025286541522947438
TEST_03734,1.7413004342467775,0.14923648015735178,0.31342596812507767
TEST_03735,1.7127290831091728,-0.43929420945219383,0.4910283105935668
TEST_03736,3.0097520451411683,0.5692100553342746,0.4919802476245976
TEST_03737,2.4910290190720596,-1.0891452290496852,0.6731192891239334
TEST_03738,5.170304307112142,1.2318173816270044,-0.30509892298722047
TEST_03739,1.379860151658886,0.650804778749134,0.09195916951794211
TEST_03740,2.754777346977547,0.12858563698360823,-0.01566698984664634
TEST_03741,2.121822519350873,0.23309903921473457,0.23205545908660807
TEST_03742,1.9187559260875162,-0.07697109903718748,-0.3252896484476602
TEST_03743,2.719034991707493,0.3963146892221888,0.47233818924308757
TEST_03744,1.1737296980210266,-0.007273219481626,-0.11142168760741944
TEST_03745,3.1846547112139176,0.127237647696061,0.14493071670623303
TEST_03746,1.1603772947081052,0.441327008600937,0.044271579419477375
TEST_03747,4.302826728417547,-0.8635907025777115,0.46920791881511315
TEST_03748,2.886382120864706,-0.57101268175758,0.36507099988014674
TEST_03749,4.1470006579590795,0.06031423323357621,-0.33930639570310905
TEST_03750,5.635292412932726,0.7274210919087563,1.318281144440252
TEST_03751,3.1856889072514525,-0.6416935468175765,-0.5745298701561751
TEST_03752,1.5488262677716542,0.6854775448747941,0.4823558547326678
TEST_03753,2.7059427630453334,-0.48928784294385425,0.6311752261026347
TEST_03754,2.811198678580754,0.2630246022382507,0.31371365423395653
TEST_03755,1.8525944898097366,0.7869264915796199,0.5765010051705285
TEST_03756,3.7334946245405796,1.1115736656796362,-0.09128881428176543
TEST_03757,2.3310233508381253,-0.00818066974707837,-0.019495841326766957
TEST_03758,2.6465815299767943,1.091371843035813,0.9841739408721526
TEST_03759,3.445029065115713,1.3203744254424619,1.8399066960990642
TEST_03760,4.377268501444869,1.3240556859712076,1.2807963092801804
TEST_03761,3.306078904062247,-1.8697213827183532,0.5990386593359295
TEST_03762,3.7374271471340363,0.511089155001176,0.2853826719482994
TEST_03763,3.0199153521056754,0.6413675657530963,-1.0262228235526385
TEST_03764,3.2715223165138094,0.19520338590254135,0.10348272848060977
TEST_03765,2.5932917897494105,0.41325099320348474,0.589381449714355
TEST_03766,3.8149249989439067,0.23505915330874322,1.1670180717546865
TEST_03767,2.2971343926406633,-0.1551356700299005,1.0582006092045217
TEST_03768,1.616030923431456,-0.15235691470494156,0.014367155563048024
TEST_03769,3.1358406244867383,0.3125183965234315,0.24298308182883932
TEST_03770,3.1359292488101222,0.056181166465590196,0.050814715201455224
TEST_03771,0.831796273351063,0.006644908774406432,-0.2890181744917269
TEST_03772,1.7273299123259163,0.8573801463396751,0.3724129747388684
TEST_03773,3.169299082545654,0.6328407391253862,-0.4757931004629819
TEST_03774,3.4135842234686775,-0.9705104136180703,-0.614881746356746
TEST_03775,3.687462466280249,-0.12471621809449937,-0.5025684572996957
TEST_03776,2.3575648634664783,-0.019550182907758496,1.3200075120054586
TEST_03777,3.2756146309420635,-0.5808608242918385,0.9508314508623951
TEST_03778,3.0984232934895477,1.4283602593134437,-1.038132421718908
TEST_03779,3.051491594734748,0.5072322706154517,0.4409790851377447
TEST_03780,2.0171809471495266,1.168407493768473,-1.025225216985417
TEST_03781,3.322248455379991,-0.3932421137508215,-0.18724057893346852
TEST_03782,1.1985457873459173,-0.12277829139673035,-0.2284912670714511
TEST_03783,2.779377787400397,0.4019942209013185,0.12370709244703827
TEST_03784,2.3395100047646507,0.07683144168727679,-0.08265447529829946
TEST_03785,3.7164259332600067,1.2071343303670603,1.5529154115414396
TEST_03786,2.335923798870507,0.024861957940316037,-0.37935305478323794
TEST_03787,4.359730817965944,0.6185333907865723,0.23144291509038944
TEST_03788,2.5369495448914043,0.004586453158630798,-0.11277355304010026
TEST_03789,4.596798077388182,0.5577329816259824,-0.393868037864112
TEST_03790,1.631007733155163,-0.6711869326335533,0.37312818705700573
TEST_03791,1.5369383363587912,0.3533169762729914,0.0005719511945245326
TEST_03792,1.4065502569481092,0.4309220605360977,0.12853806249544353
TEST_03793,2.8990079314936064,-0.31284661876547515,0.6287990011503636
TEST_03794,1.715030330631229,-0.22394362061946538,0.09638117617745458
TEST_03795,1.5603004174929258,-0.3924032434832642,0.32488422796716815
TEST_03796,2.5629100604897643,0.42460563087923114,-0.24181217007691844
TEST_03797,2.80860934907278,1.8156510150867073,-0.2467550596794371
TEST_03798,2.530426543038682,-0.5563717505366403,0.1786906568827882
TEST_03799,3.3155016004203,1.6647203384947666,0.34414283363102927
TEST_03800,3.937254666933571,-0.14302314401095548,0.10389251782538139
TEST_03801,4.606277734592077,1.7724296244400752,0.4656258981448819
TEST_03802,2.424505069069085,1.832809158216954,1.512239438512353
TEST_03803,1.0068212917344688,-0.6930283838953732,-0.23357383500165688
TEST_03804,1.9638967614473817,0.6922366564077534,0.5119280252025795
TEST_03805,2.5030265570760615,-0.49984726671469865,-0.2480472663072605
TEST_03806,2.4355176657669118,-0.6717248279126804,0.5882974218070615
TEST_03807,2.763236654982637,0.25541089836853864,-0.7196997485096291
TEST_03808,5.5092975745315185,0.20585275104168543,-0.5186900837842683
TEST_03809,3.7783798652321408,0.06610845114757455,0.0852319885436858
TEST_03810,2.6879923994267085,0.08549222928230565,0.45816809313561924
TEST_03811,3.377136427498769,-0.2638618016990353,0.014209135045695043
TEST_03812,4.838940283369078,1.4836156336722905,1.7213204242199494
TEST_03813,1.5437836076769105,0.3336987937266833,-0.24900900683655844
TEST_03814,1.4589436654224535,-0.7367755368093497,0.30909504997036236
TEST_03815,2.1337201427580306,-0.05716216486590144,-0.23144164730607122
TEST_03816,3.146927783517992,1.052505225321403,-0.01784880046164975
TEST_03817,1.4727411802771098,-0.1142411397665269,0.3785579534771933
TEST_03818,5.429878906128568,1.5431863433827124,1.0777825192806683
TEST_03819,2.6946032145223597,-0.8235392926924653,-0.23575741211340895
TEST_03820,1.2460495582413085,0.1556176666774849,-0.04424011384445208
TEST_03821,3.169952235374436,0.07284848216613986,1.1210870679896516
TEST_03822,2.1549395139844916,-0.22023940905045322,-0.1782762896323819
TEST_03823,3.1373106413172813,-0.9971346529048936,-0.26783888754252433
TEST_03824,2.8560046109004475,-0.31686756872988353,-0.31648382825173405
TEST_03825,1.3497581048720704,-0.3560015660579366,-0.5475606948462468
TEST_03826,1.3676147074764466,0.2302407702505348,-0.08007460535083821
TEST_03827,1.3136065433567643,-0.1040250562972721,-0.24144911831916657
TEST_03828,2.541494740548719,-0.5468872442363055,0.37286705440381596
TEST_03829,3.599510301443608,1.4256056285903613,-0.20025792448799593
TEST_03830,2.8467660638272894,1.6442134214519164,-0.5437893730689776
TEST_03831,2.288478472637217,0.20547695634306978,-0.14292067618069934
TEST_03832,3.166530671243539,0.22755955432786476,0.2418121163997521
TEST_03833,3.782489107443687,-2.511258744771936,1.04979825700476
TEST_03834,2.0204709230145452,-0.11230550677194252,0.5149604084808493
TEST_03835,1.1028581054910975,0.00805901419960434,0.013040329455950125
TEST_03836,2.939165647833759,0.43801406427308026,0.841337241996042
TEST_03837,2.781886692785458,0.32938991966617387,0.42959589160272404
TEST_03838,1.1624452998430632,-0.19753036694954257,-0.24686034207470667
TEST_03839,1.7237864262429323,0.3948736891018878,-0.45845605562756486
TEST_03840,2.4141225831273254,-0.7471938266837541,0.8243568003470344
TEST_03841,4.693194958490104,0.07438997558090703,0.3789194698976764
TEST_03842,3.8181051898927083,-1.0896515710744428,0.5332041296735017
TEST_03843,1.5111840647087287,0.46563926223144986,-0.6167725601491195
TEST_03844,1.726738276058536,0.04294123730075713,0.20222989622420268
TEST_03845,1.9858074595531683,-0.6860535973433776,0.5673595625665215
TEST_03846,4.596403032604069,-0.584735269993759,-0.6816538143636101
TEST_03847,3.6584866634988056,-1.1918195551654251,-0.13337576703365125
TEST_03848,2.5232084489323783,-0.6838975743458074,0.4047404470498951
TEST_03849,3.4499157606518858,-0.1436317548555059,-0.02607461100569395
TEST_03850,1.7886758018301363,0.4570909171437438,0.16446968763684106
TEST_03851,3.0875603723078644,0.1725280335602847,-0.2710619431939486
TEST_03852,1.1923896133559713,-0.4499674220273055,0.1321607492955153
TEST_03853,1.889792444113577,-0.07364976603344368,0.11140997370179681
TEST_03854,1.7845954324267108,1.5535109356542607,-0.7385423909174728
TEST_03855,1.7128920100480862,0.7265814117421601,0.39801501923193705
TEST_03856,1.5693427515270486,0.9364926936527195,-0.3697812724999822
TEST_03857,2.322245739859894,-0.33535698351683607,0.7983976327458209
TEST_03858,3.6646565325786034,-0.8698028104767317,-1.0986552414791746
TEST_03859,2.7925327922333207,-0.8292151295376132,0.5986548502177708
TEST_03860,2.8273703408587525,-0.032889143839511116,-0.2984535499031791
TEST_03861,2.6933548388712394,0.09900939560254757,-0.43302608563377887
TEST_03862,1.9204161776261823,-0.31102114565004807,0.02779969278907916
TEST_03863,3.6906056388478143,-0.5232838081684299,0.7152834480002721
TEST_03864,2.581031338005671,-0.19445256107327674,0.7843964422830417
TEST_03865,4.231502151727613,1.2760352879438623,0.15431301311276333
TEST_03866,3.3352443926999715,0.17245082607214007,0.9047521384049769
TEST_03867,3.2635794931766537,0.5960934514119078,0.4330182667056789
TEST_03868,2.98509744932656,-0.48743285122451746,-0.1724570271123673
TEST_03869,3.091309291351605,-1.4118839538900643,0.16333811396061096
TEST_03870,2.0640024444927585,-0.014502966330596685,0.4600096626474125
TEST_03871,2.806718371053579,0.7605784313384002,0.06139331903869889
TEST_03872,3.748413741705589,0.9621795611405394,0.8808094349107143
TEST_03873,2.597485299241511,-1.3317496324536242,0.6805107043758897
TEST_03874,2.047990116435147,-0.31511433662518623,0.32854964242062595
TEST_03875,2.021903052284515,0.003116656009496847,-0.21538086402861317
TEST_03876,3.1565497725606155,-1.0778712944816464,-0.2876702400146549
TEST_03877,1.5850937521497852,-0.08023685186365424,0.38068794462357153
TEST_03878,3.7343126455811975,0.04962212501498134,-0.4555440077566177
TEST_03879,5.3999378612560855,-1.6427756701754181,-0.5630935765359463
TEST_03880,3.631315327521762,-1.8233182816713445,0.6861340926991067
TEST_03881,4.884311131227723,-1.6726992136881313,-0.7833624094482345
TEST_03882,3.150631748543744,1.139064978631873,0.8721357114630952
TEST_03883,1.1966355857374826,0.4957404611496162,0.2212337924525459
TEST_03884,3.221665457819088,0.9669045071059315,-0.7274542212488776
TEST_03885,2.5395453167703423,0.9546496503343819,-0.4906780506351072
TEST_03886,2.2491439824560095,0.660144548813443,0.2695939306629629
TEST_03887,4.001672460452359,-0.09797498754119342,-0.7113222031191242
TEST_03888,4.425911849704773,-0.8696423358209763,0.8801349599121224
TEST_03889,2.897646443659245,0.020934840290149657,-0.08073431496382756
TEST_03890,1.4746539981983149,0.052218263261896186,-0.14601719655874942
TEST_03891,1.8062308138759862,0.2577798451232339,-0.04630665695671104
TEST_03892,1.9764350377246884,-0.18031101157982782,0.40417131948662144
TEST_03893,1.3294324539118059,0.034571761812974756,0.3003441846340332
TEST_03894,2.7110093768923598,0.20352259278837964,1.3436362905350825
TEST_03895,1.9702802691347756,0.8708821277429736,-0.27488534270218
TEST_03896,1.9661288765637506,0.12425494909221552,-0.6026035731723764
TEST_03897,1.799756830860763,-0.6647889665646315,0.2039371687394981
TEST_03898,1.08160720774382,-0.46798110233705215,-0.20061707890342476
TEST_03899,4.519850281946009,-0.5282515364066881,-0.16131118231492664
TEST_03900,1.9506371252270813,-0.2903151308758402,-0.39333418736602205
TEST_03901,1.797080501822092,-0.15555028372150723,0.27900607983025877
TEST_03902,1.8667900666424564,-0.16365751011355945,-0.39057227223615026
TEST_03903,3.2819447736838265,-0.7153463831456005,-0.8837991512162163
TEST_03904,1.57753416250436,0.3029365239008492,0.34214752145267185
TEST_03905,4.156419948597012,-1.074545822362665,1.1294096035560384
TEST_03906,2.6010791575160557,0.06676120356234483,-0.7429955888967473
TEST_03907,4.3156709185376245,-0.1518665869684764,0.3442186840364094
TEST_03908,2.7110959268959185,-0.17238399855040668,0.26389748744302444
TEST_03909,2.260316304210776,-0.11964316533496826,-1.094725697883551
TEST_03910,4.592157433049022,1.5084634410861808,0.49047266558783364
TEST_03911,1.305531170526699,-0.31816128338741423,0.14594573684674036
TEST_03912,2.700842830509777,-1.13516828833654,1.3042082689655603
TEST_03913,3.3608974508484613,-0.7404960993612051,0.8467557534008717
TEST_03914,3.339050691987016,0.18489856480626732,-0.06025589597392919
TEST_03915,1.8459814941018633,-0.5186659625512684,-0.528719653873989
TEST_03916,3.4759280745978267,1.900116694656149,0.3764450622508746
TEST_03917,1.9351155218357106,-1.6052123774951566e-05,0.31657537077161624
TEST_03918,2.5632003916281647,-1.2211773751607575,1.0623483120227266
TEST_03919,3.0653232838223383,1.2996489724573164,-0.5861766739782467
TEST_03920,3.6770244531858776,1.1655509894125367,0.65409922788312
TEST_03921,2.342211383754709,-0.22115583729563176,-0.7215580496111473
TEST_03922,2.931846532435898,-0.8647219060665651,0.9110576866247773
TEST_03923,2.4383578386455715,-1.9495389467868214,0.5151371895463975
TEST_03924,2.021465220126451,-0.7459558440510242,-0.1861794820561237
TEST_03925,1.3897717949037562,-0.12615122266444154,-0.03459856585742076
TEST_03926,4.279072827934268,-1.1137241353913447,-0.690346784002496
TEST_03927,4.457796184549481,-0.5690103261198631,0.6459042858139428
TEST_03928,0.7667694429615963,0.14985291636285633,-0.11118787479171956
TEST_03929,2.9010625314562115,-0.29877228537636114,-0.13836131348402925
TEST_03930,2.084390987520632,-0.21648697664799607,-0.18385942742966374
TEST_03931,1.764852786780838,-0.31084507622232693,0.11395155382703008
TEST_03932,4.797322820062378,0.35536950113463345,0.38504332539845093
TEST_03933,2.6914113970422657,-0.5158263514393585,0.29706329341872323
TEST_03934,3.1441564045938786,0.6725848166079208,0.2769467337979561
TEST_03935,2.199624675925418,-0.27073282983746516,-0.5897303980433116
TEST_03936,2.846887857965624,0.5475107220313938,1.0546141663226378
TEST_03937,2.1879279864141865,-0.3372499777934917,0.8753847963289182
TEST_03938,2.4790903125219748,-0.8968585413044694,0.3073386113152219
TEST_03939,1.4314630432865605,0.4953636003181532,0.030934099446933955
TEST_03940,1.5339667100183234,0.5476318827405916,0.12589566506509542
TEST_03941,3.1960966424526687,-0.2711786561687005,0.05744847138875543
TEST_03942,1.777452489899638,0.21066793237182832,0.1983122803332836
TEST_03943,1.2061104010829689,-0.5364234483273081,-0.42718165994059915
TEST_03944,2.473474048388089,0.16544429140153605,-0.06970720370657221
TEST_03945,2.417676445270764,-0.819869900954008,0.18321920595928143
TEST_03946,1.431695642125029,-0.31675882995941307,0.31153001999281693
TEST_03947,3.201526586073373,-0.010242238831975016,-0.5575150605756921
TEST_03948,2.860135748385583,-0.6706416623516835,-0.65899413686399
TEST_03949,2.8622802829509397,1.5993542458526753,-0.05444056463414107
TEST_03950,1.055156071443952,0.7794486264568319,0.25366109105143153
TEST_03951,2.7302784517064014,0.4657225878418442,-0.15128586579031783
TEST_03952,3.6460457623499454,-0.218818956278043,1.6488796549762696
TEST_03953,2.4053755267226586,1.0340390588533754,-0.5987788328048804
TEST_03954,2.4991489013219135,-0.11489513539400381,-0.4429825752719897
TEST_03955,1.8064334863640263,-0.6224719133959211,0.22575912949262125
TEST_03956,3.055274229530006,-1.0454426825361225,-0.7181720161506349
TEST_03957,1.6823350206926795,0.375455605001885,-0.04016994897664209
TEST_03958,2.762119681312956,1.288379561920857,0.9434226940647825
TEST_03959,2.974707087952683,0.6325410941650924,1.3065360602628917
TEST_03960,1.982412911141754,-0.6378214132993856,0.32759881949314185
TEST_03961,2.649214516671939,0.12250543795130082,-0.42100279797348034
TEST_03962,0.8732014752262783,0.38193879797440233,-0.3558626642850476
TEST_03963,2.5873907740491022,1.383301813878542,-0.7888689019025117
TEST_03964,3.0024873648512114,-0.03765025061809886,0.46334373131179923
TEST_03965,1.0030355406168199,0.3486682394700576,-0.32435352054238464
TEST_03966,1.5515918414005963,0.36227268865085926,0.3141908064221411
TEST_03967,2.5306654133138133,-0.05354878473512961,-0.15331016633077263
TEST_03968,2.1257668486566947,-0.8439520126130231,-0.1729174631987333
TEST_03969,2.1179288005884973,-0.3235410969292969,-0.28952430695984516
TEST_03970,1.8976228344826842,0.31664848977886423,-0.669120036548993
TEST_03971,3.696538509970867,-0.7865693060075297,0.3329086197537757
TEST_03972,2.5849766503187475,0.5118448394707318,-0.7959052336109299
TEST_03973,2.5515802959703517,-0.011950063868681318,0.49336560947453056
TEST_03974,3.67391907478132,-1.1464055939826943,-0.7775878733652889
TEST_03975,3.5293267196314213,-0.5733615722422174,-0.1023124137663744
TEST_03976,1.7156386498299194,-0.9415664450258485,-0.30109829517057507
TEST_03977,1.5855345908949046,0.2977602368205279,0.023938698083604795
TEST_03978,3.968096299570435,-0.28639094999365694,0.10343803710245446
TEST_03979,2.0969973144816367,-0.7636567503705342,-0.17115639412836162
TEST_03980,3.1226243827069107,-0.8393280630739146,0.14537655179479847
TEST_03981,1.58411235661841,0.35157950120509296,0.5449030367400662
TEST_03982,1.7341710788182663,0.6861572041615595,0.006989490391049503
TEST_03983,3.1688451185917956,0.6395214767222831,-0.3387796429744989
TEST_03984,1.6846320937680053,0.31549842568142356,0.637461224842133
TEST_03985,3.1737133720723514,1.1351384023451498,-0.6964822049774549
TEST_03986,2.1827725276200005,0.33311092730024,-0.347149262522965
TEST_03987,4.4865548798696215,-0.0666187193411439,0.5305877609609346
TEST_03988,1.460344390187359,0.46006577121603187,-0.35050245158594684
TEST_03989,3.669955752290413,1.2295541619770427,-0.6675894477676716
TEST_03990,4.8074695822237885,-0.5120503682729982,0.46362933663889283
TEST_03991,1.569685539495524,0.14733880963814328,0.024581839043911126
TEST_03992,2.1154027204653043,1.409985535121031,-0.8690949534392713
TEST_03993,2.425938587366955,-0.19543466129534445,-0.14193679169727727
TEST_03994,2.8166304474005206,0.3130874059595401,0.9337586232964611
TEST_03995,2.1185663832287003,-0.33674178210618005,-0.012340051160811895
TEST_03996,3.0109435504528435,-0.20925292372850923,0.6697724924147874
TEST_03997,2.1936984657660124,-0.3588220507270813,0.07650352812196994
TEST_03998,3.388778500289188,0.7123089587397309,-0.4522777353199851
TEST_03999,5.397239681266103,1.3086753070242583,0.8401403166041865
TEST_04000,2.3844057639495078,0.12102108841106039,0.2664337148870068
TEST_04001,4.696770797447377,-0.16497308623760282,0.7607964600328565
TEST_04002,3.5801076743082825,0.9527485754001295,1.3768749762902366
TEST_04003,3.165462235654946,1.8198715797459828,-0.795831333948339
TEST_04004,3.2740788103962064,-0.09797108293876428,0.25276192741019327
TEST_04005,1.4659622935812557,-0.31471126073485844,0.06131353146727904
TEST_04006,1.1770144836812315,-0.3400384875024424,0.39845152377209075
TEST_04007,3.57703939616125,1.231602958089404,-0.47958513196548913
TEST_04008,2.009288241208439,0.9003169807496954,0.5175993674311092
TEST_04009,1.2496833210717866,0.1403980975943239,0.3092768474759316
TEST_04010,3.0864825437374552,0.025851120017773524,-0.8237363039569037
TEST_04011,1.499310995173334,-0.04561292289983795,0.15942976956451044
TEST_04012,3.3733958888960847,1.1813019621433754,-0.6450832147870245
TEST_04013,2.5139892353186406,0.70018153405816,-0.26694193719521686
TEST_04014,2.0159880221841786,-0.9191626638400583,-0.12457713203380309
TEST_04015,1.9094615517452094,-0.31000325813048424,-0.21621715642955344
TEST_04016,1.16583621228377,0.24149510467225638,-0.3687453862831255
TEST_04017,1.474879444691662,0.4716344130536228,0.4800541511366625
TEST_04018,4.959811117853273,-1.0319085568233288,1.6296554481825536
TEST_04019,1.8470624964560158,0.24091157972544955,0.37909357578091585
TEST_04020,1.9171415022772096,0.11021539773104369,-0.12230453813851823
TEST_04021,2.408295109185587,-0.4521255670620508,-0.7629435460367273
TEST_04022,1.5859460898565578,-0.2817857717380128,0.2370813520398491
TEST_04023,3.5203877831687014,-0.17114494342748032,0.31101456101275565
TEST_04024,1.498024499881376,-0.2452862362034619,-0.40137613382781007
TEST_04025,2.6654663514256334,1.3060581254099963,0.4573626471004354
TEST_04026,1.8350186641278359,-0.0693621361710489,-0.26210577331946705
TEST_04027,2.635902968401218,0.24973519644083184,-0.7480581423649492
TEST_04028,2.808299680922384,0.12265365247019003,0.3841795599779081
TEST_04029,4.124230523645451,1.349340345006663,-1.054999946311008
TEST_04030,3.1081884763807106,1.448022557231436,-0.7630919333863728
TEST_04031,2.846506987057274,-0.21479245929025012,0.3588124540569371
TEST_04032,2.688120379948982,-1.3252254782883934,-0.5362450995151496
TEST_04033,2.7572864820565237,-1.5191009006662786,0.8008629139383018
TEST_04034,3.756551353810762,-0.24382830782730017,-0.140773598362651
TEST_04035,2.1782751782198817,-0.8794507833672016,-0.8858399168780459
TEST_04036,2.839543282537726,-1.2842924099518473,0.6639997282942026
TEST_04037,1.2854585128620237,0.38956823157909154,-0.15153229258160186
TEST_04038,3.2454932414999402,-0.04415101980757188,-0.25338122928189893
TEST_04039,4.881967051406986,-0.8737482817865212,-0.06775856275540273
TEST_04040,2.1719592496603912,-0.21836756960170975,0.3968039116505627
TEST_04041,5.093732409272671,1.23328740787246,0.8106892674779874
TEST_04042,2.9472989455721637,1.0954124786932369,-0.5662178734769437
TEST_04043,4.251865480270867,-2.2330839290230013,-0.42178989658532523
TEST_04044,3.20627834993344,-0.18931513186090185,1.1079176773422643
TEST_04045,2.256889060593631,-0.9356255758700509,0.7873799651191892
TEST_04046,2.633023946809543,0.6940603020540086,-0.5429754113547081
TEST_04047,1.4643111093550816,0.6415500387939004,-0.31210246198710245
TEST_04048,3.3922461112930318,-1.9353713880857484,-0.1237065376206923
TEST_04049,1.6586625633816656,0.43955160480057737,0.19382324556183228
TEST_04050,3.2251888072720494,-0.14347107562697756,0.23242012728986503
TEST_04051,1.4956792516735469,-0.33606806789573906,0.3426627827011443
TEST_04052,4.533040853616827,-0.980418158557315,1.3993762037118054
TEST_04053,2.328931746273055,0.45884427526047955,-0.1731500041283649
TEST_04054,0.7771773112169161,-0.5499770263572826,0.4423641221432575
TEST_04055,3.0364547625851555,0.9522026610280062,0.7414453135214389
TEST_04056,2.9321590065976575,-0.10831398855966393,0.2392850208813103
TEST_04057,1.5811757473366101,0.2961273855254818,0.3219762766850634
TEST_04058,4.603974359235858,0.45549097322381316,0.8103955364883798
TEST_04059,4.699009734757294,-0.9202261220606253,-0.8003892775251555
TEST_04060,2.1033212394425185,0.156022305515082,-0.5408673473465433
TEST_04061,2.57944767781869,0.024361618472442254,0.9563370137276032
TEST_04062,1.3875984235367327,0.19048571856797963,0.2572920096228252
TEST_04063,1.2030528521085404,-0.07932385511529591,-0.216627497471877
TEST_04064,2.634032824100998,-0.20910044851409187,0.6427676890205706
TEST_04065,5.560724093755895,-0.07148191253463491,0.6856109684119741
TEST_04066,2.7831822951445773,0.5109330037252121,-0.7705453082200179
TEST_04067,2.5589958525712118,-0.019775794723145435,-0.08127531144933117
TEST_04068,1.7318927220258904,0.4729450571645619,-0.27924221435090807
TEST_04069,2.0715936294411326,-1.0445671231318148,0.8213917469469287
TEST_04070,2.26292444669489,-0.7922856342993237,-0.7584120805272896
TEST_04071,3.2086030860419026,0.4822698717098315,0.38641756973127006
TEST_04072,2.8693537640016595,-1.754327870160668,-0.18946173623484153
TEST_04073,3.38489810601047,-0.6337204220646553,-0.10040681686862575
TEST_04074,2.7830576243612994,-0.342719748880919,0.11485767872406642
TEST_04075,1.3080352562326876,-0.48985135547765296,-0.1917975866375054
TEST_04076,3.8976258550648115,1.0448441296351016,-0.05914104609164659
TEST_04077,1.9058229317456934,-0.820899839496878,0.11794754717511363
TEST_04078,1.3037693778379635,-0.2208897701962364,0.45471033315366344
TEST_04079,4.918565294596949,-1.3071285827778323,-0.15879052053213208
TEST_04080,3.093401107355348,-0.7755691440756348,1.0577987885627484
TEST_04081,3.164958600614206,1.0933725094504652,-0.34787347254762163
TEST_04082,3.4646849399512356,1.1008447425430006,0.3522277961574109
TEST_04083,1.9851399732651347,0.603253665511674,0.4336558867665784
TEST_04084,3.0338026867167747,1.0133938645845095,0.9832989701136282
TEST_04085,1.4476315438872747,-0.2176445837014119,0.21790324845162898
TEST_04086,1.7553452761919381,0.07652768329030442,0.3669894566179876
TEST_04087,4.555512620061118,0.5571974670732383,-0.39824431487329903
TEST_04088,1.6147481287587189,0.8171909574958032,-0.36455333345223356
TEST_04089,3.700815895253983,0.04226362607759756,-0.3099076941147137
TEST_04090,2.5957374653196337,0.3034504814249203,-0.7184131823543286
TEST_04091,2.2142864687242017,0.24850085034244906,0.09418801572809105
TEST_04092,1.2846326999809634,-0.17525329223477645,0.45354339806196087
TEST_04093,1.1183302485425757,0.06956773800575229,0.1745792065065902
TEST_04094,2.1292212040896428,0.7727570023515082,0.4473061916572731
TEST_04095,2.6146444100326796,0.6017005975712855,-0.3579471234164675
TEST_04096,2.366458591329262,-0.6350796989905536,0.31015330638238625
TEST_04097,3.1289105488079336,-0.7171504098607495,0.05131903399221607
TEST_04098,3.615254785844744,-1.07027250515393,-0.6185780098067206
TEST_04099,3.2419966104879587,0.06216923893802956,-1.0464723830674145
TEST_04100,2.09599272777181,-0.3548760568107233,-0.3986820848227983
TEST_04101,3.1698518995555456,0.04964082646138994,-0.07703650891742592
TEST_04102,1.8083880469393785,0.03453430831907284,-0.14458330405185577
TEST_04103,3.1406438278438835,0.8207029280040388,-0.6838155921122948
TEST_04104,2.128967352314091,0.04091286513039569,0.5013197974415586
TEST_04105,5.26242801139545,1.4265484801926283,1.8786522826356564
TEST_04106,2.2411314482858375,-0.5351197344764385,-1.0648845748740179
TEST_04107,3.4481599355383237,0.7030417901443273,0.7019383238191096
TEST_04108,3.2573627963358818,0.40555263369322336,-0.9296400632040333
TEST_04109,3.3363061899033015,1.0846477036826438,0.6944897778211525
TEST_04110,5.264519524668532,1.1130920644440592,1.9899277990600848
TEST_04111,2.687176250122383,0.6594323980497901,0.3621958848212297
TEST_04112,2.2861568133662313,-0.3708120319364318,0.7353180873167672
TEST_04113,2.5097338447887423,-0.5577461509923326,0.18276902131737177
TEST_04114,2.5938839825960622,-0.2469671975524796,-0.5959880047260064
TEST_04115,2.2494290465305324,0.9108003634342834,0.8571661343980371
TEST_04116,4.640876158281049,1.442287866298682,0.08688691508921625
TEST_04117,2.0198850954652796,-0.7731034900593506,0.0901064699956063
TEST_04118,1.3752890069559007,0.13733903478633983,0.19665320711238532
TEST_04119,4.494365193989481,-1.2140956881003444,0.5930726889480208
TEST_04120,3.897699658728409,0.7654596102643189,-1.3281885921722654
TEST_04121,4.8461900793219606,0.2438898651762691,1.1344090297513847
TEST_04122,2.2564734898544296,0.7234382288727056,0.9139649883555989
TEST_04123,2.543558759011939,1.5251503419312433,0.0630365710055283
TEST_04124,1.7528027055591937,-0.32993442190406824,-0.1754822880057078
TEST_04125,2.176505252757448,0.9844652327068507,0.12413138871020928
TEST_04126,3.653263082294542,-0.6780406677568229,-0.18383774796940883
TEST_04127,1.2374627030768426,0.30228322914329264,0.24947595110591242
TEST_04128,2.9831205723049523,2.487568942733706,-0.06048698029811415
TEST_04129,4.116333769109633,0.31817757097309113,0.7501990131212226
TEST_04130,3.512057600487178,-0.14274676641597814,1.0170384198324234
TEST_04131,4.155331250056241,0.2638834929450276,0.1515702401354174
TEST_04132,2.4007946065393786,0.7130740752666322,0.7469262463071943
TEST_04133,1.5050706829471516,0.3575710763862909,0.26392270507797627
TEST_04134,3.4233121278194063,0.6003137144578692,-1.032388674788221
TEST_04135,1.5278636859210895,0.6496012235477251,0.084471565404507
TEST_04136,2.5644618127633008,0.14922397077163602,-0.5434888099838476
TEST_04137,3.1606287940228452,-1.793430282117703,0.3908635778816192
TEST_04138,4.800421097174458,1.3059611598698015,0.12853998161769886
TEST_04139,1.8697483273359972,-0.3372481530514428,-0.5237427534727256
TEST_04140,2.502597296349669,-0.12177391702577617,-0.0283904172296369
TEST_04141,3.084667197549754,-0.5291078260408372,-0.6927601089796114
TEST_04142,1.918974927227642,0.0903069603280957,-0.3476350880345994
TEST_04143,2.5754758186935995,-0.12614014357888806,0.682178171558808
TEST_04144,3.3388295481412973,-0.3930243374507597,0.3193268566646612
TEST_04145,4.647647679032858,1.5713263249639113,0.6534356251873329
TEST_04146,1.8494587305717052,0.5824670844125291,-0.7224412277251483
TEST_04147,2.7572176588971318,0.15854779257271642,1.003860039816841
TEST_04148,2.5384222620796875,0.048376049860481767,-0.10666520277152548
TEST_04149,4.223648719762363,1.5878487733809559,-0.4249245748407393
TEST_04150,1.5544398988900296,-0.5176257543336534,0.4248557499831471
TEST_04151,3.124767389701763,-0.7963943456052535,-0.5809983064281198
TEST_04152,1.8693480715076762,-0.7727187612554097,0.7494713097635362
TEST_04153,1.885958625956963,0.991136629737733,0.5793487585994971
TEST_04154,2.7444735934074243,0.01770548692797874,0.02651299457112302
TEST_04155,2.4766558467162407,-0.10993858073283291,-0.3982805763408644
TEST_04156,2.7788158280751474,-0.2021653949753824,-0.14470777687969727
TEST_04157,2.2615173124905343,-0.34284753716744,-0.6170458678288661
TEST_04158,3.534024712831857,1.0680940060344737,0.26271401187114485
TEST_04159,5.063195307568182,-1.5198908936843534,2.039267277439899
TEST_04160,2.682213083128251,0.29301803456002085,0.14652126219032077
TEST_04161,4.858299608488757,2.2655857671062662,1.1978796706122536
TEST_04162,4.159644882279792,0.7450947571842211,-0.564092013710169
TEST_04163,1.1578340486615486,-0.8148573568140294,0.24836886053210444
TEST_04164,2.2501699129686905,-0.18296119772431813,0.1629103418959899
TEST_04165,2.5899602680030083,1.013993867460455,-0.659198394370861
TEST_04166,4.685636776393859,0.9458271644955453,0.5324769038548868
TEST_04167,0.8993121386691261,0.21229235040322472,-0.1252614341796565
TEST_04168,3.8866313407946174,1.6551760754800935,-0.06553411028692435
TEST_04169,2.0646340224774766,-0.4527875613215515,-0.26610927634123294
TEST_04170,2.8800747414886705,-0.038837091964341944,0.036185180239475964
TEST_04171,2.1114045319260755,-0.34821938382298556,0.4766228160914492
TEST_04172,4.321685451779727,0.4209758023344954,-0.22695091780388976
TEST_04173,1.263961970460382,-0.40971882884623007,-0.01063767405239153
TEST_04174,1.3071569356005865,0.0872706991166671,0.59406312184266
TEST_04175,3.9646936850591854,0.953504501489463,0.3392720157014927
TEST_04176,2.074135877495691,0.11083499882105265,-0.2880494105541751
TEST_04177,1.6030775377327018,-0.3676460660713585,-0.36644853032281466
TEST_04178,2.087418879208039,-1.4092507712289137,0.9024217805834789
TEST_04179,2.678157824744739,0.7114330431095299,-0.7770680164566259
TEST_04180,2.781623186121907,0.4895913662358699,0.7615257438696286
TEST_04181,1.5538369317316727,-0.3705085465959802,0.08448148690447438
TEST_04182,1.3157883553461698,0.6380124523796616,-0.17894517580640887
TEST_04183,3.73649789148637,-0.16634168220879203,-0.3001778601605017
TEST_04184,4.020121825301931,-0.14493603262188293,0.2892711675216997
TEST_04185,3.2334488526301834,-0.5726658316358244,-0.5586873154950943
TEST_04186,2.6598023784749922,-0.10878491503361636,-0.09662365960537211
TEST_04187,3.995319825778274,0.5098183719533831,0.35260533044424675
TEST_04188,2.136041158267005,0.9308119466294247,0.4010344237615081
TEST_04189,3.971615504119726,-0.505131935526272,0.9239518028136939
TEST_04190,1.8302663213981518,1.1595119361369441,-0.5043374918373684
TEST_04191,2.55438046258252,0.6708150799891834,-0.22365262535632988
TEST_04192,3.5764714916938996,1.4460469583908586,1.1898368807280488
TEST_04193,2.7161382324146213,-0.0991739311618079,0.3970407418249661
TEST_04194,3.1110437122675085,0.28160902720284575,0.34335242850633063
TEST_04195,1.4625214770963684,-0.6033727599246193,0.4681405509433874
TEST_04196,2.0615146939875846,-0.3173608686584214,0.020753429446584374
TEST_04197,1.7207044756947891,0.7577632624230114,0.2936995543505001
TEST_04198,2.1751326208262998,-0.27781826769019147,-0.021385915045891237
TEST_04199,3.825649428012942,-1.6074468964902144,-0.18178146859851715
TEST_04200,3.1483978960225385,0.09394396722840637,0.35001454426806583
TEST_04201,4.260772581679008,-0.3077617344817755,0.8968386601811575
TEST_04202,1.2367183720412949,-0.44136967913240094,-0.5798578801740176
TEST_04203,2.0320507983861327,1.3136800129489867,-0.6797771480280653
TEST_04204,2.6330504772163152,-0.4819481489050077,-0.39631922567530026
TEST_04205,1.9571526089442979,-0.8291375255674451,0.16714639215881985
TEST_04206,3.418187439594078,0.8062589964717398,-0.5439535440369931
TEST_04207,3.753467657115817,0.6675336950035816,0.321576880489712
TEST_04208,2.665685336933182,-2.0504960860257295,-0.44365103787700383
TEST_04209,3.759552684011974,-0.019482717914067322,-0.07262984503677004
TEST_04210,2.1824050445971848,-0.062229125480309275,0.4551545239616274
TEST_04211,2.323721101640537,0.10004440175511696,0.0016645740257465408
TEST_04212,2.399171122391905,0.6485048486234796,0.4295706675675833
TEST_04213,1.0870329946839659,-0.09708511004784016,0.29808063470531043
TEST_04214,1.4000292948655109,0.6049628871968248,0.46141371148449734
TEST_04215,1.1103606906811163,0.42271765696915486,-0.12735749206521543
TEST_04216,3.238919198791093,0.9631142859310022,-0.9621391552775636
TEST_04217,1.6767240881475725,0.48366801238935486,0.3318829842233341
TEST_04218,4.032445522709756,-0.17940855572598033,1.2466923073985736
TEST_04219,2.407794429152442,0.8093013151599865,0.9438681037382427
TEST_04220,2.4562483624475764,-0.700642381158515,0.6447564860426059
TEST_04221,3.2110115683317284,0.3437969290865877,0.3873975366500104
TEST_04222,1.3278350678820603,0.34036515543713697,0.31832692899923876
TEST_04223,3.971529682957966,-0.31066004928118496,1.1929823433676001
TEST_04224,4.058675117459615,0.09431634229868396,-0.6485909092310387
TEST_04225,2.597845853408518,1.6961147439008342,0.5415500606580715
TEST_04226,3.342420150266072,-0.03599763593568356,0.765218273554736
TEST_04227,2.9493672697980435,0.6503102891900352,0.7252960192011035
TEST_04228,1.9587470932433422,-0.06691162784564703,0.26781429656350675
TEST_04229,2.568332153484594,1.6821902432411946,1.2346457435886795
TEST_04230,3.2889361024222756,1.1197324849108707,0.10232868139517244
TEST_04231,2.427436093044515,-0.1978629859149502,-0.09286028425353096
TEST_04232,1.5195920436483097,-0.23340871026404827,0.5539446888276376
TEST_04233,3.386466384350405,2.0961639464385673,1.0109057305868128
TEST_04234,3.16087346097652,0.7698643015971559,-0.8900029098441681
TEST_04235,1.4521951853785606,0.4743400079247773,0.03348435268528997
TEST_04236,1.377004495282,-0.66275693806495,0.21821395597223495
TEST_04237,2.166299044849804,0.7330719272816715,-0.2963079492670995
TEST_04238,1.2032690925086948,0.20521861535020114,0.1501505197895147
TEST_04239,3.2744715148435883,-0.8679043374359656,0.978872223319741
TEST_04240,4.679041336589732,-0.45477045616481293,-0.123264873735169
TEST_04241,2.52099239372201,0.7622837618790943,-0.36156165694072623
TEST_04242,1.9559690290582818,-1.1991640776313877,-0.44291583682729796
TEST_04243,2.7873918441555388,-0.7307202473347121,-0.09592528031748865
TEST_04244,2.500561235836447,-1.1193574630534002,1.0217415772465746
TEST_04245,2.620323302495464,0.9800552329054253,-0.5972469356715172
TEST_04246,3.5195767321674234,0.5002121948874967,-0.3428450175782127
TEST_04247,2.299776960877639,0.4353540559968621,-0.5620418707173334
TEST_04248,4.808490583644049,1.9828697496282321,0.21486588607310284
TEST_04249,2.098753069058633,0.052422870579811875,0.31696023663464407
TEST_04250,2.582302412234334,-0.027735592057958534,0.15626085172234305
TEST_04251,4.139679255245955,0.406821317410076,-0.1742893680257443
TEST_04252,3.1196436282805142,1.59605313050586,0.29632382239462884
TEST_04253,0.7414563360206275,-0.049077727652808996,0.10330927610274948
TEST_04254,2.7168096920480713,-0.48839816207317793,1.2015154049563046
TEST_04255,1.0466154226579298,-0.28556997189612343,0.22531043993691802
TEST_04256,2.708261887207195,-0.558110588114284,0.8664131601065207
TEST_04257,2.2602321819069,1.3435479057376003,-0.597071648046376
TEST_04258,1.8258294123539853,-1.2664376579843306,-0.4263295070648772
TEST_04259,4.099587965530614,-0.6804569986274932,-1.1002070415208263
TEST_04260,1.611875052518205,0.18291396861071213,-0.4171827614009629
TEST_04261,1.136184521629409,-0.5018161167246826,0.12174435405349213
TEST_04262,1.6997292494630332,0.022305872106487122,0.07496254666954612
TEST_04263,4.028549087568854,-0.6485288189310549,1.1914019735707562
TEST_04264,3.363847805226919,0.28838338988832873,0.02585669799088485
TEST_04265,1.758351816035055,0.5206381770139608,1.0355109863325198
TEST_04266,1.1066752688123893,0.2568738841145381,0.461038178687064
TEST_04267,3.5454550966157754,-0.07899751305121808,0.018117838125514412
TEST_04268,2.648418179902044,-1.0946268855134131,0.6287676574218451
TEST_04269,3.227677594584518,0.8185246745135033,0.19628905179530945
TEST_04270,3.4245907350613893,0.7681914085912555,-0.38264048386710847
TEST_04271,2.434102378827591,0.49417823531125715,-0.08950159441057194
TEST_04272,2.9481435155154334,-1.3552261391854774,0.26792211990252895
TEST_04273,2.329305424981996,-0.9268086187430916,0.5117329611149768
TEST_04274,1.4351284281623482,-0.4762646569336848,0.10619550483812475
TEST_04275,1.4404415111457844,0.0589146946645788,-0.04057015978883249
TEST_04276,2.827692749208411,-1.9958511482874621,0.7001226656128083
TEST_04277,3.322678674087518,2.1837487114481378,-0.23423602493974477
TEST_04278,3.1777028682289967,-1.650957632221196,1.0031651643153958
TEST_04279,3.1828030851439015,-1.925597700679599,-0.6881564587920309
TEST_04280,4.374525620803299,2.4619653070643897,-0.16580204665892542
TEST_04281,2.624348046972626,-0.4865717434074066,-0.5876242247441631
TEST_04282,3.1310758110619132,-0.7913191724238318,0.8743668708507809
TEST_04283,1.6704612111609523,-1.5138192984437577,-0.45060502615426923
TEST_04284,1.0672981990370518,-0.39555073598181323,0.4243069968838362
TEST_04285,2.289935584277827,0.20850422796633938,0.0693378729631522
TEST_04286,2.5356939938147933,0.2628296814199167,-0.28222323567850427
TEST_04287,2.4015712314597404,1.4524387855093825,-0.8652271627228105
TEST_04288,3.30288217528202,0.26870738805598093,-0.9763740667439837
TEST_04289,2.703065632894287,0.48668581156582275,0.18557337020383358
TEST_04290,3.2756100202119858,-0.4488377078309154,-0.6997144870451114
TEST_04291,2.5081400384444126,-0.14634092385395084,-0.4004435632361692
TEST_04292,3.5430740364029663,1.2445725596055168,0.260767087348578
TEST_04293,1.4215349946190243,0.019474019849569438,-0.009990081635750705
TEST_04294,1.120116092060441,0.7519132999377605,0.468074318934996
TEST_04295,1.3741363110351252,-0.46607077267555685,0.13731192166569883
TEST_04296,1.533958631243988,0.3819393046156127,0.5016033509595453
TEST_04297,2.911925045640423,-1.8650818964409497,0.2638634017128506
TEST_04298,5.392907483956113,-1.0063302495626805,0.8812012422865312
TEST_04299,2.1945729152527895,-0.07638255328075265,0.7276127351641849
TEST_04300,1.6916027929126582,-0.29480909005831074,0.45915669831935524
TEST_04301,2.0779196308312167,0.2920591772225354,-0.28875848013663813
TEST_04302,1.792880769068666,0.15262339683207063,-0.5189056956649729
TEST_04303,4.416806356098851,-0.5395010811908623,0.8351789644921769
TEST_04304,3.718033475189046,-0.03666929874202784,-0.5450932757135337
TEST_04305,2.2118680624849167,-1.465173795319311,-0.7116737919019492
TEST_04306,0.8680370827314015,0.4880937295139482,-0.10968100867834762
TEST_04307,3.87164019751607,-0.3276518030088191,0.10201689634235318
TEST_04308,2.7380082385286793,-0.06486533975212333,-0.4510550674114401
TEST_04309,1.9022710340078275,0.46896032429331064,0.13842374594982743
TEST_04310,1.907652502527551,-1.3863449493398285,0.6422649007972879
TEST_04311,1.9355181498713436,0.2036265734487454,0.09509157144547455
TEST_04312,2.6327763812474023,0.8039051613772153,0.5718664405835094
TEST_04313,2.0449928900244494,-0.1024055887970862,0.06828906183492085
TEST_04314,2.25240383223953,0.18895959295197023,-0.1686020744810569
TEST_04315,2.2723103244130334,-0.09003067424521775,0.009657995999159905
TEST_04316,4.2710892098053135,-2.0591683079210896,0.7314940979809951
TEST_04317,1.50353014040495,-0.29717120732680413,0.1471760472530536
TEST_04318,1.5291874656512094,0.6297136259455652,0.18209448925637017
TEST_04319,4.141527653706809,-0.272675477357868,2.2188823822249697
TEST_04320,4.458232207554665,0.44493439689452824,0.4873960272088425
TEST_04321,3.2875061005380757,0.9745255821439919,-0.05076929719360339
TEST_04322,2.8096291326852905,1.6127813577995151,0.250644958328936
TEST_04323,1.253830253049965,0.17268668474342763,0.16100454356348518
TEST_04324,1.698241804289781,0.2203063545161248,0.17747011757488837
TEST_04325,0.8782514049516132,-0.2974863557253291,-0.17186008327538355
TEST_04326,1.2680078296573545,-0.34333927640608985,0.030454719297040946
TEST_04327,5.14300234535792,1.5784918655550058,0.6268353144012696
TEST_04328,4.682377794715771,1.4007401775557804,-0.9565464472506741
TEST_04329,3.331583943919411,-0.0714477780026512,0.16431414116427853
TEST_04330,1.674311667694443,0.25338625340073045,-0.2479134183156854
TEST_04331,1.07711075136095,-0.27322191300064835,0.10900688430062964
TEST_04332,4.218261412269675,1.370955985071742,0.7422795132349609
TEST_04333,2.15625630943606,0.3994835963913538,-0.06289032632469606
TEST_04334,1.4199250028263093,-0.4141351258966174,0.32165130602399666
TEST_04335,1.2055071551395702,0.4529386313753712,0.2076428382558498
TEST_04336,1.5226885650651818,0.41038296204136393,-0.2115695434785619
TEST_04337,1.3254023336185041,0.2553255317717701,-0.32886765350664154
TEST_04338,4.375433511511601,0.004349367786599019,-0.8480417063375616
TEST_04339,1.26792363246834,0.5891552469700275,0.25360039616992675
TEST_04340,1.30900699826423,0.5633323529257758,0.0030180608741554047
TEST_04341,3.008806104772328,-0.4744457925021042,0.40973215199285523
TEST_04342,1.8687957305954905,0.6341133869658239,0.18752514188307343
TEST_04343,1.2489227142576658,-0.2204075107820511,0.28988680402139266
TEST_04344,1.8954232432624218,0.13043013692088964,-0.39246328717091644
TEST_04345,4.929353596855547,-0.44556174097179024,0.8714856059371457
TEST_04346,3.1813281373955613,0.04618605239585648,0.012447407800459177
TEST_04347,1.9257471170583325,0.70759255239263,-0.3863105356144328
TEST_04348,1.6958802060338714,0.44016664071176764,0.3999020300547536
TEST_04349,0.9167757547075812,-0.15228040595078768,-0.16943023869510132
TEST_04350,1.9967662026274313,0.5693213244459738,0.08168703895529898
TEST_04351,2.410124504079587,-0.7439270713416783,0.5066232821926716
TEST_04352,3.8090251730486107,0.9468425959725099,1.6336582515314386
TEST_04353,3.8591884147033433,0.6806552088374842,1.955187300343064
TEST_04354,1.9165673527659342,0.5164935835487305,0.11568529667789594
TEST_04355,1.5628340448774256,0.40372749579760114,0.2290576341223407
TEST_04356,1.9118729650984199,0.7996714381414364,-0.4825295928666697
TEST_04357,1.960921616247,0.6261343871621172,0.13122071244111944
TEST_04358,1.1800088865857417,0.5673745710926374,0.2762108668705096
TEST_04359,4.660470813688729,-0.019313452348685332,0.5357533562542613
TEST_04360,3.7385657145752633,-1.9229519412159453,1.0731598487467313
TEST_04361,3.6209965041612726,2.2305402191837094,1.296431728489281
TEST_04362,2.9493655965171746,1.081142945844212,0.7113395853447287
TEST_04363,3.3835819195653616,-0.5330915937709315,0.825803119688488
TEST_04364,1.7817363514410844,-0.020582316936498778,-0.4032542287038982
TEST_04365,2.0259920388957133,-0.4970499622693958,-0.20308573528996982
TEST_04366,1.764425537833672,0.017185346725399925,0.0690096081975176
TEST_04367,2.754262631334975,0.13310890486178614,0.6125208640586944
TEST_04368,2.5773511519384518,0.5277067857025132,0.9483252245425521
TEST_04369,2.5406296396130594,0.037816390504107136,-0.21864466352715461
TEST_04370,1.422831062467005,0.3749564944365487,0.26058533292253216
TEST_04371,3.073262811101233,0.17914083043368376,-0.08616321655773429
TEST_04372,4.069099027054251,1.6303467387683401,-0.6616002931530887
TEST_04373,1.270380684980092,-0.023194157831826216,-0.09427464039500912
TEST_04374,1.9275502099244017,1.5293462078031397,-0.4049183228751101
TEST_04375,1.734113240316326,0.19809491045148683,0.18748688309199601
TEST_04376,2.6539340973106995,0.6457499854893471,1.5868010048466208
TEST_04377,2.948494109215606,0.5339230163664126,0.5951665457059224
TEST_04378,1.482242892274586,1.1856428261558463,0.3707875256650329
TEST_04379,3.7663385037721318,0.8317691481615185,0.05761877474307225
TEST_04380,0.9852002051560407,-0.3082633340373509,0.10927077669748896
TEST_04381,3.355072466627079,0.08096446496480417,-0.16098055080368118
TEST_04382,1.8140892393279133,0.20472621608799335,-0.1688444850277052
TEST_04383,2.6132396196220684,-0.5876400690524848,0.6506496581309528
TEST_04384,2.1692894064853183,-0.011687489181582524,0.38453536935178284
TEST_04385,4.466863332888569,0.4333409151725957,0.3119572831704289
TEST_04386,2.6396868006865137,0.6689817775817546,-0.8339635882206974
TEST_04387,2.094372004244067,0.3085986480396842,-0.599036667188286
TEST_04388,2.2422904954266176,-0.6173882184044135,-0.3553763231794308
TEST_04389,3.0601463813291208,-1.7545708723686002,1.3582887326445363
TEST_04390,2.430050057011763,0.6758116736739009,0.8696028370209771
TEST_04391,1.849268974145282,0.4240583205715192,0.037767059887786995
TEST_04392,3.146861862734201,0.733534482866458,0.9724504450958665
TEST_04393,2.7024827936749727,0.30645450161956006,0.07316454007247124
TEST_04394,3.675574223099337,-0.7509752624710772,0.5809479817433715
TEST_04395,2.380690516841301,1.0865642141979512,-0.902577710155856
TEST_04396,1.549852070093064,0.6910587879094255,0.5024437430063786
TEST_04397,1.8445286522249793,0.015501872918228342,0.5086995439043988
TEST_04398,2.6167214526565,-0.13375852415276435,0.18514712208304132
TEST_04399,5.29702777332236,0.6103301013375125,1.407626554431922
TEST_04400,4.120386463849667,1.217164785178869,-0.0834234201602422
TEST_04401,4.531052115254438,-0.6252915445581264,-0.2815916985528777
TEST_04402,4.308109910788425,-0.815752168608975,0.41044477789745215
TEST_04403,3.038357650830507,0.06505431646410807,0.42402514890762305
TEST_04404,2.2371794335330706,0.3380771067459054,-1.0018477286167238
TEST_04405,1.8707678752320234,-0.39177327386831856,-0.4171012117487768
TEST_04406,2.1190095391677413,0.6816326672235169,-0.24476302664675034
TEST_04407,4.972372508487941,0.04325406444768073,0.244542534894263
TEST_04408,1.2862389277810837,0.5472874376477617,-0.5821098282291843
TEST_04409,3.4814602611030794,-0.12960270999043538,-0.1440974594767808
TEST_04410,1.1385642527327489,-0.12400866944701064,0.056904054619881086
TEST_04411,1.9501441501059207,-0.41763106112333037,-0.32505218218977333
TEST_04412,3.712984885567949,0.9481827036815541,-1.1814695983894097
TEST_04413,2.7637854686958567,-0.2439938740547689,-0.1663122782750958
TEST_04414,1.481159964196955,0.2454626319934649,0.07966047039767216
TEST_04415,3.788997832191244,0.13631564635371302,-0.6417014182818359
TEST_04416,2.128760440664056,-0.7208938080940832,0.2551250165166459
TEST_04417,4.118209649770249,-1.6897965543680837,1.9243976937478038
TEST_04418,4.636869686793066,-1.3613335029097562,0.6747953947617212
TEST_04419,2.592683062459742,0.7090802409178122,-1.0409266854674986
TEST_04420,1.7038982151582083,-0.3123536427756418,0.1602111946063526
TEST_04421,3.250208330890432,-0.4026196833098049,0.36262634223181994
TEST_04422,1.1717959271289864,-0.22875930003219413,-0.10129481626444777
TEST_04423,3.719426273346633,0.5148576038921574,0.664880650240718
TEST_04424,2.5354349513207826,-0.33973584803985785,-0.3581351082979797
TEST_04425,2.0745187737383204,-0.7085661876748699,0.5884953948377336
TEST_04426,2.256303665730593,0.06843923546577146,0.4042434321408488
TEST_04427,4.227618144389632,-0.18172039345523935,0.9814408215967311
TEST_04428,3.1916756944857023,0.17337914912663793,0.1562352130034064
TEST_04429,4.995631176050428,1.364790387485212,-0.2000281833839073
TEST_04430,5.313500106142815,-1.7363453947154401,-0.9364853506029694
TEST_04431,1.9864789318276073,-1.2208726150493427,-0.5399203525238955
TEST_04432,3.337671682566408,-0.6065814756414786,1.5639362450121843
TEST_04433,3.814046057602961,0.13027675442627082,0.7712973360572838
TEST_04434,2.9574015464178625,-0.4065415770244061,1.0037126250831863
TEST_04435,1.398399386353145,-0.11858931996422228,-0.05288399552116661
TEST_04436,1.9205170710308244,-0.1261555941305835,0.6889008853933458
TEST_04437,1.6431158224162368,-1.0761407895135309,0.2796874627431801
TEST_04438,1.9962210668411622,0.14426327876989342,0.4609016792517219
TEST_04439,3.987894944148375,-1.5641989527070483,1.4453120469689567
TEST_04440,2.455508624993428,-0.9525707471333347,0.5609953571763304
TEST_04441,1.39483025542872,0.473253403148886,0.1420028743627297
TEST_04442,3.8523747011288973,0.28221619660321234,-0.8705377852282404
TEST_04443,3.695273753742532,-1.3095096306199798,-0.32595104803080127
TEST_04444,2.3995370508107285,0.583259137396038,0.4020254531624883
TEST_04445,2.36335960129631,-0.02727718672975713,0.07806478093945832
TEST_04446,1.649058680636449,0.4290114253278013,-0.19315653678086026
TEST_04447,4.235115469703571,1.411669547848912,1.001709680837798
TEST_04448,4.295824251410798,1.6200424389983494,1.5010536398776202
TEST_04449,3.2774470747847797,-0.34982741080872537,-0.5034574150608241
TEST_04450,1.2698665337012598,-0.050940147704442565,0.19412224394427371
TEST_04451,3.0234448992329614,0.5557871057565386,0.1551722961837469
TEST_04452,4.730280958296732,-0.2073663755613243,1.6113729414798783
TEST_04453,2.318731443831065,0.08419545445191243,0.3878763253169428
TEST_04454,2.3084220202576646,-1.5281503808152386,1.4165277817168127
TEST_04455,1.8596158236643348,1.0438464298156258,0.13786994094360555
TEST_04456,3.377679813796317,-0.36915574931755923,1.030161097619818
TEST_04457,2.2880552034945865,0.07815435282012657,0.10540604188257283
TEST_04458,2.7179967923153954,0.22151071067839453,-0.11668950480603096
TEST_04459,4.609425928716584,-1.4424411967693422,1.0406416355538755
TEST_04460,2.452348247000493,-0.18753865255406257,-0.6943530994055108
TEST_04461,3.185833514520418,-0.4691492435666318,0.7673137808804376
TEST_04462,2.027555519296368,-0.22274722584589424,0.14412753927942135
TEST_04463,1.8587650949699708,0.024338077251702755,0.5854016291541164
TEST_04464,4.287162459037971,0.2952144857251751,0.6934313081096817
TEST_04465,4.284412462019016,-1.6576939109359425,-0.31176453190771286
TEST_04466,2.094876961456992,-0.059007350965563386,0.2989476660114919
TEST_04467,3.661724686903923,-0.7945190011347802,-0.5911039211131287
TEST_04468,2.566933615927533,-0.7909585477286296,0.47411129613644837
TEST_04469,2.6373211266640673,0.09113233533528953,0.8037104252641699
TEST_04470,2.3035214664935593,-0.10376110256773206,0.6272956217856571
TEST_04471,1.2687986817074466,-0.6024273390512745,0.21358371817201707
TEST_04472,1.209099957080203,0.48614456532514166,0.023031579931914677
TEST_04473,2.227867139146828,-1.02653912661186,0.8700914431314679
TEST_04474,1.5207969107413812,-0.20780683588126203,0.10776288577125262
TEST_04475,2.347308131645819,0.7121786802868161,0.5275335142690659
TEST_04476,2.877187599806885,0.43547317591508633,0.8312399275173565
TEST_04477,3.0680629500422554,-0.2398634054720962,0.9739943204447704
TEST_04478,2.943402870692446,-0.8796611228423925,0.7708052536781326
TEST_04479,4.218854937182701,-0.18430747607328068,-0.08781228730985356
TEST_04480,4.369099500211917,0.5140901494420291,1.4692344388556962
TEST_04481,1.3938649696264256,-0.20678235240692044,-0.11237522827779178
TEST_04482,2.4845149633890204,1.456264771057525,1.6175670055599431
TEST_04483,2.423445537648799,-0.9822006446368856,-0.8678818590163017
TEST_04484,2.119326332830911,-0.29676009091046696,0.07522458253060199
TEST_04485,0.9431015101096911,-0.006265173465638124,0.3005790981546247
TEST_04486,3.7989922423521203,0.4930217932063748,-0.6641764917995033
TEST_04487,4.237763579730091,-0.6873055234188219,0.21626437397054182
TEST_04488,4.597888841310265,0.44094927547373397,0.24249071842990585
TEST_04489,3.1707778724772675,-0.08460176278556701,-0.08141255858061466
TEST_04490,2.595411446981499,0.270506375376573,0.5901232348143358
TEST_04491,2.864653130184566,0.19320298165206884,0.5149968083746596
TEST_04492,4.636103357790956,-0.7952346897166791,0.7596141443855435
TEST_04493,2.5523553175802998,0.029286727397622662,0.012482704171865052
TEST_04494,2.2068677622618584,-0.18112973028581297,0.01554774548552977
TEST_04495,1.4599732120192643,0.8363324487517857,-0.19900193884205328
TEST_04496,2.963089319319833,-0.04966578610697303,1.3293740790778
TEST_04497,3.5403931769693484,-1.848873445689645,1.8293259219660951
TEST_04498,5.08270543850552,0.6404691234651916,1.6256590339241161
TEST_04499,1.991662663897135,1.228334698863112,-0.42946403550854745
TEST_04500,3.0440396487608625,0.35824252420397124,0.5132639967268431
TEST_04501,1.170894296730731,0.07347029476493444,-0.12480977621922419
TEST_04502,1.947284108731367,-0.2794485787056036,0.49760346418840223
TEST_04503,2.2050421931295183,0.11134741332569144,0.5947491436383785
TEST_04504,2.7130118491491375,-0.13449525445413768,-0.600135843870475
TEST_04505,2.7646145663104797,0.9505936868295376,1.0462074734031774
TEST_04506,1.549885920148389,0.51129340188262,0.31167311911863277
TEST_04507,2.0736994349560773,0.5168239423563469,-0.14643042849599638
TEST_04508,2.796862779629526,0.3422785420855783,0.6342868462840782
TEST_04509,3.3174863137030184,0.4899629335664093,-1.1701063162825611
TEST_04510,2.6905963318990254,-1.160435530572035,0.7208368339335163
TEST_04511,1.1450333305968305,-0.4106573190066078,-0.11237221068753514
TEST_04512,2.2076913144759467,0.7403058483885273,-0.3084967790274632
TEST_04513,2.081483972930496,0.05558298448197935,0.3058998922844128
TEST_04514,3.0670244313744535,0.14370306983798944,0.013316287190136401
TEST_04515,0.9824321197293068,0.4962023351636166,0.07130708542195772
TEST_04516,2.907318881415964,0.7111970165663472,0.45297817959032716
TEST_04517,1.465497264711671,0.39726598370731003,0.4019788517467329
TEST_04518,3.5134742415326703,0.4408142803788169,0.8804209255117511
TEST_04519,5.468979693624938,-1.0207397955704263,-0.9382330332852815
TEST_04520,1.935325705117693,0.9507621802194861,-0.17111071507944997
TEST_04521,1.659375633178843,-0.6791328912555277,-0.19346040939976303
TEST_04522,2.601603893867015,-1.43378601002682,1.3577805761684196
TEST_04523,3.3021520155241766,1.9264282949512737,0.14330000437759838
TEST_04524,3.646457436641325,1.1555170172825684,-0.5270364221355968
TEST_04525,1.825187698699337,-0.08979164757202968,-0.034138590943480575
TEST_04526,2.95548658483746,0.2948762153681104,-0.31226019262497684
TEST_04527,2.889638247141465,-0.5972183883318918,1.3258063787226733
TEST_04528,2.7552990760389733,1.1228359956456595,-0.48390537925550475
TEST_04529,1.9737105925188285,0.4409761016012016,0.06428488779877128
TEST_04530,2.5720232254974866,0.47381157724450473,-0.3109934094759024
TEST_04531,1.1535340257219941,-0.12302087006059596,-0.3119837247244248
TEST_04532,2.666786748577045,-0.5976975690855264,-0.9620119289101602
TEST_04533,0.9303137841683766,-0.055112322869293885,0.19319758405381746
TEST_04534,1.6029639021454403,0.23708985855144535,0.21887465303223957
TEST_04535,4.1443884060519025,0.36576547818371224,-0.12933268581346075
TEST_04536,3.207146132239333,-0.8734712799981817,-0.6507513899091737
TEST_04537,3.5597339253626434,-0.3599575942739353,0.7428682071806999
TEST_04538,2.9793261189624913,-0.9056073869683089,-0.33414994070106524
TEST_04539,2.1410287873298484,0.13256125245654954,-0.7307369612798511
TEST_04540,1.5824328712128677,-0.686032417694853,-0.13514987076682286
TEST_04541,2.3017544397789638,-0.011556917345416714,-0.3342866166222159
TEST_04542,1.5471429166583328,-0.381154171200833,0.43624435472352385
TEST_04543,2.3024320604110695,-0.41318371629288264,-0.6268990667278653
TEST_04544,3.7724674174513484,0.5432563375310293,-0.22516384728356784
TEST_04545,4.438821173014373,1.5906261373875237,1.6843139522744004
TEST_04546,1.2476024957365621,0.19710499524875966,0.040250568063185846
TEST_04547,3.938325077788344,-0.5088270698993103,0.6750322998805063
TEST_04548,2.823561873626444,0.5940675714537661,0.2051493626124133
TEST_04549,2.635738973348793,-1.2488938882228264,0.20969413305697243
TEST_04550,1.9523253446880227,-0.4922869576828312,0.6147974720158155
TEST_04551,1.3847899770671666,0.1962963668315722,0.030401943265952452
TEST_04552,1.7254142348689343,-0.6589469454631186,0.04717634315129234
TEST_04553,3.665273909399387,2.0802805692346036,0.7074126691067301
TEST_04554,3.6933062044930978,0.31267968836602744,0.3310132459614965
TEST_04555,0.7416749232655432,0.372475337584417,-0.2297217538597466
TEST_04556,2.7559153944177623,1.1211504123612368,-0.7777894030315718
TEST_04557,2.879282862540798,0.978390911875786,-0.63233544753434
TEST_04558,2.3053507104352198,0.8151471498099027,0.3309203396417214
TEST_04559,5.624399466214707,1.5697726705228496,-0.5300788378060663
TEST_04560,2.878582298553691,2.3836078972889028,-0.10187246282563092
TEST_04561,1.5381383072314418,0.2971940779896357,-0.47391130347311966
TEST_04562,3.7075840164938634,-0.5030092272640413,0.6448127530083941
TEST_04563,2.4020566799394985,-1.6575738484258513,1.2265626253191346
TEST_04564,3.0996138121448658,0.22866020244810342,1.4603718125256329
TEST_04565,1.0991306668028935,-0.2036369344290341,0.3316376595703153
TEST_04566,2.759482667138252,-0.08357128308988047,0.8445628127527318
TEST_04567,2.897408010887668,0.6241982225883894,0.7054925877597136
TEST_04568,4.714622213360601,-1.6972280071511114,0.9584349057291152
TEST_04569,2.521928305638668,0.7018670445221544,-0.13466965849031431
TEST_04570,2.0134483464325057,0.5848283989134165,-0.3137688580003573
TEST_04571,2.8200880952437677,-0.2659956312403733,0.7929999983254502
TEST_04572,2.4099304353134596,0.18586256558756536,-0.7594090341228416
TEST_04573,1.5444376773010506,0.1824439056548794,0.02258922373821085
TEST_04574,2.258260886113638,0.11168464964312387,0.4059018489214477
TEST_04575,1.4480746488199334,0.50810599422419,0.2850209401505635
TEST_04576,3.105739921754017,-0.17327219667407698,1.0494781001644249
TEST_04577,3.285571383510785,-0.06733753444406665,0.6516965622044932
TEST_04578,4.868458686697644,-0.6374588576277198,-1.1593080653834331
TEST_04579,1.730945792745685,0.3374722114225779,0.5318535880831561
TEST_04580,2.425873334540805,0.09200254273763799,0.004943100218972281
TEST_04581,3.4820690880893705,0.3003577165682569,-0.6956993888843548
TEST_04582,1.6193588966902983,-0.5575328274985475,-0.4979052669553673
TEST_04583,2.064376590878845,0.6398568462812143,-0.3681443270768832
TEST_04584,3.0849462216368524,-0.5351078976033533,-0.512476286566573
TEST_04585,2.140899812776251,-1.7412235614628364,-0.4748804644010928
TEST_04586,1.9245723155088783,0.1442551756146449,0.20750094160334645
TEST_04587,2.52761666926329,-0.31833017203669706,-0.3842476641051168
TEST_04588,2.355458899896678,-0.8238336627351458,0.0938979201149139
TEST_04589,2.826034641979736,1.1756118113994485,0.528712897902693
TEST_04590,5.099139124348165,1.4952254987005473,-0.02189177540332181
TEST_04591,2.156353158043132,0.23667632819546552,-0.09533846482939214
TEST_04592,2.2773807105791226,-1.2644545887554313,0.03741287812514551
TEST_04593,3.5342923205432313,0.7264608339309262,-0.30635962512303994
TEST_04594,1.7863348635107494,-0.0511230686135142,0.2575140098255709
TEST_04595,1.0650499769000126,-0.33210760291654423,0.4252102780686156
TEST_04596,2.217212060808587,0.6582994032105997,-0.12261154403823198
TEST_04597,3.496129988810746,-0.8970200547319496,0.7823607018631588
TEST_04598,1.3012067727495158,0.3486116388288122,-0.054925278259768305
TEST_04599,5.493092424860178,-0.20461233511521618,-0.25713115845519124
TEST_04600,3.8877171948040403,0.36272397154016484,-1.0302265317072443
TEST_04601,4.53882307259975,-2.146140570420852,-0.3200331814572678
TEST_04602,1.8876133721480008,1.1022121612153917,0.17523495997710786
TEST_04603,3.4801994959091154,-0.8753879448899609,-0.07319975625912645
TEST_04604,1.4320328804820541,-0.13323570087638179,0.5103329318613917
TEST_04605,2.615840655118806,-0.02899704634005221,-0.6591425997753774
TEST_04606,2.939117151435521,-0.6835655363847847,-0.672757128574391
TEST_04607,3.186893416660221,0.9246059829893815,-0.6959767755954961
TEST_04608,4.219249274760439,-0.6706117204528032,0.5361025747281428
TEST_04609,3.406938608981362,0.17282439532707433,0.4679757538038244
TEST_04610,2.9323979308398074,0.31862664029150745,-0.29209328359948206
TEST_04611,2.6280768461341,-0.008103794935354047,-0.21547740040492322
TEST_04612,4.624060165430982,0.14429605823983532,1.2386767860749182
TEST_04613,1.3762830870923402,0.09415558016555273,-0.03989594035104261
TEST_04614,1.7969408785503833,1.136193533995369,0.3328868123133554
TEST_04615,4.0632899713428765,-0.84253920222572,-0.638917917749606
TEST_04616,1.7350316673854218,0.2561192414154562,-0.24709634721075335
TEST_04617,2.891097836282734,0.06334363677459855,0.9437503889322217
TEST_04618,4.734430158922432,-0.7672105168665794,0.4963491709997682
TEST_04619,2.2520749438740353,-0.423260156047503,0.10909615981506139
TEST_04620,2.830663310826803,0.20162811320070734,-0.008286082955638896
TEST_04621,0.7724692805499801,0.14408751715788,0.08445685916071644
TEST_04622,1.723317438793505,0.49209030320491254,0.5246216558260264
TEST_04623,3.3222974306860538,-0.26388005874098786,1.0994275150390045
TEST_04624,3.2798719520970723,-0.04296511428083061,-0.14353301890198927
TEST_04625,2.6988026325046106,-0.6951157901635867,1.5188486514346629
TEST_04626,2.62787828431339,-0.28097922781096923,-0.3919741918843569
TEST_04627,3.961805119440281,-0.1282097310142157,-0.13563605697201153
TEST_04628,1.7547212734303115,-0.22925588494114058,-0.021705481552603708
TEST_04629,2.01036222184039,-1.0879403281430193,0.3665537202718393
TEST_04630,1.149511264384207,0.09151723347662434,0.2964726638390192
TEST_04631,1.5269990377180744,-0.7283069989204785,0.4511301256167278
TEST_04632,3.3320662482857526,0.47548743861860193,0.16342857769712535
TEST_04633,1.6958744383276076,0.5207346373398676,-0.23564456704272643
TEST_04634,1.725824238913568,-0.38605162785158476,0.19810589163262174
TEST_04635,1.0545856125529374,0.6064675854774312,-0.35734748389911697
TEST_04636,3.9155133935939554,1.8692064652556049,-0.7828580783238794
TEST_04637,2.3724933224839235,-0.4613493196232343,0.05152205923654845
TEST_04638,1.3141695538724443,0.7300892326453153,0.1754852711928811
TEST_04639,3.43425369699795,-1.1126968413177833,-1.2225459377716195
TEST_04640,4.7814160374340515,2.3063558480956674,1.0626106623037932
TEST_04641,2.790991573921871,0.27505174499855684,0.5582371744742097
TEST_04642,2.7466196436627452,-1.3872323876213994,0.16851615656693572
TEST_04643,3.710008423666924,-2.2623693328419896,0.1647943250245423
TEST_04644,3.4035419249259276,-0.7097424812336988,-0.8615787040790033
TEST_04645,2.812512184408543,-0.6677023931549528,0.19110379812461384
TEST_04646,1.5355350022302572,0.2692371897571857,-0.23391727411613525
TEST_04647,1.9215569838138082,-0.2384717674421726,-0.11318243496570643
TEST_04648,2.8593537635216646,0.5225146095933221,-0.47515901319444037
TEST_04649,4.0518440888959,0.6204943164050303,-0.5333273046843195
TEST_04650,2.7850046792967094,0.6377237530598698,0.2553672961819022
TEST_04651,2.4979390334972287,0.19299780128934957,-0.5304312168309876
TEST_04652,4.293519752174237,0.7122211156357343,-0.3379027023200438
TEST_04653,2.3439825540341857,-0.04510083118260919,0.20940672202154675
TEST_04654,2.0095604351182708,1.630336124600278,-0.16116279284033594
TEST_04655,3.208932866959723,-0.5865948230929308,-0.7413317193156647
TEST_04656,1.9727597474782184,-0.043512908290531574,-0.35174596660038454
TEST_04657,3.2951793650309806,0.5019960972021333,-0.26644744277335497
TEST_04658,3.8491467303005997,0.5491792001415745,-0.8382453140089006
TEST_04659,1.5446398247343573,-0.5167844860242026,-0.16028115122417863
TEST_04660,0.9804452673280807,-0.1823744800341294,-0.10682593510686628
TEST_04661,2.0539595575390397,-0.03706248600156245,0.5503252090598885
TEST_04662,2.0834879103083486,-0.6705597761421526,0.024275839985969164
TEST_04663,3.830712375482799,0.20277498698526134,-0.1036141780918839
TEST_04664,3.99814271388031,-0.5405666155226816,0.7138969461017202
TEST_04665,4.10379235112194,1.1971987394857033,0.08763116924069221
TEST_04666,1.785084578038036,-0.5655745904111323,-0.7924623973599838
TEST_04667,3.388675815953263,-0.18647761500467042,-0.06898907457285422
TEST_04668,2.7969646741513463,0.2003806105881077,-0.1447850073406698
TEST_04669,2.8753506675511242,0.23734673663452896,-0.5668955474419948
TEST_04670,5.037442004697875,-1.1753043775741636,1.1791417036536167
TEST_04671,1.3038803162939805,0.33039484435786665,0.1664514669523898
TEST_04672,3.0934908504626026,-1.3565767296564435,1.514396882923464
TEST_04673,2.5611946604056923,0.4764577102652595,0.3689911248821682
TEST_04674,2.9351467115476577,0.14368837184771363,-0.047825568244901306
TEST_04675,2.4164011131888534,0.9770703101385475,0.5817390841097813
TEST_04676,2.2343050768137154,0.1835616257123358,-0.05780452412449085
TEST_04677,2.2096511497656817,0.5185082450623529,0.02986941128161158
TEST_04678,2.1766364913778085,-1.1379370950370074,-0.5243208087677689
TEST_04679,4.974365230215053,-1.591765802742763,2.156063627868466
TEST_04680,2.261198530816804,1.808316930324999,-0.37931554561691866
TEST_04681,5.061174144941908,0.9254488187903813,0.9558841095648546
TEST_04682,4.910509781224752,-0.04030954952145164,-0.8161576315067355
TEST_04683,2.610213655508953,0.7112182926811645,0.2091138935547241
TEST_04684,1.8110417997201942,-0.3324230641435959,0.7015505455026729
TEST_04685,3.0601568543816366,-0.043989977492348856,0.06267082191203403
TEST_04686,3.906244444597492,0.3662831588531501,-0.21954251164679106
TEST_04687,1.3228178394696894,0.26336434958354676,-0.4579348104012941
TEST_04688,2.4953512676883682,1.321438402237717,-0.9725203147779825
TEST_04689,2.377628183308172,0.3221368227525367,0.0940784806656754
TEST_04690,2.559742913178261,0.759346941341066,0.47371484533421804
TEST_04691,2.9318989305448375,-0.15183601096014324,0.6510285942560364
TEST_04692,4.036669068610358,-1.18063983492664,0.5146007291122526
TEST_04693,1.3148709150588829,-0.45202427217616575,0.42552767165322636
TEST_04694,3.2011558944651806,0.06325629437849428,0.5455638538004975
TEST_04695,2.7217984258353813,0.1905508989699702,0.21239135485998537
TEST_04696,2.7060404308089776,0.5510635216776809,0.005792523129106722
TEST_04697,1.4742112921460089,0.04921125834082227,0.2138434940401305
TEST_04698,4.367600474460877,0.06206844533300437,0.8302570192150752
TEST_04699,4.622211988281333,-1.49588923374632,1.4160246249583903
TEST_04700,2.8597295059847534,-0.5044674105216186,0.4889995021136796
TEST_04701,1.500065145964703,-0.3860799966258783,-0.11013587445865869
TEST_04702,1.3605676712183226,0.3305645818516716,0.36937758760467704
TEST_04703,1.5150736952319308,0.09317638742834243,-0.19419932008043253
TEST_04704,1.2369400741290633,-0.5537872700736458,-0.2746742864097873
TEST_04705,1.9820455735770206,-1.5753556855091406,0.9908840469728855
TEST_04706,0.9761450537421126,0.03216565845404518,0.33126047357223487
TEST_04707,1.7288881586466156,-0.7125953919683194,0.024718861943968058
TEST_04708,2.5251238461066534,0.004855322284346043,-0.19909099086905946
TEST_04709,3.337633664788801,-0.0595454196131076,1.4335030087739338
TEST_04710,4.240901176773777,-1.1400402072939013,0.05998449881015418
TEST_04711,1.7061043147972634,-0.31449224771313644,0.1828988093127396
TEST_04712,1.840983337430829,0.4034252911631397,0.5293876306202292
TEST_04713,2.3481139999641187,0.4610176920430394,0.023828619707543255
TEST_04714,1.2319803129842606,0.1164687597271389,-0.10228258002558294
TEST_04715,1.5284838441044832,0.37263670494053924,0.3337468635219364
TEST_04716,3.7908594347269244,-0.2932039457118685,0.08163949765779498
TEST_04717,1.7432204015043085,0.015025612790145425,0.16644232118238497
TEST_04718,1.995831814798174,0.3904640315444041,0.9132076402559609
TEST_04719,4.1615320989111275,-0.5576883080971121,0.6005574221342268
TEST_04720,4.0436028979957745,-1.27979236279775,-0.5783794625412046
TEST_04721,3.497778877217765,2.286872898771403,-0.5014180565586119
TEST_04722,1.7144532719957295,-0.7712370508202663,-0.5715282106947095
TEST_04723,1.478819703469305,1.079173772454178,0.42366555744912193
TEST_04724,2.7571729042185806,0.6632981555653801,-0.35522309996955537
TEST_04725,2.783958923343677,0.22823676026656498,0.5610079683557487
TEST_04726,3.4912354705994617,-0.012403760642595935,0.1617117537250852
TEST_04727,2.4750225770815875,0.5377803268735667,0.8720942034045314
TEST_04728,2.5319731883792267,-1.6275997872394212,0.5710674967745165
TEST_04729,2.8596153756696365,0.4110989127196473,0.09629346055188263
TEST_04730,1.063026786126835,0.07602317901370215,-0.22908930133696206
TEST_04731,3.8200562885494507,0.09056999586929375,0.35618886625557133
TEST_04732,2.854277715838139,-0.7946600652681443,0.7131634738199427
TEST_04733,2.2404173727708887,-0.30377593332359054,0.6225296326166597
TEST_04734,1.9184483653305695,1.5496044193722436,-0.3188260310724387
TEST_04735,3.9935053460228263,1.345298215339101,-0.4716914741318715
TEST_04736,2.8720818010045823,0.018980831949427436,0.9296168585914383
TEST_04737,2.9986655482442655,0.026320195942505877,0.1577450355219759
TEST_04738,2.370650894676689,0.09858030852636225,0.40795114314911807
TEST_04739,1.2468795166243503,-0.4234283904522817,0.15728010198634101
TEST_04740,1.424897159197456,0.26099445642542257,-0.14825270338321633
TEST_04741,1.0496136199221369,0.13300273614364705,-0.3502690185445692
TEST_04742,1.9887662094488296,-0.20952295617107133,0.3202716519331544
TEST_04743,2.1544736186732636,-0.7376998652946719,-0.82374183717991
TEST_04744,2.894910531449171,-0.3433219896247811,-0.03707969751040903
TEST_04745,1.4943653138535231,-0.08822822583936378,0.47163360148600436
TEST_04746,1.2326896868260926,-0.022961759138685613,-0.16289516861228356
TEST_04747,2.340379260752089,-0.08434506709996889,0.07592871987365196
TEST_04748,2.7830973181731347,1.0237152317898286,0.31483963776035245
TEST_04749,3.370864881413413,-0.44614848892799536,-0.33146829893937585
TEST_04750,4.15455294944825,-0.10314541399470825,0.7640464609334225
TEST_04751,1.28179555188031,-0.7092472893173073,0.06888431150396312
TEST_04752,2.1566797290473647,-1.3317055539732334,-0.8037529353070187
TEST_04753,2.5226565672826866,0.8017910910534836,1.0780156621984585
TEST_04754,2.255569476572318,0.2947880496294742,-0.010672795557447557
TEST_04755,1.4662547936498396,0.4427842398076837,0.2444096795507992
TEST_04756,3.4725026476183443,-1.2510211687097625,1.4871126033385684
TEST_04757,1.8299369278946942,-0.23228646402382663,0.3221733815869009
TEST_04758,3.013540724771746,-0.3870358865879002,1.1542687975881774
TEST_04759,3.8560389670819504,0.3704064570997356,2.142021946554542
TEST_04760,2.0059800770378793,-0.8198902602648124,0.25883342228060996
TEST_04761,2.524201247326029,2.261725138369819,-0.6217064069595802
TEST_04762,1.7238564787445192,0.4716078813219746,-0.7190353620178596
TEST_04763,3.1359818119807956,1.4887973701736081,-1.2437403745796283
TEST_04764,2.5423922823957845,0.08367166182212775,-0.5130694411062432
TEST_04765,1.055374741437605,0.1262423657001976,-0.2066629528890161
TEST_04766,4.446353221344183,-1.0209753547971767,0.524252448790138
TEST_04767,1.3152841412679015,0.7056236402665815,0.48232389638000805
TEST_04768,3.242315937591147,2.238819271160741,1.6097668768878866
TEST_04769,1.8608186335023047,0.10237356177843253,-0.08275758065626117
TEST_04770,2.2561925184861833,0.18843975789160913,0.29965918476413655
TEST_04771,1.0698996629535074,-0.41888238130852296,0.1156146825208163
TEST_04772,1.1521379898424395,0.5364814654826504,-0.5791000284922448
TEST_04773,2.3049342745073815,-0.8164663117761558,0.13897228718810928
TEST_04774,1.8949614724359578,0.6650039635885019,-0.18580844924140683
TEST_04775,2.760824541361476,0.507087548041077,-0.10272440087845873
TEST_04776,1.8356876566730822,-0.08254832687072977,0.8280685650299577
TEST_04777,1.978139003588958,-0.887345032986637,-0.014300471428670898
TEST_04778,1.7669120459142642,0.3682878262121492,0.5821440700625152
TEST_04779,2.237953085620158,-0.42538376434152764,0.24312285802734637
TEST_04780,1.486559782205217,-0.6872829522917624,0.4769522002806133
TEST_04781,3.358186198552133,-0.5449244825336197,-0.09927865804726381
TEST_04782,1.8517723836457198,-0.27868658371831606,-0.5683322980973963
TEST_04783,3.0993456284419687,-0.41148671890394184,1.2403663176223514
TEST_04784,3.265226208112477,0.2008108082885143,0.2159354897864217
TEST_04785,2.8235084577745204,1.7687359750601541,-0.587684986270406
TEST_04786,2.8238534657744236,-0.5770048455243122,0.282696278104425
TEST_04787,1.6509275667697365,0.3178403341774264,0.3754178754972316
TEST_04788,3.4448828417663524,0.19281605435333823,-0.09838841375191129
TEST_04789,4.699055440109728,-0.4113685278031647,0.402946348912491
TEST_04790,3.580672419295348,1.185519745377075,-0.25518765673559596
TEST_04791,2.172696645427856,0.0558932720483643,0.6089090041493392
TEST_04792,3.3246503969547505,-1.3086069892743009,0.567266907624544
TEST_04793,2.9728741028990107,-0.010426348751774422,0.977736335535286
TEST_04794,2.1314722005166447,-0.22051799711460177,0.032549618162050334
TEST_04795,0.833896293521783,0.0012981723120317618,-0.03834812426739493
TEST_04796,3.549493716061743,-0.8596001045995951,0.5178008103013151
TEST_04797,1.8771875851006485,0.2637942147676132,0.5086320991285183
TEST_04798,2.15940300411367,-1.1841793548638055,0.644016931867742
TEST_04799,5.022961352551212,0.057682601273925736,1.6802730735409177
TEST_04800,5.008226126657584,-0.21016809003477135,0.6128099728096004
TEST_04801,4.852813686041212,-2.4341520037577973,-0.9584633604248926
TEST_04802,1.3555200950666608,0.8884330018189175,-0.19233645418008558
TEST_04803,2.3829443377429853,-0.9817103485295098,-0.2530964209582871
TEST_04804,2.13643775255246,0.17922112943150356,-0.1514583977909156
TEST_04805,1.1237773909278022,-0.17927465338362125,0.1913095637908543
TEST_04806,2.4486453591573025,0.02822427943896737,0.1555779135880929
TEST_04807,4.063185707107697,-1.003676301814103,-0.6284844509538579
TEST_04808,5.870175051562823,-2.272483728955708,0.5982071206696885
TEST_04809,1.7969300540937463,0.4519250998011672,-0.3063351982748572
TEST_04810,2.060722730551754,-0.43132735294625113,-0.546622283444154
TEST_04811,2.0907175986202406,0.10608111201259512,-0.47377319991913847
TEST_04812,3.006957733768345,1.3214097293486966,0.45840669974995396
TEST_04813,1.000827143285874,0.1017926947959916,-0.2255038500699717
TEST_04814,3.893123900651947,-0.17094561500931915,1.176591225531509
TEST_04815,3.9142910137257774,0.3424161973051746,0.415376051909419
TEST_04816,1.3918673471438001,-0.7309996188643115,0.40776089879824357
TEST_04817,1.648786248055193,-0.38390985125183796,0.6045550830861289
TEST_04818,4.765226954045824,0.6764214742012347,1.571764645647477
TEST_04819,0.8052559664957092,-0.04853710309503544,0.17804853007579266
TEST_04820,1.329038411825847,0.6257946520897625,-0.038330366403597604
TEST_04821,1.1572260836698136,-0.2298207303350275,-0.07433518978682897
TEST_04822,1.492472986187232,-0.01302346379756261,-0.20496602585768858
TEST_04823,3.750747585079686,0.06476806193514714,0.21455276051553754
TEST_04824,1.607248748384985,0.4559692613019418,0.5463666689013764
TEST_04825,1.7824932391242436,-1.1014814952083842,0.22508010880570914
TEST_04826,2.567270002860556,0.3406658195619755,0.12266407099758303
TEST_04827,1.7535572165851228,-0.2944344755451454,-0.5810134480722747
TEST_04828,2.7551793971790954,0.9174514652662757,-0.8275698261731341
TEST_04829,3.459417436017323,-0.6581971038740286,-0.9069138103169763
TEST_04830,4.56527582653864,-0.06701928133043017,-0.7616840564517833
TEST_04831,1.3787204582492651,0.07846858578890516,0.047060563249169254
TEST_04832,3.200581478121286,0.5397151326519094,-0.42546820611619357
TEST_04833,3.702721512558162,0.6061784138956413,0.6763824200089542
TEST_04834,2.3678032402541627,0.16539479404639396,-0.006407514925006965
TEST_04835,2.411948309681683,0.16674962732710177,0.3875149314232544
TEST_04836,3.615042909842489,-0.37451453236608634,0.8508128108168008
TEST_04837,1.763658117946058,-0.16967723623597655,-0.13007671048426964
TEST_04838,2.112926625433033,-0.9539917410886164,0.08323945333100413
TEST_04839,5.347291266232539,0.9618765342691743,1.2797457241004284
TEST_04840,2.0974378029296985,-0.6999641648815536,-0.18738792859657166
TEST_04841,2.937724145994395,-1.335614436804882,-0.07961174935397457
TEST_04842,1.8314034336339433,0.17446992792831628,0.11171485779806387
TEST_04843,1.9490041755840222,-0.32380281704931857,-0.7691856842821226
TEST_04844,2.548735796643443,0.31364615627996706,0.2649152142864417
TEST_04845,2.264196625398756,-0.3263710843204345,-0.2428157847693878
TEST_04846,2.226860181424112,0.35153146670837876,-0.30262910959189265
TEST_04847,4.079358424079283,-0.7300722234796835,0.4500902431420474
TEST_04848,4.070013269949079,-0.31937604816499326,-0.666768637261213
TEST_04849,1.878434037827757,0.0962079794182967,-0.04104385481578045
TEST_04850,2.093959250290004,0.23887027848088624,-0.269009098057568
TEST_04851,1.7949808149053426,0.08180113452888194,-0.026384941316380944
TEST_04852,1.6292699598771165,-0.22009337442692486,0.20189181822572924
TEST_04853,1.0450202799171275,0.19878246867763288,0.03865972841486228
TEST_04854,1.0236083677894459,0.33359917517415183,0.17669955211163413
TEST_04855,1.1760290353499563,0.6252003155271101,-0.1967327836608785
TEST_04856,3.3888889230346755,0.6572405694779726,1.537901013958643
TEST_04857,4.271919134920654,1.511699035657602,0.1546878627430604
TEST_04858,2.1822969472424707,0.1332656173588672,-0.0004847939119471338
TEST_04859,4.364520712509189,0.9447611364023514,1.0489625962888467
TEST_04860,2.8668167760005274,-0.8866699102076229,0.6695286363052082
TEST_04861,1.6954648009404096,0.01172469746745341,-0.35115739083694103
TEST_04862,1.3099539229460118,0.36810213445254,-0.0429466563061645
TEST_04863,3.2077513328816374,-0.6246686121455013,0.8000804826435237
TEST_04864,1.7806058476634161,0.6403282421907857,-0.006296982989199052
TEST_04865,3.063887320218384,0.722028706148517,0.3531536851817727
TEST_04866,3.184047586405565,0.02599118892364441,-0.07876632166420135
TEST_04867,1.4783298949654928,0.6385607409100704,-0.058136126438546716
TEST_04868,2.975915604399885,0.043100833448004694,-0.04733634933086968
TEST_04869,4.591247315229926,0.24548064469546832,-0.6917308876613454
TEST_04870,2.499850357714507,-0.4590573853200864,-0.2101198626950801
TEST_04871,2.3014007008916177,0.527355008152752,-0.45883509355858104
TEST_04872,3.205850665748286,-0.19947310130866178,-0.909535774208747
TEST_04873,2.8522925468101006,-1.0039843845583865,-0.20303641993925384
TEST_04874,0.9879311232655312,0.029256900555679546,-0.14341686100052087
TEST_04875,1.4404140660139244,-0.332288726366404,-0.21571426236789787
TEST_04876,3.748944597215683,-1.3890408982182232,1.0663877292889845
TEST_04877,2.3563093515195077,0.30423514656887934,0.2561317487451094
TEST_04878,3.173895568247821,-1.1833136161049258,0.13235076975900467
TEST_04879,5.553442445532854,0.9505277548019557,-1.2767087568760036
TEST_04880,2.4950725943094367,1.5664255522115877,0.060281801046730726
TEST_04881,1.6376572792024024,-0.04909074777087225,-0.050168995477027516
TEST_04882,3.185111430508023,0.9289227934307681,1.3973897883012023
TEST_04883,2.511800700510012,-0.25925847481740105,-0.7127998110855395
TEST_04884,3.3491890599440044,-0.24742237898544933,-0.5682003409453089
TEST_04885,2.4662725955329514,0.14082407252284027,0.17904801455439293
TEST_04886,2.5456316365157527,0.2590205301091376,0.010184410470305199
TEST_04887,1.196602867490484,-0.17992003368177095,0.4487306869908265
TEST_04888,2.243065988975183,-1.7698145894441821,-0.6478208553882794
TEST_04889,2.902514532920761,0.4624133187017421,0.19671739693380552
TEST_04890,3.091599657251319,-0.16844454177727852,0.16076231512985178
TEST_04891,2.4464316291574004,0.0024165617116123353,-0.13872164270235515
TEST_04892,1.5244551143138387,-0.38636134190461097,0.29245921496850635
TEST_04893,1.7079239568963245,0.028770373562308698,0.019692851430370494
TEST_04894,1.9345194006364408,-0.5804206971189773,0.5893414811896645
TEST_04895,4.010703268043732,0.6788144993510219,-1.49972300059305
TEST_04896,1.169330880256649,-0.8185018090535829,-0.6079984807248754
TEST_04897,1.5488426056927904,0.0948185900834109,0.3356020664554442
TEST_04898,2.9344243308047524,0.4984951142089871,1.3207199630740751
TEST_04899,2.734646356765625,-0.8287525270333526,0.22115629883099502
TEST_04900,2.492228848582925,-0.49671804202286257,0.2513447171272904
TEST_04901,3.100916776413753,-0.12654690745652483,-1.0987439104946233
TEST_04902,1.61837236565665,0.34935225921078905,-0.20109414370215833
TEST_04903,2.004260598962933,-0.686886569873426,0.7127563035657112
TEST_04904,1.8047378961698743,0.4484310543359492,-0.4370091271571935
TEST_04905,3.970023762720129,0.6557384247441967,0.6355299814054777
TEST_04906,2.5405247844091408,-0.1637127161635146,0.27670061388618994
TEST_04907,2.1300060420258204,-0.21502126373408723,-0.7316379606532443
TEST_04908,2.0892722655615112,-0.45450884165310984,0.021845838709215276
TEST_04909,3.561402934439866,-0.7738906616768357,-0.30596837929449916
TEST_04910,2.265540764973054,-1.7282649972439013,-0.03689513479792793
TEST_04911,1.8144765402308196,-0.7415025477695527,-0.04685469148470839
TEST_04912,1.8646692138793117,0.16001643215469766,-0.39124892662377947
TEST_04913,2.974688337791928,-0.2643478270286672,0.003072116887594007
TEST_04914,1.9876397855748436,0.3717251452971754,-0.2673659397087938
TEST_04915,2.256244033755186,-0.4191610818743255,0.25050760915559556
TEST_04916,4.310689839094197,0.4873522048199685,-0.11407257449409808
TEST_04917,2.3272877078547127,-1.61313128117952,0.7921738509411568
TEST_04918,2.464403523665015,-0.6902727591052051,0.40076285521486626
TEST_04919,3.675187874922073,1.2587642945037605,-0.22582672256949043
TEST_04920,2.554837096057163,0.5886063293904857,0.7657581011813944
TEST_04921,2.125368877702266,0.07649796813874592,0.49269463684779125
TEST_04922,2.4822719106122504,-1.0184159157073311,0.00928561718588587
TEST_04923,2.0243109188764294,1.564026232823048,0.6861279027095569
TEST_04924,2.6382100792132417,0.09514394032231364,0.0584724944760987
TEST_04925,2.5950642398637407,-0.45371413354489504,0.16479621681017384
TEST_04926,2.245771645501503,-0.5127155427219477,0.3369959049246121
TEST_04927,2.1062936962665577,0.13219762860955195,-0.47974467526220066
TEST_04928,3.018560275102927,0.3172487522850162,1.258065897934744
TEST_04929,2.347431699338338,0.618658710775818,0.051250337903569684
TEST_04930,2.2232766752057413,-0.3372725332572928,0.4115007452339429
TEST_04931,2.1807787400240732,-0.02312664553269655,0.11804758140919099
TEST_04932,2.1625696059377826,-0.9423319784314099,0.3110819958877558
TEST_04933,2.4016754830214184,-0.2127602919097131,0.3440856934311924
TEST_04934,2.188898469181736,-0.27862497713136786,0.7098399379795247
TEST_04935,1.8173414377012427,-0.038461493848268906,-0.1814250465637627
TEST_04936,2.4880367286947114,0.9535312333736625,-0.08170503148424878
TEST_04937,3.2168941031843508,-0.7641943326216574,0.02069283015407215
TEST_04938,3.4958677208527815,-0.010772559422040858,-0.8076345063068527
TEST_04939,4.464098658622903,0.9731056613130031,-0.953003397691098
TEST_04940,2.0326554868222777,-0.8021428873923895,0.8820668800828733
TEST_04941,2.7728386735587627,0.42418423692888496,0.7144156820661824
TEST_04942,2.477706771546343,-0.10127057373823693,0.5585638408047956
TEST_04943,2.701230202083753,-0.2557133675367065,0.1029742190855843
TEST_04944,1.4138781421407742,-0.6788004274395768,-0.5214603101789038
TEST_04945,5.340470223284858,-0.49582664265421145,0.10732655243886045
TEST_04946,2.485147764727925,0.36246440498806576,-0.33448059100140104
TEST_04947,3.9357519841671906,0.22530932499994263,-0.17050866611746027
TEST_04948,2.7934318313478883,-0.517137989284588,0.24078330710630963
TEST_04949,4.132321020898573,-0.33663406680862584,0.06697504379603239
TEST_04950,2.758651628239843,1.0051304360600082,-0.5673841371795519
TEST_04951,1.2366279212787115,0.21664418706327365,-0.23504884250309202
TEST_04952,2.6095180695240554,1.5933523519410764,0.11069263879170065
TEST_04953,2.2711706602324813,0.7598108252558563,0.5702785105451437
TEST_04954,1.8291256267587208,-0.047167858578858364,0.2660283590619673
TEST_04955,1.2495242738325107,0.029627636858556232,-0.06672107287257112
TEST_04956,4.376955734592529,0.5357901205729683,-0.171728592386018
TEST_04957,3.5157781698125747,1.7295675354806148,0.011988459762949728
TEST_04958,1.9937572306280533,-0.49200115371229386,-0.27892763078447486
TEST_04959,5.695274118272171,1.5123824450245797,-0.5777776782393249
TEST_04960,2.5269290651815655,2.03113910631052,-0.5662414243863935
TEST_04961,4.766702583676361,-1.5676428385611836,0.9403677555364361
TEST_04962,2.0095223094382884,0.8736877821954083,-0.3917564513816272
TEST_04963,2.816519246106287,-1.659844410736121,-0.8309440620086486
TEST_04964,2.0681189278171312,-0.3651422574305946,0.5171028918238975
TEST_04965,2.5736198874629688,-0.5348231966718971,0.4572582678143216
TEST_04966,1.68465821910666,-0.22121207421370145,0.3717870224312054
TEST_04967,4.9588296091688475,1.2016568558145324,-0.5070128864431901
TEST_04968,1.4130010369126744,-0.6419683985178248,-0.06820125994305846
TEST_04969,2.55530785235424,0.08461622170020063,-0.5624479500903741
TEST_04970,1.7168331483815533,0.5670135360972215,0.5498791828491864
TEST_04971,1.6909000659187228,0.1123636009243176,-0.3815106545853538
TEST_04972,4.7464523424129705,0.8208753020820446,-0.2070556533905207
TEST_04973,3.0342177129465964,0.4907301615341765,-0.5128106329462095
TEST_04974,3.3769399967777702,-0.7975601722087089,0.8009631924143725
TEST_04975,3.330740175478763,1.1631828057859082,-1.0585525682344537
TEST_04976,2.347621551391061,0.43436199794555824,1.1555220033534312
TEST_04977,1.95803269187186,-0.07280236451398214,0.8443555436842556
TEST_04978,4.134246047357641,-0.1692208787860531,0.35212285502694113
TEST_04979,2.075222990517878,-0.38093165522580524,0.27467836639556875
TEST_04980,2.6538244588844795,0.11563123207287658,0.0035220868912107053
TEST_04981,0.9184623803802147,0.5774320114867911,0.049921886751410814
TEST_04982,1.920821650512289,-0.7522273304807813,0.5972841777531362
TEST_04983,1.3791519932399605,-0.29664461856356283,0.30874825406225015
TEST_04984,1.2466950496550926,0.5067892534115376,0.44872667982915443
TEST_04985,1.3387441429266262,0.5223353609402823,0.12349850937233003
TEST_04986,2.00866008627578,0.49013501164006845,0.5688122658738328
TEST_04987,2.2787633574356727,0.5860117163708829,-0.40266531377876447
TEST_04988,2.5910450053450624,-0.1732690213249704,0.6826360092145701
TEST_04989,3.9192867310283415,-0.006315714193410876,0.3158544301742263
TEST_04990,4.5624742923231185,-1.0272398360125303,0.4867813828945995
TEST_04991,2.8981113084576355,0.6410544417933219,0.26187088627494615
TEST_04992,2.4259058921676386,1.0923421461707445,0.6037269251600852
TEST_04993,2.976335765009661,0.7864857274428767,0.09935502744001201
TEST_04994,1.2416124887381081,0.29020536552949816,0.2139256110603977
TEST_04995,1.9918200602586786,0.5987219221815971,0.25816556562482434
TEST_04996,4.117013198123753,0.4693499032620627,0.883220118307482
TEST_04997,1.691662559261779,0.4170300524525452,0.011906402983313826
TEST_04998,1.366561982462689,-0.43561141680678317,-0.4621767076174813
TEST_04999,3.181062721439047,0.2880014190173545,-0.16274453432716243
TEST_05000,2.0282432304623086,-0.1117856622991376,0.35264043033404313
TEST_05001,2.7574195285506446,-1.7811447594758014,0.8080957274603614
TEST_05002,3.9963486752061477,-0.1595961157543883,0.5719136234055523
TEST_05003,3.941892967726919,1.7913585107952354,-0.6339635708296312
TEST_05004,2.802778476150646,-0.16221307199178947,-0.3039609165165938
TEST_05005,1.7998498094505033,-0.8291287141592526,-0.657755328633988
TEST_05006,1.5847697279053237,0.3155337879261324,-0.33219089192914053
TEST_05007,4.001161681547172,-0.9038144686377108,0.7272882662513769
TEST_05008,5.406825423482393,-1.1164027728181494,0.1311034018705127
TEST_05009,2.0200661079135074,-0.6401427773398176,0.2960051561702285
TEST_05010,1.5566658454774447,-0.5580600103787127,0.4712693528145472
TEST_05011,3.08057380828506,0.19591834664174623,-0.4943855771948678
TEST_05012,1.7085462863943677,0.11887501950210909,-0.5966637241567534
TEST_05013,2.5291470124819555,-0.07118817808249002,0.17560392376776904
TEST_05014,2.0535007343557505,-0.10665337678341975,-0.993861709770429
TEST_05015,1.986312286574257,-1.1468534339429215,-0.41968672164920784
TEST_05016,3.363886898284652,0.7206337664279434,-0.45499418488890364
TEST_05017,2.435696194746272,-0.6108399606798374,0.036711251493225655
TEST_05018,4.223160077480012,-0.8852918507080789,1.668299178142479
TEST_05019,2.2000783814915463,-0.6058540036427946,0.5968505443755162
TEST_05020,0.9697979773102159,0.1342930437643685,-0.45795766318866044
TEST_05021,3.3321253671805513,-0.07713571526465764,0.139279433981875
TEST_05022,1.9897508852255652,-0.2648831918347032,0.3506109661445501
TEST_05023,4.372378472878391,-0.6682377142614537,0.23724613131517272
TEST_05024,1.7018705246337125,-0.3468484651610862,0.1178857195866672
TEST_05025,2.749021780851831,-1.440635623042222,-0.5073726822682678
TEST_05026,1.6641358098770171,0.1926346180793424,-0.2783234038745849
TEST_05027,3.1337874157270282,0.540980885520055,-0.042371934354063875
TEST_05028,1.5894128425622578,0.15675104311606325,-0.3454568385889094
TEST_05029,2.2420316825183986,-1.4678443962909478,-0.352802307394834
TEST_05030,4.622976418777424,0.31998458014869263,1.6642768665472678
TEST_05031,2.711776540920056,0.2662317613927213,0.28116586352757633
TEST_05032,3.120066129215398,1.0645998986350687,-0.14180081629126337
TEST_05033,4.232955688686998,-0.602177415741125,0.6300247191413467
TEST_05034,3.4381206864394596,-0.11616869429949714,0.528790399114271
TEST_05035,1.0342597141983803,0.33805252726500945,0.25789531636715635
TEST_05036,4.470120627185425,-0.7764467747731855,0.26374140907432114
TEST_05037,3.756743100411365,-1.5766758611218978,0.0962110193996053
TEST_05038,3.0553629453053515,0.02775479759655817,0.23503804076802007
TEST_05039,4.548401501614467,-0.31870631276138334,-0.1655985558739663
TEST_05040,4.6832433097684065,-1.6507774028025328,1.387703125626293
TEST_05041,1.2937299543889098,-0.2320537968490267,-0.11698248266833931
TEST_05042,3.032150698715353,-0.3861442799521622,0.7669802465574257
TEST_05043,3.4648489727292935,-0.15063944881097394,0.19216277975421445
TEST_05044,2.904217356900239,0.934297620352893,-0.5934092206763685
TEST_05045,1.8034725934225289,-0.4535564446493346,-0.29834242713453024
TEST_05046,1.365383641382,-0.2545211567342098,0.46176642555344233
TEST_05047,1.1586489804891673,-0.31396440262829745,0.01006588411782151
TEST_05048,5.298970634002335,-2.0892924271500473,-0.47789803805293285
TEST_05049,3.511717233278595,0.00878838701981248,-0.5189412840909648
TEST_05050,1.197979326515781,-0.4505314302153982,0.08404465486807498
TEST_05051,2.752697581295134,-0.336228045457393,-0.0021901015806044277
TEST_05052,3.1358015228557714,0.5292215635200761,0.5765151355411253
TEST_05053,2.363428638711136,0.32338357159984277,-0.35881678340626505
TEST_05054,3.247891502877658,-1.1241487819756135,-0.588487366724905
TEST_05055,1.5170020846580132,0.7665934983942911,0.19185343239017888
TEST_05056,1.7154667003497086,0.8767410423304236,0.9574072469566295
TEST_05057,1.6399841318303303,0.6615865969114624,1.0584079232316899
TEST_05058,2.430544509562487,-1.2765304145070973,0.5796357806172256
TEST_05059,2.3115469776635664,0.43789031756282565,-0.2839516295616521
TEST_05060,2.9224784334892084,0.3380456701558744,0.6261662340997465
TEST_05061,2.233270007348066,-0.1327871915705425,-0.21351629162660032
TEST_05062,1.5646372629733478,0.15460682227958633,0.11774572697604535
TEST_05063,3.5655223268917555,0.9697249627974399,-0.8834566644667264
TEST_05064,1.1197285557134866,-0.47595964756229525,0.05521050330652434
TEST_05065,5.063430563306509,1.4151264870793878,0.6183582985641842
TEST_05066,2.9011238759174107,0.08536030168829865,-0.9887763627701651
TEST_05067,2.44801404150514,0.07880859617041697,0.4861474148158431
TEST_05068,2.818924241099969,0.42878531885369064,-0.38144596709185163
TEST_05069,4.510964623294195,-0.5258074326893662,-0.9108823309729017
TEST_05070,2.448138730158373,-0.4144010891074936,0.5418424774766317
TEST_05071,2.3409960045692704,0.4353102063749637,0.2492013235874431
TEST_05072,1.1491607880570494,0.3856743992396159,-0.25440897073509994
TEST_05073,2.0388364707127185,0.3825087146000031,0.14851395242769364
TEST_05074,3.0035309168102544,0.1567673228971247,0.15050085336753724
TEST_05075,1.6175442096441348,0.41651617845247824,0.6617282376563131
TEST_05076,3.166538049244375,-0.3411423138461405,-0.20148994027927414
TEST_05077,1.5665818345976015,-0.589547095233796,0.11960466849115889
TEST_05078,2.6882930869654946,0.6297770708119325,-0.890248246458664
TEST_05079,1.9575461265436078,-0.14731548534480726,-0.9620095276945284
TEST_05080,2.909600139551791,-2.1135365478520174,0.8199086358097806
TEST_05081,4.251903653579644,0.5836035919880224,0.3509018023181514
TEST_05082,1.8942897384740605,-1.1377700299625353,-0.24833769820352272
TEST_05083,1.1291081431766858,0.8164500605849958,0.3453195242168768
TEST_05084,1.9148128481509203,-0.04535147861883735,-0.13184155110834475
TEST_05085,1.9224182939090317,-0.6653466917031045,0.26261892078024146
TEST_05086,1.2961652118763967,-0.45076422361534074,-0.35235240345095376
TEST_05087,3.521529484666063,-0.8240645214064601,-0.8715090593198599
TEST_05088,4.613075605200568,-1.019560449323953,-0.5657919816907
TEST_05089,3.5274842022875723,0.2428559415923453,0.032003938951388415
TEST_05090,1.2290384591789751,0.25572557442261973,0.19065223718588395
TEST_05091,3.324494455176048,0.28737077038882913,0.6672889729309902
TEST_05092,2.6507349857702205,0.18462095378162563,0.6641013893201494
TEST_05093,2.062699938329486,0.5678992561364138,-0.13395141505355793
TEST_05094,2.7779732602581597,-0.5991900029958851,0.7744613400857454
TEST_05095,3.9415899661626645,-0.33001576715816106,-0.26261608155774635
TEST_05096,1.2589564921877907,-0.7275940264909152,0.03355453346536234
TEST_05097,3.8292519525969086,0.022689524396358865,1.6569432945146552
TEST_05098,2.9913240560741126,1.320326310800343,-0.8200546892211547
TEST_05099,2.4896082797973693,1.4459102677547908,0.36907970358244113
TEST_05100,1.540287925565613,-0.4640401934053004,-0.1523417575992451
TEST_05101,0.9454438003697752,-0.047453434911501446,-0.19943409467437842
TEST_05102,1.963189107539808,0.05991172216415358,-0.025122123416271548
TEST_05103,2.5511347912407984,0.1870266962563564,0.30257754110783236
TEST_05104,1.399533790466566,0.04730794719470305,0.03336541123485613
TEST_05105,3.7965082841692253,-1.5241260304846438,-0.02420273482858698
TEST_05106,2.1741996774505186,-0.34107852904173863,-0.9513540554982123
TEST_05107,4.137261348199903,-0.3119112266427094,0.9815095831963545
TEST_05108,2.4704224492606444,-0.7959196744072005,0.3431196179199077
TEST_05109,4.8667487666432265,1.5681943146109516,1.5554602939893378
TEST_05110,4.2089768506265655,-0.31382799128612565,-0.294091315304482
TEST_05111,1.8092002693342666,-0.8628926616690358,0.14800028403510815
TEST_05112,3.3792932382571244,-0.3807183000126511,-0.9106980232335796
TEST_05113,3.6465057799262177,-0.2931480774820059,1.1315762737248514
TEST_05114,1.472101741815078,-0.3518350238646884,0.5023186298574812
TEST_05115,1.074502272163476,-0.045808716817707595,-0.25491176868636345
TEST_05116,3.415764031853551,-1.894852845319672,1.5322883933703841
TEST_05117,3.067141469376162,0.3949027313865417,-0.8519916163531309
TEST_05118,3.148031312486265,-0.48002205475072957,0.4746099374635508
TEST_05119,3.66494924375585,0.7655891990917767,1.2215969868368035
TEST_05120,4.078240628504606,-2.020616147549518,1.3637979460749006
TEST_05121,2.20852349885886,0.6022187448710659,-0.10064790829417813
TEST_05122,3.0469160685941135,-0.8707993253817404,-0.6059604045944395
TEST_05123,3.7981584236098525,0.5832656420800952,-0.23348313593095377
TEST_05124,1.8117537934836263,0.5441898931528477,0.12767389504211
TEST_05125,0.915655147900903,0.16875927550141154,-0.07844964197721588
TEST_05126,5.235216742410183,-0.8537652222866214,-0.47193711779211694
TEST_05127,3.6018612342383656,0.48246491476396136,-0.8497868238459114
TEST_05128,2.9772283548896428,2.4879505204393726,-0.9514598461051229
TEST_05129,2.808824293712545,-0.2699441500076237,0.41939486861468656
TEST_05130,2.182046205845499,-0.5104741265760686,-0.260007896599995
TEST_05131,3.7879798669050446,0.47043075889730834,-0.02543234867427712
TEST_05132,1.485095780924247,0.09840837577437042,0.6342399118768711
TEST_05133,1.5696623299293784,0.0665791846332302,0.06858168515676485
TEST_05134,2.674689428788435,0.06025475662205735,1.3839404481495419
TEST_05135,1.993066463316407,-0.15721646103856513,-0.3509583597129672
TEST_05136,1.0410341905144644,-0.6151117568593916,-0.53007298466804
TEST_05137,2.135469379801334,0.13285592152230008,0.7814600624740529
TEST_05138,1.1912623503653543,0.4347699298505655,-0.03656336803693554
TEST_05139,3.0336894490294566,-0.42360813851655366,0.05445797783191128
TEST_05140,1.0853223344537168,0.09334083868809982,-0.09448100148280136
TEST_05141,3.4809715265085166,-0.2131425399871045,0.7776289010524633
TEST_05142,1.6090402792460534,-0.5787995538746646,0.21946725520703234
TEST_05143,2.8157929566992044,-0.6317300202031402,1.1514060718172874
TEST_05144,1.6577606620678704,0.4645876390592932,0.32614838873482727
TEST_05145,4.091359932608405,-0.6647584538171829,0.44027389147897
TEST_05146,2.515272786020526,0.31933349166744035,-0.5215789034476165
TEST_05147,2.8369714980112546,0.03453302028055479,0.2769806584173842
TEST_05148,2.2108702994152365,-0.19826549180089373,-0.10124824108031148
TEST_05149,3.31842041602512,1.951585377135461,0.5175255688053825
TEST_05150,4.452548180016928,-0.4839599230761668,0.7436618358127043
TEST_05151,2.2670212081572343,-0.1957328473747153,-0.17138616223261718
TEST_05152,1.6591636175982654,-0.47956580319359976,-0.3190471335165706
TEST_05153,3.012974569979745,-0.8292869769402818,-0.3521091724849038
TEST_05154,1.7822828134194912,0.4092593066866296,-0.15800523263317598
TEST_05155,1.6361790236140685,-0.7367440293414106,-0.552778983022895
TEST_05156,4.0398544502927765,-0.49265296858558355,-0.3867736755218862
TEST_05157,1.808843185326278,0.4673575747823475,0.01066084679472479
TEST_05158,2.6580248029803104,-1.2247501515765906,-0.13478622536942608
TEST_05159,6.113777687351985,1.677377416504741,-1.230507326731898
TEST_05160,1.6650104884922008,0.24786504846636803,-0.29653953491206386
TEST_05161,1.3554130603105288,0.20437297352781394,0.03270439667006387
TEST_05162,1.7366452765808917,1.1301664526103061,1.0201101095163216
TEST_05163,1.8748661623615412,-0.6012401606600372,-0.37618514985607704
TEST_05164,1.6267458729876452,-0.014588077763768779,0.43261622447111536
TEST_05165,2.927571485619863,0.6150380091965123,-0.4102452455874953
TEST_05166,1.9888702159370542,0.49803545319482156,0.12064548327701093
TEST_05167,4.809627637067799,-0.794509159699768,0.2246012296529086
TEST_05168,2.6342971151117593,-0.7353436951810752,-0.37766200654057985
TEST_05169,3.532775527029795,0.19050738473991496,-0.1898236044425511
TEST_05170,2.25593496405153,-0.3896612660736409,-0.24571794474119354
TEST_05171,3.528299549986854,0.09853117269959001,0.06220498624831808
TEST_05172,3.2092592856758246,1.2031433696023666,-0.6693201572642073
TEST_05173,1.9861476537861196,-0.38797505979977454,0.37226251652864506
TEST_05174,1.654949829552559,0.46758138193161536,-0.05172658347361565
TEST_05175,1.9581678739158643,-0.8304666682958398,-0.2247457700869879
TEST_05176,2.955884914533927,-0.5843174256521204,1.1739119103019084
TEST_05177,1.6644209574827018,-0.5184781784357855,0.7004587764583309
TEST_05178,4.929184609266474,0.1827694644851776,1.4995189108233864
TEST_05179,1.9713829764126911,0.060379887989492904,-0.5287551125305137
TEST_05180,2.219505491248868,-0.15944400820541127,0.10815864177798341
TEST_05181,0.9621032359093259,-0.4547725916493943,0.07877521811365494
TEST_05182,1.8697183362057068,0.6585384163264096,-0.4560473480543545
TEST_05183,2.9588438694557104,0.40260468833075697,0.43922570230874286
TEST_05184,1.857283661742579,0.4355233894991863,0.6210438786232491
TEST_05185,5.354924963940093,-1.1986754059385174,-0.762729119570044
TEST_05186,2.555434275077741,-0.12038767181147536,0.7766119729226865
TEST_05187,1.6261958085685553,0.51600064893996,0.5362935130287698
TEST_05188,2.6582006043889126,-0.7154012059575365,0.45845887743617
TEST_05189,4.806886963518437,-1.4705433800542338,0.7785453487651077
TEST_05190,2.567481329935743,1.589486207446036,0.09513364025890794
TEST_05191,2.6274309295808655,-0.251932247032291,0.6132921310681869
TEST_05192,3.560720800253863,0.6530157773339468,0.6387893982810781
TEST_05193,1.8901715857439787,0.48500529008195886,0.03815768105306789
TEST_05194,2.4390868367110636,0.1335900149158269,-0.24705291298233195
TEST_05195,1.738984244750455,0.11609254465035168,-0.5609966020526924
TEST_05196,3.595663531447243,-0.09109402944691046,1.2580569604387548
TEST_05197,3.125231967173521,1.0963667137314923,-0.5360424156547601
TEST_05198,3.316065844107364,0.9681505765768192,-0.19434942073731054
TEST_05199,5.354209339259268,0.9570172286963794,-0.5596832042272031
TEST_05200,2.5828156881508386,-1.0672089672967353,0.23093973442883023
TEST_05201,4.353755705625867,-0.9107124855108107,-0.4902428909416767
TEST_05202,1.5582510571851051,0.39407405624803665,0.7599163617285195
TEST_05203,3.568146600980222,-2.0640008534073493,-0.3458004950962191
TEST_05204,3.2923313076270575,0.838205536404231,-0.49305168878763367
TEST_05205,2.193347380023134,-0.5002342899827199,0.1397894857906673
TEST_05206,2.564374767749939,-0.17962313472434488,0.5453517901950414
TEST_05207,2.807565007590202,-0.19800499371692798,0.9934778514973669
TEST_05208,1.664731942453182,0.3934277470800966,0.7218350972504592
TEST_05209,1.7361686833947185,-0.35184256162942795,-0.18344379841358507
TEST_05210,3.1092571883053353,0.47632210799058916,0.4003417510033509
TEST_05211,3.1584200030119245,0.0018536055107439913,-0.011056545956791864
TEST_05212,2.3652585062656177,1.285093424587326,0.31174525854256424
TEST_05213,1.2630287429126603,-0.47661582412517145,-0.06293406960610179
TEST_05214,2.975033182976407,0.12228459185848677,0.22175673988055777
TEST_05215,2.487687469858003,-0.5978931308435319,0.20670102689176012
TEST_05216,3.138423752077279,0.9943003687250956,0.2706628265092686
TEST_05217,3.2245748924320603,-1.3085052542582833,1.4639676223560838
TEST_05218,1.1748729444548889,0.7900934547289875,-0.4044441484141585
TEST_05219,4.409145378837866,1.0340151313519534,1.145952457692905
TEST_05220,1.9906102421067071,-0.8969753430719196,0.14203456743329754
TEST_05221,2.285064298199569,-0.13915353790340754,-0.8121464020266219
TEST_05222,1.2356007024986402,-0.40703410328333944,0.17607519996569151
TEST_05223,3.5312353695300165,-0.4046759228837667,0.02920549772356318
TEST_05224,3.0989241040277307,0.09958782263713604,-0.5013019911805324
TEST_05225,3.3566687645800832,1.8493465887893947,2.002780418647976
TEST_05226,1.4697320941801981,-0.35853023066768064,-0.3702226516794469
TEST_05227,2.7932041354903197,0.22374742304486803,-0.9634269223275105
TEST_05228,2.9057037960289445,-0.36795149038353897,0.4447099602139705
TEST_05229,4.871155493947378,1.335451130886323,0.6812575851554739
TEST_05230,3.5852320965787,-1.062058413794573,0.966731086099583
TEST_05231,2.62121030041186,-0.07348911064327511,-0.10702573447624485
TEST_05232,2.7375083695709432,-0.14113715064099647,0.24744256820233976
TEST_05233,3.1350125579835204,0.22070840671211828,0.5270749497659794
TEST_05234,2.768872057651262,0.02378485078141977,0.08659404983530668
TEST_05235,1.3896509421312726,-0.3006816902901782,-0.2008171362389873
TEST_05236,2.789903787566453,1.143680288865014,0.012518770406319569
TEST_05237,2.4309861540337843,0.8401890008656306,-1.073727883666616
TEST_05238,2.5646444999437983,-0.5224344826549104,-0.4064257641995358
TEST_05239,4.24598726154525,-1.4930184610949326,-0.3924279337138904
TEST_05240,3.47806887239082,1.1418071379285506,1.3270836139507611
TEST_05241,5.275578867206864,1.9719199161534704,-0.2737123585746674
TEST_05242,4.447379050346807,0.028585409188440547,0.9276765070763969
TEST_05243,2.6059400511782913,1.4478731833701626,0.8446858073311944
TEST_05244,1.7847367749072351,-0.23222085711595744,-0.21811386683104814
TEST_05245,1.889056357145245,0.5119481659767163,-0.3349603057624815
TEST_05246,1.6398812801273734,-0.5750938446731544,0.1351917160030401
TEST_05247,2.227381994404551,-0.9189400696552541,0.7867334405419941
TEST_05248,5.6490589575912145,-0.00044635831502827885,-0.6596523430837384
TEST_05249,3.510872379834917,0.07648361609185698,0.17709525798685205
TEST_05250,2.6416721738243085,0.6154942779806547,0.03147491332371824
TEST_05251,3.9922945649128505,-0.160913073117867,-0.26200022541325085
TEST_05252,1.4577283239507073,-0.1757723964928296,0.04646850329037754
TEST_05253,2.783762084738892,-0.06658062302504547,0.2347181589868844
TEST_05254,1.1421743489743512,0.8150113061396516,0.4294798486477068
TEST_05255,2.601950611510196,0.009534606448428564,-0.1109373209399165
TEST_05256,1.1358490686765221,0.360502344951705,0.08811988242818088
TEST_05257,3.159849807758113,-0.25935232682333154,0.5494134546710938
TEST_05258,1.7024368389099591,-0.8819658152546777,-0.7674212402636564
TEST_05259,1.8461534948232574,0.7951344643984494,-0.4698737254651262
TEST_05260,1.656366636411617,0.03915274714897431,0.3565409099090243
TEST_05261,2.750990362647454,0.06510922707206576,-0.00954426140354455
TEST_05262,1.3334953783592798,-0.3590040501443918,0.28525203162689616
TEST_05263,1.9620253558516396,-0.701313498571293,0.2875422320701186
TEST_05264,2.289758304865873,-0.06734338083465516,0.5124967026970428
TEST_05265,4.0806145843624435,-0.7351906574957308,0.7104698344150914
TEST_05266,3.2992731732453047,0.40571737010420494,0.25496299290939417
TEST_05267,3.793544315907522,0.7629418795027494,0.3273372215997904
TEST_05268,3.033775384992225,-0.5868000418538544,-0.13831182397301656
TEST_05269,4.090651994501124,-1.0041019817516001,-1.1990512367768305
TEST_05270,4.920358070834231,-1.320959701711628,1.7574309569702298
TEST_05271,3.034745577428966,-0.06574739727023135,-0.14755329270869313
TEST_05272,2.763827547700935,-0.7644634072984251,1.3867847071571864
TEST_05273,2.4714711009912267,-0.12640061851062712,-0.14751669770694972
TEST_05274,1.4116005123933024,-0.03347436231458476,0.5164950278026111
TEST_05275,0.8146894486553956,-0.28295190912818063,0.14015424395981213
TEST_05276,3.5072263553705523,-0.7669876155365808,0.24498988702991392
TEST_05277,3.0103195329567014,0.45195657650791526,0.8259669500757361
TEST_05278,1.6308727327735226,-0.4431655713718095,-0.5663491252324115
TEST_05279,2.4915418047509905,-0.006029282256114019,0.7962900205462358
TEST_05280,3.934952232692374,0.4231908779987292,0.5258133811353651
TEST_05281,2.9674980373628737,-0.22509497836218878,-0.8848511592985896
TEST_05282,3.991064904603541,0.4938947096522063,1.3867696354121863
TEST_05283,1.685003266200332,1.2727641596577233,-0.42923860026485433
TEST_05284,2.086728608531146,-0.806496610247162,-0.12100729120029405
TEST_05285,2.5473381187269433,-0.899277720430698,-1.011262077066166
TEST_05286,3.3810629553904485,-0.1777542975802685,-0.2180605594340291
TEST_05287,2.249432615648528,0.025352891640159306,0.803609377769857
TEST_05288,3.8568931771913,0.8094771962716537,0.4950929937782006
TEST_05289,3.004785125575763,-0.20604825741006919,0.31267256247398845
TEST_05290,1.8226530020193743,0.24685959538107105,0.3660298654997104
TEST_05291,2.576463198752146,-0.04203888960506344,0.41430717714106846
TEST_05292,1.29831585498345,0.15063772188224864,0.1758497824564595
TEST_05293,2.079123649529225,-0.05971573341711264,-0.042435492986683886
TEST_05294,1.2517950824099184,-0.3259153798410133,-0.0917786637390039
TEST_05295,3.457705627980119,0.5714378460221751,-0.622464647311147
TEST_05296,2.448942714827626,-1.209218531413578,-0.7261662014793628
TEST_05297,2.9611419878751404,1.0102987358617908,-0.6259765800619214
TEST_05298,2.006583533887397,0.38907426841278553,0.04844555600665974
TEST_05299,3.35211957515618,0.5985972457163646,-0.5753196358259314
TEST_05300,2.780485672230955,0.3286943093481606,-0.8438737312577992
TEST_05301,2.0394195899607612,-0.603452622428219,-0.09852931480304332
TEST_05302,1.7053989928434217,-0.23081670347597544,0.07356985872375416
TEST_05303,3.1915364238229467,-0.611306317197145,-0.8608848843814185
TEST_05304,2.8274240667672665,-0.545159419688908,0.264867672157425
TEST_05305,5.033776382454927,0.24880467886725738,-0.7720393509248765
TEST_05306,1.6596654527719525,-0.06385204959067813,0.12243900490304435
TEST_05307,3.9926601902205845,-0.701257095563439,-0.45758282191494837
TEST_05308,2.016306765596206,-0.5685272665961045,0.3810126319008436
TEST_05309,1.8185497040470573,-0.8202415521115484,-0.5201561146453807
TEST_05310,3.3232917078711948,0.025493647041554525,-0.2383223377249571
TEST_05311,2.553668795686834,0.9111590055658102,0.6332411029161967
TEST_05312,3.9161086506214127,-0.7648785193641708,-0.7859680920238746
TEST_05313,2.587674248336196,-1.5715464574797187,-0.5467150091323203
TEST_05314,1.5839890834104644,-0.37646004489394114,-0.11972622817381055
TEST_05315,1.8777571116592056,-0.13920087158358513,0.05809466494717029
TEST_05316,2.3730011277146645,-1.209610426264367,-0.7047776661157505
TEST_05317,2.9471627596416754,1.2237408872579074,0.6993636229181105
TEST_05318,2.436890594943974,0.34034055288736625,0.37972307659860616
TEST_05319,5.5054329780560884,-0.07773216651298938,1.5928569703908428
TEST_05320,2.9488935840216906,-1.0371656705572165,-1.0706637544715418
TEST_05321,2.081400077584788,-1.1116734971421556,-0.6391213073528896
TEST_05322,4.004493675267573,-0.09727718665477578,0.1372162204281047
TEST_05323,4.437849440144269,1.5436080892115038,0.044281608237005485
TEST_05324,2.402765233776997,0.976729375229791,0.008786083611776506
TEST_05325,2.0419249863423494,0.2927996335600666,0.6399283447158199
TEST_05326,2.7826535773333663,-0.5447012399340907,0.5443216713336207
TEST_05327,3.526221711434153,-0.4617268642409821,0.662590407496437
TEST_05328,2.2769593487855824,-0.6008525450214787,-0.7984539791332118
TEST_05329,2.572128725173461,0.339004885650282,-0.20215188127419756
TEST_05330,2.3112229719364996,-0.46941032487428597,0.1438813978373781
TEST_05331,0.787406572315062,0.33744888219583496,-0.055409661310935936
TEST_05332,1.153082294972944,0.24996154025301012,0.06048434594266302
TEST_05333,2.0230771637677,-0.7363152779411956,0.20573650183850914
TEST_05334,0.9809480802573319,0.3641383809947231,0.023782243557112157
TEST_05335,1.2258245968243764,-0.04701684824608384,-0.14918682601165623
TEST_05336,2.7604232372007784,-0.3992091511422101,-0.04560091693779135
TEST_05337,2.896986746096871,-0.9347516623821088,0.7684341390026306
TEST_05338,3.3928797317534354,0.1255464629514205,-0.24149741476894404
TEST_05339,2.4003262872414792,1.1532631523972505,0.4479691536759147
TEST_05340,1.7022003035279774,0.06777371259013566,-0.10992327228550683
TEST_05341,2.7577332211359784,-0.4513513836050864,0.62388679097288
TEST_05342,1.60741511095165,-0.03129146482902821,0.10954637461544976
TEST_05343,1.7432234428574913,-0.6744966116433775,0.3457394596894204
TEST_05344,1.1039873202610233,-0.22113577395847292,-0.08386476279420241
TEST_05345,2.065737640761825,-0.48370996866486854,-0.35719913184371255
TEST_05346,1.870430586123905,-0.5620187474118986,0.5039367108895179
TEST_05347,3.4739213062574583,-0.24176148679961146,0.11828110639191902
TEST_05348,2.3253481130109286,-0.4294526153258765,0.3466943950064143
TEST_05349,2.7867921265194577,-0.5444696159457837,-0.19054380913904082
TEST_05350,4.384959097108437,-0.7320219994917865,0.5557643392551735
TEST_05351,2.441804442631563,-0.5270694602218491,-0.7060181270740612
TEST_05352,3.056139102183524,-0.7667949597809938,-0.9627318421429159
TEST_05353,3.4510514116391944,1.7758969085809957,0.8548383496420927
TEST_05354,1.148581190116195,-0.23992138410325708,0.22471244924361156
TEST_05355,1.808740790191432,0.09338343776488606,0.07801230028993326
TEST_05356,2.84672861232453,0.2266015511347006,-0.43320281599944327
TEST_05357,2.113659351639426,-0.2664207623204495,0.38662592446725125
TEST_05358,3.979653593801135,-1.0775238074250155,0.8811816792273008
TEST_05359,4.255324089643423,-1.3447685458259897,1.7168226330126604
TEST_05360,3.6230871175226245,2.2721111289725995,-0.5762605737113388
TEST_05361,3.9642377273686233,-1.9096550707626487,1.5426648228509194
TEST_05362,3.256137704441604,1.2154645580227375,1.169175740834558
TEST_05363,3.607102645564826,1.9816976223843565,1.0247477423892233
TEST_05364,1.993154882643335,-0.2947598968333659,0.3447012772831918
TEST_05365,2.0379712166772355,0.41588926799100384,-0.4188479168385863
TEST_05366,4.034605390452105,0.060392648146813686,0.20018706752607793
TEST_05367,5.215937365822362,-0.29776126101261813,-0.24903270767887406
TEST_05368,4.101792675917399,-0.7661804309895814,0.639779078063812
TEST_05369,3.5063840561039337,0.2706059681506172,0.49928106821841123
TEST_05370,2.8348670256419264,-0.13059777113623924,-0.17498860686423337
TEST_05371,3.9998706126309114,-0.5459593235447919,-0.10374424854024118
TEST_05372,2.543537907476743,0.2951652546180832,-0.0910850193269427
TEST_05373,1.6397072977063853,0.46455041366730826,0.15561003810182336
TEST_05374,3.282162252529981,1.2290667712170074,-1.1971641301343716
TEST_05375,2.26387439772424,0.12014933293073707,-0.17813174825130984
TEST_05376,1.9045087931055307,-0.4445283383721029,-0.48888207142110435
TEST_05377,3.8298985175375733,-1.8835960345155092,0.5026141845770798
TEST_05378,5.612655391015799,-1.356440743405933,0.5168575936860995
TEST_05379,2.851731913680484,-1.199368055562602,0.5317244054489432
TEST_05380,2.238200748917919,0.5145691276662062,0.457488519391752
TEST_05381,3.718465861737899,0.29324267510399366,0.49347569802967944
TEST_05382,2.1008737056112308,0.3525991806467496,-0.3965681434192229
TEST_05383,3.900168632726798,-0.5850933693576996,0.23359499840009118
TEST_05384,3.8301045129699602,-0.663378743478967,0.19809292629850553
TEST_05385,1.7302095683502072,1.2864167779384763,-0.9603607246710566
TEST_05386,2.373549591208382,0.2708788760359714,-0.40143558658538925
TEST_05387,3.749627610223415,0.7937376540464055,0.3354322079488398
TEST_05388,1.950925889205032,-0.6804819411336234,0.05315298037377163
TEST_05389,4.1612052541141615,-0.5158564737665876,1.0080974016468411
TEST_05390,1.0946176647983235,0.06444686395737778,-0.12290368799263272
TEST_05391,2.0603163654382866,0.15584378306900645,-0.30310627268726226
TEST_05392,1.6338174188127597,0.7990283172478353,0.0711494683640988
TEST_05393,2.289214239332138,-0.7371105524563565,0.06286382141942448
TEST_05394,2.6679636974034584,-0.2790936455489044,0.16593572753119293
TEST_05395,2.256626584127536,0.2977610110416206,0.8008924290281388
TEST_05396,2.303367051395067,-1.0313738347681805,-0.1720127521336438
TEST_05397,1.3916161261705762,-0.1889284729420559,-0.13099534851535638
TEST_05398,1.1106280212277078,0.012073993369416232,-0.23518983699848445
TEST_05399,2.7244015345626815,1.2210084347668766,-0.5282232698180233
TEST_05400,2.4547519409896803,-0.4567055846073574,0.5982321403500238
TEST_05401,2.224053740045936,0.6522396743397195,0.2286846865203602
TEST_05402,2.0401923642601862,0.44621432231844693,-0.11847787206228863
TEST_05403,1.30211950387797,0.6796536449346134,0.2106846800407663
TEST_05404,1.8754829597238463,-0.37334004851802727,0.22513195474504127
TEST_05405,1.0282565780775492,-0.026892466131464333,0.13062324119247928
TEST_05406,4.226677106098359,0.6189294101118151,1.1423630124198
TEST_05407,3.8241491094505657,0.6352081990784189,0.46599386411997384
TEST_05408,3.166339307540252,1.2231053640947909,1.331777452186769
TEST_05409,2.9871375043425683,0.4616817722339393,0.1706819078292718
TEST_05410,2.6409109104901956,-0.2637605670709756,-0.21280432548039965
TEST_05411,3.2144595596530965,0.26730386839603804,0.12105864689991891
TEST_05412,1.9535508395339116,1.1691026096938324,-0.738723917645906
TEST_05413,2.3987762046755843,-0.2167753567399719,-0.040200340915482885
TEST_05414,2.241647477269229,0.7306002463808194,-0.8951025636830873
TEST_05415,3.0291776200707607,-0.12124791716486945,0.04237658668609011
TEST_05416,2.129460266118703,0.18643032886846134,0.8955359995686416
TEST_05417,2.721101192884541,-1.444107229239749,0.5595861361312463
TEST_05418,1.9459531728808896,-1.5471692843131444,-0.8534087889874437
TEST_05419,1.5235105709248962,-0.5418149865753654,0.10153068458220824
TEST_05420,1.6922286137014857,0.0400668403575083,0.03883468806208165
TEST_05421,2.289742142742485,0.14841670189437153,-0.8843789228210808
TEST_05422,1.1664776550415747,-0.09052828768556238,0.11312762338887475
TEST_05423,3.076634752917994,-0.5311891638068134,-0.7020011036164341
TEST_05424,3.1486492498413012,-0.06862807646140479,0.10698189649332394
TEST_05425,4.8906082803100475,-0.3873962435967679,1.129629755899552
TEST_05426,2.6873920441551005,0.32264031219638395,0.10042293239851398
TEST_05427,2.583514189408956,0.10818933635401912,0.7228115519779242
TEST_05428,1.7835930817946644,0.536099829228753,0.05589132849461889
TEST_05429,3.437322758914668,-1.3051738055945108,0.8483185743343862
TEST_05430,2.240184405468093,0.19752465435373698,-0.5112234119942765
TEST_05431,1.164181827210349,0.01597800930181957,0.08301574933571133
TEST_05432,2.378888081599393,-0.796733681395836,1.2366936772837436
TEST_05433,2.5871961798870435,0.21634827593970715,0.5507946988720311
TEST_05434,2.9970097033427394,-0.3054867563433545,0.0905674087584017
TEST_05435,1.9154649529421628,-0.5912449774604915,-0.113936082478327
TEST_05436,4.594663251196524,0.37602350370940224,0.7826915937735028
TEST_05437,3.443912920588601,0.13651932396460495,1.0209646881087318
TEST_05438,3.964661377409768,-1.3712503346997222,-0.1507306394921486
TEST_05439,4.665478521234016,-1.2806846036680648,2.4328496929576002
TEST_05440,1.8111424568706713,-0.6575131569434568,-0.24691711193159344
TEST_05441,2.6558001189222176,0.9537106911750243,0.6127263878921843
TEST_05442,3.0288212295211223,-0.7120188018807172,0.3277938893788991
TEST_05443,2.883854160401803,1.1447088149192564,-1.3712348900771558
TEST_05444,3.2965600221951434,-0.7692479376597183,0.7490947959947272
TEST_05445,2.683633238329592,0.5108628766236735,-0.01631482059224696
TEST_05446,1.8281937096530525,0.6170399729460093,0.3756158651623688
TEST_05447,4.298633959972621,1.23432379136576,1.208916173893102
TEST_05448,3.0261072847067028,0.48546437190387254,1.1689005739825562
TEST_05449,3.2061389355266483,0.14649481396380096,0.5317267848813473
TEST_05450,3.239230063004606,0.20607586836890235,-0.1194773004342727
TEST_05451,1.844542322011331,-0.3975219931658753,0.5569965674195019
TEST_05452,4.575576971899977,-0.736026864730475,0.9756302900189449
TEST_05453,1.5320547700039955,-0.22661729499497843,0.1960491919350139
TEST_05454,3.442973675065876,-1.1080300845852005,1.1379745485012687
TEST_05455,2.8712126256412693,0.4620884893459187,0.48695018734303497
TEST_05456,3.0432967181256068,-0.18028999627494374,0.5702902998036051
TEST_05457,3.5591413573726283,-1.5068064980156146,0.8172387353209505
TEST_05458,3.1630375773701935,-0.711574463352599,0.497571710773425
TEST_05459,3.548175126594435,-0.9072746098981175,-1.1118622017308495
TEST_05460,3.202924543038792,-0.5019286848809802,-0.3810777394858614
TEST_05461,1.2352449513270853,-0.49870571154686066,-0.42165392659410966
TEST_05462,1.7210444043344968,0.5345794835364344,-0.5765475170814104
TEST_05463,2.04861488536599,-0.22863571175463993,0.6970044607138169
TEST_05464,3.121390067094745,0.007667376205877003,-0.49854059658561556
TEST_05465,2.278039047166698,-0.7428086065367457,0.17961772085744124
TEST_05466,2.7474116959299217,-0.010175292920595602,-0.12756602141399276
TEST_05467,2.5523513011693924,-0.6054712018420665,0.9663855186617925
TEST_05468,3.1595483615488114,0.35554924494699464,-0.028569645741943976
TEST_05469,3.6106440940238227,-0.29322656787650603,0.12656480647794008
TEST_05470,0.9163356951754569,-0.2978376273586167,0.18722166234301826
TEST_05471,2.667506716746092,-0.6143564836563906,0.10813826751022439
TEST_05472,1.9846237844816768,-0.8431008021402054,0.0746315247406808
TEST_05473,2.8002918209110192,-0.367611531563079,0.1465887758269548
TEST_05474,2.8869970520131254,0.5457071773149881,-0.4875499229566055
TEST_05475,1.39366570820424,0.29709908970875015,0.33801318059841795
TEST_05476,4.430077230866941,-1.116460372832107,0.6653707571082531
TEST_05477,3.0479581054341347,-1.7202512574812017,0.426206953454579
TEST_05478,3.4452896494704874,-1.2789397648091074,0.01579274078131215
TEST_05479,6.116323246841599,-0.13873560079726802,0.36268123682920594
TEST_05480,1.245939711748512,0.23449032011543539,0.12266428293608748
TEST_05481,4.3022794014108525,0.1800306657657865,0.418208781844112
TEST_05482,4.19755816536753,1.2493457960262941,0.5937279399137255
TEST_05483,1.9895903899201592,1.2949265930512726,-0.6016035400998239
TEST_05484,2.486291182771277,0.06745957057810305,0.35763971435654096
TEST_05485,3.0529742758645937,0.6069185053475673,-0.03796229724958424
TEST_05486,4.432327447237194,0.03154202807298371,0.26921946141661196
TEST_05487,4.905792981454528,1.3370515510874805,0.3150343755400346
TEST_05488,2.2372738764829836,1.0495178579481983,0.8510989971722561
TEST_05489,1.9673342651561834,-0.10983868729023033,0.22657344449540417
TEST_05490,2.1775646828782973,0.11032037662190404,0.36789401562565915
TEST_05491,3.4697498251378533,0.032619417049788164,-0.2543022364661174
TEST_05492,3.791702544196743,0.9149141736204545,-0.06297441649778904
TEST_05493,1.507884753021124,-0.6434255193887125,-0.3954890204337883
TEST_05494,2.1425050337488454,1.5807259857102234,-0.329301198014819
TEST_05495,2.964773623738997,0.060601781169232545,0.20306723004636087
TEST_05496,1.5959563809163164,0.13635439267305188,0.874927085755572
TEST_05497,1.7021327837559295,-0.11659466978018015,0.66388677216375
TEST_05498,2.9682688106353488,0.3532612179062006,0.2630649029302905
TEST_05499,3.4976643881587464,0.42611647750134146,0.7280468150067777
TEST_05500,1.3901390891305179,-0.4432226424391357,0.059905022216606416
TEST_05501,2.957398300428667,0.47094283874119497,0.2993808107404837
TEST_05502,2.2823875194764534,0.47980855901410435,0.6564836022895794
TEST_05503,3.3893761401151608,-0.8082520387013916,0.40985926051109905
TEST_05504,3.5549128184862617,-0.5465782391876681,0.16510279468209824
TEST_05505,4.525653849026899,-0.4156361460037499,0.535550336243609
TEST_05506,3.1857518935560916,-0.5058729864053972,0.08471152661131476
TEST_05507,1.5523227676476323,0.15316483928499594,0.36674746107626316
TEST_05508,2.5705477449891085,0.38603806983859484,-0.386643971480861
TEST_05509,3.4399544493492016,-0.8661875685056325,-0.02448028870253756
TEST_05510,3.978909417476569,-0.1017314253268461,0.8245592889248572
TEST_05511,1.388435362032059,-0.5065038215152462,0.347943654520359
TEST_05512,1.2358844110907288,0.2567279324602699,0.007808414870029971
TEST_05513,2.6558938432351886,-0.6041929951784066,0.6280427199010965
TEST_05514,2.2985826258924718,0.40907668215443904,-0.08453136272259155
TEST_05515,2.151920756213664,0.1350741604219553,0.038856938036169346
TEST_05516,4.8413917011950005,0.9863603172282056,0.7329736376477862
TEST_05517,2.3618594277112486,0.8932107994011287,-0.1941930563283116
TEST_05518,2.5762860898691096,0.16715607018124204,0.7035464454072732
TEST_05519,2.7778911016795336,1.5795897831301782,0.1321871922479389
TEST_05520,1.5017303271987184,-0.6251231429964343,-0.2937931361238986
TEST_05521,3.0770834631982265,2.1635960181047547,0.12867787239693537
TEST_05522,1.2365322950724096,0.04187723651229071,-0.5444848797686618
TEST_05523,3.696048428890006,-1.1066829553969668,-0.7342567973831864
TEST_05524,1.4404498326355053,0.3364496449362005,0.27198607397898167
TEST_05525,3.070374928435533,-0.22166554738047808,0.4979963836890265
TEST_05526,1.5447320925466057,0.21628152338350864,-0.3979361447442985
TEST_05527,4.196515332857488,-0.15803328521954071,0.6895821324250515
TEST_05528,2.20905043079922,0.5294067847627564,-0.09597770941649089
TEST_05529,3.2884325718714122,-0.17377022667395806,0.26501166849753954
TEST_05530,1.6385355063793796,0.10298548236654731,0.2391234333076899
TEST_05531,3.1046510276183428,0.3868255689333414,-0.8566575464990229
TEST_05532,1.2463989081083946,0.3122301251196395,0.44861407881781246
TEST_05533,2.2515685442344595,-0.1361469203141211,0.3056846118085793
TEST_05534,2.071787366463327,-1.0625079339153003,-0.010963061273076105
TEST_05535,3.281138699184343,-1.0399090598707914,0.6035789467682853
TEST_05536,2.727827810790563,-1.5352760064600826,-0.6498653334074672
TEST_05537,1.5603924129294686,-0.2783406024929605,0.2728616511452928
TEST_05538,4.839998528346494,0.5394779294333126,1.7358077320587875
TEST_05539,2.7409852903639234,1.3554711268252013,-0.7705325879970437
TEST_05540,1.9667003261413092,-0.10857228488641275,-0.27649119973444436
TEST_05541,3.6595748305383755,0.30754740878945097,0.9811441604726936
TEST_05542,1.7687727280504548,0.4544297039605586,-0.011945566625611328
TEST_05543,3.069957724568777,-0.005283594216301709,0.3606993741945906
TEST_05544,1.0556023867096753,0.22213095069079344,-0.046425444995131356
TEST_05545,5.8277501473248,-1.617206507446734,0.3606409651952406
TEST_05546,1.5683411887681538,0.769849092989946,0.036382324443642915
TEST_05547,3.810578315410296,0.03606639535227741,-0.022016913739897073
TEST_05548,2.704003364093744,-0.007677746206889524,0.06014811635066471
TEST_05549,2.5167255110108915,1.0457637164938116,0.19628427765941375
TEST_05550,1.9700990037848751,0.7569610473491433,0.4663749337451489
TEST_05551,1.8036897017254863,0.1457280119220072,-0.3456096911412091
TEST_05552,2.2289547324377885,-1.1435585872538612,-0.49325243448762834
TEST_05553,3.0700252540441206,1.181778163328512,0.1200596078125411
TEST_05554,3.5346872288772198,0.5277530977304293,0.013855234416677372
TEST_05555,1.6790498506501053,-0.44289167877339713,-0.21794193287944447
TEST_05556,3.8827473510696597,0.6886625994546941,1.1993812089151432
TEST_05557,2.495373786051544,1.378987631662482,-0.18873108062954946
TEST_05558,3.3011921383079277,0.6928387216055308,-0.5957529330551401
TEST_05559,5.032464571349358,-1.4318773525397217,1.6486159031422627
TEST_05560,2.2004994266757483,-0.748288140093753,0.07165115395171606
TEST_05561,4.344518114558684,1.7014633518951259,1.1609086016386885
TEST_05562,3.862174229330312,-0.08842205134360234,-0.04657190553626079
TEST_05563,3.3244875487926913,2.1150914199182003,-1.3216008613266907
TEST_05564,2.500307606387439,-0.6308011906866855,0.03128911008820257
TEST_05565,2.232030278873172,0.7850385616841316,-0.7277364838226575
TEST_05566,2.9866581651902973,0.254625821632343,0.1546712670440341
TEST_05567,4.4820604644680895,0.6280817156142373,1.19716602297167
TEST_05568,5.33189838853488,-1.5000517143053778,0.007443318050857019
TEST_05569,2.2189561546254617,0.5307021313421946,0.2347444275609872
TEST_05570,2.459939284457507,-0.19852897887881282,-0.7242052726566819
TEST_05571,3.62179853033678,-0.262484670032389,-0.4358175614162617
TEST_05572,4.360377946988483,-0.9409520215772436,0.7895281414288023
TEST_05573,1.2456787319416962,-0.22113072629786792,0.13553799680338768
TEST_05574,2.9693062786958233,-0.05092877716678772,0.6441347141147113
TEST_05575,2.0963529850008693,-0.7800359009035498,0.30717818631498967
TEST_05576,1.762080252478305,-0.6685137989683678,-0.6184531512958826
TEST_05577,2.5119678304789352,0.7441229378863091,1.0521214518778848
TEST_05578,4.666840094863235,-0.8405716344681039,-0.8069935089335355
TEST_05579,2.501771747653645,0.654451135257713,0.1999641202670137
TEST_05580,3.219705507320233,-0.25065083599662524,0.3931973763807329
TEST_05581,3.0338003899112302,-0.061813473104066194,0.12415984711136949
TEST_05582,2.199164252650076,-0.7358770698510301,0.7704786823715265
TEST_05583,2.168866199061794,0.0381064655508723,-0.3002043916429495
TEST_05584,1.6218288552082287,-0.1880889264252155,-0.3905842523126679
TEST_05585,3.5061167165832177,0.09734909425346962,1.3380763019421447
TEST_05586,1.5307353456860797,0.5169359798167189,-0.2814983914239967
TEST_05587,1.8225462432750468,0.6337646597514792,-0.32266806190431413
TEST_05588,2.546051300625818,0.0019000150600215183,-0.132409876498818
TEST_05589,2.9205107956648466,-0.8344858411629199,0.1563210694198844
TEST_05590,3.5697653424710842,0.6185610614998462,0.4091977672418008
TEST_05591,2.417267534500394,0.6042123488065058,0.4234966564664071
TEST_05592,1.7178997996002219,1.147973603225702,-0.03551920558057143
TEST_05593,2.6728983096768375,0.4412897301491163,0.07246701764963165
TEST_05594,2.3242977882628675,0.35963041554020647,0.021074649136661117
TEST_05595,1.7595377623116477,0.6022780001657995,-0.3255293367748249
TEST_05596,1.7517449915536645,-0.9929830744219819,0.5235372005995744
TEST_05597,2.011310087734191,-0.8662146899364428,0.2868318595039043
TEST_05598,1.6842541713516106,-0.1144903878833234,0.5232555633151571
TEST_05599,4.645937690826166,-0.83029320828902,0.277291953708524
TEST_05600,4.594818295280101,0.6708748553379907,-0.6161417183654011
TEST_05601,4.6343362893038975,1.7680926678134445,-0.6873302345756366
TEST_05602,3.7471655776261277,0.36416908127334197,-0.46355959186635853
TEST_05603,1.4495310121569718,0.8277169315352526,0.09075224370150642
TEST_05604,2.3735407490943334,-0.41483367051808967,0.8816530393214257
TEST_05605,2.1107320251999893,0.6301029063852722,0.06582098771732565
TEST_05606,4.370003621465896,0.6988974117411251,1.0471277552135445
TEST_05607,1.8820395955987987,-0.26225904420641727,0.35587511109128583
TEST_05608,1.1550980678634788,0.5041182869027823,0.23421194260466535
TEST_05609,3.360674926412077,0.3180236045289977,0.22292782109342563
TEST_05610,1.4373522370907361,0.20750480766077276,-0.4060762030963099
TEST_05611,3.3691861905938367,-0.49631797767829317,0.15189743194170371
TEST_05612,2.2390792536066546,-1.2959326597142296,0.8859848773510276
TEST_05613,3.2377676715400936,0.2743695863770309,0.44367315615069675
TEST_05614,1.1308125164645315,0.7862934918694251,-0.5658302591355054
TEST_05615,2.2057447816373323,-0.690993917588228,0.42399614505893823
TEST_05616,1.3827335397849123,-0.47551457105472555,0.4545662556128308
TEST_05617,4.360021241759261,2.083427088525907,-0.5750140423303242
TEST_05618,3.791930862461231,0.5794907629555335,-0.4349153247572185
TEST_05619,1.190629627811121,-0.6703626862230688,0.12053706127880966
TEST_05620,3.3377858956167223,-0.3413889524975973,0.8328803176949302
TEST_05621,2.1292839592768527,-0.058749511735625065,0.6876258944698148
TEST_05622,1.9668942382899164,0.05424140491055895,0.438839040652109
TEST_05623,1.569285371658924,0.5951814494704273,0.12940187447329018
TEST_05624,3.95917187590393,0.21112074735290817,-0.10912774211676066
TEST_05625,4.4728135985402995,0.011265910503030007,0.5177854968154638
TEST_05626,2.381946533739082,-0.44331291236107523,0.41422400260100384
TEST_05627,1.578419055100494,0.4352609069254504,0.14838879747642653
TEST_05628,2.743094949533004,-0.5339626858360336,0.2440503679138106
TEST_05629,3.9058373200431102,-1.1044044485621616,-0.7008785623146896
TEST_05630,2.8109455007072937,0.2871173988160525,0.07324288342767003
TEST_05631,2.2437085730527353,-0.7782112437431115,0.4245262944316181
TEST_05632,2.3686015787706753,1.5992038291884965,0.010075801789422861
TEST_05633,3.662661731390769,1.0215685957630254,1.4845691890080486
TEST_05634,1.4168796722298194,-0.05948199184112849,-0.028993684178718334
TEST_05635,1.6675095296031355,0.1771282035191634,0.11820713950328217
TEST_05636,3.4158296360144096,1.4137535260622671,0.949400084839053
TEST_05637,3.318282932845022,-1.3249360319291976,-0.7596067279320377
TEST_05638,1.0721965630313053,-0.26535927120538794,0.3375668837870609
TEST_05639,3.2182558902916614,1.627568716948028,0.5039789342559593
TEST_05640,3.4370657795739183,-0.47237852364211386,0.9250636555177894
TEST_05641,3.3864050295767125,1.1393566263891406,0.5139619264234223
TEST_05642,1.315146777400342,-0.1630006247094339,-0.1739565429523151
TEST_05643,4.175056918780505,-1.2105420412239014,0.6176574740881732
TEST_05644,2.3543488061290927,0.809768076209568,0.3934970320309528
TEST_05645,1.5458476836357395,-0.011541390342013961,0.005924450698105064
TEST_05646,4.241406980743521,1.4192605064302668,-0.543296746720703
TEST_05647,2.680777607574908,1.000459301911045,-0.037935284346403655
TEST_05648,1.1562504286933935,0.6589353691165325,0.517965698924195
TEST_05649,1.9282888372727456,0.7242492645966477,-0.09166383193450574
TEST_05650,2.1994294125936698,0.004906701493915813,-0.36513331335019666
TEST_05651,1.118344003449757,0.15116446062178035,-0.16749921017046046
TEST_05652,2.577314452623188,-0.026949642659721506,0.14747726720622603
TEST_05653,2.9234171967665437,-0.26880473862916165,0.2868445588558896
TEST_05654,2.5018715207380455,0.7674975392013119,0.9895762986684334
TEST_05655,1.7426614349545209,0.47730501420044363,-0.4282255941162978
TEST_05656,1.967365744878773,0.6145499059467521,0.789761642860315
TEST_05657,3.0288140333960905,-0.10007606828364217,0.7850358590087951
TEST_05658,4.646880613024689,0.8694903542225634,0.929750938603076
TEST_05659,3.705240577822544,1.1209717991204087,0.592248238986372
TEST_05660,2.160961313007069,0.20320372531975728,-0.37820044083145216
TEST_05661,3.0263181523682636,-0.30920974918252414,1.5260234929692178
TEST_05662,1.6337935078271957,0.19138546869692727,0.290598216261677
TEST_05663,3.488194620214849,0.5784839918407794,-0.3725683598923054
TEST_05664,3.1235846733988555,-0.22871884863615366,0.2763622190122096
TEST_05665,5.556525827448164,-1.8913720654485489,-0.6488137566301747
TEST_05666,2.9523863681727223,-0.543275656006141,0.6720806764582398
TEST_05667,3.611964556446634,0.3093805797463281,-0.24176020397017017
TEST_05668,1.8319108538021112,0.3782146886767054,-0.40679635858548374
TEST_05669,3.134966748411286,-1.8706433463840713,-1.1106687540491402
TEST_05670,3.573965714390468,1.297694839682056,0.7821186857446448
TEST_05671,1.177130772508045,0.1808403425794778,0.10844719988042072
TEST_05672,2.6372145466082926,0.577125491929226,0.45718784523365963
TEST_05673,1.6060963150674867,-0.13732673968391473,-0.005997805812247392
TEST_05674,3.5591381206826083,0.7303250716226082,0.09915067079091729
TEST_05675,1.9656999285527954,0.9296485997237214,-0.6115075493045085
TEST_05676,4.484362358392045,-2.2443857934264098,1.4731204287900324
TEST_05677,3.281107034218277,0.5903519301742725,0.6607703090126602
TEST_05678,0.9642767762814962,0.352802312457451,0.35639523109821114
TEST_05679,4.8796498967185995,0.43306542470091863,1.5032644856874129
TEST_05680,3.019324162466488,-0.18084943343914328,-0.2556798189824704
TEST_05681,4.025615418484412,1.6634860839637398,-0.5532574790767143
TEST_05682,2.198220556809703,-0.5909226290073208,-0.510262614471469
TEST_05683,2.4904058011753554,-0.48173880039375383,-0.0056919527422377185
TEST_05684,2.7903990090586888,0.19995936755258062,0.7568330999461214
TEST_05685,2.2428425377063848,-0.12666485574047534,0.7969987153611552
TEST_05686,3.1000294612462476,-0.6653148985532766,-0.4684248872242397
TEST_05687,3.6435077415174555,0.7798345670596332,-0.5662316596113427
TEST_05688,1.102784452086917,-0.5113960569816833,0.0482168140992992
TEST_05689,3.3644359527515593,0.21068949807943824,0.18877353208451067
TEST_05690,3.2198374593347845,0.5527894490560675,0.29792151680022383
TEST_05691,2.3512408968241094,0.07699828901984075,-0.8274268548954505
TEST_05692,1.343400019075894,0.6833363199516314,-0.014569887149268143
TEST_05693,2.5500771307785843,0.10603994556181832,-0.2199507168283731
TEST_05694,1.9026803370066017,0.635755738454315,0.1971815822200974
TEST_05695,2.364294047352307,-0.2505793665894693,-0.5646149794453214
TEST_05696,3.2214582798995504,-0.4521393471712143,0.4494985916941644
TEST_05697,3.0183180736829316,-1.1941064901223655,0.4356873799169491
TEST_05698,2.890507107155204,0.3210572529764518,-1.1109745999008827
TEST_05699,3.9978484665827705,1.5458254337781112,-1.2544205077906814
TEST_05700,2.730497373189024,-0.2110283353045588,0.19811588902877306
TEST_05701,2.9008511981097094,0.09100329120510862,-0.9701012520029023
TEST_05702,1.6593109732436973,-0.11450612683336547,0.36495073422641955
TEST_05703,3.666437485003149,-0.07438557616071766,0.41349209036627443
TEST_05704,2.7042040544089545,0.2948002074622019,0.04793122685821663
TEST_05705,1.394126294270581,0.2849607072955245,0.6159803162128752
TEST_05706,2.0553483923552482,0.5535267345165442,0.5242208051710913
TEST_05707,1.2949308492676075,0.057745263126979696,0.4440025201614032
TEST_05708,2.991225009136516,-0.22814527340096513,0.5712701022389378
TEST_05709,1.9531042110060135,1.096270348996257,-0.277700129255379
TEST_05710,2.0882807935944556,-0.8333140440264595,-0.7685216522428275
TEST_05711,2.282638091672474,0.5711226857060631,0.42807253610865753
TEST_05712,1.386254990342867,0.39841095316369046,-0.413175837935941
TEST_05713,1.8502729278632872,-0.008154316240383964,-0.45996427662305284
TEST_05714,3.4147693061915416,-0.5736382984998211,1.2450777653342568
TEST_05715,1.4619234423438388,-0.3474630197969793,0.2320343905057182
TEST_05716,1.7542055072542244,0.19672625654091574,0.08087989043216229
TEST_05717,1.8477618016451696,0.7207784553389821,-0.4849119746909643
TEST_05718,2.004292772953459,-0.08801533381782124,0.8373839092164799
TEST_05719,4.883644577275749,0.7210497440408207,0.6537416028245489
TEST_05720,1.4918055099822631,-0.5089897922893666,-0.13705873149252437
TEST_05721,1.759498573538286,0.2802664382779233,-0.4465885975233827
TEST_05722,4.078790090576759,0.38634455813968105,-0.6910550099248307
TEST_05723,3.291485389423182,-1.627252020641513,0.4496047832287533
TEST_05724,1.824586909901404,-0.27891920410494775,0.2982863630857901
TEST_05725,1.881534737724722,-0.4907277973179491,0.16229861323347394
TEST_05726,1.6877860987617066,-0.28745827244297856,0.09701032571606663
TEST_05727,2.084658002910795,-0.806275249244079,-0.01794622858089412
TEST_05728,6.120128690420607,1.7128143148394335,-0.380488832024863
TEST_05729,1.0940861576326646,-0.34325140050422837,0.05321683578313898
TEST_05730,1.4106333693751658,0.33100247436758984,0.11025109465333634
TEST_05731,2.220557574547413,0.26678949433181315,0.033006270004191755
TEST_05732,4.512871812061257,-0.6679797178822934,0.9428377800708881
TEST_05733,1.4925368184629109,0.2973365020140731,0.10522064542382147
TEST_05734,1.433001516414091,-0.29215962393038075,0.3155768003400278
TEST_05735,2.002307577569795,-0.9895409657376347,0.010068097679951541
TEST_05736,2.490911139583299,0.786628785874245,0.06559053484677826
TEST_05737,2.162751015965325,0.20772048606379623,0.04475161002071911
TEST_05738,2.3288421514287854,1.1805721792068489,-1.0630084407785143
TEST_05739,0.7828111514309158,-0.39249727018906266,-0.07269885802314043
TEST_05740,2.2189466625166228,0.43024730278400636,-0.8345717110477904
TEST_05741,3.1933372838407683,-0.26808693893703783,0.06304759875275476
TEST_05742,1.3027196199009135,0.18688537694357818,-0.1911204817224678
TEST_05743,1.6859506273248457,-1.0166646635058807,0.6861917561504182
TEST_05744,2.0248348619793415,0.06264344704062347,-0.16153235755537446
TEST_05745,2.015680734694307,0.5224553994031554,-0.8441915814119806
TEST_05746,2.554760358580084,0.07497515373039287,0.027717779952780217
TEST_05747,1.966044242465592,-0.5621396267554428,0.5951694305035922
TEST_05748,1.9597237938952985,0.7095090331772496,-0.09753763543391192
TEST_05749,3.9394664756411264,-0.6870530764521052,-0.9689724938501246
TEST_05750,1.1664551381639785,0.6514715256523858,0.13606794614051573
TEST_05751,1.7063743679294214,-0.12368436952991613,0.036257503853634306
TEST_05752,1.9694978100531773,0.858547061463612,-0.4191051358008089
TEST_05753,2.1436835655421613,-0.1473231402308484,0.5632572447863435
TEST_05754,0.9323257369382534,-0.3325661999482468,-0.0074207802953065605
TEST_05755,1.3708264949068467,-0.3181745561120888,-0.1162746332992104
TEST_05756,2.0600180272374615,-0.4431667848464264,0.6182820025324058
TEST_05757,1.550164646895903,-0.051131305383938314,0.14013823481344756
TEST_05758,3.229227621754298,-1.252198147551565,0.31505557319573674
TEST_05759,3.297024543245467,-0.6636752103758408,0.8019874919287766
TEST_05760,2.201866022355602,0.9616763216008889,0.2143177329085561
TEST_05761,2.8793844576371703,-0.14728304349534055,0.14769122008133223
TEST_05762,3.676647447306561,-1.5375356244504892,1.3151958336752305
TEST_05763,3.7719212734041676,-1.4008260103596646,1.0504456779475515
TEST_05764,2.1527999359592243,0.17425401760970738,-0.4624400706946733
TEST_05765,1.491887207132712,0.3004160029811516,-0.33049327022276304
TEST_05766,1.553016110869245,0.011427105612406743,-0.2639935302623288
TEST_05767,4.482346604917477,-0.7077085424758793,-0.5992839710300136
TEST_05768,2.3694437988766905,1.0297148241349816,0.056781672809160716
TEST_05769,3.034481697414992,0.14366464540367407,0.243920131090531
TEST_05770,2.6947265526072974,-0.32236352091571036,0.06815912708449054
TEST_05771,3.661193511783002,0.0503256033575918,-0.011840669912458506
TEST_05772,2.405531436950716,0.8236005191401736,0.4762519853074601
TEST_05773,1.564661429988411,0.27281133236799,-0.26287626299475675
TEST_05774,1.163000702711526,0.32768057026045305,-0.10455278889096348
TEST_05775,2.1362116417493353,0.41170697445781934,0.06723579574916197
TEST_05776,1.0126178017979786,0.37635472789020435,0.5412483439496539
TEST_05777,1.1198104094685883,0.16663495539891313,0.09073781411484787
TEST_05778,4.562322579402655,1.56837552544446,1.3778872848656958
TEST_05779,1.0659010117857248,-0.5760137758627447,0.14907507584248958
TEST_05780,2.0435308770704346,0.22716425209955193,-0.43262345978174954
TEST_05781,2.3809191849739872,-0.3556307516034055,-0.9708291832602852
TEST_05782,1.3469812270193535,0.019997411378512072,0.05181030845374715
TEST_05783,3.927629784443165,-0.00822546279501988,-0.4362750327194949
TEST_05784,1.3906894718739846,-0.28227119753367713,0.26212354096934276
TEST_05785,4.225937351316737,1.6066710678512,1.1919610664291502
TEST_05786,3.012448746801206,-0.18379293548259892,-0.4105029305442943
TEST_05787,3.4593056746158157,0.6899642445362151,0.1489858486848233
TEST_05788,2.429700702151769,0.7044860792674561,0.21586693743639535
TEST_05789,0.7378888692127733,-0.004725400127084561,0.1702329033183733
TEST_05790,3.6433242020472334,0.17078462599843708,0.6804290143479083
TEST_05791,3.0061079034971923,0.5413753868950085,-0.49037989633049867
TEST_05792,2.709383726226369,-1.1231644636224065,-1.0983160770834317
TEST_05793,3.1162640661801784,0.17442881190834417,0.9660467856616084
TEST_05794,3.136512459727265,0.2783347890630003,-0.3746129156958527
TEST_05795,0.9585746893072173,0.46373024000707286,-0.06989667101629066
TEST_05796,3.851064964227459,-0.4701612115264413,0.24881766023825705
TEST_05797,2.5697869411506633,0.8639709063062836,0.16253625527548407
TEST_05798,3.209407291319412,-0.9459803317001141,0.9025335794410345
TEST_05799,2.758357624600235,-0.7079487775234773,0.827440655029947
TEST_05800,2.7603087049637494,1.350436558421617,0.5383190777550045
TEST_05801,3.898581115659709,-0.6322007188872242,0.16835419125527276
TEST_05802,4.482071484844183,-0.9906965228541533,0.017869897741520407
TEST_05803,3.3642848862555805,0.5491056945495265,0.09171742842457443
TEST_05804,2.350041214975083,-0.2537003205415601,0.8020561607064776
TEST_05805,1.6410725811058822,0.9619661322567677,-0.5115720173575602
TEST_05806,2.5772799180272243,0.26750104067058394,0.3150661342558836
TEST_05807,3.3030691596346147,-0.502877876429623,0.5289142654559414
TEST_05808,1.8338762485054825,0.5378686420660244,0.8981324112455363
TEST_05809,4.584745763126311,0.5662746409336216,-1.1079052377245997
TEST_05810,2.4173568015058695,0.5972959752586736,0.07799929643938977
TEST_05811,4.218035330139829,-0.24577078773156985,0.5326064785176174
TEST_05812,2.692586855113427,0.8045541329556717,-0.862959092007606
TEST_05813,0.927640306746095,0.2961570996873256,-0.09891031490870074
TEST_05814,1.393605089035372,0.021941199891466586,-0.3667524172797072
TEST_05815,1.5028155618643277,-0.7238741232510899,0.4085357180158324
TEST_05816,2.9934450478816776,-0.48658296419758573,-0.4719347455911916
TEST_05817,1.4548246710854809,0.5473656757262761,0.10555940874893203
TEST_05818,1.9055274757691554,-0.14000541370906078,-0.9285174725808762
TEST_05819,4.544830543487262,-0.8005903768783169,0.41136583704413676
TEST_05820,1.0048558687414118,0.045064082290612435,-0.12900582581892686
TEST_05821,1.8296291613275748,0.5985454382510674,0.06754301963181332
TEST_05822,1.4627882359400093,-0.04465580758695526,0.028990784935255687
TEST_05823,1.2814328022630561,-0.07260445630225257,-0.2336243809130588
TEST_05824,3.2944750268307965,0.004498817545511457,-0.20913618755655786
TEST_05825,2.2055624680581203,-1.1310158630256375,0.8305949714213325
TEST_05826,1.3145764559272641,0.061748762893731234,0.0709585713793338
TEST_05827,4.040769457808347,-0.14111239746791204,-0.4804013477415171
TEST_05828,2.2482297027513174,0.11302215008612253,0.3094605411502407
TEST_05829,1.2085135290906155,-0.21022708474979362,0.4058672771397609
TEST_05830,1.2076968077311854,0.13219465600622726,0.42760999948493855
TEST_05831,1.2896493349330542,-0.08993998911500861,0.24557322931444883
TEST_05832,1.9681074206881959,0.4030923488729277,0.27026051577364074
TEST_05833,1.874814747327706,0.7302074379959382,0.5148935334771048
TEST_05834,3.4469095133702767,0.29264111615422356,-0.900573847822584
TEST_05835,0.9333262474976702,-0.39843122328151,-0.2036531878285427
TEST_05836,2.9490035102838883,-1.4248436422148756,-0.5799254027636775
TEST_05837,3.811403358859647,-1.9531530567448705,0.16462666890754754
TEST_05838,0.8905231677481564,0.4758559539566181,-0.04305280177782389
TEST_05839,3.0453638770403306,0.8387461299223229,-1.0944571529661038
TEST_05840,2.6857917007075582,2.069728990231446,1.0767566562379625
TEST_05841,4.276616154486736,-1.1991205323111411,0.9716968564679566
TEST_05842,2.073068347624783,0.9726261490047798,-0.8842682692858544
TEST_05843,3.186401932045693,-1.0132173702743708,0.5095402146555373
TEST_05844,2.347280226869548,-0.33478147738872677,-0.14081408593010097
TEST_05845,1.6530376758396257,-0.7134595517316089,-0.24340985438944762
TEST_05846,4.3304611989613155,-0.380897153083353,0.5204496565589534
TEST_05847,3.420811414613497,-0.23399370022914284,-0.23534712756234508
TEST_05848,4.337875458880219,-1.5119990945843214,0.7703645623263949
TEST_05849,1.5024053991129602,0.019414071884367078,0.10747532318869384
TEST_05850,2.5901774289745045,0.2999809522415713,0.06429845069127817
TEST_05851,3.537187157456558,0.47623907690270983,0.6437441518648509
TEST_05852,3.270748948779365,0.3195852737276919,-1.1477443496250381
TEST_05853,1.0408993666380046,0.040392472571075706,0.1609615746700723
TEST_05854,1.7117459807213637,1.0491317098129695,-0.0989685955960634
TEST_05855,3.044386637250292,-0.8380927192104909,1.1296697008729957
TEST_05856,2.7732691866816173,-0.6834450261864848,0.13775061602177177
TEST_05857,2.275452100778856,0.8020527851611915,0.43701665538947054
TEST_05858,3.6722975055161484,1.5845666783766255,-0.22308327734333339
TEST_05859,2.2645442303929135,-1.313983763121965,-0.5821299482522968
TEST_05860,1.1243416238887483,0.16202942223670957,0.2991391881872188
TEST_05861,3.1116454317886335,-0.1741702333012502,0.12308648737622623
TEST_05862,2.2070406629853427,-0.040986668210188364,0.0366424174469338
TEST_05863,3.74246519954537,-0.6007302903718696,-0.8044614887984993
TEST_05864,3.0269132891638137,0.009931858865472667,0.0693211804103212
TEST_05865,1.5131298192926776,-0.12030717217757082,0.73807421639395
TEST_05866,1.5299801600993694,0.5905962742375128,-0.38008338750684456
TEST_05867,3.5703298429986194,0.10627835529670036,-0.05230618330428642
TEST_05868,1.56018919918391,0.050587911062172565,-0.002014024832884866
TEST_05869,1.315553766205703,0.29678606124507384,-0.6139997346226909
TEST_05870,1.53430340185269,-1.1199520080318681,-0.12034041012177404
TEST_05871,2.0144748189117268,-0.7087673492615417,-0.042479500510650636
TEST_05872,3.1212242146395877,1.414566736823417,1.1447793504347055
TEST_05873,2.867076606983418,1.6068078566123802,-0.7847303795909538
TEST_05874,2.6790288550985535,0.6497353433497847,0.6921699176985898
TEST_05875,1.2202961302250355,0.22444331746462204,-0.0028179547790864023
TEST_05876,2.408678427527038,-0.654026361646851,0.2702507301358479
TEST_05877,2.9196910427021048,0.46852703434883913,0.6078881673368336
TEST_05878,2.248386234955235,0.21555799122355618,0.40465875244235205
TEST_05879,3.908912346813989,-0.2788767588579043,0.6425653729102877
TEST_05880,3.742557460041461,-0.06116574239607599,0.07007078864762482
TEST_05881,2.8897718249204916,0.9015560281468198,-0.42187677559194603
TEST_05882,1.5004761771906332,-0.06335971654512004,-0.13309674573215455
TEST_05883,2.5044212099007104,-1.444392968480148,1.06314435856762
TEST_05884,3.0597737384183086,-0.5534555986610085,1.3947755742577128
TEST_05885,1.7134993086338532,-0.17221207441846267,-0.1856194474389118
TEST_05886,4.989886104065438,0.507710014591885,0.5185367879214454
TEST_05887,4.218029966182037,-1.1694193087533817,0.11762776137449829
TEST_05888,2.2351754853631385,0.4923672924369335,0.4869817091886822
TEST_05889,2.7761652606896816,0.13471135779395083,0.48725399886107196
TEST_05890,3.1997402667281976,0.28969134758496,-0.17645599847574145
TEST_05891,1.8773290937684377,0.19959597877679053,0.03833076687610133
TEST_05892,4.502481155660977,0.26895178927247804,0.6128707725802838
TEST_05893,2.7444792066334855,0.6257658978592936,-0.2958719148845305
TEST_05894,2.524280521350872,-0.557656335110082,-1.009284989324893
TEST_05895,1.4023761758402424,0.34367132384819343,0.32200891238013746
TEST_05896,2.5931033657831803,0.2517337189363865,0.8997291001224187
TEST_05897,2.1720173094735205,0.38095596558305866,-0.04861603958050737
TEST_05898,5.403129500962376,-0.9636456801104923,0.06591863065513763
TEST_05899,3.51190540654864,1.1964148442522466,-0.7477963388712214
TEST_05900,2.0202662222611822,-0.3138399444253653,0.5111225203878661
TEST_05901,1.5229399822880303,0.2981479294688775,-0.2550097874765718
TEST_05902,2.0798080552048988,-0.7681048532972681,-0.1332034411487948
TEST_05903,2.1585837778025083,-1.0707408424279987,-0.1343279861787663
TEST_05904,1.1520894075808277,-0.20475661234758194,-0.07886428145214316
TEST_05905,3.8257662529111442,-0.18646675442058536,1.7912682202982892
TEST_05906,1.4508629088365663,0.46977639142449007,-0.4858871424846706
TEST_05907,3.596233788103834,0.17034149101514395,-0.3740878197576174
TEST_05908,2.7269569063928025,-0.7639986070941246,0.37486569266262104
TEST_05909,4.099287139323989,0.520711704794658,1.0543431280817765
TEST_05910,3.1603788876223393,0.27104239336629543,-0.9027067295713536
TEST_05911,1.7957275474504768,-0.4881741296247396,0.1892859017840096
TEST_05912,2.4936542700033852,-0.143957066491938,0.32823592970763593
TEST_05913,3.1800684530976295,-1.4310558209527142,-0.2802948547632865
TEST_05914,2.4929983737084935,0.052115853588870775,0.08300997408030157
TEST_05915,1.6059572634717483,0.11081668685297055,-0.26165613491131107
TEST_05916,1.2752342870817428,0.16977071963249413,-0.17093430982910773
TEST_05917,3.490173995867451,0.5087150506665872,0.3368823762473717
TEST_05918,1.6820533984741206,-0.08385124800302868,-0.36973050821922304
TEST_05919,4.767575234066751,-0.9394664559302641,1.1950906203641456
TEST_05920,3.2861951334899064,1.2404349391397627,0.8260950490790981
TEST_05921,0.9639768980185183,-0.6241222739257428,0.23594707531202977
TEST_05922,2.6643638549011346,0.38997554378722205,1.757695820618664
TEST_05923,1.2500396754250063,0.2708636579606406,-0.12200043452085574
TEST_05924,3.138913153104387,0.784392541478647,-0.38591807246274346
TEST_05925,1.0026967206132513,-0.35689286053814956,0.3285082934139298
TEST_05926,2.0847623577393937,0.42371043188761226,-0.13245085163969747
TEST_05927,2.951723391006669,0.6100579224181121,-0.06065542210787561
TEST_05928,3.71224216146601,-1.7783512641299652,-0.010285394847201666
TEST_05929,3.0374870612165763,0.6257238336857285,-0.14645463805900347
TEST_05930,2.58336263608407,-0.016368217344950167,-0.20100332134844492
TEST_05931,4.045134400133296,0.2755361278965317,1.1171136516224647
TEST_05932,3.332590860623981,-0.9596048712924922,1.167442746547639
TEST_05933,1.4528663749189623,0.33580706789543857,-0.21938826384855334
TEST_05934,2.8259037805685168,0.9435728805439649,0.40159710911664814
TEST_05935,2.4785302136775837,0.24472872062429885,-0.31073598251544154
TEST_05936,2.977044579831646,0.44500604453803816,0.5772332686424797
TEST_05937,3.406753152518544,1.8528429547973249,-0.16119233462413102
TEST_05938,2.8892125928841654,-0.8121894231747118,-0.8788854581608742
TEST_05939,3.475024059224138,1.3715137700848024,-0.05116295962031266
TEST_05940,2.996816618374352,-0.8459870543822446,-0.545922044074516
TEST_05941,2.9897241494195326,0.19719768592744585,0.4486839557445355
TEST_05942,1.4015292204237328,-0.5534015715457095,0.1789673721503037
TEST_05943,3.615894441488659,0.6386212722258503,0.8993234063665926
TEST_05944,1.4971015336597806,0.08498781415282458,-0.14668743830864522
TEST_05945,2.584329713387138,0.48515070793853476,0.05750933348179587
TEST_05946,2.3450074162080488,0.435739234530464,0.29348471766873024
TEST_05947,2.3681295427237337,-0.39897169928871945,0.030832089088478808
TEST_05948,1.93135525059734,-0.455153197343402,0.3981424042344002
TEST_05949,4.16487311767138,-1.6008416434558899,-0.16370533353481967
TEST_05950,5.281301810692172,0.4020407482852561,1.5434759138947391
TEST_05951,2.5277379131093873,0.7730350679299438,0.6580050238511997
TEST_05952,3.36533946956951,1.5636194919789272,1.0162295994520871
TEST_05953,3.3142504647321456,0.4571923012453414,0.3594273538839074
TEST_05954,2.559452203139763,-0.4671507218272913,0.5813855334736965
TEST_05955,1.6924519869516743,-0.19760250337032423,0.2619154524296332
TEST_05956,3.9068035034710618,-1.1499581440937205,0.3007237637467673
TEST_05957,1.7599780816335557,-0.24312576550680093,0.2680380027650959
TEST_05958,1.6886249604768426,0.8591125448857411,-0.6560533567022772
TEST_05959,3.6892301551298914,-0.7920074995275681,-1.3094162429969216
TEST_05960,4.542992138073943,-1.397976091225773,1.226491930778691
TEST_05961,4.980497665253107,2.026286529003763,-0.688278861826158
TEST_05962,1.7070662347584968,0.7473348922266518,0.24310074812980229
TEST_05963,0.9675489811996268,-0.4342329941804229,0.28086467165013024
TEST_05964,1.9002592857481724,0.665972217474523,-0.02928091265529352
TEST_05965,1.7552047601581537,-0.5787088836497519,-0.004522363150219856
TEST_05966,2.5443506534072724,0.20705419611244538,-0.9701749420621879
TEST_05967,3.6651534984683116,1.0770402369138807,-0.5752473677876202
TEST_05968,2.5242699999291154,-0.4576987862857811,-0.8627739989292735
TEST_05969,2.6196247887421262,0.0367465249544251,0.1821145333480452
TEST_05970,1.5668280125008747,-0.18145526188895836,0.2224900453389989
TEST_05971,3.218353043927018,0.235631254360649,-0.6479778247602807
TEST_05972,4.430952279933106,0.83052499230287,0.028543928497729874
TEST_05973,1.7706903484098053,-0.08128969393839665,-0.05798278018473197
TEST_05974,2.066735460771147,-0.8896078032799849,0.7915441982167651
TEST_05975,2.4979287478864847,0.15391652175769763,-0.2162759977273961
TEST_05976,2.9416332125612454,0.9158478073915322,-0.06584381161177916
TEST_05977,1.6395850963629452,0.8547031934126462,0.23929443282600174
TEST_05978,1.5129635059083975,-0.2522035928734011,-0.8621372565647747
TEST_05979,1.1804994749952071,0.011322594193767412,-0.29244920946436925
TEST_05980,2.457147441086205,-0.11534206047317117,1.0256783404825316
TEST_05981,3.368917525055155,-0.07868166874345343,0.6168851439532873
TEST_05982,1.7651152796786622,0.17990626721776376,0.2971488034216521
TEST_05983,2.0526123856225595,-0.8123430872428273,0.6623141304483116
TEST_05984,3.2711343902572234,-0.4128646784513397,0.7470866201357714
TEST_05985,2.5359764601904224,0.6286894782420819,1.418752807486332
TEST_05986,2.0653651313331105,-0.42528242114998854,0.8726814611184082
TEST_05987,2.35127912103769,0.16569186777073283,-0.39129761715778627
TEST_05988,1.9968470844332904,0.6175940042100312,0.1986820129780631
TEST_05989,4.231073006578101,-0.9224222814525376,0.2810581710667904
TEST_05990,4.774468070649966,-0.3869095847044664,0.33385678697034904
TEST_05991,2.446922244847032,-0.37414700453593386,-0.49660429508933646
TEST_05992,2.3721504608164037,-0.9898507899173427,-0.22981710554750032
TEST_05993,3.404487540083368,1.6681914530572106,-0.8895397426264162
TEST_05994,2.3556820747421146,0.2443242185472907,-0.03109520527544297
TEST_05995,2.210044170443856,-0.7928077129145009,-0.27319030611035816
TEST_05996,4.1835979680985975,2.135908880033506,-0.5471461637036154
TEST_05997,3.3609262700581177,-0.6822451685035845,0.9854534002509958
TEST_05998,2.046249730081745,0.9872550606331827,-0.27132911403449245
TEST_05999,4.824121741088344,-0.011740319658336308,0.4542005154698605
TEST_06000,2.889161362171043,0.16457203262873749,0.3526088764031012
TEST_06001,1.765709777494165,1.2072218041681024,0.26535684288359906
TEST_06002,3.4686415311538226,-0.5364764575623324,1.2514682271546722
TEST_06003,0.7875610844723054,-0.3004265930250425,0.23638045448402054
TEST_06004,3.4485215018545925,0.8623852559424017,-0.2011882190044474
TEST_06005,2.6194710721341266,-0.780372082023113,-0.9622274114997434
TEST_06006,4.28786764986392,-0.6554311933150244,0.019562988913020322
TEST_06007,2.525198439307051,0.16213080573241764,-0.6169987748765464
TEST_06008,1.5728251642796724,-1.074579687308912,-0.2901077727131651
TEST_06009,1.7617793166742197,-0.1411227854554733,0.2642689698432263
TEST_06010,1.7873218511163218,-0.21157534116305157,0.04597984081902329
TEST_06011,3.153740273675928,0.17484583511746593,-0.6279227955566544
TEST_06012,3.2421950897287735,-1.7003373878361936,-0.39919446140759257
TEST_06013,2.869687134947511,-0.08099787043179645,0.31103234881842445
TEST_06014,1.739342281244832,0.5602945596089898,0.06890229748892056
TEST_06015,1.853990574486524,0.3413874803589497,0.5509592913039978
TEST_06016,2.137010195843838,0.5616167523415467,0.22362224242319656
TEST_06017,1.2619060951311682,-0.1601255196541772,-0.7461279414640091
TEST_06018,2.765020290417318,1.2193256694251293,0.555127231632606
TEST_06019,4.66524696510257,0.16810518080636339,1.2177833186719498
TEST_06020,2.947578120975952,-0.07344513897726328,-0.6425529900128939
TEST_06021,3.3825724972896825,-0.041679176935021434,0.591863264872907
TEST_06022,1.6475380631189724,-0.0851215758634014,0.24892928062464698
TEST_06023,4.099530916362992,-0.11618211033670055,-0.25320361887449094
TEST_06024,3.364897756326167,-0.3637700052507127,-0.412831376221875
TEST_06025,3.442907735134054,1.7629542630418178,-0.33060093870185403
TEST_06026,2.219502765552591,0.11131170600704997,-0.40574812955857786
TEST_06027,1.6276905996019082,0.5491658774561885,0.28161349513381434
TEST_06028,2.0431079162065457,0.7551817642137432,0.19878547509001512
TEST_06029,4.166227247213229,-0.742558051164694,-0.7600686009230732
TEST_06030,3.23586477583933,1.1454839310696152,1.0831866179861855
TEST_06031,1.4576470651678377,0.1341752338218701,-0.23427548293415687
TEST_06032,2.777913640301246,0.40627549147862974,-0.12841440726400846
TEST_06033,3.773280972934984,-1.5172809453246374,-0.23082643477319362
TEST_06034,3.25498154998225,0.5962720047191093,0.26535797687847584
TEST_06035,1.0439747945421325,-0.061927576307547944,0.11091885719130647
TEST_06036,3.916161027690596,-0.264992591436969,1.1855813677766427
TEST_06037,3.4563323356418283,0.44331199462015575,0.8874000480840729
TEST_06038,2.4420309194633214,-0.42512719264971566,0.6254565596140763
TEST_06039,3.7364024218479597,-1.346032649440402,-0.40996688228369854
TEST_06040,1.3840006364254132,-0.7786340581796178,0.4657303921667992
TEST_06041,1.8783131217101074,0.18460159231145834,-0.29559027303718666
TEST_06042,1.6083175876022644,-0.27987691783646856,0.13500621403474278
TEST_06043,2.78499836311424,-1.013812801868866,0.23210866891704462
TEST_06044,3.8013725139516152,1.4466499488841804,0.9005659398193803
TEST_06045,1.9803553876795805,-0.9748346519544903,0.21393652124665677
TEST_06046,3.046740495220497,0.2060386250059034,-0.15220013380633113
TEST_06047,3.435410028449516,-0.1763261938519382,-0.0679617355862295
TEST_06048,1.2046943061660922,0.2403953784640748,0.43561299756749766
TEST_06049,2.3895075731834434,0.38165500443565364,-0.08612337531860796
TEST_06050,3.3352692777417263,0.20316642681472086,0.5759949566042665
TEST_06051,4.257571412063382,0.14681897539232416,-1.2000505101399592
TEST_06052,4.7977716948906,-0.1624519318957209,0.2580085830044661
TEST_06053,2.395228612077447,0.05761167850597618,-0.15240318840440018
TEST_06054,1.639884637832841,-1.0672464883918875,-0.1461376141891203
TEST_06055,1.8072687728701944,-0.2507993862268385,-0.10389444485153834
TEST_06056,2.0739019653335053,0.6391763238410597,0.3769596883034394
TEST_06057,1.0881888590576763,0.4922056939162057,0.4661729558257386
TEST_06058,4.109107875771435,-0.05540539502025441,0.37044657917938906
TEST_06059,2.3410680376153863,-0.3005229840016125,-0.4024520237588936
TEST_06060,2.880118506057216,-0.09692022902459559,0.1678711410225471
TEST_06061,1.6128983128636531,-0.13750838230932558,0.09437693422480768
TEST_06062,2.3116066832231676,0.6415324120638726,0.7709198588103282
TEST_06063,3.479921592024779,-0.10877356635306436,-0.33657627015944125
TEST_06064,2.990507099091827,0.45326821774700443,0.621717283263358
TEST_06065,3.524852470731082,-1.6536961782891597,1.2754378414763932
TEST_06066,3.589340506621082,-0.08093646043320422,0.8293683061914235
TEST_06067,2.620330248994359,-0.15763517091771445,-0.2694605620968717
TEST_06068,2.5250383704144914,-0.4534578340926017,-0.07410717584290372
TEST_06069,4.2347063266557,0.5276979797544269,-0.8194452618554249
TEST_06070,2.8009489570835107,-1.3394509832158292,0.29704785151997654
TEST_06071,1.6913649373933106,-0.5524602759432751,-0.21907640094739
TEST_06072,2.3145235951162486,-1.0131677075492997,-0.08100610716351712
TEST_06073,3.4638778870983207,-2.1384144015729327,-0.6833739511594688
TEST_06074,3.2053035443080256,-0.48658519546465817,0.5485167835597989
TEST_06075,1.5553925997835847,0.18430453026402704,0.4628984834402808
TEST_06076,2.9172645713443432,0.8366516595500944,-0.3401558791134848
TEST_06077,1.70421722296061,-0.16331843295485746,0.0849222295968791
TEST_06078,1.9166079393391482,-0.19912498383466495,-0.42652952940180794
TEST_06079,4.260368002844345,1.7106394507838583,1.5360223511917905
TEST_06080,4.188444746095877,-0.2706872044426447,0.5040146077743353
TEST_06081,3.7667607277883315,2.294003182247964,1.3671295444214433
TEST_06082,2.643031928347208,-0.7573404709127785,-0.5891645540199807
TEST_06083,2.668384657314647,1.8608374774761005,1.0049504751228018
TEST_06084,2.5660375148880377,-1.2345569095407385,1.1045564255017903
TEST_06085,1.6926665592774461,-0.3019093087569572,-0.35741269956069344
TEST_06086,2.3627574431426996,1.126084668111833,0.5892861548094208
TEST_06087,1.5729472790072738,0.47042334464454433,0.014655145958035047
TEST_06088,4.666174987250123,-1.6504769366630476,1.2094332549925855
TEST_06089,2.8855689682956376,0.2370975736465179,0.2090234097829139
TEST_06090,2.4852217188253842,0.648299204050063,0.19476828386491526
TEST_06091,2.3664023911599186,-0.09894633708777409,-0.5945366278425124
TEST_06092,3.9237030902127654,1.1894351058054895,-1.355393252027682
TEST_06093,1.1685530903407275,-0.20344102281547607,0.2715278699516052
TEST_06094,3.5257641332228298,-0.618471186458955,1.186162921210646
TEST_06095,3.4794760594130962,0.8935682566167369,0.2905634905055943
TEST_06096,2.5132074999392886,0.20477791223844727,0.2426687232586394
TEST_06097,2.7263749901858843,0.4736050762376935,0.3323946034084436
TEST_06098,4.383932619061317,-1.5428076209747204,-0.037456209922314805
TEST_06099,3.19466349221446,1.3546888958074976,1.231491218029742
TEST_06100,2.5360699691138575,-0.7461102272653581,-0.38992543376329203
TEST_06101,3.0337643582152105,0.42733094865393745,0.6886919019796438
TEST_06102,2.2234967543835875,0.4572272563006666,-0.6116927830621005
TEST_06103,2.083282812163842,0.6886400238727574,-0.3006945288517297
TEST_06104,4.180161843278232,-0.055501174933048444,1.0806818807018412
TEST_06105,1.5887935524363133,1.1325909880710288,-0.6267812968568774
TEST_06106,2.340653711683003,-0.01140196560101668,-0.8072326922156249
TEST_06107,4.227779280960312,0.7511398344147285,0.8961417587357714
TEST_06108,2.1512282327169956,-0.5714743374966826,0.17461533009647004
TEST_06109,2.481293695924739,-0.5729712939841243,0.5464341404409063
TEST_06110,1.134883098000194,0.42752771473028367,-0.03416381123326107
TEST_06111,2.5389039489529925,-0.5793729081643597,0.2942974127557909
TEST_06112,2.9941329877880962,1.3221312949841455,1.04617075830886
TEST_06113,2.4534714652756904,-0.12473605257261222,0.5927998373074025
TEST_06114,1.9212050057463208,0.17174174137894943,0.17680541390929463
TEST_06115,2.3289110417868004,0.613451131890602,0.8894907301191363
TEST_06116,3.9043664342885323,-0.6308654594235292,0.9822823576511491
TEST_06117,2.2467407425418044,-1.0243880640731666,-0.025043997418095973
TEST_06118,2.6262555122141027,1.1994716894299142,0.5062665465712668
TEST_06119,5.84307402831416,0.7872415664634065,-0.47911249634184566
TEST_06120,3.1358894726809443,-0.5224302416979192,-1.1148343067480395
TEST_06121,2.1239844325755746,1.2737992749400335,-0.30798449423355073
TEST_06122,1.8977500218735122,0.9013686226469982,-0.3405817647258624
TEST_06123,2.5241567831140648,-2.2739518733145463,0.21867748355495462
TEST_06124,2.4121088422045567,0.3948028241179258,0.8598403634310419
TEST_06125,1.5969881927873122,0.2786558509604178,-0.20392969542024725
TEST_06126,5.181513557833689,-0.08464482697117598,0.11316733756398849
TEST_06127,2.0599091136441285,0.5293685195924767,-0.5040272386522834
TEST_06128,2.7562689702927274,0.7670737688757848,-1.0191759289434046
TEST_06129,3.226140985808265,-0.17201205310789192,0.16484002983696006
TEST_06130,2.57037548215053,0.0027045950921843727,-0.6062780757275745
TEST_06131,4.360986697470668,0.33196222249411383,-0.34014625696412754
TEST_06132,4.776779472772512,-0.15101374206941484,1.775927302101501
TEST_06133,2.0614216221604296,-0.4387175329264137,0.534569888718
TEST_06134,2.433642155752469,-0.014990453391990129,-1.0733315175083644
TEST_06135,2.643913978306969,-0.7984027963208241,-0.1592780069200673
TEST_06136,1.6227461560627496,-1.1243435748557986,-0.32185897025012844
TEST_06137,2.2153072672109877,0.5462553126355464,-0.7311221753815155
TEST_06138,4.5573169956465795,0.29872243574117174,0.7696567251877144
TEST_06139,2.947155617535509,0.15310240738684802,-0.874327622786288
TEST_06140,2.693915197755657,-0.9018003150794537,0.8735344369524691
TEST_06141,3.0492349185999164,-0.18162488669685242,-0.6197468895258667
TEST_06142,2.2018721804255996,0.9405314290145916,-0.6709543738266646
TEST_06143,1.4437100888490826,-0.38145158294444637,0.3718214163419026
TEST_06144,1.6983449128608672,-0.6567411059571131,0.05088149545161399
TEST_06145,3.7412110737508932,-0.6704072926612048,0.6429952163381519
TEST_06146,2.1361180910102684,-0.18467355510103461,0.14784590300320105
TEST_06147,3.449800632799002,-0.3952667404132004,-0.6789814092205514
TEST_06148,2.527688282831493,-0.5602146680187965,0.6656686068383041
TEST_06149,2.3112774367745086,1.1829598371387053,1.39946697594396
TEST_06150,4.273421362677597,-1.5773405876302256,1.6841405642213734
TEST_06151,2.864599539895592,-1.3266616236932551,0.3725199676115701
TEST_06152,1.1856959959162259,0.4764074621935438,-0.035527954181957706
TEST_06153,2.6876068772089163,0.1769902519473856,0.78780578228771
TEST_06154,3.0525553794246596,-0.3876488027013456,1.3076390998580971
TEST_06155,2.1127761784758223,-0.0830068611691235,0.02248360738952772
TEST_06156,2.2398723886527296,1.2360673188497873,-0.49350161501489825
TEST_06157,3.5053562929255424,-2.231328058044816,-0.8702112593259702
TEST_06158,2.603593937105621,1.717980713605605,-1.022489480253258
TEST_06159,0.9481039081087589,0.442077407302311,0.1181060764909664
TEST_06160,2.908745747236738,-1.6505680483207967,-1.278160441770263
TEST_06161,1.4379639946959075,-0.5035234588692884,-0.16570752821141554
TEST_06162,1.438537964660801,-1.2426400399871866,-0.2938560071692528
TEST_06163,2.496639645918116,-0.48008297357627744,0.009383977965948455
TEST_06164,3.2680812429322983,1.4961587063583297,1.7212852352333932
TEST_06165,1.3025924594862506,0.19638768412415597,-0.05843328320235847
TEST_06166,1.8843510018203808,-0.32135725800187726,-0.13218644808153565
TEST_06167,4.470743951860374,0.10444048685302078,0.005711004710204235
TEST_06168,2.520868215081161,-1.219197462926111,0.7549095589011824
TEST_06169,2.7444640985479247,-0.37465060739822514,0.060779696624806166
TEST_06170,1.5994203820852473,-0.39365482458664236,0.22975475218605165
TEST_06171,2.777962051052594,-0.13867463543633313,-0.20662901668533257
TEST_06172,3.288985612134126,-1.123488021023853,1.0930647060584242
TEST_06173,2.2947223498175515,0.5393054529186165,0.33493685509787213
TEST_06174,1.6288541792968239,0.01474983724805845,-0.5122935967655888
TEST_06175,1.7985821029945843,-0.33790913676584416,0.17293269234411004
TEST_06176,2.4111951757000414,-0.92308849667005,-0.8359113806577343
TEST_06177,3.0999434226891722,-0.5328689292670522,0.8567414757128632
TEST_06178,2.5680014957101966,0.9683953943890647,1.223802453475526
TEST_06179,0.9713241877976826,0.21543929803482206,-0.2667935014039707
TEST_06180,1.4775077160318058,-0.1555151613064411,-0.1036859284897987
TEST_06181,2.818340440893987,-0.2686680123742177,-0.6421201858703753
TEST_06182,1.949704501556349,0.23018742984826063,0.07914467639933016
TEST_06183,1.3521863174547928,0.15294299417756718,-0.006573560373956263
TEST_06184,1.2241108937317942,-0.24165170733460964,-0.13123460103146234
TEST_06185,4.0258881391742225,-0.9693733452718238,0.29096256424637806
TEST_06186,2.679256452168622,-0.14026017356946863,0.03268956419530308
TEST_06187,3.597140334027101,0.8390014436528295,0.8660773031627701
TEST_06188,2.902858697836759,-0.44920371771265444,0.07881737135268889
TEST_06189,4.920618230703322,-0.5546914626999544,0.8790861037869242
TEST_06190,3.008266633071837,1.659439987710663,1.3188321988581893
TEST_06191,1.8481768081020806,-0.9379063553552034,-0.40582860161395223
TEST_06192,3.3847279734620503,0.008283791662647156,0.49526777329972865
TEST_06193,2.5556492950283913,0.26836300019829146,0.09437870883442813
TEST_06194,2.6138745578737947,0.0525400938413384,0.4954421537022683
TEST_06195,0.8115311873967479,-0.12806616794179945,0.007959593247129962
TEST_06196,2.9060027357435123,-1.6106429999771616,0.13611472287983653
TEST_06197,2.2312231842609664,-0.7488192234208099,0.7958794150139643
TEST_06198,2.946424171620282,-1.4122007391166045,0.7057345003866377
TEST_06199,4.839191814129988,-0.4619745876417534,-1.2622748907425683
TEST_06200,2.8991413367932473,-1.593666025709521,-0.8058718487078896
TEST_06201,3.578959796496522,-0.4824736184645298,0.428239545219075
TEST_06202,1.4070561660374843,-0.2830274521596545,0.5582732969043177
TEST_06203,2.6307183954210056,0.6662503576207575,-0.4327442440948871
TEST_06204,2.2827865975962247,0.29400588847171233,0.9915287745266025
TEST_06205,0.8972602177352749,-0.17050594010326675,-0.013150096967156273
TEST_06206,1.316729946425776,0.5907562424944609,-0.2838977669904673
TEST_06207,4.863262040364456,1.2638944222670279,-0.16974025050097444
TEST_06208,2.6539654688023355,1.8243565358374438,-0.6517637289548021
TEST_06209,2.002790828671944,0.48781945326683374,-0.14049718436999398
TEST_06210,1.2256237616648469,-0.34562712691260133,-0.21671191698497716
TEST_06211,2.239717281832629,-0.5819469884625795,0.6723924335517812
TEST_06212,3.4147801066589474,1.2523890692943476,0.37811368997638856
TEST_06213,2.704594048537923,-0.45923427985203946,0.16200508146383058
TEST_06214,3.018586650350177,-0.17853478209171653,1.4674229486528263
TEST_06215,1.176782529035228,0.6112512102664378,-0.31096592470446094
TEST_06216,1.533249325894128,-1.0782176141316318,1.0012299420259418
TEST_06217,2.348874603487704,0.7308639359660197,-0.6570645441349501
TEST_06218,3.8661279382381237,-1.1511535299017615,1.2107135788064156
TEST_06219,3.9450728859640485,1.2646275430852674,-0.9669134086341135
TEST_06220,1.2528966960725363,0.2812495683257724,-0.25251506152086195
TEST_06221,3.5759383521692536,-0.30972194267668757,0.6052390970663143
TEST_06222,1.164081184276504,-0.08115894987502638,-0.03249754498637114
TEST_06223,3.3687279728262394,-0.14198307724980855,-0.3064596696288856
TEST_06224,1.7402232979721706,0.5908873107044663,-0.3287661659180213
TEST_06225,3.1331973931206467,1.4039386570670327,0.5897251892917551
TEST_06226,3.2031254192964735,-0.0496097932100185,-1.0610412235383357
TEST_06227,1.7025219189634055,0.19943735899553391,-0.09784854855252394
TEST_06228,2.5425826129734994,-0.9145585114624756,0.48892218518242886
TEST_06229,4.634111165606461,0.9027702957452366,-1.0197343382150212
TEST_06230,2.299857469229502,0.3623834558839532,-0.6623449553130094
TEST_06231,2.339058228091063,-0.06375942657730548,0.04622217566290484
TEST_06232,3.7571294456920734,-0.9057343418484515,0.5768675131238993
TEST_06233,2.662322331902218,0.279508776386693,-0.4148924159056159
TEST_06234,3.1430599110015125,-0.2851176397488037,0.12117677750533813
TEST_06235,1.4999542693466628,0.6101852294370286,-0.5042575620854078
TEST_06236,3.6658246920532402,2.18939881724295,0.7613337780361917
TEST_06237,3.6218776856430743,1.7873252096037875,0.8035960515364008
TEST_06238,3.257923106108312,0.5241519775354825,1.2610873097415964
TEST_06239,1.0591232237177555,-0.4130391057769136,-0.17267550878951324
TEST_06240,3.955664121191788,-2.1222353938010796,-1.1301328818683174
TEST_06241,4.446885910259235,-0.09384832575942631,0.22678464294654507
TEST_06242,0.9332074464896613,0.5880133968369038,0.2767799748658954
TEST_06243,3.9948561493206545,-1.181374220103089,-0.5453520886081463
TEST_06244,3.428921864642833,-0.3448324054379187,0.16396474463155142
TEST_06245,1.5303861423131315,0.47952631231456033,-0.32872987286505134
TEST_06246,3.486255466251609,1.0830497851948613,1.1369225863762167
TEST_06247,3.775777474663518,1.4026700594157002,0.5467549786817282
TEST_06248,4.484327801558386,0.9253980587384254,0.6154303751332366
TEST_06249,2.179584607948171,0.27694569858397367,0.17013310862844724
TEST_06250,3.1176497064931112,0.6419965870361773,-0.8268528130458241
TEST_06251,3.509857835912264,-0.1369267872064459,-0.18479444731901493
TEST_06252,1.9623343147171237,1.5050488630018395,-0.4684723950619346
TEST_06253,3.0988549724995815,0.05136192612271293,0.49825348788836793
TEST_06254,1.1569482276370633,-0.06734842718759543,0.22858618810402395
TEST_06255,4.232543632501084,0.3601101554102729,0.8348252977999719
TEST_06256,1.8275715032337183,0.5821168154396406,0.20275400523761702
TEST_06257,3.2279110633960095,-0.432401572880566,-0.5471280908281176
TEST_06258,3.16893830445861,1.160579970119813,-0.10712682683981914
TEST_06259,4.167191645718458,-0.8364213699365336,0.9941932670237321
TEST_06260,2.252470232998843,0.7548095107524272,-0.7328689709647996
TEST_06261,3.4605979981711505,-0.4751926426700844,-0.8428483115322901
TEST_06262,1.9084888610321276,-0.41285515653866556,-0.3519485956128261
TEST_06263,1.3797924072299526,0.10389480095767865,-0.5648127970767081
TEST_06264,3.560023494464624,-0.5752632663151519,0.20837328528328933
TEST_06265,1.3488806795127926,-0.5946098587491397,-0.5402995619157323
TEST_06266,2.474254761021412,0.22688801404880266,-0.4116817980912577
TEST_06267,1.4879219938583315,0.01967752285916771,0.4198809457455832
TEST_06268,2.195485013248306,-0.9333025283000581,0.004227967520028795
TEST_06269,0.9521643854221602,0.31449140426213057,-0.052468705711139534
TEST_06270,4.9084026394875755,-1.1801513852018055,1.2778621058886086
TEST_06271,2.06961757267774,-0.4362384447232132,0.10945967344425643
TEST_06272,1.7295708914196664,0.47671697941939306,0.551341429810426
TEST_06273,2.5121305646367547,1.4967987821643527,-0.7977248837240816
TEST_06274,3.0524886627312533,0.04322144937785982,0.9170473992667797
TEST_06275,1.9088971202517315,-0.5700028370041541,-0.22976336561214925
TEST_06276,4.626792184161347,0.8791230786203726,-0.5024755005242184
TEST_06277,2.157614112255735,0.6442828696729728,0.29565971843413497
TEST_06278,1.3076736498097792,-0.4793859543578487,0.60343703822694
TEST_06279,1.5822424129913615,-0.918458939169959,-0.5602340825126535
TEST_06280,3.1219577546486423,0.2890996499439266,0.47455893999928755
TEST_06281,4.2719913765707265,-0.008308655541434883,0.8211454538698754
TEST_06282,3.400735771967142,-0.20554244680627137,1.1924440035259294
TEST_06283,1.3138444630944355,-0.9552977525117428,0.11553970064802017
TEST_06284,1.77526106911323,-0.009169198353387194,-0.19107731603490183
TEST_06285,1.127086492427283,0.2077323536060105,0.25034485048645244
TEST_06286,4.514101199294499,0.17190266490167672,0.24053060501573195
TEST_06287,1.691734059851403,0.029349446227007307,-0.15742312465604238
TEST_06288,5.220371937704274,-0.81948478118247,0.345221862923428
TEST_06289,2.9881472687148545,0.3406648287423242,-0.42703469455207965
TEST_06290,3.329894539419727,0.20722073478891073,-0.027623011227374372
TEST_06291,1.2406985254601584,0.16470276600739095,0.229249859089398
TEST_06292,1.6881828576911166,1.1619033268688232,0.7750400213892055
TEST_06293,2.927524893730504,-0.34614208247330136,0.20743820597667834
TEST_06294,2.310553825470521,-1.2943062122416973,-0.18013133732852277
TEST_06295,3.4886381752283415,1.0200742762596962,-0.632353071441793
TEST_06296,2.005868112608073,-1.3332942727918202,-0.1863071809045621
TEST_06297,1.8294987381945393,0.1487320905551849,0.15601500099446802
TEST_06298,1.8109442063741963,-0.5437943022607432,-0.7224217601393859
TEST_06299,3.168613743160682,-1.2320828162648696,0.06716272760024357
TEST_06300,1.7014602430314871,-0.19637601108091507,0.11389798305121784
TEST_06301,3.504812052188752,-0.04825565951640804,0.3468960864855219
TEST_06302,1.2226871525726717,0.1862243979542727,0.28375232321114163
TEST_06303,1.8865927016299255,-0.3756557325988306,-0.2131796253813256
TEST_06304,3.8375235541048904,-0.2268187594665127,0.30057025378873176
TEST_06305,4.207549287971065,-0.41099874338924947,-0.37745895153645787
TEST_06306,2.4267635573267667,0.26438585111750146,-0.09494141757821219
TEST_06307,3.6056293157097916,-0.10672500622304175,0.10284013199032539
TEST_06308,2.595570230389955,1.0123280400851622,0.6308275690334156
TEST_06309,2.9679630581515504,-1.296325004452621,-0.210753542308761
TEST_06310,1.8841308108078791,-0.42567568337918815,-0.07487222890846532
TEST_06311,2.3631506044971524,-0.019548502563822588,-0.06420095434228404
TEST_06312,2.5362023763453014,0.33640109597016266,0.9275264114847168
TEST_06313,2.1917396078123117,0.3024103457553308,0.41151324964526675
TEST_06314,3.0626868968584238,-0.2854067971932331,0.8739240240281718
TEST_06315,1.9644074905353592,-0.03199543185411299,0.04496039290182643
TEST_06316,3.5109620235299315,-1.7051058806409596,-0.6717038607652027
TEST_06317,1.907410090703278,-0.4853095897378736,0.2089928159899224
TEST_06318,3.8051489634808906,1.3244563509823772,-0.7399625186574256
TEST_06319,4.19081135556248,-1.1579023256707177,0.49768933896569373
TEST_06320,1.7162349222915818,1.1422880917514595,-0.2543225287414298
TEST_06321,4.5916366264793504,-1.352584702530597,1.2838509556788444
TEST_06322,3.7232857199027642,-0.08331601382066288,0.6154418169630785
TEST_06323,3.520517974199218,-1.1173382699792107,-0.1395781287870452
TEST_06324,1.8603566106416998,0.0415808729096021,0.2866092902970471
TEST_06325,2.297099544304043,-0.4904813520605892,0.10587010024889847
TEST_06326,2.68604190334694,-0.8564351722225927,0.8298481373287773
TEST_06327,2.854055989888097,-0.7687248959051884,-1.0070607299436178
TEST_06328,5.390298623026755,-2.3675595725919543,0.9239096791883447
TEST_06329,3.377794361760335,-0.30755533781732836,-0.22653799716858497
TEST_06330,1.4650524445094157,-0.6227767102289284,0.10686100269310374
TEST_06331,1.3515096812509935,0.5306088695754191,-0.09899901936283768
TEST_06332,2.0765264772389633,-0.9884383417545005,-0.2675460384492725
TEST_06333,2.3456966305834666,-0.28390270246684474,-0.09366964642219931
TEST_06334,3.5728325191394226,-1.2041717793352658,-0.4765940723081283
TEST_06335,2.3053349112276247,0.5867827421337936,0.38306891461687836
TEST_06336,2.12468859904778,-0.712065373672006,0.06849982145589364
TEST_06337,3.0509199216262757,-0.7160538339518205,1.2362694612108982
TEST_06338,2.2648294809138845,-0.4666606462474038,0.38292516156760376
TEST_06339,4.24559327228081,-0.926538125777697,-0.2607329485148184
TEST_06340,2.9505700628783744,-0.41844828203809425,-0.05618559082481777
TEST_06341,1.11457028638257,0.0856706769961084,0.1635466181685327
TEST_06342,1.7147688020552114,0.050948166668702125,0.5201977259865633
TEST_06343,2.8430811944363454,-0.0759620383078177,-0.14840271309833264
TEST_06344,1.850656232644878,0.3320183563645703,-0.3439668150342062
TEST_06345,3.5765731089948867,-0.8362097866285861,-0.3296296967843203
TEST_06346,2.47370157131419,-0.41252218215439224,-0.6201362410936698
TEST_06347,3.9957567293832277,0.16780338693583896,0.8187266011693756
TEST_06348,2.758095278662757,-0.45155080520440144,0.5260274134419468
TEST_06349,3.3197345580537547,-1.1375388323466242,-0.5955035081105545
TEST_06350,1.52919763104565,0.7801539602241988,-0.3165748840880136
TEST_06351,2.7863146006641313,0.6074237633918167,-0.5636057514873755
TEST_06352,3.3682066716145984,-0.9851250217295721,-1.0181208003143467
TEST_06353,3.913903024631464,-0.711884405846583,0.5896290000042804
TEST_06354,3.414640226232974,0.6601656593275138,1.43636473008386
TEST_06355,1.0163933246167465,0.09934978170549619,0.3261512407350934
TEST_06356,2.106410659729468,1.2750251133228026,-0.3167336323883736
TEST_06357,3.172903204221395,0.914694341269511,0.27282106586277627
TEST_06358,2.7656605892716084,-0.6320526100331735,-0.2698135798900025
TEST_06359,4.832415956625785,0.5773366663306234,0.39429150625678094
TEST_06360,4.05586636329917,-0.1348961859091308,-0.15329886879705729
TEST_06361,3.8172032913456566,0.9638950899907214,0.09334104918848256
TEST_06362,4.257100135388422,0.7353539452832963,0.5965622058015766
TEST_06363,4.03757655945588,-0.13747869329294224,0.719551746616152
TEST_06364,1.999143068842397,0.9708085923482896,-0.2170691310645356
TEST_06365,2.113712416467588,-0.8468449690859463,0.5174478888058947
TEST_06366,2.933713801538412,-0.32338488193607323,-0.17442771781819946
TEST_06367,4.621428235250127,-0.4445843089360476,1.2702190119021293
TEST_06368,4.90092121943126,-2.0161963839436017,-0.6530995927171882
TEST_06369,0.6896113112337816,-0.048159118536080604,-0.11072422625160878
TEST_06370,1.9653519785657516,-0.7010248456158273,-0.20718325020818532
TEST_06371,1.2298931928041816,0.15771412220385317,-0.1387131335941086
TEST_06372,2.026920607768571,0.8827556008549646,0.6696063540878822
TEST_06373,2.477763187369469,-0.41028704797779464,0.47427653874863573
TEST_06374,2.836580607659783,-0.1398021756215731,1.5983483610229643
TEST_06375,2.1171867769650996,-0.20743168454080352,0.10023623793544303
TEST_06376,2.5105584875012537,-0.6098641164681342,0.6548731319408417
TEST_06377,4.127933817867682,-0.9224062561712143,2.216784944308122
TEST_06378,3.561445321836966,1.036038236275754,-0.6346663928700658
TEST_06379,4.36259334179957,0.06196435154714251,1.13445502962845
TEST_06380,2.315415296028607,0.09721026012218763,0.04728128020467433
TEST_06381,2.0939003595320833,-0.0989752161618359,-0.885783258544823
TEST_06382,1.7417860942858652,-0.4288886283007374,-0.3091424644003489
TEST_06383,2.1863340246756287,0.05253794509970429,0.771264161476417
TEST_06384,2.737452054412213,0.1945076540793892,-0.05101508851281486
TEST_06385,1.8512672948414874,-0.22957321942847003,0.5336435546478773
TEST_06386,2.6341480927061363,-0.2714042720657435,0.32978059577092966
TEST_06387,4.502865916071402,0.9606550928007932,1.0991440575358555
TEST_06388,2.4158675204423044,-0.009115758026109887,-0.6606019186419905
TEST_06389,3.5939560333606346,-1.4374912036395098,1.116058469964493
TEST_06390,1.8882767975570456,0.8080865534533193,0.6417337523493892
TEST_06391,2.34663904953232,0.6989855319118529,0.324822194257552
TEST_06392,1.8037554708622456,-0.11155692570604661,-0.08519588138681942
TEST_06393,2.089511486950145,0.5460711262529329,0.5545468167711392
TEST_06394,2.086404009722941,-0.44962423481195096,0.5577406714015534
TEST_06395,2.6424684141459505,-0.4802277018881935,-0.7646497250766274
TEST_06396,1.890401294886403,0.1253222265969094,-0.254861206009868
TEST_06397,2.5317297799530825,1.000714026327088,-0.11095152895099615
TEST_06398,3.212074264285185,-1.6152138246751342,-0.592205319410795
TEST_06399,3.896384881971404,-0.8874927413538802,0.43354897021858213
TEST_06400,4.4105883848148855,1.2780583485001369,1.1390621463634327
TEST_06401,1.6498487373536717,1.054475250970679,0.5661341883269797
TEST_06402,1.4790993703518338,0.15567003973398658,-0.3585184654970041
TEST_06403,0.8604438101760558,0.22905852127441187,0.3636455266151267
TEST_06404,3.2662351208813667,1.2457835679220075,0.23045372603225484
TEST_06405,2.1061436067009702,0.23902105994940115,-0.14255077480563338
TEST_06406,1.195430238104325,0.05289353360866156,0.10255654639862297
TEST_06407,3.8774389929291924,0.012219470801352439,0.009440294711466016
TEST_06408,5.342656156531559,0.9715353923236242,0.4329778555689059
TEST_06409,3.915477086585219,0.19884146716040849,-0.32424364284259305
TEST_06410,1.5217685084485564,0.47550385428652836,-0.20864142615738523
TEST_06411,2.165714634622749,0.4338704891654047,-0.7781426102992841
TEST_06412,1.1219277093717481,0.1299016471496489,-0.0067574759152474306
TEST_06413,2.025358303818754,0.39657634752771365,0.24637888768416288
TEST_06414,1.709961752380965,0.8360313887408416,-0.06583613605985261
TEST_06415,2.8074276630408246,-1.1390838641762666,-0.31948968975251396
TEST_06416,2.7883703614246005,0.46561707444184447,0.6235844536439226
TEST_06417,2.44778830569036,-0.6262275564465299,-0.5017452211834711
TEST_06418,1.7875887529881658,-1.0394728499163695,-0.3093319118081595
TEST_06419,1.7986291615596872,0.43689986447453816,-0.423846029036956
TEST_06420,2.993943159794206,0.6715242181251155,-0.1541617889461259
TEST_06421,2.790101352032991,0.2814904011320089,-0.633918098414306
TEST_06422,1.8130573660980454,-0.22667658070628252,0.29327137834673744
TEST_06423,1.4164041973591297,0.009203004296539995,-0.12708571835687196
TEST_06424,1.0015360472222483,-0.2666882038284226,0.057833065791960285
TEST_06425,3.5750184901405975,-0.8320120678990203,2.0620555224573427
TEST_06426,2.155859043179288,-0.3978527248501206,0.5534009247474798
TEST_06427,1.6958279114996335,0.4225686964346086,-0.04465635422755318
TEST_06428,3.3009916719976236,-0.015544805043382742,0.3781922216983305
TEST_06429,3.259183447206334,0.6658646909826704,1.005186636932459
TEST_06430,4.345784375197283,-0.02951606657681221,1.2086876849111288
TEST_06431,2.5674268820252517,0.18371733769427806,0.07891043149698013
TEST_06432,3.3651814119296577,-1.009272778312925,-0.9559373427642437
TEST_06433,3.210884796531149,-0.8133755861251583,0.9387265948569691
TEST_06434,1.444492986716084,0.007507416489458801,-0.09321673333746106
TEST_06435,2.0477389480369523,0.451811931814821,0.1675615256511018
TEST_06436,2.393499734402135,1.365353978881867,0.29539936872759714
TEST_06437,2.0389332951769243,-0.7838928177545141,0.5143456250754811
TEST_06438,1.1031025290347218,-0.4977341071778784,-0.12371715466625342
TEST_06439,5.076854231306526,0.8898212683830633,-1.1254814799895716
TEST_06440,3.865735874023808,-0.5922424724165295,0.4250154848005656
TEST_06441,3.768331197041547,1.8549186092895416,0.5690851606085496
TEST_06442,3.623349730345139,-0.4640815065648004,0.5982408020277219
TEST_06443,2.5962141741145066,2.222798054335201,0.8011032515401519
TEST_06444,2.914849515787672,0.21856999141724093,0.28345504529960613
TEST_06445,2.0344687587417654,0.40540475308438106,0.4653980653645576
TEST_06446,4.984122140761585,-1.1291213780532872,0.4497101954294662
TEST_06447,1.900686690228414,-0.23555701433183315,-0.0220823573334307
TEST_06448,5.031471571325288,-1.9414016902586042,-0.6632335569877417
TEST_06449,2.699093396011086,-0.3334174919098384,0.33708229412575996
TEST_06450,1.5894123777301834,0.5395157136070124,-0.16522703971739908
TEST_06451,3.697851377316121,-0.24881659091445368,0.1598639192354591
TEST_06452,1.5741468074558957,0.757918897158556,-0.5105059885243757
TEST_06453,2.533108917682436,0.08920427630468461,0.49083013828891026
TEST_06454,1.403510375936503,0.07858746073310292,0.41832417887668655
TEST_06455,3.079183032604791,0.23550652673506162,0.19824773818485933
TEST_06456,2.4735192453221737,0.5719638641626523,0.9617169529126983
TEST_06457,2.3785728249616636,1.444435027049158,0.5285046416106863
TEST_06458,2.3113155110487975,-0.6306097032672674,0.6523602893013087
TEST_06459,3.352303246321462,-0.4977430575311967,0.5271667405788795
TEST_06460,2.6555146749381158,-0.519307164985826,-0.11115922111895736
TEST_06461,2.4560111553996036,-0.19263067267625023,0.7202807669459568
TEST_06462,1.839657497540211,0.7165101822084109,0.39586648803308233
TEST_06463,1.9680147456524846,0.7129951267278962,0.31058576919277503
TEST_06464,3.5731323898445884,0.0021124302953904215,0.14214374361958995
TEST_06465,3.9704701167084195,0.38207088960993885,0.472978235936025
TEST_06466,1.409438126335612,-0.3624772009218634,0.09883897490907298
TEST_06467,1.823865960153548,0.49164700243201465,-0.05127781627026694
TEST_06468,2.4586965644992933,1.0951678173535575,0.3518581247215701
TEST_06469,3.8522752231775996,1.149137115245112,0.3745403587708948
TEST_06470,4.069685339928457,0.05405253067402923,0.9061881974971372
TEST_06471,1.4194950769389558,-0.7228683559355678,0.3804060050139801
TEST_06472,2.6302806487246047,-0.2270013016963305,-0.8918229894903084
TEST_06473,2.776261257582029,-0.04806041735317864,0.6556287792437249
TEST_06474,3.162887264684755,-0.3306940243780495,0.5334623360684575
TEST_06475,0.9837469744389639,-0.21192842453278277,-0.0237995135270941
TEST_06476,1.5129279496937755,-0.06341471831610179,0.35768970063700617
TEST_06477,3.655878881601979,-1.5069861583068276,0.5977579878490997
TEST_06478,1.5195407988888092,0.5214172085437551,0.07369426186593002
TEST_06479,2.688142477022025,-1.6106699711204429,-0.9044629799559317
TEST_06480,2.852445377228231,0.19609939537961643,0.7097852801396041
TEST_06481,2.665739898790425,0.34843154081633976,-0.2519528394918903
TEST_06482,3.782681918306104,1.6015932853275339,1.6273145032503278
TEST_06483,3.9327494032077857,-2.127796783014327,-1.0449720601317338
TEST_06484,2.214424244352402,-0.1736753178333976,0.830266552206613
TEST_06485,2.6522616944631436,-0.29472734438209836,0.264296718944387
TEST_06486,4.365298437358847,0.14130494494645812,0.18522211015231976
TEST_06487,4.884234438587893,-1.300938155447582,0.18459982447222148
TEST_06488,2.8428666801871088,0.6949304920116041,0.47401830327221944
TEST_06489,3.57336379937058,0.0296087867831016,0.06625993981466399
TEST_06490,2.3316638070741718,-0.028700030186747497,0.0544863385768782
TEST_06491,0.7917446625873448,0.11964907819585038,-0.1295559736239601
TEST_06492,1.7656360593280012,-0.656017433257514,-0.2642510237566055
TEST_06493,1.6377022699625745,0.2590185058275649,0.15960365207458613
TEST_06494,1.3196675896416685,-0.519961890334697,0.09050069830887532
TEST_06495,2.6873494965525557,0.9389235714485782,-0.7800589818203034
TEST_06496,2.1200200030787113,0.3563161775270112,0.05154311539047042
TEST_06497,2.371579874092642,0.3718305750601818,0.08700737032209073
TEST_06498,2.2307990166065395,0.372264576307101,0.30613533275700106
TEST_06499,1.56445373690214,0.3326603604024237,0.29711936535152783
TEST_06500,1.947062351897813,0.45888882518328167,-0.3684973220676391
TEST_06501,2.708979511866511,0.045198760295161275,-0.0685265075655517
TEST_06502,1.4789968287643078,0.010833389558884562,-0.18744036011661552
TEST_06503,3.5207731698505653,0.709742379948694,0.020911039939629582
TEST_06504,3.880110891146039,-0.262084359165152,-0.06372255650654005
TEST_06505,3.891976976021093,0.661482913998607,0.5993272793850143
TEST_06506,2.5699254259790214,0.18433463352275814,0.02042212820518145
TEST_06507,3.7106693474705685,-0.2948717249411437,1.0181750510573524
TEST_06508,2.9260959550395125,1.2513915887793157,0.09116830177657823
TEST_06509,1.0531658759977136,-0.16143927391996662,-0.19664425155111134
TEST_06510,1.033911226269294,0.20000264156681277,0.030375789502748673
TEST_06511,2.6796360924401537,0.0034064800472247535,-0.06662112563868448
TEST_06512,2.121282221558269,-0.1320733605169203,0.36798023980917605
TEST_06513,2.559355087320814,-0.6375419535941214,-0.7176286282369474
TEST_06514,1.4266998960938018,-0.20342506840796054,0.25400341393902537
TEST_06515,1.5822917690066287,-0.6194828267090443,0.3124156718011842
TEST_06516,2.858550882826951,0.4177018163643895,-0.06613635529080139
TEST_06517,3.3845506546588906,0.6512571942807243,0.3207109647801435
TEST_06518,1.7413152650154327,0.2097358569757818,0.2014162271380936
TEST_06519,5.65296664706138,0.4446460384665887,1.2970247194080335
TEST_06520,4.36732111626685,-0.3612010540581754,-1.4672272102414463
TEST_06521,4.394122468929523,0.7996571080323707,0.20607958710384694
TEST_06522,2.569102566395205,0.08265956610623779,0.05401579676647043
TEST_06523,1.9751271130969053,-0.7035439959227777,0.2501720078732099
TEST_06524,2.8392680188207136,-0.32794641689601944,0.0069377640359779
TEST_06525,1.142934185944258,0.05005309154600836,0.24798423201675016
TEST_06526,1.7581165208660543,-0.2219533556300363,0.048253581359317274
TEST_06527,4.34833838951708,0.6002997619122818,1.25103328621459
TEST_06528,4.203436535518659,0.6148211672865114,-0.3702181145799447
TEST_06529,2.8091906899694545,0.64954288857185,-0.17374425964028278
TEST_06530,1.4147308409336525,0.08514618209040645,-0.119425749462117
TEST_06531,0.8857055501476521,0.06008752547822586,0.04390509658823693
TEST_06532,4.231606276316561,-1.0342328588784426,1.4594264025622647
TEST_06533,1.6511021250764308,-0.40169499011646037,0.34230390899715285
TEST_06534,2.1288288210456563,-0.47082088599948224,0.11776415420018851
TEST_06535,2.1467068046593094,-0.13260986649587594,-0.09135071524078084
TEST_06536,2.0848664918336888,0.5983163339787505,0.8982279285275727
TEST_06537,3.791023084886855,-0.008358367288475863,-0.3056447475774549
TEST_06538,5.057646588876958,-1.3265102098893393,-0.2077391291247426
TEST_06539,3.0851857391559125,1.2528624523444252,0.06294202450069393
TEST_06540,2.281457935944714,-0.35030911976531565,-0.8486865192986818
TEST_06541,2.332484005076943,-0.009219353068370219,-0.6430409847287814
TEST_06542,1.245906854199128,-0.027693580421925146,0.10931486945823181
TEST_06543,4.218669391300994,-0.9647716342083155,-0.9989950970743616
TEST_06544,4.407765630114839,0.4246396893471722,-0.8816740811409023
TEST_06545,1.9915053709661201,-1.7472604516795993,-0.9182080037411712
TEST_06546,2.1737353779053845,0.511494083230494,-0.7141881323037984
TEST_06547,2.1755065343288305,-0.35811048873286644,0.29074679681506554
TEST_06548,2.9234245724458785,0.3908849655008841,0.43663875033828076
TEST_06549,1.8359816445672938,-0.3407632121080348,0.5408381149512359
TEST_06550,4.643843734113571,-1.1710687760405982,-0.7525783964674091
TEST_06551,1.9725441630636869,-0.363841673062085,-0.15889552478854083
TEST_06552,1.6915876902376008,-0.16037685747008026,-0.14576303827045572
TEST_06553,1.921946408500095,-0.23013502690454787,0.28938887824785187
TEST_06554,2.305114959890381,-0.4107304842341568,-0.0892989260862961
TEST_06555,1.9838875637966482,0.5383040072589307,0.7049486197822614
TEST_06556,2.9619474835585877,-0.4538895069803697,0.2905940751584086
TEST_06557,1.2793439629655952,-0.022309596941673632,0.37360366293977976
TEST_06558,3.108570593281092,1.7652579957232621,-0.6290007861494177
TEST_06559,3.5655915396794375,0.976796194392379,0.57792367420292
TEST_06560,2.859236327870801,1.6986973851821785,1.1977059689078093
TEST_06561,3.3851515563718655,-0.35427738193971026,-0.4471669559689352
TEST_06562,2.481109941169342,0.14389112617804056,-0.00875725096809372
TEST_06563,3.901005646330962,1.294765870784505,0.6823720116373463
TEST_06564,1.7926546985321086,-0.41182566132846893,0.5805061191815752
TEST_06565,2.9316380221762595,-0.2127532874322632,0.6220262377681985
TEST_06566,2.203112981423434,0.30499270172467385,0.42015229455975606
TEST_06567,2.841078201544059,1.3217820889325642,-0.732632322465284
TEST_06568,2.2338395884620064,-1.3737752999052752,0.4869120593329806
TEST_06569,2.984852529955844,0.24194635500420186,-0.23102989190045722
TEST_06570,3.3857092943116567,0.3088479383637598,0.4754188583561733
TEST_06571,1.4096026281943417,-0.44589155968025196,-0.262338948131349
TEST_06572,2.067957624243876,0.03340416862317358,-0.8476609160880869
TEST_06573,2.6327534265719694,-0.15442094881732538,-0.069633036140945
TEST_06574,2.202347429457969,-0.6545748433443316,0.5052749789160939
TEST_06575,2.827515035841734,0.11228388464194965,0.8709879540265073
TEST_06576,2.620544544065028,0.9498618564613343,0.07197461940407837
TEST_06577,2.8671258869322087,0.24911052150936797,0.5879664881580169
TEST_06578,5.660203118407772,0.2093740130818536,1.567717827847713
TEST_06579,3.0836227805960994,1.1918432079890282,0.7981011230693041
TEST_06580,1.7913206343852723,0.22832284974328557,-0.3114409551995971
TEST_06581,2.594688989129156,0.2211383606829616,1.0224004605001729
TEST_06582,1.1983236428417983,-0.2380452956717864,0.18161066168904533
TEST_06583,3.5928560474642888,0.31453769286281047,0.0036390796019244893
TEST_06584,2.8792275202991386,-0.27134041691465444,0.7223216672774955
TEST_06585,5.41279912455796,0.672183455200048,0.8449488015970823
TEST_06586,3.1012918308575212,-0.4242556707094597,0.5960653347943982
TEST_06587,4.075916401677044,0.0321011673623272,-0.8053213991373743
TEST_06588,2.159220257712505,-0.6049783374172083,-0.30052583022918944
TEST_06589,2.835899326455745,0.9092388239562216,-1.0641516128336685
TEST_06590,4.521401330110373,1.1447796385847662,-1.0054172341495606
TEST_06591,2.141411331379877,0.14889315589077817,-0.17024525226445475
TEST_06592,2.1870872195687396,0.09855002446828073,-0.809484397842949
TEST_06593,2.509710259167322,-0.7035700257637045,-0.032713831364722216
TEST_06594,1.6745417584580833,-0.45186459181552413,0.2323034157137038
TEST_06595,1.098951594530872,-0.2289772395139657,0.24443427434763973
TEST_06596,2.879618663257003,-0.354831082813191,-0.6945180952117607
TEST_06597,2.0763925406415873,0.1377103336032625,-0.37735701895758483
TEST_06598,1.3739491905605665,-0.0956238581930608,-0.2806844817663899
TEST_06599,5.352616491611659,0.2702948036033881,1.9784878564138761
TEST_06600,3.0857744586910423,-1.2779379896341025,0.26996632882576216
TEST_06601,1.940044141158706,0.2611841285469964,0.6074083674503147
TEST_06602,1.9957227096280135,-0.8338935505119031,-0.5061849454617994
TEST_06603,1.9392931755061225,1.0936076571692177,-0.8771802558651998
TEST_06604,2.6081194499283264,0.6301673187285391,0.9178950459748793
TEST_06605,3.1064202245847556,0.3720337534948141,-0.23265763595060274
TEST_06606,4.86595393391712,-0.4360631689062947,-0.5395990993848212
TEST_06607,1.6837177847034992,0.4979925243279173,0.026220740418411822
TEST_06608,5.632125639238696,-0.47309033817330415,0.25496139116507033
TEST_06609,3.4226261737515293,-0.09961453932219969,-0.2674071401655623
TEST_06610,2.7320602212312597,-0.04760336158526564,-0.3802895862452631
TEST_06611,2.203134331597268,0.02703661782018834,-0.6883055939432337
TEST_06612,2.05826689031927,-1.5694177768828936,0.9621211158708408
TEST_06613,1.64929682086729,-0.3771659946169309,0.2690202726581438
TEST_06614,2.6740289745515216,1.0491291210355536,-1.0479414075380218
TEST_06615,2.9857784106948797,1.171337554889097,0.5295546496999115
TEST_06616,3.238480011854229,-1.1106345983491148,-0.3363847823758073
TEST_06617,2.7641906747467266,-0.9071955503171613,1.5258527143673906
TEST_06618,2.037872500629856,-1.1084075256226251,-0.6734409645456076
TEST_06619,2.7341115233353706,-0.48533090396740947,0.37292937018541367
TEST_06620,1.6232288830616493,0.4271155218495507,0.4488895118309867
TEST_06621,1.3401771376712166,-0.12545158472245535,0.17318995607827056
TEST_06622,1.8058842905742423,-0.39175844307605673,0.2438117771945335
TEST_06623,2.9922200661845295,-0.5203021691125266,-0.19195957091847093
TEST_06624,3.185088736256894,0.13194713707194067,-0.21855377098077103
TEST_06625,2.943437956712182,1.3735470058536658,-0.8863256105472282
TEST_06626,1.074159023469924,0.2057423687928265,0.282856333907585
TEST_06627,3.534111613196098,0.20134225552215598,1.2335134541835546
TEST_06628,2.3095063645033895,0.07833779023327693,-0.17922027149080044
TEST_06629,4.1915609674210526,-0.9576926513217883,-0.2745064626175916
TEST_06630,1.9645591811379708,1.4828505777372047,-0.6757831785452248
TEST_06631,2.102295790008626,-0.0348141784264968,0.04048918087995406
TEST_06632,1.3579307043063702,-0.6477908973923951,0.7069942270522499
TEST_06633,2.3480292577188866,0.36067670968181265,0.5106316023956067
TEST_06634,1.221421936777688,0.15510452869682337,-0.26816131282362077
TEST_06635,1.2238701737481577,0.23916918395876627,0.37406786220475713
TEST_06636,2.429339041616396,0.4351782288316125,0.9453043529212399
TEST_06637,3.587852701600481,-0.7622214090965367,-0.38131892748773366
TEST_06638,1.9849625969576725,-0.4862861710850888,-0.1945228312856697
TEST_06639,3.841948390395442,1.0489512998074424,0.23081850330617434
TEST_06640,4.598819949344754,-0.029123277227116495,1.4446008916224147
TEST_06641,4.770345198875129,2.086758412671522,-0.8375335459565455
TEST_06642,3.9619764656001113,-0.7781504045132825,-0.7595977301541681
TEST_06643,2.705958651019005,-0.37053271841150837,0.6767048013427197
TEST_06644,2.822231126234561,0.6552614464513659,-0.47656479001047214
TEST_06645,2.2062372029808266,-0.8645138272353283,-0.17073969966534208
TEST_06646,1.512677728455475,-0.6655398402265119,0.40022536618712834
TEST_06647,4.6999824877106935,-0.7487836061332753,-0.9868146523488907
TEST_06648,4.447589103438189,-0.3833279030577503,-0.030895982990059682
TEST_06649,3.1438031598723395,-0.09831452876066475,0.304360644291194
TEST_06650,3.3215556978154934,-0.0841989997543028,1.1923938966063474
TEST_06651,2.396703929399059,0.17153079235699578,-0.007834103515889767
TEST_06652,2.5241124264340855,-0.32025186189615845,0.7520503728688137
TEST_06653,1.2721711034376524,0.4814200877773153,0.038950720608490114
TEST_06654,2.0309214459245193,-0.33295068914608744,0.9255308996650154
TEST_06655,3.706883661969393,-0.09303736050934133,-1.0934174590428338
TEST_06656,2.8371853530328446,-1.0039381364576305,-0.7462882538630038
TEST_06657,3.744714391510341,2.0688601049699016,2.2629747447411015
TEST_06658,4.746951996912506,1.4865041330685438,-0.7594434499357018
TEST_06659,4.197797359589298,-1.3322758165108284,-0.18113460547739924
TEST_06660,2.0732469006200076,-0.9597794542928644,-0.8414073856901207
TEST_06661,1.8803009602347898,-0.3544677030193974,-0.16544573379336833
TEST_06662,1.6560030590889356,0.32329065088795056,0.047580289946710985
TEST_06663,4.4766673872341345,0.2706040557864902,0.8302466912749306
TEST_06664,1.6001876830908535,0.6660829970968208,0.26767429437529217
TEST_06665,4.205345306955631,-0.2804695763218236,0.4979271069552152
TEST_06666,3.182658577964305,-0.543335933983777,0.7070470076657502
TEST_06667,2.623075850742243,0.76226288873026,1.0052602208787447
TEST_06668,2.6781877716520537,-0.7398373252857019,-0.00919974587108692
TEST_06669,3.7985153015061504,-0.6036840744595542,0.600377499830965
TEST_06670,2.6339794092806668,1.3663646604842257,-0.7459837129926634
TEST_06671,1.8377811825807087,-0.6057556312922894,-0.3499774899317941
TEST_06672,1.4635027877312226,0.20747314983971132,-0.13281971190325484
TEST_06673,2.6894777694919623,-0.1363696207058458,0.49921357818885403
TEST_06674,3.637953596316426,0.07961977647229528,1.1298179653697737
TEST_06675,2.0650871017992487,-0.33449701827387107,0.33849286156557185
TEST_06676,2.7746140570387996,-1.5928299989802488,-0.5029583609176689
TEST_06677,3.147366727261395,0.34770025540739263,0.8610132954200481
TEST_06678,1.4300465557229376,0.13500206942257617,0.12740318816020904
TEST_06679,2.7024675605466153,1.1609866963226354,-0.33662715089358475
TEST_06680,3.2050507502463343,1.2439192104949317,0.18997266800255874
TEST_06681,2.6271273064375897,0.8339247898245972,0.49228121764797844
TEST_06682,1.7780217790022848,-1.1243513030110375,-0.34351583240473166
TEST_06683,2.3532263282412074,-0.47408660869145985,0.866474294452641
TEST_06684,2.0099729504371506,-0.2843912725985296,-0.2693251566853554
TEST_06685,2.622765229431757,-0.23647429420908883,0.5077744009101868
TEST_06686,3.3837911586519978,-0.5585903291535261,-0.7832246662946704
TEST_06687,3.1856479673058757,0.3929571161959749,0.35221789281655014
TEST_06688,5.720116444891956,-1.4108922686596503,1.2627230928526776
TEST_06689,2.475105015133779,0.4877771092890515,-0.03791761872981725
TEST_06690,1.3621701091373004,0.18749156801221348,0.15414030065283016
TEST_06691,1.4237484124976238,0.043901640368665056,0.15174173198776128
TEST_06692,2.540519554775925,-0.9362360859158115,0.17455188646807895
TEST_06693,2.913707229517967,0.22132688912028808,0.20894685984651204
TEST_06694,1.4210970569189052,-0.7584467298702163,0.5951397010374487
TEST_06695,0.9052658476039748,0.2867919672105578,0.23640099850449273
TEST_06696,2.738417878441327,-1.5028012755469053,-0.08959953220468447
TEST_06697,3.779241735149074,-0.05155076716205973,0.5210068168918851
TEST_06698,3.146871928843883,-0.4502736256744095,1.2649799692904284
TEST_06699,3.957435424407307,-0.4770421441597973,1.1538831085343648
TEST_06700,2.354393017700526,0.0019055691152965234,-0.236265450935991
TEST_06701,2.7475292552301513,0.10788655924781337,0.8624293059023815
TEST_06702,1.2668176353051686,0.01075330165744544,0.43112771515348725
TEST_06703,3.0963931412455667,-0.09429082531030042,-0.4030352193961952
TEST_06704,2.746740452531743,-0.17008729101440992,0.20921804614790235
TEST_06705,5.288738597369706,0.3162243051865237,-0.4631089374934044
TEST_06706,1.9010183791486834,-0.12522638755088708,0.21181029763694306
TEST_06707,3.271826386233772,0.516963817047462,0.497659915720057
TEST_06708,2.5507745318997754,0.4265321726680568,0.21521087355255378
TEST_06709,4.503054157517993,-0.7278866803488656,0.04136113147388821
TEST_06710,4.136391493237336,-0.033923288538972515,-0.5280202049797857
TEST_06711,1.9909285709112157,-0.9578430850865425,0.13143436701840344
TEST_06712,1.974620926530657,1.211588497227957,-0.8772597295776752
TEST_06713,2.6945662050957613,-0.039203922252698704,-0.25573777823699373
TEST_06714,1.2672319214906034,0.16609017166611958,0.0396166786378214
TEST_06715,1.0615429194878077,0.09733491139575601,0.2562251380314084
TEST_06716,1.447243634061285,-0.3216269347465798,-0.21336023074819177
TEST_06717,1.2327455106646015,-0.28686131996377207,-0.1738564293830463
TEST_06718,1.3946376019749018,-0.5961312113898061,-0.27347467993256863
TEST_06719,5.385874874760505,0.7320463876018654,-0.09135535698959582
TEST_06720,2.5953529517161273,-0.5782301068652066,0.41280800465623707
TEST_06721,4.682857580202614,0.7079140578718518,-0.04769975339159463
TEST_06722,4.66360014264119,1.3924062144619707,-0.5057585169749043
TEST_06723,1.7261156112098872,-0.12174488214500868,-0.09626024755958477
TEST_06724,1.5142414471085752,0.5246735094793485,-0.27741584804685165
TEST_06725,1.3066231950302225,0.640317553995427,0.3605234566207395
TEST_06726,5.239808822727341,-0.4255706363539931,-0.2466615988586656
TEST_06727,3.0142319163924505,0.3889516836533707,0.4665816253682722
TEST_06728,5.597383126186791,-1.6167727559392622,-0.8916889424412715
TEST_06729,2.3652419005134493,-0.26744922087213263,0.008454193637038867
TEST_06730,2.8635713466462462,0.5949603034587766,-0.15519274839532912
TEST_06731,1.2314935343077957,0.0934954812357119,0.1990387918182762
TEST_06732,4.201764967764739,0.1127749550690335,0.3710181037542203
TEST_06733,3.062953297132818,-0.3509765397025514,0.5452397383329366
TEST_06734,2.415870488364782,-0.25935883757241013,0.3087824443301697
TEST_06735,0.9136330712199874,0.2492227503553819,0.037434249168975656
TEST_06736,1.6909072108420355,0.11540041352955421,0.4319666810226815
TEST_06737,3.4716705820249363,0.22190830620129912,0.7617782055932358
TEST_06738,5.437295266858418,1.1798362747293385,-0.4610397603336626
TEST_06739,2.5098341054376854,1.319323151763265,0.0670374598848867
TEST_06740,1.5531292457113517,0.1226113482914328,0.30930088392510063
TEST_06741,1.284928438642238,0.02615280422302948,0.20966089510123184
TEST_06742,1.9632390248690206,-0.2594092969850905,-0.674995529349715
TEST_06743,2.9641825006462197,0.7496449880902999,-0.7485439814571548
TEST_06744,2.3170292227285727,0.15779835279739995,-0.5221819179874202
TEST_06745,4.522685730158904,1.8107889304655556,-0.4736349347652908
TEST_06746,3.2430316164364403,0.8567025506705336,0.5901143244170666
TEST_06747,4.696008932790651,-0.43760966931397094,0.028991945635506885
TEST_06748,2.5274519894792054,0.4391734527810139,-0.34967997355305486
TEST_06749,3.5473468280507823,-1.581221970629563,-1.1760316818794847
TEST_06750,1.1668640093724636,-0.2518560180766105,-0.04806482457968217
TEST_06751,1.2072608427685698,-0.9018052649891096,-0.06682695981012816
TEST_06752,2.7302114499340875,1.4748509144015898,0.6229432418980324
TEST_06753,2.264660998063515,0.45363368077420574,-0.40500657949406754
TEST_06754,2.2890645087275048,0.28663587708677146,0.08880438374737713
TEST_06755,1.8940158383325183,-0.7032110891052636,0.5088690936211892
TEST_06756,3.1487845718392666,-0.7668886540411226,-0.3770246751380225
TEST_06757,2.12799288460922,-0.039969554911480895,-0.2608025176063352
TEST_06758,3.3523145311722433,-1.3504995755930438,0.741501732983149
TEST_06759,4.561270661250391,0.20147679412778222,0.8951376050825892
TEST_06760,3.0928766005309867,-1.565618353864821,-0.5767795031908267
TEST_06761,4.28702033950338,0.8762318550534763,-0.7360502643569693
TEST_06762,3.984916498733799,-1.5405276831321906,-0.9394447679022132
TEST_06763,1.556643135117181,0.1334141002210193,0.6992894610834535
TEST_06764,1.7648848962301424,0.004455299888014077,-0.0438066332171303
TEST_06765,1.460383961407,-0.07309334279901455,-0.3353042714495159
TEST_06766,3.683392750344916,-0.7441962562897659,-0.5821082834591261
TEST_06767,3.79054116974405,1.3401631025013083,-0.9324539613099152
TEST_06768,4.877651442660054,-1.672617792773312,-0.12068436514736434
TEST_06769,2.480591779734116,-0.04779537229122522,0.0036206744045659827
TEST_06770,1.0762183133135772,0.5970764096653232,-0.24656608374629208
TEST_06771,4.094649553040985,0.15533762887901625,1.0839633240882853
TEST_06772,4.721143522220004,1.1102929394548797,1.0987115532387948
TEST_06773,1.3553453194255072,0.42179422277858086,0.35819945915195883
TEST_06774,3.318269206475077,0.9947062175447066,0.939102297974446
TEST_06775,2.8460607252682455,0.5846313734738462,-0.12553545627151622
TEST_06776,2.2547066176351,0.2600619294630349,-0.19837515370128064
TEST_06777,1.4979718982292278,0.5015056314833757,-0.35716669989142136
TEST_06778,2.5549970251396354,-0.21800530392456133,0.13428775444384106
TEST_06779,4.268162230023132,1.3075320435327296,0.9147560240633636
TEST_06780,1.4556629361043407,0.17743640608189898,-0.009916375746618284
TEST_06781,3.07833141431072,-0.032405072484248516,0.1314662367146527
TEST_06782,2.251113505978608,-0.0873752810017113,0.08279297687644538
TEST_06783,3.869534943085993,0.12509652238843108,0.8702281985979563
TEST_06784,3.1794752699875155,-0.2626500145343162,0.05920243716847161
TEST_06785,2.3940218253600514,-0.280522695541463,0.05282253388949686
TEST_06786,2.5782194328186425,0.046736379479416494,-0.02977766545682655
TEST_06787,4.542273503103111,0.8003500195544893,-0.31314018379043507
TEST_06788,2.0066370109347242,-0.6179627191285547,-0.338173925518996
TEST_06789,4.6653524772237756,-1.1210940194437242,-0.372995648866256
TEST_06790,1.6507042343521374,0.1281608207008755,0.5489581742638783
TEST_06791,2.415745657322645,0.6613337411237679,0.012114760314175339
TEST_06792,3.2028081689538266,-1.567783014494144,-0.8614467271239997
TEST_06793,3.3584961064600938,0.9957618789254099,1.059989714665724
TEST_06794,2.3856037497531606,0.342382341599208,-0.04401947074411753
TEST_06795,2.533915382357436,0.824706695951839,0.5195679361953887
TEST_06796,4.520157931629681,-1.624190640925479,-0.419459542279335
TEST_06797,1.8412634626858582,-0.4173794567916102,0.5267182936750476
TEST_06798,3.660033362542256,-0.6992426985490895,0.9790783243514158
TEST_06799,3.9490511245373563,1.8158468241516104,-0.4279015203386732
TEST_06800,2.6017621097246764,1.5518471366816333,0.6717489275737827
TEST_06801,4.46216314049128,1.6667874183644478,-0.03593775648560957
TEST_06802,1.766085333510766,1.1463508528393829,1.0696813702673187
TEST_06803,1.9143295872219166,0.7656398762141557,-0.14587881587059312
TEST_06804,2.19552424828592,-0.09054657613382916,-0.12393647993200246
TEST_06805,2.875765910422135,-0.3651249928623043,0.7725384528053674
TEST_06806,3.788580044827386,-0.4485397493885492,0.2698598551131168
TEST_06807,3.7597867054562664,-1.413123897675642,-0.9009339664516606
TEST_06808,5.663437069903551,0.1081435490962264,0.12348875416736564
TEST_06809,3.17232763817593,0.21638445893475322,0.22085464237991884
TEST_06810,2.739735141212073,0.1724314170085161,0.15877466356046432
TEST_06811,2.4705745736832387,-0.19671453798694027,-0.16628103593467813
TEST_06812,3.064792950120485,-0.10351920325385296,1.2120038206819563
TEST_06813,2.556368533773662,0.04222120068290368,-0.3936454813959314
TEST_06814,2.78164896811696,-0.013018511280066244,0.6564276400641442
TEST_06815,2.294877625181655,0.46722923716312675,-0.10803231445065944
TEST_06816,2.9826129577167633,0.5155793563209388,0.9183159404826632
TEST_06817,2.5029760183565095,-0.7328173058561704,1.3247879673097254
TEST_06818,3.385823874229965,-0.9379944589081282,1.1703116372496962
TEST_06819,2.4030448858933795,0.687643053038384,0.28996361196687953
TEST_06820,2.389210823210318,-0.3615103295589713,-0.07717022208827538
TEST_06821,3.0680264608577836,-0.11259392499931786,0.2222464377673106
TEST_06822,1.4937759220546156,0.8155438070831483,-0.05773700386793934
TEST_06823,3.547136210925537,0.41407850188537054,0.8330998187016554
TEST_06824,1.7090404976289981,0.2756516520173418,-0.1537986906258713
TEST_06825,3.3566618433222386,1.3877862297885155,0.11606777032953419
TEST_06826,1.4201961757818642,-0.13708355848704432,0.46163237441227833
TEST_06827,3.2216310856928034,0.19792481776768808,0.45863632464803294
TEST_06828,1.3985967441997256,0.29127474343163556,0.18133693331110767
TEST_06829,3.77425151201676,-0.15053762734955906,-0.9002467147503741
TEST_06830,3.8980041397929215,0.29640615223922134,1.23145720631571
TEST_06831,2.785882574302592,0.9566407078966555,-0.3036278356488201
TEST_06832,3.4686014255192346,0.22548047067783003,0.5690104501742229
TEST_06833,3.8172318598698367,-1.057207920792152,1.276738172180706
TEST_06834,3.131234340239722,0.01893746725499141,-0.5165843863633207
TEST_06835,1.0179426358219958,0.3492212754918694,-0.034805663794152626
TEST_06836,2.7448750763368976,0.17785430710832034,-0.14098605102260042
TEST_06837,0.991427003356738,-0.013777696222580064,-0.13885753748176274
TEST_06838,2.378139408288318,-1.171966486251114,-0.5485870880898454
TEST_06839,3.8959698869021535,-0.5383829199105951,-1.0066646711941643
TEST_06840,1.6386908856680926,-0.31754962751381577,0.3091021482482403
TEST_06841,4.550042718994038,-0.7602759238151273,0.9607492563471826
TEST_06842,2.023752386003433,0.02065625053289786,0.08667341561981022
TEST_06843,3.2174700063722033,1.0258947806085754,-0.7976531241001505
TEST_06844,2.0379327066723842,-0.7817904830906072,-0.5694270627539976
TEST_06845,1.2369211904839728,-0.46928822269402803,-0.09941132586983217
TEST_06846,5.067966805118173,0.6239256040113623,-0.27414483401134576
TEST_06847,4.027778655079713,-1.0894067827605387,-0.7420863980027137
TEST_06848,4.546999405988585,-2.262109439715257,0.8205576388179762
TEST_06849,3.385643800406731,-0.47009514921501167,-0.3145551074498633
TEST_06850,3.095669907200456,-0.050183436139553096,-0.5720268722032356
TEST_06851,1.1391422427536348,-0.3020722416178706,-0.01912879223353322
TEST_06852,3.498573508874676,0.0018290439035038093,-0.8474971067472871
TEST_06853,3.019817434451718,0.3329747993033575,0.38347531499478205
TEST_06854,1.6624680641729093,1.2338272176728293,-0.63907397102179
TEST_06855,1.78687749633694,0.13636021611893312,0.4388107521633161
TEST_06856,2.8239936069408182,-0.05048314794669885,0.7426345189438415
TEST_06857,1.9678666805136682,-0.36884994552248695,-0.11411993827180604
TEST_06858,4.831749340963595,1.163906440676136,1.4107504912077675
TEST_06859,1.2136639677972625,-0.12046009395864066,-0.12693073844439318
TEST_06860,1.4565290686028691,-0.2188916177936792,-0.25069224953303987
TEST_06861,1.2334162414797232,-0.3945698599922246,-0.11046479964707633
TEST_06862,1.542239258591308,0.39955285458705975,0.12470770992893368
TEST_06863,1.2144935748025751,-0.3576424164372781,0.5011564302953445
TEST_06864,3.687370144959671,-0.5632413314007003,-0.5793122966685555
TEST_06865,5.285546249113086,-0.4957253126939407,-0.1550353703774385
TEST_06866,1.9363793028350786,-0.43599187017092145,-0.3629041025197284
TEST_06867,3.9390952404793653,-0.21901992847259125,-0.09502431585786182
TEST_06868,1.9683005292476,0.45662106462299723,0.33709529933129057
TEST_06869,3.6242810984881864,-0.7531456622547418,1.3160465925118308
TEST_06870,1.3384126654401838,-0.6509694078770683,-0.4442221182552261
TEST_06871,2.7184349452636973,-1.2251839191534488,0.4755848895820423
TEST_06872,1.4797093063078595,-0.7364941581653875,0.1382110311962752
TEST_06873,3.6295708665724384,-0.061910281452535035,0.6947768979043389
TEST_06874,2.5176670718649277,0.44563162851623656,0.6722212571038492
TEST_06875,1.0044043090536625,-0.12324752805562195,-0.3364033425390146
TEST_06876,4.205213094703226,0.33290338264241426,0.5881592959824572
TEST_06877,2.662008040579418,1.1773263349132879,0.11904612707036143
TEST_06878,2.572051300894017,-0.4117649922146733,0.44079071782696694
TEST_06879,5.502456037453646,0.338031219799921,2.112727513035658
TEST_06880,2.1051411509149305,-0.47421062812353737,0.10187953514528678
TEST_06881,4.29696688439334,-0.0369245515961926,-0.25886489607605717
TEST_06882,4.337816838947414,0.9601111150592849,0.21815757223787968
TEST_06883,3.544788138981646,-1.1948486901058732,1.0621100046133383
TEST_06884,2.7529367603412584,0.09951357824176696,-0.527210653976613
TEST_06885,1.0212698790922254,-0.3298236631341182,0.17487311818082152
TEST_06886,2.95585760089992,-0.08667743946065237,-0.3269595010746772
TEST_06887,4.383849208547222,0.11577284045167696,-0.33528592206093843
TEST_06888,3.773078880547503,1.2790881926948567,1.3568791194518246
TEST_06889,4.5433859790302975,-0.4266870337408453,-1.058223684079826
TEST_06890,1.6547938578438544,0.12391806361867669,-0.11452991993384574
TEST_06891,2.625383438321306,-0.1421721938724526,-0.5890174931262255
TEST_06892,4.701673885215706,-0.821661423240608,0.20969964160125548
TEST_06893,2.8041289344426223,-0.5658833806289612,0.5796716652363924
TEST_06894,1.607218728656151,0.10695200582283441,-0.5090258279780855
TEST_06895,3.9496076109456295,0.5765725362143624,-0.7563236813159349
TEST_06896,3.444055907380855,0.07100255662686544,-0.3194322932229216
TEST_06897,1.4604987347630707,-0.39201542698363284,-0.3457099271781348
TEST_06898,5.059495792439092,-0.38986507541738974,-1.0491872841287382
TEST_06899,3.888738443261266,-0.2491776038709209,1.032741743145928
TEST_06900,2.3019287984129573,0.40625801463107786,-0.6826151817454068
TEST_06901,3.194750728391676,0.05780790322181486,0.4770746577583276
TEST_06902,1.310539338369196,-0.5142522735372056,0.310811024566684
TEST_06903,4.085777579152467,-0.6330324487696816,1.0728714101717671
TEST_06904,2.4600576793306805,-0.41103758820217073,-0.5065586120098182
TEST_06905,4.9145284424220455,-1.2324414480382855,1.6693610145195217
TEST_06906,2.177373598635722,0.09944764449633671,-0.4889310485870373
TEST_06907,2.3139663562900514,-0.1280570283854517,0.9070648400652198
TEST_06908,2.9034522631911894,0.12677732999811694,0.027027163184311167
TEST_06909,4.882877082617398,0.44348996723724193,-0.32509350886056515
TEST_06910,1.9271138427471133,-0.9722506995027326,-0.49909706024147693
TEST_06911,2.147690069859677,-1.1879823731862869,-0.4725749202795233
TEST_06912,1.459070116532255,0.9156262800677639,0.4731402386744288
TEST_06913,2.8193017824967583,1.5340552902220892,0.959020798495125
TEST_06914,1.7808659034527696,-0.011363350616138582,-0.16102518991957823
TEST_06915,2.293106367235585,-0.19531468345715017,-0.27349778119934126
TEST_06916,4.265770678982158,0.687392786744948,0.7809700840349372
TEST_06917,1.405487055450594,0.2601196632237092,0.2199738362607973
TEST_06918,2.868655868606609,0.7085958285566732,-0.5774654767198351
TEST_06919,3.257031874026945,-0.7781307651845634,1.9556480695789416
TEST_06920,1.8311118126287171,0.4851523611874118,0.18133367826447144
TEST_06921,1.1166768077464717,0.28844876105620554,0.06417676046950889
TEST_06922,2.051659250593569,-1.0138862777736368,0.06287487026061463
TEST_06923,3.986946857342096,-1.2052582349454566,0.3131301787918627
TEST_06924,2.0773375465669193,-0.9250764341366916,-0.5516368868432192
TEST_06925,1.2527624250948808,-0.3113401773183919,-0.3046394780009881
TEST_06926,1.5024802642618744,0.7009252364567401,-0.02703743098702686
TEST_06927,4.216246079160343,-0.37086551542441115,0.9986750524179254
TEST_06928,2.418427216298019,-0.23442838596233503,1.3096165461367426
TEST_06929,3.6333497158406143,0.489202476387514,-0.08326875648044092
TEST_06930,2.2359784578775073,0.2823528109136227,0.41744313258848254
TEST_06931,1.0355802648945363,-0.42647648279874023,0.09704695155653394
TEST_06932,3.2491486640864085,0.1467547026829498,-0.10389819817494343
TEST_06933,2.2601936699320193,0.17673060458554982,0.5064067807606952
TEST_06934,2.9182384045545815,-0.15139093903577897,0.278899089681604
TEST_06935,1.972023343822706,0.3251432295024657,0.24317036728944857
TEST_06936,1.5085085222047876,0.5493738351131988,0.45124959480983284
TEST_06937,3.4715538588492323,0.3465406699860177,0.6879645705349993
TEST_06938,4.6391985285056565,1.0882055884591422,-0.2090050178747133
TEST_06939,3.6642187640870207,0.4491719597077569,0.07334677843143059
TEST_06940,1.1627193675852145,0.18828521092210082,-0.350256235674725
TEST_06941,2.8295645111186682,-0.08619281861691343,-1.0572203305654784
TEST_06942,2.2849561167295396,-0.6564923922048658,0.18769586102421346
TEST_06943,3.9289296911710796,-0.5505403476217788,-0.15727431609955136
TEST_06944,1.311205248127939,-0.41126534315592006,-0.3334934774272915
TEST_06945,1.7601700621580965,0.4194420062258585,0.4751319870404157
TEST_06946,1.3901439480437765,-0.035063359935603076,0.6320935991782537
TEST_06947,1.495736168186952,0.1642201834464439,-0.1609134566416498
TEST_06948,2.502569636878825,-0.49886450918181546,0.31393475275277444
TEST_06949,1.3837507333689092,-0.21219696231379848,-0.3284560415855734
TEST_06950,2.7230948973969205,-0.16869925035734565,-0.028065261386032294
TEST_06951,2.3152278511134443,-0.1554107756775602,0.6083332362108742
TEST_06952,1.1300719055380846,-0.43305225153494564,0.32729115580400625
TEST_06953,3.6771263323667105,0.7790141606570944,0.08811359414471165
TEST_06954,2.8810227998637985,-0.6315583289059601,-0.03914723331855797
TEST_06955,2.2463190487515936,-0.28236991627335756,-0.011642119545203675
TEST_06956,4.263719502422939,1.4590010156584856,1.050337460396158
TEST_06957,3.0336857472319676,-1.0232049481011707,-0.3456292919654844
TEST_06958,1.2696048007874738,0.27022135551162824,-0.39756184030503666
TEST_06959,2.060887771501752,0.7703336894483804,-0.3230288638424579
TEST_06960,2.664031293359585,-0.4605191204049385,0.3767707980702197
TEST_06961,3.018683346197306,0.18068917287966016,-1.0140508504766979
TEST_06962,0.8830840144076608,0.055511821321009555,0.48107243893190893
TEST_06963,3.6902589717538197,0.2745875121685731,0.37111127825132845
TEST_06964,2.9784827479190956,0.6589508260134942,0.6844079905480794
TEST_06965,2.177128108582833,-0.8714070005465229,0.9094935324236559
TEST_06966,4.940557082863038,-0.3489616850282708,0.46710115692714654
TEST_06967,1.3673452908870958,0.3574911947877863,-0.5504580040177491
TEST_06968,4.193686274078189,2.2168113000674894,0.6499954411056843
TEST_06969,1.2610814048045862,0.3018612116035261,-0.0038256616425858137
TEST_06970,1.598126599258474,-0.3102168403292153,0.3867937154512298
TEST_06971,1.9286972579216242,0.6145536172924188,0.05831860055990499
TEST_06972,0.9876214893777888,0.5576477547828104,0.3935478981978938
TEST_06973,3.228510303288358,-0.4536322802540202,0.01785669434753396
TEST_06974,2.391770380991778,0.6351749710402658,-0.8722267361454575
TEST_06975,3.7128825356052064,0.7838999309650873,-0.6528698024775517
TEST_06976,1.1954213332869867,-0.6221003782445553,-0.1410541279091447
TEST_06977,1.3104020602086663,0.430542162661169,0.1616181341895474
TEST_06978,4.355798139722935,0.25999282884990993,-0.14744316937498714
TEST_06979,4.354115187634309,1.6309244829624305,1.506130603339987
TEST_06980,1.2193335197146287,-0.6393227137551377,-0.4511864775185277
TEST_06981,3.5503967056277843,-0.5231509612879143,-0.09125722443699988
TEST_06982,2.5186036182299243,0.5163405219712467,-0.09662745669008566
TEST_06983,3.0039325879818817,0.21846507115434846,-0.6770479071986594
TEST_06984,3.249786255438462,-0.3457364923538243,0.45115635405304877
TEST_06985,2.1441128931046416,-0.16221428503953284,1.1664550044276167
TEST_06986,2.201871302298957,0.3773995518849795,0.1044034631057843
TEST_06987,3.0489607503795115,0.07161646906773907,0.2263319748630146
TEST_06988,2.9531433232181734,1.1660337637460085,0.1535389158500273
TEST_06989,1.9321140738025668,-1.1953741254799053,0.46565350458593524
TEST_06990,1.0377367682113725,-0.28052820854733573,0.15549258580559738
TEST_06991,1.9460365010373954,-0.5244878223610467,0.2733883557722667
TEST_06992,1.9794059692586088,-0.8527797531317545,0.8033100642024149
TEST_06993,2.6701216343275758,-0.24518532304135754,-0.4278452022341404
TEST_06994,2.01146359561629,0.5999060785893716,-0.004064911489960162
TEST_06995,2.3593872189301366,-0.6193676515326898,-0.6856887691954127
TEST_06996,2.159001090064693,-0.6724954208295565,-0.44062105432625237
TEST_06997,2.7889992889255457,-0.4765736350987917,0.5559735402713755
TEST_06998,1.2472408968280788,-0.2176738269396497,0.2147106407567322
TEST_06999,4.883515641387786,-1.1814487752619252,0.4236319159990131
TEST_07000,2.489790562480122,0.6074794338939818,0.2813228142602569
TEST_07001,2.4211086479473267,1.5127099302305302,0.27115130878153226
TEST_07002,1.9609751759794842,-1.3135529600245548,0.30001925976588534
TEST_07003,1.9156570002476425,1.2670740563017053,0.5634757197139127
TEST_07004,1.6134213236273558,0.06531779834220755,-0.18798702664967426
TEST_07005,3.0099770484858333,0.5710459999616823,-0.25050546560340503
TEST_07006,1.4391414015122768,0.5374422323458691,0.24824771086840225
TEST_07007,5.137536762525223,1.6787529128470589,-0.537082492110746
TEST_07008,1.3395614208811277,-0.7569354328389133,0.5672454172016284
TEST_07009,4.434518607729301,0.6878542736891955,1.2639056228924124
TEST_07010,1.4843568439147614,0.2126216814938039,0.3552510232309228
TEST_07011,3.4603603554467464,0.15965448716760458,-0.011773975497785891
TEST_07012,3.345983085300561,0.2026330284343853,0.029000903765067948
TEST_07013,2.495888515057092,0.036166855278582606,0.2210053460585962
TEST_07014,2.6662091717465306,-0.18863950000285948,0.4966487201225373
TEST_07015,3.7401979531764793,0.9959140921389755,-0.9818408247889927
TEST_07016,1.7744482214927102,-0.8716447019874782,-0.7045635708295702
TEST_07017,3.954354034272289,-1.5057591491159668,-0.030805203183718856
TEST_07018,4.093655635229322,1.664955050070199,-0.45928097701924947
TEST_07019,2.2725828660110206,0.6471764196101081,0.022237385445973697
TEST_07020,1.673393534702603,0.1261363537620028,-0.3540227976617768
TEST_07021,1.072567317182591,-0.19086857745780772,0.03067977881239987
TEST_07022,1.8993288477357564,0.5085046357140685,0.24334149871789248
TEST_07023,2.4681056214258836,-0.7957158621802441,0.24218890803217735
TEST_07024,2.316531647833459,-0.1922981768152284,0.47149341852298515
TEST_07025,3.734732064861835,1.6447076666844673,0.11446307804905095
TEST_07026,2.9041920418257825,0.35840147793958643,-0.0717494653833438
TEST_07027,2.002321888739316,0.6974035779277759,-0.5491724723745143
TEST_07028,2.9165387356443966,-0.03742997168602778,-0.08346766116620079
TEST_07029,2.744370298514692,-1.4814259663009277,0.0405830020791519
TEST_07030,4.204331266991715,-0.1783228250627807,0.15020172805315263
TEST_07031,2.584809580675088,-0.49459493086656003,0.3373822518504168
TEST_07032,3.4352103907658833,1.4393590297688177,0.3363301434262261
TEST_07033,1.3218595432447238,-0.6616918161649463,-0.30710577677270073
TEST_07034,1.8816437120056893,-0.01703572483371603,0.11603880560398824
TEST_07035,2.292995578255458,-0.890790013396358,-0.48621178890834427
TEST_07036,2.073825418542029,-0.2275500386599363,-0.6554007117874346
TEST_07037,2.647528382901215,0.04606256195890158,0.35221388971509787
TEST_07038,2.5494775446886195,0.742924130920755,1.0956701257757382
TEST_07039,6.197830198690366,0.38326880987361917,2.342697046958184
TEST_07040,4.387423598827316,1.1099744966858731,1.6866877477124753
TEST_07041,1.684691670677706,0.6489027065151862,0.49947096767593846
TEST_07042,2.726268600939932,0.4022924743312537,1.1179077416812664
TEST_07043,3.24277943279899,0.5381639500141061,0.10508616035509012
TEST_07044,3.336945394071415,0.1569996923661137,0.2608009432954047
TEST_07045,1.3883201203059345,0.18879017475083523,-0.33868594237434707
TEST_07046,3.155680417502577,-0.45958999206424345,0.48586219992661167
TEST_07047,4.1275260766693735,-1.0018865594910347,1.115200397040062
TEST_07048,4.722807336149111,-1.0498050045015717,1.3433228038717284
TEST_07049,3.0277897723713574,0.3561982506154447,0.34666955409636535
TEST_07050,2.6252717967172314,0.26213668896084946,0.24261018265035517
TEST_07051,1.613589490832177,-0.05431767271957437,-0.3455639354672238
TEST_07052,2.0564816341043515,1.2747604789053126,0.5738503447270658
TEST_07053,3.0248844614874852,-0.3825669127785096,-0.28786637977266866
TEST_07054,3.5078677176593933,-0.14960144417092444,0.734775181332954
TEST_07055,1.5784103763733992,0.2508623774121011,-0.11458056842119264
TEST_07056,2.161930794880821,-0.1466409826227038,-0.08339355980600936
TEST_07057,1.6976559359603507,0.27358187997562083,-0.5339469213757225
TEST_07058,5.3519918376724505,1.0769409586562073,1.2781195581416267
TEST_07059,1.7735893455367504,0.05230722424746775,-0.01056011893245074
TEST_07060,2.8900592843913033,0.44413081437325824,-0.4389032564711831
TEST_07061,0.9689099246883269,0.4181206230889185,-0.16086739426765392
TEST_07062,1.553410026933927,0.34357012560972544,0.05149541069520575
TEST_07063,3.2282147653893967,0.7089161080733751,0.9156240188270641
TEST_07064,0.906646385105454,-0.2745742041697205,-0.1358193340609553
TEST_07065,2.1063942215181553,-1.0618574410027013,0.752900636009532
TEST_07066,2.821905804639346,0.059825979722308145,-0.23981798472316232
TEST_07067,3.650175947012997,0.5760609850140908,-1.0459845057411474
TEST_07068,2.3211635912925335,1.2935243276776596,-0.8520278067560726
TEST_07069,1.4189054170524975,0.3623476488580201,0.3830244964068746
TEST_07070,3.555540874074391,-1.435526305293471,0.5456880288720252
TEST_07071,3.387385649576056,0.8218425410577901,0.5651467542402225
TEST_07072,2.4989268914139027,0.18073569690679778,0.10377352813380641
TEST_07073,2.372786942413901,0.3583902898461871,-0.27015091299168154
TEST_07074,2.330509294385389,0.5547348207753222,-0.5263882925593931
TEST_07075,2.18304606415248,-0.06429869738632514,0.05851590343619106
TEST_07076,1.368491096714293,-0.09429429590167548,0.4534644838201212
TEST_07077,1.6653798285375514,0.11913773128797521,0.33250600519032364
TEST_07078,3.6187127930166607,-1.4877237793379998,0.17758793302302592
TEST_07079,4.767247146096309,0.17112958547754717,0.6121702275415636
TEST_07080,1.2449056281083408,0.4981557102768341,0.09182203874167039
TEST_07081,2.637696356808625,0.18713325875798342,-0.018370780268929562
TEST_07082,3.201286833801423,-1.6452376627420469,-0.22884878623625285
TEST_07083,3.1713202150655735,-1.479130836121043,1.300208340824716
TEST_07084,3.282809941950584,-0.8840645735500828,-0.754378173462981
TEST_07085,2.792187929096472,0.7051800424695474,-0.037095340703086635
TEST_07086,3.0642189923559084,0.6583649517410279,0.3912018242068694
TEST_07087,1.2528553109947322,0.1561823591755645,-0.035291171641412065
TEST_07088,4.1062940847991705,-1.903249719447564,0.5859011153842738
TEST_07089,3.8940947318327575,-0.2068999111334547,0.06636402587371638
TEST_07090,2.444787554516135,0.29785654155227304,0.15847176163240412
TEST_07091,2.914338931786101,-0.017737852361923268,0.6291268526518813
TEST_07092,4.8848011244361835,1.369833317787588,1.3280154823495227
TEST_07093,1.2856960167177487,-0.16193745511788118,0.15777071816458638
TEST_07094,1.688868288304915,0.42639812267391,0.5841187747548968
TEST_07095,1.2265220885035064,0.06370317377200807,0.4017068552958537
TEST_07096,2.3614384315851975,-0.8823656759411769,0.7650850550236605
TEST_07097,2.42046790222188,1.462802114748468,0.6402790285338769
TEST_07098,2.0480373887566037,1.4552365973762347,0.7083200214651043
TEST_07099,3.1641332208044823,-1.6987393945352904,-1.4268853529592949
TEST_07100,1.1626190508111713,-0.35572561065127767,0.18570441873618918
TEST_07101,3.405399374720951,-0.11458698469242579,0.6037858757823364
TEST_07102,1.273605735913317,-0.634122998930376,0.2849630969862711
TEST_07103,1.6660335695475899,-0.02700486729960159,-0.0414178393866414
TEST_07104,1.4560057099458654,0.13720229386702973,-0.008881257484232635
TEST_07105,2.967080570326739,0.9471640872707026,-0.6323991038323898
TEST_07106,2.679305583478318,-0.5282920070404583,0.6969490211710254
TEST_07107,2.6602855998275143,0.7847556781872592,-0.7384027186594865
TEST_07108,2.4646100077823974,-0.10525003828930325,-0.04845569123136717
TEST_07109,3.8848288470991954,-0.9134338678390752,-0.4396287246396693
TEST_07110,3.573491991563786,-1.1059286774608785,0.671616634079984
TEST_07111,1.5841703583166087,0.6327464540917074,-0.1357552774291139
TEST_07112,3.2256498142534773,0.8971966098396921,0.006702661465095247
TEST_07113,2.3780954179701577,0.8341943528643138,-0.2339342863337818
TEST_07114,1.7342338511905375,0.3836459826007865,0.07068052587346495
TEST_07115,1.2049905451245804,-0.3076640457188949,-0.11850869351764776
TEST_07116,1.7368308768592293,0.10138991369960218,0.21686448121736437
TEST_07117,2.625248789917248,0.22206744803916262,-0.7008189615353092
TEST_07118,2.7832791384822615,-0.2150212945448824,-0.49843424917895424
TEST_07119,3.2603650729653535,-1.875403199328837,-0.4683722087568155
TEST_07120,2.066117676720218,-0.9896483086149291,-0.658015658010332
TEST_07121,2.5202860360725463,-1.274301912956089,-0.7156818879428397
TEST_07122,3.711669232909718,-1.28380575743662,-0.065381794238766
TEST_07123,1.4514219898664344,-0.4921512730080524,0.2629021484608555
TEST_07124,2.494169446601331,-0.15961583770965423,0.6108914979437329
TEST_07125,2.3813566720928274,-0.5299230739853487,0.25786333256408644
TEST_07126,5.226291149713363,0.6163798382797806,0.3837310824083537
TEST_07127,4.344880479118505,0.6450464479647691,0.007471966771168606
TEST_07128,5.165664651289463,0.8945337809777206,-0.17023303066017512
TEST_07129,1.7996717897307661,0.06555365728511796,0.3039017094330094
TEST_07130,2.8691221932749396,-0.3705422111471211,-0.3972528870105699
TEST_07131,1.8293280363477398,0.33711190169360605,0.05037565483488553
TEST_07132,1.046179998380844,-0.25109909750101955,0.28398923966559697
TEST_07133,1.4910605349084516,0.27222187971908224,-0.11389030755202947
TEST_07134,1.489235873577873,0.12576019122609464,0.23016933254010352
TEST_07135,2.0541081510111656,-0.7908624946808717,0.25154354776637167
TEST_07136,2.306732981131471,-1.2307683300025285,0.1067688820859212
TEST_07137,4.2760013558557635,-1.6347791236108988,-0.6839503069138916
TEST_07138,2.8928427110439054,0.6792778951881834,0.23881309148682872
TEST_07139,4.651172868263454,-0.1778135078173833,1.2774505172429789
TEST_07140,2.818705213728436,0.40371290987745806,0.39600447878073175
TEST_07141,2.893598161752725,-0.192811812334834,-0.9596922793773887
TEST_07142,1.1366686301966527,-0.23153561485014068,0.23463623476599818
TEST_07143,1.4135032866882646,-0.1698000314159145,0.2207881373172518
TEST_07144,4.223424543272214,-0.7044489595298645,0.1864445320053831
TEST_07145,4.053187850332669,0.7021544356649048,0.9996495447237765
TEST_07146,2.0756436197895987,0.16584030174585646,0.2521393729516511
TEST_07147,4.7535448133659575,0.01724560612065102,0.017548739650812713
TEST_07148,3.4477616853363573,-0.4844105284781715,0.5534330293559678
TEST_07149,3.027803139256929,-1.2358448345166304,0.5597519615008647
TEST_07150,4.913455067691414,0.5848205085080537,-1.0205617557574596
TEST_07151,1.5303937744176848,0.5329668206517986,0.14143753790834124
TEST_07152,3.3249286158002187,1.1115862037129274,-0.26721417314404117
TEST_07153,3.290840624778063,0.4725060926312131,1.1028768747902191
TEST_07154,2.338642081403284,0.16504196274082208,0.007747710713185391
TEST_07155,1.3835783786778753,0.2617803130949795,-0.15354093393995902
TEST_07156,2.9954134054180415,0.8678521720970735,0.5460092744525912
TEST_07157,2.4436279997023,0.8196300068079388,0.4502021769691202
TEST_07158,2.773640165585814,0.08895349193155189,1.1476540113405398
TEST_07159,5.5742697212889265,-1.0838085069651322,2.249679112684204
TEST_07160,2.1420498534103336,-0.4140997565420163,0.49005808431547015
TEST_07161,3.3125498832857514,0.39364082012457113,1.0166195496362669
TEST_07162,2.7741764270165112,-1.6243988569088756,1.1720436915426178
TEST_07163,1.52789877544799,1.3803419749542691,0.3798727139510051
TEST_07164,2.3646615064760566,0.22137986065179105,0.0064121519809117655
TEST_07165,1.675875590508336,-0.10978227258768994,0.20092335732046557
TEST_07166,1.6122707112630918,-0.6396882065677816,0.05291381614137868
TEST_07167,1.8417100215507005,0.07065714195168257,-0.22256789230714782
TEST_07168,2.2144560768105372,0.6881730559933185,0.8520072910343702
TEST_07169,3.6663662905716143,0.2770145013756094,-0.017156381098080355
TEST_07170,1.8664264587194126,-0.17891162171913846,-0.3456295119293988
TEST_07171,3.8580522397912222,-0.30430407714918795,-0.7287831283875205
TEST_07172,2.5932210237829563,1.384870463165212,-0.18497340499826667
TEST_07173,0.9140212796837389,0.35319115047023875,-0.04374627772885367
TEST_07174,1.0838869110613882,-0.38408541777648836,-0.1290071854236033
TEST_07175,2.1670377010053974,0.004714618216676648,0.2854059494710123
TEST_07176,1.1867827109689695,0.0666993549485598,0.48331066159573693
TEST_07177,2.5886068672352724,-0.047262190001169255,0.9512955064968006
TEST_07178,3.0984548039808018,-0.20937533267234432,-0.9659464534258834
TEST_07179,3.4119214993334577,-1.504020161387379,0.4819846878732608
TEST_07180,2.4491033402039086,0.514261120752723,-0.7969496382279192
TEST_07181,1.0437900337341646,-0.033611448146806076,0.23361298060157873
TEST_07182,1.828771369357077,-0.10715260398536708,0.10050832295450726
TEST_07183,4.369265300059521,0.0895817287389342,0.574412927220855
TEST_07184,2.8734383853522365,-0.12975865494362102,0.012225381232635238
TEST_07185,2.72301427893825,0.039103178788753926,1.1923324692844248
TEST_07186,2.648385420986001,0.3199162702571679,-0.5068659073923636
TEST_07187,4.124924863353879,-0.17782024250776918,0.6749723363582701
TEST_07188,2.420642042869074,-0.675226716525057,0.20207903569636676
TEST_07189,4.397659730308259,-1.1560112519118138,1.4044235971504806
TEST_07190,3.997694984829811,-1.586089473033701,1.4687324517789127
TEST_07191,2.5186741498442715,-0.511307345871176,-0.21945099529976192
TEST_07192,3.7037912283971597,1.3458807948120506,1.4627773549806935
TEST_07193,2.695217671271876,1.2926376962395538,0.868132516364392
TEST_07194,2.530620594348077,-0.17700825165958517,-0.42845476294203455
TEST_07195,2.0813846726139333,-0.7014055662619223,0.3257884341684114
TEST_07196,1.9256331503593944,1.328390601432961,-0.30662605235298285
TEST_07197,2.4818438059680754,0.2899958618099524,-0.2661722747957079
TEST_07198,3.628245243449253,-1.2507907232512938,1.1876806530307709
TEST_07199,3.597696296690619,-1.3521857616984223,0.9052743105763128
TEST_07200,4.083933551688344,-0.06825977144305405,0.5789701480566037
TEST_07201,3.8095661968288574,-0.5558299332685385,1.1728991599820402
TEST_07202,1.019378788458866,-0.3391210883103159,0.4643483378375484
TEST_07203,2.1310404668717484,1.4218195489506338,0.09095028552315275
TEST_07204,2.4186350700932575,-0.504994797289485,-0.1580019134383296
TEST_07205,2.7382409673502712,0.9363006623640188,-0.4077849972712324
TEST_07206,3.6279845470228365,0.2369441040972859,-0.3462848758350757
TEST_07207,2.189860398414121,-0.3766171045910153,-0.6884364158184905
TEST_07208,5.677238041541653,0.10801145857299953,-0.4127642593675005
TEST_07209,2.126791023178995,-0.6685136467320947,0.006418152120993229
TEST_07210,2.699289989344845,0.502739716864683,0.07525430988390175
TEST_07211,4.437113691012453,-0.45809720315869096,0.07873706847277567
TEST_07212,0.8806079422714223,-0.49929092687113585,-0.2618971551114416
TEST_07213,1.532076887790721,0.2377002429603006,0.07826819898572224
TEST_07214,1.839739665940259,-1.3267275710332915,0.4058359668231287
TEST_07215,4.061797131262324,1.2254875950449564,-1.3451294374923968
TEST_07216,1.8591817730050268,0.05372758091434922,-1.0265871612147806
TEST_07217,3.2286106836722976,-0.23951095872058345,0.948729741827041
TEST_07218,1.27771740930311,0.7821454860182188,-0.4639589109690389
TEST_07219,2.2121398268438472,-0.9233804779720347,-0.2443886831876299
TEST_07220,1.8807667890086195,-0.6474480049543778,-0.030284539374337335
TEST_07221,3.4022694542586245,-0.2722364051569907,-1.1464622073659008
TEST_07222,1.342215215853744,0.5094471689436981,-0.12947544147032738
TEST_07223,3.9697034849405894,-0.3231309893214592,0.5726833298493585
TEST_07224,2.8026608649324913,0.46895123583744264,0.9869474526281539
TEST_07225,3.564830094088833,0.8203652538814171,0.7383774145567849
TEST_07226,3.3785777781778887,0.7335939517907617,-0.10635863445129416
TEST_07227,4.437479647729143,-0.35125871937518954,-0.08795300872541797
TEST_07228,2.188867560863032,0.6404349953026578,0.1229174094370961
TEST_07229,2.916582292188146,-1.2607251425730726,-0.8550404243637953
TEST_07230,2.915694879838213,0.18899995517754334,-0.6079608824405044
TEST_07231,1.912563911615896,0.3133804049286794,-0.06672181716829048
TEST_07232,3.3585956389376377,-1.0811730232560706,1.5934243087668876
TEST_07233,2.76768155915818,0.40772374861517163,0.9990894858461901
TEST_07234,1.9680775238072112,0.384844738907298,0.2782184377802475
TEST_07235,2.0023270882202784,-0.7161638780820847,0.3706325848654595
TEST_07236,2.8285866139057303,-1.142851320698495,-0.46933023058746687
TEST_07237,2.658180457246087,0.43207230489784115,0.5272993535121705
TEST_07238,3.6351244799272773,0.8337619035931588,-0.20732431974163648
TEST_07239,4.318362402517229,1.5523334121834866,-0.9092405557983706
TEST_07240,2.4968848593973596,-1.846613500057731,-0.975789593272682
TEST_07241,4.206400147434389,1.5078601546713484,0.742090400246041
TEST_07242,2.8205514978460546,-1.0332811921756229,-0.8408594410426562
TEST_07243,3.985357917623786,0.29313007547423453,0.24728679262852665
TEST_07244,3.236789315220785,0.04831613126912907,0.6221848699058687
TEST_07245,2.365598419641993,-0.04725545322464517,-0.7380040003216892
TEST_07246,4.702165138355393,0.4377488840749865,-0.9252794428804737
TEST_07247,1.4634822974848987,-0.09965754184085353,-0.2423078936371226
TEST_07248,1.7839065647426169,0.6580915532797217,0.12054402109833362
TEST_07249,3.550477167047406,0.5438139836363036,0.13241479554873783
TEST_07250,1.8218497449682718,0.437347470562143,-0.1469765793456169
TEST_07251,1.5438883498662972,-0.05651864767312198,0.2683756634768909
TEST_07252,2.4761013592048555,-1.3306094211993493,-0.7314959110898378
TEST_07253,1.0790786418579574,0.09502270998271557,0.13460992450698503
TEST_07254,3.7041205279307494,1.2292876398423567,-0.3869012460397194
TEST_07255,2.2040747741159636,-0.9008149940901206,-0.059693198051334634
TEST_07256,3.2361782985288983,0.6771550424227702,-0.519434424578062
TEST_07257,3.8479944184554387,0.8267206896145081,2.0231709352034484
TEST_07258,4.097649417439738,0.5889337349034148,-0.36014851217815946
TEST_07259,1.1746312064639857,-0.19350318721236096,-0.4614417155694095
TEST_07260,3.04120156504227,0.6065612161268467,0.505556108576796
TEST_07261,2.835369327809934,0.018219383591228374,0.2894337738573385
TEST_07262,1.8272701698731797,-0.13103688463587007,-0.32906132684039785
TEST_07263,3.0892250874601364,-1.0523520584023753,0.561382887369125
TEST_07264,2.715427454845662,0.04420101225068023,0.2658209504671777
TEST_07265,2.0241333205757672,0.05206344784728032,-0.44713433719923096
TEST_07266,1.9093102908747905,-0.05501575275431287,-0.44056323124378993
TEST_07267,2.0145003288335466,0.3576834305779489,-0.030673816406556406
TEST_07268,2.6691433843486436,0.7508460128770303,0.5901847735329229
TEST_07269,4.811927925446695,0.25253804612836966,1.2257941102345489
TEST_07270,1.8025363459244492,-0.2226886778940005,-0.22314575415393215
TEST_07271,2.1301181055977656,-0.42133935978427733,-0.14703919345664657
TEST_07272,1.176168733652242,0.39575340040778906,-0.5093233678186101
TEST_07273,1.9310411142387869,-0.48615518895885335,-0.44095737340017244
TEST_07274,3.6098893786161694,0.3629657072399918,-0.49851290384775276
TEST_07275,1.9551317780521045,-0.8560836581012617,0.33271147717244426
TEST_07276,1.3867177641422674,0.9115901538242278,0.45844916793766555
TEST_07277,2.19686574337302,0.11811691857578256,0.6668622074616712
TEST_07278,2.8532013702293897,0.8683145653995193,1.1068933004372459
TEST_07279,5.281275371896835,-1.3986332898841038,-0.5283847347252923
TEST_07280,1.5345057443648684,0.3416561010179545,-0.006536618993001491
TEST_07281,4.849975311587398,-0.3613497815251295,0.5447334930966349
TEST_07282,2.1400300672490906,0.31073671737195147,-0.6609319224832146
TEST_07283,1.047640025321797,0.7071105228312222,-0.12206411874836395
TEST_07284,2.636801301131253,-0.36127120587154754,0.0820599861258164
TEST_07285,1.7754287409291956,0.3501240933126414,0.17319501267215764
TEST_07286,2.0555064394287523,0.45468318541894615,-0.41382367642122364
TEST_07287,4.740867365686206,1.523004530755362,-0.8971034780953984
TEST_07288,5.987093536233842,-0.9620257737796252,1.6814816374402282
TEST_07289,3.8361881448210835,0.3113642878517014,1.1584377540643296
TEST_07290,2.029136615521959,0.1859521633737797,0.421904503317367
TEST_07291,3.915468401457232,0.38546188592260816,0.9566145826042302
TEST_07292,5.0140646965061695,0.4082674295126329,-0.7691207302908407
TEST_07293,2.820070852817033,0.12043681815129587,0.16623059074841687
TEST_07294,1.7807125593121969,1.150077463550815,0.34085021187201914
TEST_07295,2.7124416712977846,0.3905470381944848,-0.30874250048098156
TEST_07296,2.5497138033100026,0.5922646962542549,-0.6590128342680602
TEST_07297,3.6756081692740743,-0.3392018317716995,0.3813384968181953
TEST_07298,5.776846818620404,1.5311452235327216,1.7832127570038894
TEST_07299,1.37049928998217,-0.2261361326537223,-0.17747993298849796
TEST_07300,1.9592980421800925,0.3336374952394206,0.504515845726478
TEST_07301,1.0946840070591675,-0.028994481613764982,0.3195091287216675
TEST_07302,1.5721821106627585,0.16289038327499605,-0.07554411562528675
TEST_07303,1.8556203888316412,-0.1380608447877586,0.5632969196332391
TEST_07304,1.1585736574125773,-0.22783935904242145,0.29849306084472266
TEST_07305,3.2345512024446474,-1.4216574785820206,1.9583326973260713
TEST_07306,2.0023747170030815,0.27419890838787425,-0.17183340761108548
TEST_07307,3.0532957875180546,-0.44311076814108635,-0.9365417417047327
TEST_07308,3.2195502696976415,0.3112839366910886,-0.03355577733758381
TEST_07309,4.477192751677026,-1.2854425970040793,1.3010608723081623
TEST_07310,3.784837443240637,0.34791357862621636,-0.5436483780709724
TEST_07311,2.1995765309131747,0.8202978490847415,-0.5357794375148119
TEST_07312,2.9169498975132924,-0.7906736235021833,-0.9063969058971407
TEST_07313,2.2131208385408403,-0.4260538234982624,0.2266811572002938
TEST_07314,1.58948829214983,-0.33910848261717835,0.09136877576891095
TEST_07315,0.8904212334524033,0.13851173648619777,-0.14636699473403453
TEST_07316,2.1132397983458344,-0.6215970771226588,0.04662883324885336
TEST_07317,1.913381805995233,-0.6765057057662017,0.4084186346600591
TEST_07318,1.9705370404874138,-0.803968192738041,-0.3063434348450646
TEST_07319,5.703802445320019,0.5870434153658727,0.530003658809557
TEST_07320,3.6635812100529526,-1.3255794311810114,-0.6522567325616241
TEST_07321,3.1094265907039733,0.22518150665629155,-0.31123446152869205
TEST_07322,3.54077055549972,-1.799898679587688,0.6898624654197959
TEST_07323,2.5678193423205924,-0.940814122313047,0.955138073789069
TEST_07324,1.6904736050297575,0.10504082763516664,0.1453901608521687
TEST_07325,1.3533201564469555,0.33074758305252955,0.266000630080678
TEST_07326,3.157061603375048,0.4066643966745877,0.6061785434853803
TEST_07327,2.395975131851858,1.252349458837308,0.25876151213599097
TEST_07328,4.508001034861956,-0.16242973284835682,-0.9254142436925707
TEST_07329,4.1095982712376165,0.031202909037484076,-0.30513504019963283
TEST_07330,1.368479350033251,0.12813658139586337,0.29782298925888445
TEST_07331,2.8674821203721184,0.28773947564858005,0.2520422896501648
TEST_07332,2.660143967778152,1.624772042451446,-0.7972199101133177
TEST_07333,1.9679762300114214,-0.2695792600471951,0.31486070581636827
TEST_07334,2.3077976407315797,0.2386730853767681,0.8620044883878059
TEST_07335,3.6201770103321227,0.7976334667760585,0.393158327613965
TEST_07336,2.127504491742326,-0.06021849049697705,-0.20457360210528516
TEST_07337,2.0737508231685986,0.2489940891774724,-0.24536214834111697
TEST_07338,1.7460488642856051,1.2991982979534706,0.30581265580784517
TEST_07339,3.1548055109934765,-0.8241693038352111,1.0080023872566495
TEST_07340,1.6630141559801075,0.24691820172847012,-0.1621014217074513
TEST_07341,1.1225700666966625,-0.534070816846165,0.0854976620357305
TEST_07342,2.01147582495296,-0.843274185029339,-0.7626821836847101
TEST_07343,1.3464839250301466,0.07570036848413354,-0.360156042563139
TEST_07344,3.290611994974865,0.15856387476511416,0.09325680738602679
TEST_07345,3.1450171087155825,0.017201204823942835,0.018111130291191484
TEST_07346,1.6897811713875333,-0.7419183641260279,0.413521264642273
TEST_07347,3.0325433656808958,0.21804368319950454,0.9136067070909475
TEST_07348,1.6642336827999835,0.1759143259567485,0.12264495375054545
TEST_07349,2.4629162743827826,-1.4126694957553056,0.6106765643715201
TEST_07350,4.4781973731446305,-0.21927602462667908,0.7999244597187652
TEST_07351,1.562192803091585,0.5441822697789434,0.244459531352724
TEST_07352,1.1998359321382748,-0.475589868148839,-0.36324418472912046
TEST_07353,1.9881266560183133,-0.09097110707086431,0.33621721364870605
TEST_07354,3.0120317804924843,-0.4455444287219227,0.07349038412209034
TEST_07355,1.7106852067747416,0.044039834172563776,0.13169599781137248
TEST_07356,1.9209646496453674,-0.3663749293652756,0.05400770550454355
TEST_07357,2.48598110382555,-0.49837203839763916,0.3572307610836037
TEST_07358,1.888279873027988,0.18211534703045507,0.34004591049435456
TEST_07359,5.7987084416602315,-0.9340300336811518,0.7833899430485383
TEST_07360,2.7194296144366903,1.2515030260869788,-0.1543485763834904
TEST_07361,2.3630874530983483,1.4365382877354385,-0.7288661950347699
TEST_07362,0.8549406222460216,0.5142362397227067,0.32024082636856593
TEST_07363,3.449664060751767,0.7203298194959965,-0.09357422453844343
TEST_07364,2.355406040475301,-0.3469172833354121,0.5035514761655921
TEST_07365,2.660991739663553,-0.8263974978555256,-0.4668644179166403
TEST_07366,4.430086272994722,-1.164049011953874,1.1074136508248773
TEST_07367,3.2281871237956294,-1.5136931798497557,0.09643703327646908
TEST_07368,1.9665237893805552,-0.344965292820988,-0.2500623265850705
TEST_07369,1.7080988298268993,-0.45856963247403987,-0.17215429107800978
TEST_07370,1.9905869691288498,0.28888596584278564,-0.05365003948048726
TEST_07371,2.3180846948381526,0.19069467515309427,0.18193688902461924
TEST_07372,3.502344665353566,1.2855221837735151,-1.30423209610545
TEST_07373,1.393630745562382,-0.5816496349396258,0.3627790793044751
TEST_07374,2.7516241805110218,1.4913547183989866,-0.10071879232240759
TEST_07375,3.432961637828996,0.8784090868777357,0.46506053654163576
TEST_07376,1.8419121315836382,-0.051958229384562814,-0.6985501818772908
TEST_07377,1.448947353858749,0.37143952746639236,0.8077924502806021
TEST_07378,1.2780627965979476,0.7203880336047611,-0.21260203348035792
TEST_07379,4.325381133820619,1.522385869192673,1.3680826253127416
TEST_07380,1.8548599500888139,0.32762566004282323,-0.3057146650598049
TEST_07381,2.4095645889630948,0.27061763559531476,0.11465889675695129
TEST_07382,1.6121187539698112,0.0323677174506694,0.10941957942931865
TEST_07383,2.0400288174609416,0.5467458496344613,0.08998773003724342
TEST_07384,2.6659321027829828,-0.32201154302246876,-0.8171577919060304
TEST_07385,3.3735083908782797,-0.2968836196317989,0.28080453699211716
TEST_07386,2.6829996596506507,-0.1517490911940203,-0.9054765471004104
TEST_07387,2.290654306443441,-0.0793439993635852,-0.687318005690334
TEST_07388,1.8999365968943163,-0.021801297686374895,0.23013930654581682
TEST_07389,1.291239861786378,-0.5897197756958998,-0.6710014178579757
TEST_07390,3.8974341387512528,0.8897867956715915,-0.7959266568036452
TEST_07391,2.184223932350725,-0.6120415975754003,-0.25258638158664143
TEST_07392,2.2359891012284248,0.32398872827022873,0.04160336162203644
TEST_07393,2.524613474600085,-0.0008826995388935776,-0.19409701519789102
TEST_07394,1.7167253473324988,-0.3584018238758752,-0.26493909404225224
TEST_07395,1.531514168401967,0.4340025240517991,0.12579779035817412
TEST_07396,2.677263431860637,1.1143381297168244,0.7238290732147054
TEST_07397,3.015169852254048,0.1574004267704045,0.5522247151653331
TEST_07398,3.591755302637551,1.8038122151432978,0.5627451667037062
TEST_07399,5.4874323854267555,-0.7605608536596615,0.7914650352367517
TEST_07400,4.220606550475221,1.7448360927680178,0.9268640733828671
TEST_07401,1.3132787957027487,1.0028891600607277,-0.19521645151496628
TEST_07402,2.373382262523574,1.148910985540341,-0.4281130726319891
TEST_07403,2.572006686095839,0.28975781357247876,0.9184536385569674
TEST_07404,1.1612397019101475,0.2558426522466194,-0.10478604464888096
TEST_07405,2.117152572046605,-0.08601338250361582,0.28634670713667487
TEST_07406,4.396183442373735,1.1913898903718687,1.189030915816427
TEST_07407,4.641733728259978,-0.9045422095321388,0.8986158715669408
TEST_07408,5.649205309177704,0.9846780194381419,0.4146301385468815
TEST_07409,2.6097381406943767,-0.1882395818552578,0.06885957115929633
TEST_07410,2.942887156151373,-0.30519262999397256,-0.2548354153101131
TEST_07411,2.4283480683934675,-0.07324125215730484,0.5611720018366466
TEST_07412,2.8600884658065038,0.48071545139825567,-0.4181786414373211
TEST_07413,1.064353662351528,0.22066876305704305,0.18439750972587576
TEST_07414,1.2173874829196543,-0.6878054160567283,-0.25373240241123746
TEST_07415,2.170564903790886,-0.7017089621394303,-0.08027508999072978
TEST_07416,2.5395884261250603,-1.1317281209317391,0.33151679653948196
TEST_07417,3.2558526225056905,-0.3036718328824376,0.9919471044910525
TEST_07418,1.8789645418823466,1.143259457640442,-0.9063001159791866
TEST_07419,3.4194198666896978,-1.5159501238762554,0.9650830415816677
TEST_07420,2.3643255899113185,-0.8985619027151891,-0.11998046384732859
TEST_07421,3.104204265991859,-0.05307031159548566,0.12900905763076434
TEST_07422,1.4812377726745725,-0.1994435277869401,0.09991600932250444
TEST_07423,1.3827592813401985,-0.003955500203860284,0.4726052278039511
TEST_07424,1.9966933011372066,0.2830908786679805,0.8773282755462718
TEST_07425,4.201912806752539,0.017055780256424357,1.508296263879907
TEST_07426,2.5385881530885572,-0.2788564573056234,-0.13226314100504588
TEST_07427,2.248051875191554,-0.2468111155091834,0.06242961734803467
TEST_07428,2.933359008442016,-0.04425274411954902,0.036565702771714
TEST_07429,0.7941975761707146,0.23968432816869728,-0.015143728266648865
TEST_07430,2.685121487061232,-0.576279496992368,0.8880474759471753
TEST_07431,1.9106647262612966,-0.9598958830077421,0.021197741140803746
TEST_07432,2.0121989957130246,-0.15191834968380447,-0.31862368553147524
TEST_07433,3.093982485539099,-0.06593843277076748,0.5727978904348864
TEST_07434,2.0346441471400047,-0.6483853931043906,0.3007368911377326
TEST_07435,2.0211033410038803,0.13165943925347204,0.11284638996521197
TEST_07436,1.2598772924919899,0.25560741623733496,0.12709017505659362
TEST_07437,2.644514788205971,0.5706225555230716,0.16268246842917103
TEST_07438,3.4915444075365545,-1.7699758702639574,0.22946302684414188
TEST_07439,3.7908252790774766,-0.2919604142169171,-0.7414605339343815
TEST_07440,2.4331454230029594,-1.5544551897442667,-0.4298958956766626
TEST_07441,4.526087718354353,0.8026780957416805,-0.9906152920270499
TEST_07442,1.9470494064297512,-1.4735979734716789,0.6393823744203364
TEST_07443,3.460417238557278,1.518166095618249,-0.4244701153725791
TEST_07444,1.7959971379571897,-0.14198602949928746,0.5390346632390877
TEST_07445,1.318532527035452,0.5166094379185099,0.3259366032785813
TEST_07446,4.1240520364297355,0.7787974670490138,0.844019618733551
TEST_07447,4.397561141699783,-0.7430482595671727,-0.0058573854594613116
TEST_07448,4.709992737860445,1.3389219209269507,1.0267609099968356
TEST_07449,4.113096405489152,0.25680050274850064,0.8610632894361765
TEST_07450,1.6916114500417698,0.027238081380932318,-0.3291110414265825
TEST_07451,4.3134959689522265,-0.35101828226269577,-0.9102578192661055
TEST_07452,4.395853528594804,1.1821060083488701,1.376588376289226
TEST_07453,3.093398298990487,-0.41716729365506977,0.15859752631224194
TEST_07454,2.1814090671279427,0.774182375496501,0.18686617931298896
TEST_07455,3.024522727199647,0.9314057829599087,-0.03249578524523535
TEST_07456,2.822843952194796,1.0275598579506546,1.5950427057169452
TEST_07457,1.4588008400488952,-0.45687207349545056,-0.05335899841209955
TEST_07458,2.981522626337185,-0.2508950538038994,-0.9495897418403247
TEST_07459,2.9113868021036273,0.40398130039403557,0.049804245598268584
TEST_07460,1.592318773025868,-0.31297587444016806,0.2824397822343097
TEST_07461,2.768292284750705,-0.47091098850592195,-0.879973708803587
TEST_07462,1.8601505351179601,-0.49398693892485956,-0.32034529216781493
TEST_07463,2.3726981330925243,-0.5845833697425429,-0.08568281914090618
TEST_07464,2.0070446900547703,0.11140924438388244,-0.00113816765653081
TEST_07465,1.3095232094191236,0.3157126943439706,-0.3729341481172812
TEST_07466,1.9741991036055788,-0.09992479124308405,0.37789995435673396
TEST_07467,3.4105012007350997,0.5017684666795752,0.5159752842256579
TEST_07468,2.1199283494623393,0.09448891125889769,0.5421462363895758
TEST_07469,4.392511119286771,-0.15173448680065094,0.9928919675079964
TEST_07470,1.502377178773567,-0.04123450983727382,0.42153642243309186
TEST_07471,1.6552670082232372,-0.7094756446190323,0.015518615128743975
TEST_07472,2.745324086548478,-1.020107321926682,-0.18078191829718704
TEST_07473,4.226931514104151,0.2655995128517975,-0.39044489534656274
TEST_07474,2.4810358941175337,0.28349092523162844,0.08532011055517855
TEST_07475,1.508596554320871,0.4409637627490268,-0.026494006163986377
TEST_07476,2.5153617977490814,0.7528510955457165,0.6917470864244927
TEST_07477,3.0420742623273003,0.33202763075409797,-0.09352912673150938
TEST_07478,2.2390047163195868,-1.1808955101889418,-0.21144692500343923
TEST_07479,5.607517943182506,-0.2800404670656846,-0.29390521743001463
TEST_07480,4.270785865978929,1.9218296027358424,-0.8933117631071641
TEST_07481,4.256356668011812,-1.207433577234572,0.4104657716300837
TEST_07482,1.0147522589327886,0.028718507368074343,0.5204755854624316
TEST_07483,3.874546410199227,-0.3686432755264069,1.1329334082573432
TEST_07484,3.0230235751050976,0.04693652394217064,1.375085026495946
TEST_07485,1.4207868075073569,0.14539117728280276,-0.4067440552166184
TEST_07486,3.4168428899458205,-0.461553148238585,0.6598489137294501
TEST_07487,4.3954926492434385,0.8435244565756754,0.5374723180231845
TEST_07488,4.259013082333752,-2.1198133013132026,-0.1687516700950716
TEST_07489,3.642814260140142,0.492519078330947,0.8999363031210579
TEST_07490,1.3323585115934244,-0.5456713518567867,-0.273851348353447
TEST_07491,2.74951839526229,-0.6214593379603144,-0.993065811471974
TEST_07492,4.620149915616542,0.18281799817950578,-0.5639255759248455
TEST_07493,2.1242544122072435,0.12624963999926955,-0.15706173581892913
TEST_07494,1.6137992346636796,0.5192346164425207,0.3888405022992557
TEST_07495,2.0107822376555533,-1.1356155240250794,-0.13084445330299554
TEST_07496,2.156535990886616,-0.4176101674702108,1.0164264047988918
TEST_07497,3.973938047100173,-0.48677737870418164,-0.38422309806516425
TEST_07498,3.8907207426371384,-1.3531816905456255,0.02066691946628735
TEST_07499,2.260408647834004,-0.01363810396063709,-0.13340291999289206
TEST_07500,1.39405874715633,-0.43584977577632683,0.05772337792261053
TEST_07501,3.599365386879898,-0.5855495351930445,-0.8127010136049272
TEST_07502,1.2042049243255066,-0.3971752688316846,-0.3596520264090054
TEST_07503,1.5691105501525793,0.35402243213613194,-0.5040588142087176
TEST_07504,4.347254331966527,-0.07201251423121524,1.226138555659078
TEST_07505,5.121109622418375,-0.4736873108018749,-0.18482282962702512
TEST_07506,2.0928965129103365,-0.36720745958527146,-0.9646553569399712
TEST_07507,3.747351259105351,0.014428247215090825,-0.21796655974671525
TEST_07508,2.2366790511208845,-0.3073010667406262,0.3237818398371511
TEST_07509,4.024115267784156,-1.5817632020848775,1.08247557605793
TEST_07510,2.4642878093651244,-0.46848376036695083,-0.7654284461891386
TEST_07511,2.760834326547365,-0.5685891597551322,-0.4210538399659363
TEST_07512,3.8048472753870493,0.8083186979485787,2.099882457406613
TEST_07513,2.411723602149153,-0.8849409960477339,0.19578932247731987
TEST_07514,2.4657374680576263,0.2566573759759405,0.046579266881768965
TEST_07515,1.8227323182566446,-0.07123273445530426,0.3189227418088998
TEST_07516,3.565971477650965,-0.03779419702799076,-0.39259577602246615
TEST_07517,3.011216635108098,-0.046531417931035685,0.7680999531224868
TEST_07518,2.695572010995268,1.3742273215317462,-0.013627615385583177
TEST_07519,5.6548743753055755,0.5422210718643742,0.06320685261753518
TEST_07520,4.158751390605752,0.19847969383913183,0.24429846407560743
TEST_07521,3.170322940315911,2.0227439583659645,0.6358275271692472
TEST_07522,3.6617379628762845,-0.02823004777621177,0.19019184897236313
TEST_07523,2.16858084185613,-1.1410144685670103,0.3619598748430857
TEST_07524,1.954026684117598,-0.4664787890473651,-0.5679813392459777
TEST_07525,2.0314983770386448,-0.027443338604909398,-0.6496151963679945
TEST_07526,2.6483025863852934,-0.7203622533759875,-0.4553929057849589
TEST_07527,4.082029533846324,0.5024170374927862,0.16846157507575354
TEST_07528,4.942257997043964,0.9884426221417286,-0.8729790970439727
TEST_07529,3.1207329719114676,0.20700376845850682,-0.1591694076331157
TEST_07530,2.621333519573266,0.4050626696830215,0.22414839754165464
TEST_07531,3.511053853908046,-0.6686512773983352,-0.7739905716075559
TEST_07532,3.5757684472047893,-0.06141371192253096,1.5948978283485418
TEST_07533,1.1060621459545614,-0.16222192199568577,0.1001217255359611
TEST_07534,2.9991491584520142,0.5790984857033926,0.017255285396069343
TEST_07535,1.728711420144264,-0.9154248462999577,0.042890025743204115
TEST_07536,2.3947849793720692,-1.0066609332854748,0.9337743798241765
TEST_07537,2.2378478536620574,0.6554999661193915,0.056513960132636654
TEST_07538,3.984838802596374,1.2850065269815596,1.4422741190795763
TEST_07539,2.4515610010936513,0.2334926729210825,-0.7808906997451585
TEST_07540,2.7065866199971906,-0.545720640808248,0.24856397786366885
TEST_07541,2.7274027545226565,-0.07544298037676224,0.29451795999856273
TEST_07542,1.4952935907167015,-0.2026743144973952,0.29042340200743383
TEST_07543,1.6051489574970093,-0.8471463555083488,0.0002460909106733835
TEST_07544,3.202413990713465,-0.1420585807290138,0.09511340188273398
TEST_07545,3.3009554701892805,-0.1286125227762893,1.035365546730953
TEST_07546,2.5970495133950564,0.17842084761034382,0.0073972731880794715
TEST_07547,2.9326344491609033,0.48821159051737073,-0.49786523710839464
TEST_07548,3.2395807498413367,0.0766874742229627,-0.13061797590206328
TEST_07549,4.155456401965883,-1.329603391366333,0.284386168662433
TEST_07550,2.504512306222649,-1.3658776538003787,-0.49288178094861007
TEST_07551,1.2560880775021308,-0.1265758531112813,0.01028466922678884
TEST_07552,3.3839502853135985,1.6304728937907762,-0.4600983461778895
TEST_07553,3.619676268763468,-1.906194634276112,-1.0596425668101919
TEST_07554,1.8644246040398438,-0.47621732867192484,0.10791748463562126
TEST_07555,1.8308525050557594,-0.8676461772454178,-0.6671171097612664
TEST_07556,1.9846242472483446,-0.3566858376701096,0.21411585884221485
TEST_07557,2.648538197070189,-0.9071889872313681,0.04792170132557462
TEST_07558,2.1884399628617888,-0.001566267903241628,-0.20762485349066148
TEST_07559,4.896929840386723,-0.3907049819595064,-0.1073055756982813
TEST_07560,4.3787129148139075,-0.9368175997999855,0.7797608635615271
TEST_07561,4.694145830484637,1.4913295015157053,1.034494103684299
TEST_07562,2.2943379489117874,-1.7172713118814318,-0.7496991008574513
TEST_07563,3.8854933993024225,0.9024896654849569,-1.3506484173121098
TEST_07564,2.459284659663512,0.06230098461598079,0.9355601261942459
TEST_07565,1.2421036221526054,0.1936084492208798,0.014445232345306595
TEST_07566,4.842115238083206,0.5857595606021451,1.2105727142925773
TEST_07567,3.1517768302900517,-0.24117635528851347,-0.6293850725974292
TEST_07568,1.4401371037145194,-0.8008959840396487,0.3417031070844759
TEST_07569,3.8973022515936586,0.06836272053034866,-0.6885979012695516
TEST_07570,2.4382437031894875,-0.7278654404495722,-1.0261039134232692
TEST_07571,3.2741735000826906,-0.2898046938402996,0.40650156422805617
TEST_07572,3.513221224454902,-0.8710330714744381,-0.6497795030749254
TEST_07573,2.2729749199370217,0.08516143315944734,-0.15741230792953562
TEST_07574,2.1695582560413453,1.0720245647613158,-0.3218005257927127
TEST_07575,3.916489857751459,0.7653594076565854,-0.2295009450135241
TEST_07576,1.619908143696724,0.6812008206208745,0.40921413351077346
TEST_07577,3.741230503178482,-0.7772956069181113,0.5860820634112722
TEST_07578,1.407650836432691,1.4037074895424135,0.5337344322712093
TEST_07579,3.8095451198551156,-0.09133558618938535,-0.7517540578381726
TEST_07580,3.2777805937298408,-0.43523827936673587,0.8521002491703863
TEST_07581,0.9397390104077066,-0.2944026161332489,-0.060739932879373675
TEST_07582,1.3437232001959516,0.5913196387221828,-0.1678006187574065
TEST_07583,4.39217918890548,0.6247056143233961,0.9104500738654899
TEST_07584,0.9240114655626603,0.36819379621045895,0.015671205003139756
TEST_07585,2.925995762250104,1.2215819186554797,0.8936425411284503
TEST_07586,2.318891023579983,0.18530038507941246,-0.4594151683670908
TEST_07587,1.464318782540939,0.06150674446503464,0.07459645041392385
TEST_07588,3.010189404388581,0.18460581093347564,-0.40412145364448615
TEST_07589,3.723107714484953,-0.8607825594047733,1.025095717094655
TEST_07590,3.0075832050703584,0.9057118849007378,0.48958633428935555
TEST_07591,1.5349934944168206,-0.9714881826422449,-0.17506444149996447
TEST_07592,2.9943522024572173,1.4438585641730022,1.369182235729915
TEST_07593,3.347384813827839,-0.5439161842497432,0.871370762486426
TEST_07594,2.2406877208840403,0.3496317325945111,-0.024728087615329904
TEST_07595,2.3195809271825976,0.5509768275674686,0.6450783730987238
TEST_07596,3.612719466594709,-1.3497122893573672,-0.4721442569711846
TEST_07597,2.9817114287857702,-0.2357680938277647,0.573710034960036
TEST_07598,2.9013153808205274,-1.1654812616906036,-0.48265284860162494
TEST_07599,4.81604066251786,0.6904982733995783,0.2155770722300101
TEST_07600,1.9673981418894475,0.24801714733776822,0.08490391464465845
TEST_07601,2.828083209790045,-0.5482222279904254,0.8742349914174221
TEST_07602,3.3250877976306352,-0.1488961118162002,0.43627001642530183
TEST_07603,2.8092502403606017,-0.6023437312223127,-1.324791950445153
TEST_07604,1.4125793832967137,0.15850633201474928,-0.1794306043342106
TEST_07605,2.3960343315173653,0.4906388068532341,-0.7260988904013879
TEST_07606,2.135900689052503,0.1327529803294034,-0.31935268922121757
TEST_07607,4.703117378184578,0.8649947003041891,1.197626788557507
TEST_07608,1.388835297435344,0.7158845179081641,0.3382374694053602
TEST_07609,2.149899036806044,0.7074687506408469,0.1358382317355005
TEST_07610,3.206719726056745,-0.4748119854750203,0.6117253583156578
TEST_07611,1.3410777348372214,0.10226722498203106,0.21829701586818692
TEST_07612,3.2086807883501,0.9585664670849469,-1.1989100657128446
TEST_07613,1.38911635796474,-0.40758488867594933,-0.044679752242252825
TEST_07614,3.6394205486291744,0.8958534826802591,0.3134747597303767
TEST_07615,1.4985033504002436,0.1518745780040215,-0.01665797018547656
TEST_07616,1.7150113408548808,-0.54245797682299,-0.6535539935667607
TEST_07617,3.0394161951166754,-0.5869300877460468,0.8016015682877908
TEST_07618,1.8652617568717864,-0.9429302295790865,-0.5403143703884271
TEST_07619,3.3971293967994955,-0.05257105575906447,-0.043815484573921905
TEST_07620,1.5597795967381354,-0.11006479133868385,0.3836672167552276
TEST_07621,2.4216965590132027,0.05662176088506521,0.16007046341066872
TEST_07622,2.077456267979054,-0.7747695884341019,0.7410076560620168
TEST_07623,2.3711141464204855,0.2653552390593905,-0.5655242288854959
TEST_07624,3.2193861121161307,-0.06514326670756375,0.04158534997966138
TEST_07625,1.5807060861014428,0.8574375717776778,-0.2485115421842446
TEST_07626,3.5755344671099962,-0.6549960538984176,-1.1461082281545392
TEST_07627,2.1347255631360884,-0.4241911840483615,0.29154025456213617
TEST_07628,2.603285155077059,-0.3917877051449661,0.05501731156470521
TEST_07629,4.5206761219195375,-1.8708440297959184,1.7555323908574065
TEST_07630,4.373542346635572,0.45017392624515024,1.653701520962028
TEST_07631,1.621432941732026,-0.12347718996308381,-0.02085888348154291
TEST_07632,1.9699383217526933,-0.9108415006866972,-0.12764285923987184
TEST_07633,3.4252756088386236,1.4817839844137684,0.08380076519152121
TEST_07634,3.129216515671529,0.515832936682166,-0.13828102014795252
TEST_07635,1.3018608452084484,-0.010411486596465524,0.421869719242565
TEST_07636,4.701705227281721,-1.7175769326179064,-0.39912695567027284
TEST_07637,1.638869665683862,0.4608408833696357,0.1139992475649515
TEST_07638,1.5404504612766037,-0.4068536527229883,0.5653446643437755
TEST_07639,5.130501834727862,-0.997053518276683,-0.29304093238167256
TEST_07640,1.3373237724583455,0.6595402752243629,-0.19001809681526236
TEST_07641,4.9445171248027755,2.056215109752428,0.7387380434929116
TEST_07642,2.5269426658841496,0.2959124221722434,-0.443693226228784
TEST_07643,4.083957170790461,-0.9931320054774255,-1.2918411641574112
TEST_07644,2.046559429016068,0.18238414682570867,0.06070772271837662
TEST_07645,0.8286875602586633,-0.2524687759542002,-0.12755896199747638
TEST_07646,4.684246395232192,1.1435822779878502,-0.5669473419921679
TEST_07647,4.695627671027331,1.3404637012645924,0.7544917637628898
TEST_07648,1.9174935836841178,-0.8464801566933652,0.12072486143136328
TEST_07649,4.532820496881678,-0.4578450254844539,-0.5862720206462045
TEST_07650,0.8153887045076263,-0.15181911201419557,-0.04726989740994861
TEST_07651,1.7530687357825365,0.37432789155385293,-0.28596467169905143
TEST_07652,3.3900532058782686,1.1380881291055245,0.6238200682906975
TEST_07653,1.7057095420387347,-0.3920840834710184,-0.041776234173265425
TEST_07654,2.9671915416827104,0.17868806322637426,-0.6547974504595757
TEST_07655,3.269430429226288,-0.17057563757594654,-0.44550400536100054
TEST_07656,1.4119937024859606,0.2234556412825983,0.41323195672657853
TEST_07657,2.4692847010002024,0.7283984229317051,0.32140926997976377
TEST_07658,3.714390307477923,-0.4548328927734754,-0.29491352658988723
TEST_07659,3.2076229751762564,-1.4854260270336568,-1.2645980801932744
TEST_07660,1.5881657880333113,-0.4481779087091736,0.25801737845780676
TEST_07661,2.9625988965216425,0.29175270690206306,0.909765810233118
TEST_07662,1.9376084414191084,-0.3709085995927091,0.6510906233350982
TEST_07663,1.2775080026205925,-0.20986870347787692,0.013897765298550371
TEST_07664,2.7287426172740408,0.27412457574225435,0.6413805318497905
TEST_07665,5.44117799798789,-0.41424464484122175,-0.601517744209671
TEST_07666,2.734263568420413,-0.10171592751750282,-0.8378487645111278
TEST_07667,2.2564923095048033,-0.218868116495321,0.7955832189349339
TEST_07668,1.6108704831628164,-0.5298625891346902,0.25597012990070556
TEST_07669,2.2806332179032363,-0.3708366199206432,1.3495110127064782
TEST_07670,4.518260754212727,0.6706449929061357,0.7931910800597264
TEST_07671,3.038670562562126,0.4244767199684614,-0.14316348962309067
TEST_07672,1.8795638541259858,-0.9427044201529051,0.1504103652717585
TEST_07673,3.964873936754435,0.23457176126780202,0.8848438109325655
TEST_07674,2.778972587953167,0.32967998300195744,0.004608353317692898
TEST_07675,2.3665151185785707,-1.0802691048444626,1.1020553222756517
TEST_07676,3.9124397857205033,1.1230738358350725,0.6086952746364177
TEST_07677,2.4439367281710225,-0.3137614849924352,0.2994557932346425
TEST_07678,1.7490137192116433,-0.9212856684764403,-0.9224503141877124
TEST_07679,3.247171010815583,-1.0770133594982383,-1.0541883829303096
TEST_07680,1.9358449216165103,1.714870850674244,-0.8032705376057869
TEST_07681,2.7851220444908287,1.365363163711996,-0.2327268706453527
TEST_07682,3.099526035036568,0.888373605132333,1.281319638274477
TEST_07683,2.2697726733237644,1.3131238521459645,0.38593586105482214
TEST_07684,2.789577260152004,0.15600045018623362,-0.0023469741819754325
TEST_07685,2.76514895551755,-0.6149556747030744,-0.7800179853839887
TEST_07686,1.447715066541449,-0.3273342588572689,0.16267247915422126
TEST_07687,4.801118608167904,-0.6839833789305169,0.860019968593861
TEST_07688,5.719192684510892,0.5775693333327069,-0.5500232918728993
TEST_07689,1.69679073631799,0.3676130104676195,0.002996587061705686
TEST_07690,1.8778386472423056,0.17026039977182167,-0.09641236675663488
TEST_07691,1.5274302530314527,-0.3767474986286917,0.2852340494320305
TEST_07692,2.5627893414796956,0.6734607962999143,0.3918240873463247
TEST_07693,2.023715673306054,0.16897594220690001,0.2056441712572654
TEST_07694,2.7844038669961684,0.7382087979200193,0.821508640449889
TEST_07695,3.4204745390763267,0.4993059280449373,-0.19721483452543073
TEST_07696,1.6110567295000255,-0.06797999660639668,-0.6076541862021706
TEST_07697,3.604926557619617,-1.1363868825596384,1.9197907786256545
TEST_07698,5.686599652198121,1.2205662933378068,-0.058943950469203844
TEST_07699,4.436499524023095,-1.7260932851738775,0.12810724585323688
TEST_07700,0.9621658937603798,0.3476366673827554,0.11681826019148978
TEST_07701,3.481185028186383,-0.09898774966943319,0.3656745967463853
TEST_07702,2.139020455506422,-0.4438317067011736,0.9325051080436461
TEST_07703,3.491004293583812,-0.17738958792351375,0.2507805975145141
TEST_07704,3.5588082957545373,-0.17266788911437117,0.41970070131410775
TEST_07705,1.1890547384399974,-0.11264788534523061,-0.15972239410444786
TEST_07706,3.056789091038281,-0.3483581549709896,-0.8909540135788485
TEST_07707,2.118215251216497,-0.030995921643611708,-0.525851718263965
TEST_07708,3.223067155737859,-0.4410311138137068,-0.13908020036205895
TEST_07709,1.3036589671720167,-0.35071937740261655,-0.43874875415000947
TEST_07710,1.2721416762482498,-0.30211392841537676,-0.11549523564362679
TEST_07711,2.082306782797032,-0.6371247756118104,-0.37050313168720395
TEST_07712,2.670870129165433,1.5170239043500637,0.6803956594444385
TEST_07713,3.231004385312795,0.13253666192726152,0.2890964349235714
TEST_07714,3.261543130355073,-0.2096986263902083,-0.32605200187180866
TEST_07715,1.1089358743326938,-0.24681369893343497,-0.1140572117052869
TEST_07716,3.6446522751692823,0.16329132810568345,-0.5838122463032829
TEST_07717,3.5835067494297768,0.8899182401627832,0.6435859425365017
TEST_07718,1.4073495476411142,0.9329287334017462,0.599537710020848
TEST_07719,5.219747221134443,0.5811741513150604,0.8520284403814097
TEST_07720,3.4038411892331055,-0.3155891726285507,0.7440955750863615
TEST_07721,1.818676526370971,0.4108424316205875,-0.35966784380023936
TEST_07722,3.6974469849933844,-0.08897564724699086,0.9689930596366096
TEST_07723,3.291637460471128,-0.21966352093679517,-0.0007768597784346739
TEST_07724,2.242919337538111,-0.44376419671716116,0.6907923659084804
TEST_07725,0.9921136648140123,0.2710357391678187,-0.048129722994150026
TEST_07726,2.596808202480862,-0.056440540657763126,-0.2755373794818135
TEST_07727,1.3562067230623265,0.8278001210933857,0.40517648578044196
TEST_07728,1.098625996789241,-0.4986579352022557,-0.2030304803829416
TEST_07729,2.4371480371656835,-0.26767611136358455,0.3133235488424865
TEST_07730,2.608392769795373,0.6669370160680437,0.7473305442126809
TEST_07731,2.883640978149174,0.3853297202992649,0.7467504744226656
TEST_07732,0.8785005552495483,0.019832596908402382,0.003075761893946364
TEST_07733,1.9644576588324825,-0.2104199002084406,0.11551912243447082
TEST_07734,1.446036286916549,0.6472150771527377,0.6348861340905884
TEST_07735,2.793286482465192,0.6698431868887487,-0.5734351049447316
TEST_07736,3.180610756787984,-1.1247803110551053,0.910806293659264
TEST_07737,1.553956528067023,0.7640966449590431,0.7414737945852997
TEST_07738,2.4614943193276413,-1.225445856404952,-0.7859320104268857
TEST_07739,2.958110357998953,-0.12395444466807462,-0.7317052909016527
TEST_07740,3.0562200357706018,0.2811121933199735,0.1519345443172986
TEST_07741,1.9764738994520337,-0.3220243672377873,-0.0407717624334679
TEST_07742,1.4216776337931853,-0.6499556218767847,-0.5634716846445575
TEST_07743,3.8247298372506515,0.5983468539562602,1.0322756990635598
TEST_07744,4.055300417814037,-0.6600406890414742,0.5642804062620471
TEST_07745,2.068780775892098,1.418624668700646,1.131053401484752
TEST_07746,3.2637525262996863,-0.511448073942719,-0.6300529218689881
TEST_07747,3.4726527112134513,0.2490517367216993,-0.8122934221519652
TEST_07748,1.7568754197400476,-0.3865139607852818,0.06363888839185984
TEST_07749,2.9518591775192893,1.1124806286955429,-0.8451628578244368
TEST_07750,1.1379214505945638,-0.2080244326350638,0.22563401074430844
TEST_07751,2.7809229166961056,-0.5346047916994164,-0.7244097895179079
TEST_07752,3.2905985371162045,0.46129270374620246,-0.4100475377962266
TEST_07753,3.4225162146187667,0.912054830433097,-0.9527642508821199
TEST_07754,1.446349366905489,-0.1435065206283314,0.08619916352498072
TEST_07755,0.9615943178244284,0.12370595486634473,0.26472024706315905
TEST_07756,4.379856710657938,-0.29652719786902887,1.1000141773818604
TEST_07757,2.5083332055361542,0.8815083927568254,-0.3071848563945769
TEST_07758,2.0229684703874318,-0.24969488468226825,0.49982998170063897
TEST_07759,4.282830045687863,1.8464886091115291,1.2539713176465508
TEST_07760,4.626833488382514,-0.9312059881398089,0.41901439341676333
TEST_07761,2.771451503033426,2.1706661172327357,-0.11221817363710106
TEST_07762,3.536919993162764,-0.051564069796352446,-0.15513292779718124
TEST_07763,3.5660185942706306,1.2949008923007164,-1.044316444810915
TEST_07764,1.5489099870277454,-0.07282132295434761,0.037096946838885834
TEST_07765,1.378887668051042,0.6527236728917536,-0.16239334261604016
TEST_07766,4.3336286373044,0.9254475095391405,0.30302171717841536
TEST_07767,2.3372626937365393,1.508256282959004,-0.7524901860375605
TEST_07768,4.845191947354355,-1.6950505636303304,-0.573066048507104
TEST_07769,2.9914523785350604,0.3379640236737177,0.31451145054303953
TEST_07770,2.455773261793397,0.10304454885152212,-0.14582758449038746
TEST_07771,2.947421302573882,0.26699440785631695,-0.4366638605348408
TEST_07772,1.5564577631934904,-1.017835561133388,0.5778272717781338
TEST_07773,2.8285274200848485,0.5667553836535199,0.061133727330217554
TEST_07774,1.0771657813678241,0.3575712850752612,0.26303122843129345
TEST_07775,3.0596590753850506,0.7078510665573715,0.0055019564323291964
TEST_07776,3.0205316684041024,0.6865237205440883,1.3590826230607955
TEST_07777,1.6891153209608485,0.8551424756142396,-0.3097792163663257
TEST_07778,3.461267417364194,-0.7968075043937507,0.7094986767775211
TEST_07779,3.5152155938767757,-0.7505395375685011,0.7062867268330724
TEST_07780,3.1636923353950746,-0.6788500281870511,-0.6336472576701131
TEST_07781,3.6872941707060756,-0.1213424020504831,-0.3356043771440253
TEST_07782,1.4755103016424296,0.17995625988132757,-0.06809037205228338
TEST_07783,3.1669717580556553,-0.12601319330151492,0.12459311595951694
TEST_07784,4.13151327303221,-0.20736722567994417,-0.5761181595641102
TEST_07785,5.480144533296587,-1.6621276616713017,1.4757663505910796
TEST_07786,1.6859228055435942,-0.3764421640667782,0.1270485319952913
TEST_07787,1.5346458499676687,0.004648899498614597,-0.2058066247015328
TEST_07788,1.5406141185028792,-0.6198550419354907,-0.1303964528276497
TEST_07789,1.9461185392070444,0.24049997508656543,-0.4080300319717289
TEST_07790,2.7985334369471104,1.5735067671807625,0.03239767772565971
TEST_07791,2.0011698745279647,0.5383873960775101,0.18336010481510176
TEST_07792,3.0723171884669735,-0.7484073136106423,0.6528461268210288
TEST_07793,2.5017434750827405,0.02479300874159004,-0.27654204780551206
TEST_07794,1.9547856705498219,-0.1630816860874528,0.04877344407690481
TEST_07795,0.9995204904746765,0.4732287819956116,-0.38461872658472024
TEST_07796,1.5492026116096425,-0.1895680283742728,0.4202805150902851
TEST_07797,3.1757361907615933,0.44154752831663135,0.6851188164153329
TEST_07798,3.0437768015181117,0.4106769042331795,-0.17895755182917816
TEST_07799,3.369350259236975,1.1240407086095279,-1.4276093968021195
TEST_07800,4.927386762514663,-0.5125011290606593,-1.2428981832446828
TEST_07801,1.3421346094230338,-0.053978107328035756,-0.061837918814921816
TEST_07802,0.9304950177837772,0.315902310396069,0.10859297902888054
TEST_07803,2.296113680464346,-0.24216515792461318,-0.7621670065425975
TEST_07804,2.9334309240758736,0.18500515587172517,-0.6027184321812924
TEST_07805,2.3317125927297506,-0.002481938433242696,0.008052024873818335
TEST_07806,1.1677387905696053,-0.22294803161009774,0.2478167244932842
TEST_07807,4.233421605119684,0.47927787793100257,-0.8640967549486652
TEST_07808,0.790064039313968,0.21571472812703865,-0.0011347167576265657
TEST_07809,1.6342490152302966,0.33441631879189226,0.10426137974757094
TEST_07810,3.032011507132811,0.04327541638076922,0.14329236368762469
TEST_07811,1.7907950780112791,-0.14041029142044525,-0.23562054223356843
TEST_07812,4.573424805173987,0.9979579397280469,-0.34746325316045756
TEST_07813,2.2436452058135994,0.06469439641072913,-0.0512334152340224
TEST_07814,2.6560104217388942,0.6513231334198789,-0.08497569797529166
TEST_07815,1.2673115292374995,0.5031070982283922,-0.09451003342742847
TEST_07816,1.5965594163232988,0.9363567671285724,0.07958590798899408
TEST_07817,3.246132007160728,-0.6675880048261341,0.6400594453262125
TEST_07818,4.09051777695777,-1.1910356841194953,-0.012571595144449159
TEST_07819,1.443072919309614,0.5303468299418141,-0.19653755521335875
TEST_07820,1.6249107495402406,-0.11624284677077185,-0.3027237665685559
TEST_07821,1.4238366610827156,-0.110476107807729,-0.3604865287933088
TEST_07822,1.5909169532335687,-0.2557484392845069,0.010454842836253841
TEST_07823,2.353139477385989,-0.17200308232374287,0.6009388826266652
TEST_07824,1.9956291300693039,0.3879103854563176,-0.4742630628669099
TEST_07825,2.676103287142818,-0.7346363176634806,0.01027875983078442
TEST_07826,3.121139882556958,0.4429620365147697,-0.2694814616363974
TEST_07827,3.0086565148070923,0.5006494076790534,0.10881607143261025
TEST_07828,2.772448061176346,0.047787915707852645,-0.0028088830616551986
TEST_07829,1.4788741521668973,-0.12205660790649239,-0.2126772063249719
TEST_07830,2.4790079657828232,0.07798826769704748,0.8870953874559026
TEST_07831,1.5209476997631428,1.2131791279811301,-0.032359370081315786
TEST_07832,1.062058562367012,-0.2458424236875289,-0.005632436577311271
TEST_07833,3.855890437898849,-1.0209884381503642,0.4474810526754777
TEST_07834,3.6448375031440166,0.631960226471683,1.293722859475391
TEST_07835,1.9504756402333003,-0.0708381562196186,0.3107773235745844
TEST_07836,3.1329352255697716,-1.4198661610073584,1.1318162161459302
TEST_07837,2.193334786975414,0.20263861134798666,0.5958606999404922
TEST_07838,3.037262637704385,0.7161585975548385,0.7711278930989645
TEST_07839,3.604127204887131,-0.21781212504313305,0.6093986012901376
TEST_07840,3.578691085655831,-0.2714177073405027,1.4295365773595088
TEST_07841,4.765191143577098,2.12495256454474,1.195371438747673
TEST_07842,1.427150185333547,-1.4715991886795055,-0.5846484941678407
TEST_07843,1.3827018395404098,-0.17127158732887543,-0.7276002419865615
TEST_07844,1.5505428159998447,-0.7142406593341419,0.25519402565668126
TEST_07845,1.6960899976352204,-0.4343228207027758,-0.34943922626673846
TEST_07846,4.833940111310012,0.6081583607474336,0.7752379914869718
TEST_07847,3.608419011658056,0.2828134192168003,0.050073134875512314
TEST_07848,5.497188877727571,-2.2354668695846653,0.10388344011720231
TEST_07849,1.925269319029884,0.635610526515159,0.18910598154544594
TEST_07850,1.6847055361747234,0.37124487366611303,-0.30527174663587986
TEST_07851,1.3753367694674723,0.2979632236156935,0.18655105558830493
TEST_07852,2.056757054991182,0.7551504087116779,-0.020130844025191975
TEST_07853,1.3663680389757167,0.10188935001843644,-0.15417359344994408
TEST_07854,2.47839599979317,-1.276178132009816,0.5795282097081982
TEST_07855,3.3037807078791217,-0.7015914828275543,0.881568523793332
TEST_07856,2.7954768905640432,0.01888394824361476,0.5019746939393342
TEST_07857,2.3229900829890453,-0.007368845554017999,0.15195926903419757
TEST_07858,3.8101142380942576,-1.5824398746679382,0.7342929145266908
TEST_07859,2.7832049502318363,1.1587972085786657,-0.1533906003738418
TEST_07860,0.9021553855062092,-0.1338345264674332,0.43305270065804397
TEST_07861,1.197650748801372,0.5457502730420388,0.29141219053046724
TEST_07862,2.037692195229937,0.7025605518715764,0.5728164167298052
TEST_07863,1.364127200646547,-0.3269784499462149,-0.07072758173445844
TEST_07864,3.2217206068395647,-0.2518012856799666,-0.1714425225454753
TEST_07865,1.0984147067443124,0.5699200598787876,0.5667556124130531
TEST_07866,1.413920032072242,0.01795228590679673,-0.007636873246933525
TEST_07867,1.1089483488159437,0.10921788918009633,0.09111358161527969
TEST_07868,3.225098494820381,-0.8298726919668897,-0.4876374513663912
TEST_07869,0.9850917243936762,0.618705822664189,-0.11949487510460534
TEST_07870,3.108585851415354,-1.0197323665367686,0.9139883932846244
TEST_07871,1.8911078585328944,-1.1929752031904965,0.08245979459336186
TEST_07872,1.7403156467178733,-0.34891957236738286,0.5196976557912154
TEST_07873,3.7540707414709207,-0.6663393752850904,-0.16295573613133205
TEST_07874,3.09746156681951,0.3426013616027527,-0.3542390728155717
TEST_07875,1.1017605155601915,-0.18534054868787408,0.05838085778273566
TEST_07876,3.057944547362591,-1.4111708634576479,1.1773483425698874
TEST_07877,2.191490040739519,-0.5066355719922917,0.2832924004683171
TEST_07878,1.2366519102028246,0.014057525886871366,0.35477733499323255
TEST_07879,4.4916071817984315,-0.846836529281814,1.7385130034032459
TEST_07880,4.370009473382876,1.5004662272649785,-1.0161582706980963
TEST_07881,2.724332725112,-2.3744178431150202,0.5810647976705979
TEST_07882,3.1744446283150927,-0.3578206186532731,-0.008784040641789417
TEST_07883,2.6377884665089346,0.7529596925874147,-0.4457519066427927
TEST_07884,2.5250745909270345,0.5111662234249736,0.28736624803501487
TEST_07885,1.9791256029844724,-0.3407506946062059,-0.5250999476941867
TEST_07886,3.748613662374133,-0.43174198332452074,-0.6662588429806094
TEST_07887,3.0898026354645136,0.2328170170846027,-0.31494194472139536
TEST_07888,2.0002456761741123,0.207235380216546,0.7998405633718054
TEST_07889,2.9145480574053972,-0.22518900016767396,-0.28953264054028527
TEST_07890,2.5949428404128163,-0.27817981075030396,0.4710277061554191
TEST_07891,3.76785896192442,-0.4747591724342464,-0.41174656829140277
TEST_07892,3.0820174910874947,0.43173418713292605,1.2104868817273344
TEST_07893,2.973244049078916,0.08156819033378716,0.02575739126563729
TEST_07894,2.757201302522103,1.4223143639082239,0.2694680420460225
TEST_07895,1.900572106172919,0.6859230142243649,0.02511019184018986
TEST_07896,1.9734703890052532,0.1040834948413933,0.39811266561252845
TEST_07897,3.8611061726559956,0.38205401046820975,1.491820616167865
TEST_07898,2.88078093350903,-0.9292133116217075,-1.0028057390150782
TEST_07899,1.8963602593234608,-0.5440054757748017,0.6462597232090291
TEST_07900,2.6132568628613084,-0.21785084988344872,0.5317945633233845
TEST_07901,1.5432578506893735,-0.2787498881719691,-0.20361882705866247
TEST_07902,1.5483850653576976,0.006340673446497566,0.28640883256283256
TEST_07903,3.28216043989161,0.5229672682520514,0.4759928835511612
TEST_07904,3.4857490204209443,-0.24540079996876107,0.9265411306828448
TEST_07905,4.209602746316451,-0.9572602173817812,1.35308184816769
TEST_07906,3.0855917043827135,-0.12624927884478704,0.48288912853447236
TEST_07907,2.9974995831559053,0.8711952111299881,-0.6965708566487033
TEST_07908,2.6155187581415027,-0.07197315162991236,-0.11664931030123046
TEST_07909,3.591767408430286,1.2249860716179064,1.3688300700227587
TEST_07910,4.277183994350399,-0.10150962994711565,1.9343103230093863
TEST_07911,2.991231443577584,0.24572368583073162,-0.03619634533683766
TEST_07912,1.1533110220266423,0.47352318507176566,-0.3620717443658071
TEST_07913,1.602619512418618,-0.542794777707993,0.5698827949706106
TEST_07914,3.008062904450772,0.3760489260476595,-0.5914727798714826
TEST_07915,1.1105410039494021,0.048755018322000715,-0.3050816316273658
TEST_07916,1.6619205590633594,0.7550878680352345,0.19283535635088825
TEST_07917,3.0222698557558036,-1.6509392695936245,0.8285157397145272
TEST_07918,2.4765242206871445,1.1033791799966914,-0.8032138592957454
TEST_07919,3.602987806692825,-0.25079884860146207,-1.4210233212559737
TEST_07920,2.489140490062946,0.891535348069235,0.1321015393419647
TEST_07921,3.6526064847135142,0.557249770758854,0.0034050258946079974
TEST_07922,4.080524474309691,-0.10673322132394028,-0.49305188159932484
TEST_07923,4.274373181424724,-2.0832683360818574,0.5939889726038068
TEST_07924,2.84370798858235,0.4559130021404071,0.4746744868746273
TEST_07925,1.1862538932989388,-0.3139661780563159,0.15579019709330721
TEST_07926,4.6610625100070875,-0.7390200664545742,0.40536554106614064
TEST_07927,2.104829220790515,-0.84341564084976,-0.08341556041000692
TEST_07928,3.354090088178562,-2.1447068690311806,-0.6017418230753101
TEST_07929,3.966941707515921,0.2554687576576986,-0.30349955951818525
TEST_07930,2.4862884936264438,0.26589692991943437,-0.32852609047250875
TEST_07931,2.699907488522206,0.21765566964805888,0.1534008646578712
TEST_07932,3.4786482045195286,-0.76492716767252,-0.7032415516818381
TEST_07933,0.8671100994329469,-0.20554647630871012,0.0074257949307102306
TEST_07934,1.5652249142557297,-0.2910182996396266,0.25663181252243017
TEST_07935,2.6607065951598536,-0.15283167944207265,0.08584672978754494
TEST_07936,1.7087127935254312,-0.8080420132276096,0.10273023712070489
TEST_07937,2.422086102182778,1.0592276890664394,1.2615903308830914
TEST_07938,3.1897457198385273,1.5112982516939115,-0.13525158131597598
TEST_07939,2.5671770446653825,0.46636362473826926,0.6174166131452037
TEST_07940,2.0907819982144726,-0.7455968622303459,-0.40515134542592846
TEST_07941,2.074936419195223,0.32672333584047175,0.13737933045249112
TEST_07942,1.4051223952958107,-0.2857488592572817,-0.4502877765986805
TEST_07943,4.024010206357855,0.470303470117157,-0.22543375235563698
TEST_07944,1.9448368209335094,0.4367315062940404,0.880703911555136
TEST_07945,5.726545550915888,-0.2969682977490339,1.4249199079147
TEST_07946,2.0368900486364008,0.163398114685685,0.3260358754164496
TEST_07947,3.717537478132939,-0.8395916841426152,0.5997710361455666
TEST_07948,2.952024409731012,-1.0550453045785602,-0.044561405077525096
TEST_07949,3.78418737583781,0.6778349629608772,0.1832688150348215
TEST_07950,4.962566501007945,-1.579975628627407,-0.9313391095030411
TEST_07951,1.216669992547791,-0.6341587108116586,-0.09534352222016731
TEST_07952,2.0463218370996197,0.8780605766209012,0.25140157003890073
TEST_07953,2.878731306942015,1.5363564678263395,-0.6812757357253406
TEST_07954,3.14555285993137,0.17765005200221068,0.05132859307564239
TEST_07955,1.406938481197488,0.21809275943130166,0.24475645669058546
TEST_07956,3.18268853094897,-2.020392396407829,0.3355923376132762
TEST_07957,1.713436375129897,0.010833577043571588,0.1606066124814669
TEST_07958,3.491477958543702,0.09651851989785312,0.02133296634523407
TEST_07959,6.0812888506734275,-0.6131363845561567,1.5808107560287028
TEST_07960,4.370548215467748,0.7280708337657521,0.9588249440578668
TEST_07961,3.1007807043783235,1.7447651624634488,1.1367884012766218
TEST_07962,2.7416231840840948,0.8453176878415887,-0.5588278054260498
TEST_07963,1.4166501017385733,-0.1425993325063726,-0.5624535802783747
TEST_07964,2.3953325885757177,0.49072607274836255,0.6192659012687425
TEST_07965,0.7594185386720885,-0.060131364657112295,-0.2858201765432209
TEST_07966,3.660658227019361,1.0667049974617022,-0.9185377917936873
TEST_07967,0.8849080242698637,-0.4581650573355479,0.3416843994469914
TEST_07968,3.967506269567285,-0.6820507261809755,0.2215598246168107
TEST_07969,2.223895375678025,0.18750388960231984,0.12232723683148439
TEST_07970,2.20269706055967,0.00582130474389225,-0.37502245152672303
TEST_07971,4.53134099086289,0.255620459263891,-0.4893822013480421
TEST_07972,3.1786198446056133,-1.6162987610240966,-0.5794820676818735
TEST_07973,2.957893524201368,-0.5136605499087326,0.2185499448727545
TEST_07974,2.3910530487176773,0.3907536199911283,-0.6585627689230027
TEST_07975,3.080957720387109,1.070052509974939,0.8072926107845334
TEST_07976,2.6484259339621827,-1.182540996523038,-0.016532588815494673
TEST_07977,4.087964934214997,0.4217243754633408,-0.3485102975853278
TEST_07978,4.630899896476301,-0.7305147012365258,-0.6238170153880108
TEST_07979,3.0323215968509456,0.035821639542089764,0.4695388449968554
TEST_07980,2.2936946002101526,0.7408334127102757,0.4099120172105638
TEST_07981,1.4697339981368587,-0.008004282261980354,-0.5859033830973348
TEST_07982,1.9481614380097847,0.5443263605575058,0.6755684519804598
TEST_07983,1.2687546724141874,-0.20273632434805877,-0.40136638325363905
TEST_07984,1.8779398655713253,-0.17917803263569707,-0.3115466589664555
TEST_07985,4.838056381207687,-0.9560043158912179,1.7706255147453964
TEST_07986,1.7887806933955135,0.24378085133775923,-0.6982324549283452
TEST_07987,4.437740201280074,0.9607090574344844,-0.021185241489241644
TEST_07988,2.273368235650587,0.5680113196937936,-0.3373501320779175
TEST_07989,1.2638376458831293,-0.1467131237150816,0.2991001356125353
TEST_07990,3.5100057310753376,1.7258620185901279,0.5251804284006132
TEST_07991,1.0963462884681519,0.12429678433775147,0.023594804609577833
TEST_07992,3.3915758251992214,1.4639467039396485,1.3910240819504536
TEST_07993,3.27840714276856,1.8884940065861433,0.25261858449679125
TEST_07994,3.4511009791589053,-0.12742389877950674,0.5120468679880572
TEST_07995,1.5982013013360932,0.3771858299827269,-0.4800668534874291
TEST_07996,4.3653558661566025,-0.16020863821910952,0.07409632078093072
TEST_07997,2.4261593495289016,0.25585033680095864,0.5489765347195416
TEST_07998,1.4623764639217756,0.7518712380683888,0.4312033407606441
TEST_07999,5.087789385174283,1.58262961895592,2.0761012964067143
TEST_08000,4.210973397754727,1.8283153843337203,-1.4071861160097272
TEST_08001,2.114778146059016,-1.6042347778560533,0.5395895609411885
TEST_08002,3.9593405771751495,0.9871064239593393,0.6333278406070054
TEST_08003,3.4479004324525935,-0.6844565012108569,0.09810561552479823
TEST_08004,1.6421468948867883,0.24001721861880476,0.08521688423989308
TEST_08005,1.8355215712356252,-0.6666627542221639,-0.5713087116921861
TEST_08006,4.901361724156118,0.19569124175081173,-0.09847988648939782
TEST_08007,2.796835243254469,1.4853610937125774,0.22442220456177864
TEST_08008,4.292439682498048,0.355180750171025,0.6540611445987763
TEST_08009,3.4778789887513373,0.5721544391368548,0.4634589740745022
TEST_08010,2.1062120760363134,-0.2526546485203149,-0.04774941937480894
TEST_08011,3.3476479153945453,0.09447089203019866,0.19832303838936574
TEST_08012,2.5145742246666596,1.5316863062087935,-0.7726912465607028
TEST_08013,2.457901384398629,0.5342179503102288,-0.3482243774143133
TEST_08014,2.586422971552168,0.28736780462365485,1.4012539345296253
TEST_08015,2.6779060446842875,-0.7384627627864354,0.2649052044172629
TEST_08016,1.7291675724001803,1.2539549424489862,-0.058904566121339944
TEST_08017,3.180948461366357,-0.060602958878923044,0.6453694319119389
TEST_08018,3.4344743738952466,-0.8310513083452367,0.3425718169277263
TEST_08019,4.643185216280208,0.5443249541311128,0.06682616285755406
TEST_08020,1.9277732004959773,0.042873216819348726,0.35699622762080224
TEST_08021,2.5251109799389515,0.3492637253779437,-0.3723114634934084
TEST_08022,1.6870150813414022,0.13673574572081215,0.05379899294970745
TEST_08023,2.469359287352577,0.12403699387160178,-0.552799698273946
TEST_08024,3.036233019325031,0.3658345838045344,0.7349903353601162
TEST_08025,3.669365787198361,-0.07902321990393722,0.1034497670819081
TEST_08026,2.209093591798237,-0.17561172137101444,-0.48455514200377725
TEST_08027,3.263809425976215,-0.5205444267056105,-0.5677867634637258
TEST_08028,2.80257470457287,0.5155656332563598,0.25218309811325723
TEST_08029,2.8462145202882057,-1.2623855725036122,0.7034915663034415
TEST_08030,1.9624423475867907,0.046510890199032054,0.789344320284256
TEST_08031,2.991226243082185,0.9942894982996165,-0.619014221607071
TEST_08032,1.8662550660151112,-0.6739553564310926,-0.40138066713892717
TEST_08033,2.998188479269761,-1.075238673346646,0.6362717082070029
TEST_08034,2.0462382026863426,0.37696255297718323,0.2918519586993075
TEST_08035,1.9407646961230756,-0.20529741042283678,-0.23239078118431652
TEST_08036,1.444384781966183,0.461453472494643,0.5093048632590996
TEST_08037,2.0848341462372986,-0.2560453797630779,0.5491709596623146
TEST_08038,1.9748798464517157,-1.0924723745068177,0.5879594558334099
TEST_08039,4.569149503386353,0.31660673901038017,1.7301569620235007
TEST_08040,2.592076465653072,-0.11222788850749185,0.2688427382176066
TEST_08041,1.9192495146618855,-0.7484891256923839,0.1739984978930829
TEST_08042,1.679644622444432,-0.14605609179622225,0.004409550560028877
TEST_08043,1.768067252990252,0.903570980082683,-0.8571507004645316
TEST_08044,2.972962564339381,-0.49271666592999364,0.9537284866133533
TEST_08045,1.021810534387817,-0.0285429555455838,0.12458394157520641
TEST_08046,1.9908097161294354,-0.016201316789816126,0.07715065893203354
TEST_08047,1.6205229015286786,-0.2692735926440739,-0.10819496184466061
TEST_08048,4.691164480225435,-1.0075960625947733,1.2311735666600678
TEST_08049,1.7948345698135681,-0.10153032723420179,-0.26132582009800026
TEST_08050,2.1378443499295106,0.2331412619283247,0.0055123738185683425
TEST_08051,1.4214398755276787,0.6658264550346186,-0.13164352773376928
TEST_08052,3.511100343422084,-0.16621626660343153,-0.3773399840109595
TEST_08053,2.0900925458903563,0.6192746841985386,-0.3258373719199274
TEST_08054,1.2575802634955235,-0.3498331241651701,0.09766998860402573
TEST_08055,1.195249247096585,-0.03599620944262814,0.024915504029367107
TEST_08056,3.133113781675391,0.3937067722222442,0.3217628037791194
TEST_08057,1.0852812429823384,0.2771839661342194,0.5032614099553936
TEST_08058,1.8726311538103269,-0.6654165954668135,0.6959676570444404
TEST_08059,1.8228032999027162,0.28949727432331496,-0.2393973054539604
TEST_08060,1.47497329481469,-0.17579906184449667,-0.42343047852939203
TEST_08061,3.1172899077652167,0.3023990427614688,0.00983381893207962
TEST_08062,1.8017920526360682,-0.02589757431621782,-0.012419905909898922
TEST_08063,3.746092074390328,0.21666811560217666,0.27768790330649923
TEST_08064,3.225662514734076,-0.09469953195363923,0.12970556038741254
TEST_08065,4.343012977317557,-0.06304482101230449,-0.4796570551964145
TEST_08066,2.319955277488086,-0.28152647788960994,-0.7930245234506367
TEST_08067,2.718009616319954,0.1185745241386989,-1.0195308156820586
TEST_08068,2.4963279874506026,-0.7909841966102317,-0.12051784315558672
TEST_08069,3.901611560872533,-1.1278832050765335,-0.5847335157104777
TEST_08070,3.774595564880749,-0.9541452800655466,0.9394870580868984
TEST_08071,1.5331930352135181,0.0662203000069621,-0.11545768025591982
TEST_08072,2.692285723284333,0.5473759346410226,0.1529217384025353
TEST_08073,4.124186555974936,0.195230515215899,-0.9702905812524133
TEST_08074,2.5636137210376173,-0.4004311936651107,0.3890731533681457
TEST_08075,1.1040405085699188,0.12725582243637107,0.14355827355666456
TEST_08076,4.671966194617436,-0.9087746194844617,-0.26811659178010466
TEST_08077,1.51341258457857,-0.8432302939189079,-0.5361909376243803
TEST_08078,2.701547556710947,-1.3366813862393088,-0.10512776373442545
TEST_08079,5.742805684162427,0.7902761564367334,0.12043740995480919
TEST_08080,2.1900264624346892,-1.648941390220534,-0.33407419871805294
TEST_08081,4.818446218083603,2.2447374070100117,0.9290248920199219
TEST_08082,4.552781224009834,-1.4933039460918693,-0.672732889423921
TEST_08083,3.1937204152609837,-0.7536602672813285,-0.8981858041162776
TEST_08084,3.404243325258931,1.2080335270069484,1.711578278181269
TEST_08085,2.204130072891133,0.8187950014845949,0.04121577197102438
TEST_08086,4.6281152816264175,0.09581930383139418,0.7271827016209791
TEST_08087,1.1791802988459115,-0.19999709131956292,0.33714743408709996
TEST_08088,3.473321083133057,-0.9124637594579836,0.22401357653852394
TEST_08089,1.8124061376482976,0.10499280032923736,0.20259988700073048
TEST_08090,1.5243039260397144,-0.41102925661353634,-0.1654118057057127
TEST_08091,2.953885595289852,0.2561341766862259,-0.09139113868358566
TEST_08092,3.519453005533547,-1.235157100290026,1.4949758182927244
TEST_08093,2.0420877163494118,0.43076794706475047,-0.08956723179630405
TEST_08094,3.450501120810673,-0.081650077919812,-0.3027379632859175
TEST_08095,1.5079743991764687,0.4569530261295836,-0.0472500321370383
TEST_08096,3.5210480834652067,-0.4107964934497226,0.6710308718159903
TEST_08097,3.195987207763531,-0.17957590213974725,1.9071521950442913
TEST_08098,4.575138558496007,0.859209210219696,-0.6879344659721331
TEST_08099,1.3747401285314944,-0.26412531303446674,-0.12549635451263008
TEST_08100,2.481436866349868,0.483324159305417,0.21069237413053643
TEST_08101,1.7805102252666,-0.16024196309841646,0.3690556087088631
TEST_08102,1.5270423006615061,-0.014931469601647191,-0.012803579150151463
TEST_08103,4.466852233217167,0.24348280310770812,0.6348726602790331
TEST_08104,4.236096448463605,-0.38459017715239663,-0.23579743612376108
TEST_08105,2.1433009781136896,-1.5326151454451642,-0.6092440985850419
TEST_08106,3.1050600384415903,0.3810469678293422,-1.1538631964731156
TEST_08107,2.884795590770363,-0.14648855169595076,0.19156372872051772
TEST_08108,3.368228850671993,1.3830033501243477,-0.23878498086462566
TEST_08109,1.0652826173798255,0.17570169969013918,0.036120513104867184
TEST_08110,4.838226826528866,-1.3876820235431608,0.0028562968524526726
TEST_08111,1.852903203155855,-0.9788593839991745,-0.19830673724018402
TEST_08112,3.114049793845296,-0.24576873420475234,0.3229289199908502
TEST_08113,2.133443483216112,-0.26911099596862315,-0.6182446911413294
TEST_08114,2.019634289750878,-0.11055321679330594,-0.0452399462443944
TEST_08115,1.0597505249767654,0.5688992760952877,0.5154131253213254
TEST_08116,2.308016786069519,0.9649631293984131,-0.835456804475893
TEST_08117,1.6671944037501127,0.5990534318216784,0.32047843004858073
TEST_08118,3.8024445379414913,-0.984418014194455,-0.8969568978651687
TEST_08119,3.762950474458784,-1.7732936336681093,-0.9110310723646973
TEST_08120,3.6225242044185957,1.8024703341663098,1.2087034123173983
TEST_08121,3.1277593281850065,-1.4863819511552672,-0.82524944066346
TEST_08122,4.134625699606984,-0.5819146944927679,-0.3190273855338733
TEST_08123,2.261098899880713,1.3291695273948485,-0.48325769799584334
TEST_08124,3.0214789486298566,-0.1338894961746705,0.33017826980560006
TEST_08125,2.3530520747958295,0.5172130933267323,-0.40733661530410925
TEST_08126,1.030871887918273,3.5280460508095986e-05,0.3131566631236341
TEST_08127,2.2861097457483552,-0.013423728415095499,0.6898567989033373
TEST_08128,5.122531380316587,1.3098958173476154,0.47021899232306197
TEST_08129,2.91078710545853,-0.3414435430271383,0.41066444855234746
TEST_08130,1.5619350253667,-0.7311756506704303,0.2684812901489502
TEST_08131,1.292992446132888,0.24531653035816328,0.36499537428369
TEST_08132,4.606571872624731,-0.9038570609361287,0.6622337581170662
TEST_08133,2.4742952925503143,-0.047128811786951476,0.23366356864092544
TEST_08134,3.401030624699831,1.034587388092169,0.14988374199309532
TEST_08135,2.215752379179356,0.12632325542886366,0.17009058718812556
TEST_08136,3.10185027011395,-0.4862710246465758,1.345271332962067
TEST_08137,3.5909201415598404,-1.2715117878651,0.1824430708586281
TEST_08138,1.6829447755532108,1.8086743985265294,0.7972194930814179
TEST_08139,4.17489262491342,0.4252968711237639,-0.137157984100535
TEST_08140,2.160040614725491,-0.19391776567462526,-0.00043106275028171584
TEST_08141,2.1946277113108836,-0.42583781710183755,-0.2974965484120032
TEST_08142,2.160933031345234,0.5812566347037635,-0.5956682250572479
TEST_08143,3.8906280058350573,0.2766932281031879,-0.18282089726430664
TEST_08144,3.1183893800815476,-0.347124745377504,-0.3841482831134071
TEST_08145,2.3300418268806014,0.051220492927005104,0.020391532332620525
TEST_08146,1.6478055177476527,0.609254566299971,0.11890813888678531
TEST_08147,3.2210333776547935,0.15531050622714493,-0.43292263166415473
TEST_08148,2.45208603929083,0.600857213811353,0.32969681443680365
TEST_08149,1.461777247599372,0.7929080742539006,-0.6093692173516566
TEST_08150,4.788724228933636,-0.02180022374351847,0.7881673184592681
TEST_08151,2.8648528863230167,-0.5333446173247836,0.6412770783240294
TEST_08152,3.3198545258592334,1.194729207005632,-0.4588331540013175
TEST_08153,3.573268359862184,-0.577254785766553,0.059496268806405544
TEST_08154,2.6866984053975824,0.015930057732922262,0.6514363687058267
TEST_08155,1.8983069328777684,0.7280668495114814,0.8150643238101696
TEST_08156,3.019154642841717,-1.1730570162864618,1.2429439060056502
TEST_08157,1.5778602147149172,-0.44843859156732674,0.2478297019211853
TEST_08158,1.3250620118767669,0.7855100097143801,0.19276230058179217
TEST_08159,4.9074848882840785,0.3317365717817681,-0.969942242565916
TEST_08160,3.4227681402951746,-0.46070574116071233,0.031459062726226436
TEST_08161,4.102752435225893,1.009654342097772,-0.008227295155544689
TEST_08162,3.008139049559108,-0.5427636544270581,1.397492162552635
TEST_08163,1.6189509870183942,0.007273642945916641,-0.153711366370216
TEST_08164,2.062401414671395,-0.4288703273584245,0.02455416222490385
TEST_08165,2.567312274560229,1.0024507845806614,0.8268026386553433
TEST_08166,2.5307136140098,1.018559822543003,-0.5639251175567118
TEST_08167,2.5457683171782826,0.7265583398494607,0.07003125526063268
TEST_08168,5.718853082748816,-0.3920309681425505,1.0958585654114217
TEST_08169,2.8094842182498567,0.39430241667858834,0.04950980156127275
TEST_08170,2.1367594771810405,-0.14049641162965432,-0.04590173836119158
TEST_08171,1.2508466733996362,-0.17321330330347753,0.14251715402769297
TEST_08172,3.7579036362429084,-0.042041807401935624,1.1321439324563747
TEST_08173,2.402154525895679,0.2242897409834357,0.29211820974101443
TEST_08174,2.4999767760366676,0.26755926203356123,0.34220668637410556
TEST_08175,2.768505483026161,-0.9282732821592047,-0.6104247098115854
TEST_08176,1.1828251137214387,0.5025750351128506,-0.29057870782514833
TEST_08177,3.976262886604025,0.3636903022203295,-0.4598489412354693
TEST_08178,1.848218833722611,0.7348667333390887,0.7369113716064046
TEST_08179,3.348956464108876,0.02741163464574871,0.2546564099641477
TEST_08180,2.4336071723236676,0.7468267062577407,-0.41805692867161465
TEST_08181,1.3538675380243301,-0.002134500740945332,-0.20612297748354017
TEST_08182,2.086636856870054,0.5067179642320949,-0.05056299899036342
TEST_08183,4.401404918665269,0.0027243949784225077,0.35164839947940385
TEST_08184,3.780971088880763,-0.39542051932687117,-0.7485694720921108
TEST_08185,1.2070401530976853,-0.599856810556519,0.41657250454199435
TEST_08186,2.1957415871009354,-0.2539065449238658,-0.4268602614960623
TEST_08187,3.825481666991466,-0.16675944251791486,0.41175030929093026
TEST_08188,2.86637616090109,-0.6477545295351587,0.7075957627285487
TEST_08189,3.715786707006569,-0.12994467661605744,0.06204077804623283
TEST_08190,1.7828704240933648,1.0707533465415078,-0.5198049676522378
TEST_08191,1.7763122133901563,-0.3888602642026126,0.15769587222173595
TEST_08192,1.6570727077653409,0.7379030623102626,0.45391743486531066
TEST_08193,2.7463393470944975,-0.19740907236236047,0.6848790148966396
TEST_08194,2.8992693443061723,0.605532483045904,-0.7253764632348938
TEST_08195,1.2022202586130746,-0.03897150285461649,-0.009496470202193921
TEST_08196,2.9975748139169256,0.7225145753757248,0.6329676386818202
TEST_08197,3.570182435800135,-1.9264899748448368,-0.45954322126357905
TEST_08198,2.598680744766709,1.2929395840063616,-0.7652479809507808
TEST_08199,4.343817980306167,-1.3627067921421179,0.8295614969416315
TEST_08200,3.715347190903538,-0.13376264874947225,0.045251856490670615
TEST_08201,2.6554833902309767,1.7309898400623223,-0.3964542897656811
TEST_08202,2.0220678037455855,0.008262887475650831,0.8986245352088341
TEST_08203,3.9530663652248803,0.6908639761385846,-0.5979323815974045
TEST_08204,3.1886713550270125,1.4138632227446537,0.6790381597214543
TEST_08205,1.111300147124447,0.06078518490977165,0.23121120574786275
TEST_08206,2.5994395220965685,-0.6083701467995425,0.42403670541808425
TEST_08207,2.5602185142753644,0.961394322157686,0.016983868702971732
TEST_08208,1.9348005682874656,1.2730756861403727,0.9776011223724898
TEST_08209,3.4102433469234787,0.4447440441700495,0.6355511163057855
TEST_08210,1.9085180308584646,0.3951920536606523,0.1529037405161083
TEST_08211,1.6387191182090743,0.21732745585219915,0.3113771850653371
TEST_08212,4.578477249529161,0.30228495201632233,-0.9304386247586038
TEST_08213,1.0454577780667442,-0.1934351839235934,0.14704547769624554
TEST_08214,2.9891431674744338,1.2078256682406954,-0.2620097306628029
TEST_08215,1.9754837582409206,0.5931997219091649,0.170043914733933
TEST_08216,0.8998822063006017,-0.5581871331212659,-0.2125540616907957
TEST_08217,2.118760330402055,0.23571480310091103,0.702264202661144
TEST_08218,4.527305708864044,-0.3947161606389979,0.4629137753551334
TEST_08219,3.0264122227157757,0.48308991585498273,0.9964109992580208
TEST_08220,2.591493630312394,-0.04587331793163418,-0.007737736760353113
TEST_08221,3.2540371116046494,-0.09487784106006386,-0.06548422002822109
TEST_08222,2.2504837060999745,0.35206981230157286,0.08836648304649734
TEST_08223,4.3945880060555655,-0.6497039896271467,0.6372143631268089
TEST_08224,3.115496401290465,0.3140249855295775,0.4281165356970799
TEST_08225,4.713976689280933,-1.356066054568741,0.9099771788800919
TEST_08226,1.49205014342715,0.06776391632526227,-0.4677518626451547
TEST_08227,2.0782400036659707,-0.38162762842374465,0.008279376883811432
TEST_08228,3.0225367072600484,0.10980557225548332,0.17787785032585804
TEST_08229,3.914961249716788,0.18202338167596652,0.7373803782580025
TEST_08230,1.1346299134766484,0.6231811189047795,-0.05070146125701151
TEST_08231,2.356643036836065,0.07427427157937821,-0.10998131276032484
TEST_08232,2.9896018944217655,-0.46696949902140383,0.8411652201679841
TEST_08233,3.8153254430764294,-0.9545493522159193,1.7763460049158888
TEST_08234,1.3643466918613212,-0.11905868621691078,-0.24894810451299995
TEST_08235,2.076469604568423,-0.28457373251379026,0.5494463011178761
TEST_08236,3.810297236871242,0.6514349302864032,0.8283196184578031
TEST_08237,2.6601671859180502,-0.6329532658944479,0.6675359563246241
TEST_08238,1.4020565204436235,0.6457558920976266,0.6307877627735177
TEST_08239,3.3668802560090745,-0.46843991633901344,-1.110457808042201
TEST_08240,4.017375734182609,2.3483044909073105,-1.2762854533956254
TEST_08241,5.375849974331739,2.184703484298366,0.734750128928799
TEST_08242,2.8262660915809974,1.1405465990594539,-0.6630137287779188
TEST_08243,1.7080220315582442,-0.8413627542437746,0.34574184857147944
TEST_08244,1.9168345562509768,-0.6703028824669826,0.40176283168206406
TEST_08245,1.6433304267025486,0.20173436296985992,0.3931157668947419
TEST_08246,3.0260377436643435,0.6990679714123469,0.13175126766405848
TEST_08247,1.5176219220801463,-0.527898817461615,-0.36030810178599415
TEST_08248,4.821575484864063,1.8413847662147547,-0.46967906900493567
TEST_08249,4.116516495768778,0.4192081096705368,-0.9155025169918967
TEST_08250,0.9880501911859972,0.26054494645639775,0.02378514444193113
TEST_08251,3.357168632240013,0.33717016546609896,-0.3864589355304469
TEST_08252,3.474958244160663,1.3630523687061125,1.5510495559990296
TEST_08253,2.670510882932593,-0.18292777068965174,0.005535983374755883
TEST_08254,1.5616548525307172,-0.7049875309806022,0.7479835007743344
TEST_08255,2.7269346663657736,0.09156199933021744,0.21304597048957438
TEST_08256,1.2141665349557853,-0.3134285693948555,0.0292032027335757
TEST_08257,3.143986643910143,1.736041052568283,-0.42718194836765994
TEST_08258,1.4444127698834968,0.6874233222546811,0.19681832631146035
TEST_08259,2.5393178975656165,-0.9926000389892122,0.5570700204946538
TEST_08260,1.2041987697217937,0.015291581484317963,0.3039379904765684
TEST_08261,1.7830502189864845,-0.15439003402066176,-0.08347458262559257
TEST_08262,2.2598503139248183,-0.2917877243182219,-0.13471262624135094
TEST_08263,1.0023566084672189,0.3396758682998299,0.34432372591052546
TEST_08264,2.651210761692171,0.09595397634146997,0.008518770164927353
TEST_08265,5.5173528989639085,1.4237514684192518,0.4605010018543301
TEST_08266,1.5856762514859546,-0.11905836446600437,0.34013382143151066
TEST_08267,3.2485031708784238,-0.45012765377596936,0.14647426275587647
TEST_08268,2.340222806657286,1.1018652282709869,0.2701340690483666
TEST_08269,3.570787076548223,-0.3287302285710632,0.07661104952110671
TEST_08270,3.8608796234420337,-0.2242426734437372,1.7459929677482942
TEST_08271,2.666927953422522,-0.9548284073734985,-0.01658609584765127
TEST_08272,1.602281322642727,-0.4143894213989088,-0.4885476988539548
TEST_08273,2.8695584490466044,-0.7045332468880172,0.5941911689288917
TEST_08274,2.2291150583243216,-0.49967434876239863,0.6341866923400583
TEST_08275,0.7349654498567605,0.3780636963812933,-0.1346528154891066
TEST_08276,1.1811491575758724,-0.46005032007627644,-0.2670389160758464
TEST_08277,1.2911251380084563,0.38375888478832754,0.13314003747170824
TEST_08278,2.761782045839913,1.5556194799184722,0.39007131532860034
TEST_08279,5.115979600860238,-1.2827292345286518,0.8526953375609382
TEST_08280,3.222396892200541,1.3146585120934455,0.08719347175077576
TEST_08281,2.7200006702722295,0.2811045217522748,0.013139460620813953
TEST_08282,2.15560146672952,0.43129250847585654,1.4829343658022016
TEST_08283,3.5680515582380585,-0.19376843559992105,0.9942402027376733
TEST_08284,1.9208953711309724,0.11779421390143979,-0.16744852636925878
TEST_08285,1.6700668637403409,0.2956361681157513,-0.18911609435451937
TEST_08286,4.98135178419835,-0.5470426287508972,-0.12845262872239227
TEST_08287,4.797844103463379,0.9291801032708625,0.6433679202853144
TEST_08288,4.744528814995096,1.4872672889984238,-0.7752423724409442
TEST_08289,3.4430094985069535,0.22871880452520751,0.18150243741600652
TEST_08290,1.6642486454363319,-0.5547293256309862,-0.10188918591070126
TEST_08291,0.9774947493573702,0.1936790027432725,-0.18322265259863157
TEST_08292,2.3515703414915206,1.2619977826779232,-0.06893253512060024
TEST_08293,1.3866699457211153,0.4097389236729538,0.022628443986216447
TEST_08294,3.4553711236087077,-1.202014968866221,1.9796827518973446
TEST_08295,1.5678691766204744,0.5416943742185983,0.41030485362108116
TEST_08296,2.921923629450929,0.7820477780852305,1.5701304698474667
TEST_08297,1.8554868021717295,0.6956343028769304,-0.6081492218163165
TEST_08298,3.887114196859659,0.9607222691062816,0.2740593088084301
TEST_08299,4.051410689489132,1.2264223403565357,0.9289610684827259
TEST_08300,2.6540802363001235,-0.16238405639772124,-0.46370421401459283
TEST_08301,2.635232914261093,-0.4141188684081439,-0.11774557173564454
TEST_08302,1.399476439996574,0.24733794054947347,0.2860922911551856
TEST_08303,1.417077947479505,-0.7599543742494058,-0.01932423465044138
TEST_08304,3.93534511066612,0.20404755964094845,0.4643806142927655
TEST_08305,1.5054179014370526,-0.4396622731926235,0.11641936935416715
TEST_08306,2.870518476090971,0.09683671444383529,0.36466260731149786
TEST_08307,1.2718486404494993,-0.19478426263214577,-0.0012196072246519495
TEST_08308,3.404019264664929,0.4746697648843799,-0.7030465824657739
TEST_08309,4.721241584712974,-1.0805473169727344,0.7797513936617786
TEST_08310,1.6580564399197557,1.0764564985765273,-0.7617584851101781
TEST_08311,1.9259174409965634,-0.6871711288451329,-0.09906328691224041
TEST_08312,3.50000591825088,0.713286629010577,1.2932374424931552
TEST_08313,2.9256805575183558,-0.6703009091351003,-0.494770457106615
TEST_08314,2.222276564572524,0.3979725915943748,-0.046330518255529016
TEST_08315,2.1558738177493666,-1.0410986049553514,0.9093009449748566
TEST_08316,3.308005048914149,-0.2587860779206214,-0.3112053675702984
TEST_08317,3.2841697375436603,1.7992759943545003,-0.13177025003923684
TEST_08318,3.2756457782995807,-1.4406580181599138,-0.6237986625426323
TEST_08319,5.539627347680052,-0.813012983840429,0.9550895489415564
TEST_08320,1.6779141474605612,-0.416682004451451,0.16957003673789306
TEST_08321,5.005841309642176,0.5298688307295356,0.9317322865165876
TEST_08322,1.0621624695488836,0.34761137435889744,0.6516779500921975
TEST_08323,3.102348606793073,0.4285951642348625,0.5717275798744903
TEST_08324,2.681070442495249,-0.03301789096256191,-0.9195733181929044
TEST_08325,1.874975000268126,0.2682655700759014,0.1414880517292584
TEST_08326,4.043491610839103,0.16672552343390085,0.15745829994391133
TEST_08327,3.462001143214389,-0.44362813462014283,0.9240397482958748
TEST_08328,3.685900348582214,-1.9296323247472853,-0.13701249947245311
TEST_08329,3.4359977560200163,0.42487379212889387,0.8020951863379446
TEST_08330,2.6817581640107213,0.5291196832472198,-0.6458684467115878
TEST_08331,3.380863819543342,0.37841798721825926,-1.0523755311441862
TEST_08332,2.404855035362205,1.2449301078786739,0.3663684543249851
TEST_08333,2.1651855658815884,0.3514384433338439,-0.07764399167174943
TEST_08334,2.043988714228073,-0.24788137338219632,-0.13624966667641894
TEST_08335,2.9152167963993647,-0.0023561442012654636,-0.16315103457112232
TEST_08336,3.0756374862547666,0.8783690809841069,-0.01172843355125592
TEST_08337,3.6552899049767,-0.6408321799973599,0.937967846019039
TEST_08338,4.387845268223749,0.9410996713815462,-0.7733388731754154
TEST_08339,1.9398106722162882,0.6075364532954742,0.2986872995877376
TEST_08340,1.9917759528851573,-0.8676789856932527,-0.5443598451270497
TEST_08341,2.35016241800266,-0.4967583836942349,0.2522036866697457
TEST_08342,2.2426768778524537,0.6211370684045265,0.03634987483342259
TEST_08343,0.9501386839216115,-0.18524934727582218,0.24908363808243522
TEST_08344,1.204156691454499,-0.28754059954426064,-0.04161578393388027
TEST_08345,1.9140530225875947,0.08438016928276276,-0.3775677930540405
TEST_08346,3.305539543155505,0.26427886057351235,0.45957222031685924
TEST_08347,4.199987010833704,-0.43532678629336463,1.0278366378694952
TEST_08348,2.118081564849654,0.5223922180814536,0.10646458930715509
TEST_08349,4.66982874984051,1.0093081700893536,-0.849438496764808
TEST_08350,5.132617228993749,-0.7478150492053112,-0.40392453155454505
TEST_08351,2.946643956120782,0.26206221457578677,-0.11721675226844672
TEST_08352,3.1932150822979497,0.5289939123317087,1.2665452961488077
TEST_08353,2.5651401229308806,-1.1803473750729758,0.24007129172920139
TEST_08354,2.6051863234326307,0.4978622652939831,0.0887971239781174
TEST_08355,2.1519911679483505,-0.20222605598784282,-0.737024072411975
TEST_08356,1.7547435140861496,-0.2741237700453707,0.4661646875312644
TEST_08357,2.1819003290772496,-0.16725609743742634,0.6313794092824946
TEST_08358,1.7272544816209918,0.3542896929552683,-0.19332386710073754
TEST_08359,5.524228516931855,-1.0777658257393492,-0.3179638628117202
TEST_08360,2.7841150559654784,-1.1864962997406676,0.6281721657428571
TEST_08361,1.0675099144559117,0.20331054468224014,-0.31276426478049874
TEST_08362,3.599412843693167,-0.7279195943511287,0.5405566152308744
TEST_08363,3.332344205329014,0.8820611224759883,-0.0828887481405339
TEST_08364,2.005028799951917,0.523321715080276,-0.42462435473340254
TEST_08365,1.6293617967418965,-0.11264234846328569,-0.3217682825542059
TEST_08366,4.163700255292136,-0.1473602298666831,-0.7866395275321094
TEST_08367,3.752164965314647,-1.395413373526012,1.0605124276350955
TEST_08368,1.608235222995926,0.2927700626772711,0.22419450212303196
TEST_08369,3.549817090211216,-0.03680484300988285,-0.007142063146564265
TEST_08370,2.007308726071935,-0.4646856351218112,-0.41544357809704985
TEST_08371,2.6625475477597047,-0.1370635981261028,0.9031283147951654
TEST_08372,1.5046764933911936,0.774388936517449,-0.6351971077483262
TEST_08373,1.956576847460562,0.4987505911053571,0.25947718119445295
TEST_08374,2.1850031364737545,0.334099420105575,-0.0746035243156827
TEST_08375,2.3499452140971293,0.0877944540020912,0.4270893447671035
TEST_08376,2.6650827950012146,-0.45997925713973703,0.9710583686137706
TEST_08377,2.2948354220169884,-1.1070803854906597,-0.06531320352990573
TEST_08378,3.9898982856335783,-0.26511358461008777,0.22748265354194314
TEST_08379,2.722141230043869,0.6091144182449846,0.6351616530305956
TEST_08380,2.512474398410855,0.8799799256249794,0.502712802213245
TEST_08381,3.7544480771275746,-0.2636582358028237,1.2402417686967686
TEST_08382,1.4983055210762555,0.5125822483440717,0.2164075962175239
TEST_08383,1.6606846758827063,-0.3765099073587364,0.029562594089342708
TEST_08384,1.106949317407792,0.4580545121397641,-0.07325046100647593
TEST_08385,3.399955633787247,-1.8834871014183554,-0.24459361140297486
TEST_08386,2.683057763035923,-0.5776174161133562,-1.0255585956741329
TEST_08387,2.2625470234598533,-0.6930748668912474,-0.21468763668177113
TEST_08388,2.3129819794001336,-0.037745419447065415,9.452854164368138e-05
TEST_08389,3.345496097630681,-1.2132113318071227,-0.14185020142591603
TEST_08390,4.652266498192458,-1.4087585234290496,0.6019126516383704
TEST_08391,1.1569532108005804,-0.13802510726337006,-0.07260013988986876
TEST_08392,3.5397912194412564,1.1798762319892564,-0.76272765990881
TEST_08393,2.535111522891354,-0.016277123726145572,-0.4042495535531634
TEST_08394,2.316444256089855,-0.3978149508668562,0.05098168330523966
TEST_08395,1.5066214572739804,-0.32315081293691633,-0.07758215605369477
TEST_08396,3.0770499150443658,0.17649534857686508,0.8109259085284982
TEST_08397,2.2722678084475616,-0.05086877910603561,0.1262991380384699
TEST_08398,1.6673596870315084,-0.08488167602657744,0.3929539222502056
TEST_08399,5.0859754535265225,-1.0623867193415042,0.006932255372260888
TEST_08400,3.927454381902702,-0.3044967260072966,-1.134800206564327
TEST_08401,2.202823036277278,1.3913544935156479,-0.10973202279726642
TEST_08402,3.7362135803553054,-0.9851698832757408,1.091098861610388
TEST_08403,3.904015211392237,-0.5352368874026026,0.17933029418567256
TEST_08404,2.8646233818717777,-0.4184862767699456,0.03954911998666124
TEST_08405,1.1903338892323667,0.2386590917419676,-0.10007266273250087
TEST_08406,4.701971596522096,-0.8855379413828445,0.1356102422641791
TEST_08407,2.0165390624319905,1.103196135115441,0.4550618144307341
TEST_08408,3.395239279225367,1.4733591701314284,-0.6641697485406938
TEST_08409,2.865979648760556,0.19567894329507338,0.9354425670017219
TEST_08410,3.1807740702438903,0.48704691001567163,-0.6825110013298377
TEST_08411,0.9559244202955848,0.07875630985044603,-0.1818220798497733
TEST_08412,4.334628787170526,0.2904494916406013,-0.1874696316932941
TEST_08413,1.4442401655290444,0.4474379012341543,-0.17425645318288985
TEST_08414,2.9409178395112408,0.2386269005014782,0.8155890856720337
TEST_08415,2.3129329773882406,0.5796406974998508,-0.27312486902873984
TEST_08416,1.9540634883127126,-1.263439878008997,0.13673275282911831
TEST_08417,3.2764482447885337,0.1377827006475631,-0.13970369900773008
TEST_08418,2.1294984067782075,1.057578956508119,-0.5103090134118113
TEST_08419,2.7944429413344203,-0.6222561389306231,-0.5798977321414931
TEST_08420,2.299962459620175,-0.22401881319127218,0.8931356892074083
TEST_08421,3.126891821018104,-0.08012965145251272,0.4070234060043261
TEST_08422,2.2281066498393587,0.5838646520700232,0.3952371529417416
TEST_08423,1.3728963049226646,0.10848565231188322,-0.09170190537364666
TEST_08424,3.1345267655246656,0.4466326583410618,0.4190211580701145
TEST_08425,4.218905425651035,0.7021330663225898,-0.66664909531295
TEST_08426,1.9073625700452583,0.23439389728367999,-0.08848301090498993
TEST_08427,3.5496067472673563,-0.3583977498308159,0.3554570627663851
TEST_08428,2.6765203613232287,-0.6786295272890818,-0.3784802353700717
TEST_08429,3.90941640429875,-1.6125142784103894,0.0650356397889337
TEST_08430,3.2701852878772697,1.0036741320227205,-0.32514016845150245
TEST_08431,2.464302495716039,-0.9808172121652419,-0.014967051661431788
TEST_08432,1.406616278939438,0.3132379555190184,-0.41552734689011267
TEST_08433,2.2377405326915576,-0.25664363538420876,-0.45404015824018007
TEST_08434,2.6505167622763968,0.29365748629304844,0.11062508276082636
TEST_08435,2.236261773009465,-0.561171510337719,-0.998473771069206
TEST_08436,4.460314571140543,0.7137200991300026,0.26387354164097354
TEST_08437,3.315276737730521,0.8298245299597445,1.0373627995663752
TEST_08438,1.5061142743242883,0.3130358948903713,-0.2289362380002267
TEST_08439,4.239007036052103,0.36947206300404006,0.6371842171500569
TEST_08440,3.8858299431682135,-0.3991259761358206,-0.23727184287433242
TEST_08441,4.131893832549918,0.43545296606236605,0.5792941623891806
TEST_08442,4.259492112170084,-0.9292772415038797,0.6651989789587893
TEST_08443,3.5552082169030874,0.2436374011668777,-1.0616489049665334
TEST_08444,3.3166026530719104,1.2598395509118192,-0.04216988920167683
TEST_08445,1.4899492818112852,0.22979994071265192,-0.17338425884033845
TEST_08446,3.419783206883044,0.18396029846207457,-0.1568523443913986
TEST_08447,3.6154262456000814,-1.0787028061750767,-0.01669024226189979
TEST_08448,4.043511877883405,1.7679975360242204,0.0838936313147076
TEST_08449,2.9207686521176415,0.057085430712658175,-0.41310157731158875
TEST_08450,1.3184269777918167,0.4370830589589343,0.12484793906161401
TEST_08451,2.8684847119582044,-0.12348782681311722,0.3411656177533592
TEST_08452,2.298008613124722,1.323062550501304,0.6038438916170525
TEST_08453,3.1639339457852844,0.2910568638950612,-0.1198921400215188
TEST_08454,1.4214941282199574,-0.04626902550258393,0.037661455223182566
TEST_08455,1.307197760976162,0.6629964196822659,-0.22245705687996253
TEST_08456,3.2414346341339284,-1.2632922652862364,-0.03632786745269167
TEST_08457,2.621317170864294,-0.18748370632641834,1.358049912632667
TEST_08458,5.102313320283349,-0.12598588793061619,1.0617940377675266
TEST_08459,1.74697465869128,0.18420700931793782,-0.3901257416578599
TEST_08460,2.3537259534219785,0.04759969950189133,-0.4440032182423285
TEST_08461,3.1792137631171635,-0.15184178795709913,0.37695727229088993
TEST_08462,1.7169017682181649,-0.6535448070306988,0.6005689303074345
TEST_08463,1.6840021633189832,0.5441873646421449,-0.11538671101726912
TEST_08464,1.1532940417079593,0.014851102128348616,-0.2379971514441602
TEST_08465,2.5600340577722296,-0.06331093536694755,1.0916603136551328
TEST_08466,2.652780904444675,-0.023132435430658085,-0.033383544564507726
TEST_08467,4.276883531056116,-0.4584918640015317,-0.7540294238281423
TEST_08468,2.663134927030911,-0.14298356785438557,-0.08100074266660524
TEST_08469,3.192504561058671,-0.8324328103564244,1.201918200630439
TEST_08470,3.537450614017323,0.6891120019753711,0.768584966509799
TEST_08471,1.8393989586544883,-0.6715178197905775,0.41054234303178094
TEST_08472,3.2211415541322803,0.8476635711234964,0.46781488237985414
TEST_08473,3.257350107770557,0.590403313319506,1.190060594495009
TEST_08474,1.7022918064224506,-0.07671455272908347,0.18334901550897487
TEST_08475,1.7904166649617663,-0.32715794921425256,0.16074581404939448
TEST_08476,1.8458801241355667,-1.0157893135440437,0.018293832972718166
TEST_08477,3.69371512755141,-1.8122608926201325,-0.041084003418702525
TEST_08478,3.6255409554256097,-1.3904401197546037,0.9827519486679753
TEST_08479,4.932159686111839,-1.0102674793873982,-0.5274605578764753
TEST_08480,1.546545038525542,0.9414125383187397,0.18695591997895217
TEST_08481,2.1534135268622348,1.1632169123323333,-0.25944994668103366
TEST_08482,4.262564289206055,-0.17643110848505875,1.5161289024635975
TEST_08483,3.67387788264136,0.0732532823441234,0.40650417773685615
TEST_08484,1.7105808597382455,0.3270320472232452,0.2943426905678886
TEST_08485,1.6739303304508224,-0.3132319278334394,0.42050180295040246
TEST_08486,4.204425834729992,-0.6008341049595906,-0.8525227089176823
TEST_08487,3.371790971909426,1.691709993225335,1.1538140869068392
TEST_08488,4.4888464560981625,2.2821466939948167,-0.32749137265786676
TEST_08489,4.210084667773687,-0.03130716903689449,-0.47458807700723976
TEST_08490,2.805469012582889,0.28538425935751544,0.20434563526410238
TEST_08491,1.584428361573304,0.016841031168360325,0.4119591871996689
TEST_08492,3.6451940185526706,0.8439836168291726,0.32547221602178583
TEST_08493,2.3368601693502775,-0.18255613991352343,0.03672205875565267
TEST_08494,1.8335008963377202,1.092656853244433,-0.564175169360016
TEST_08495,2.649310715635235,-0.17344724571624173,0.17867452167916123
TEST_08496,3.6695212832496202,0.6202764594358169,0.4343689358289457
TEST_08497,2.852393355480091,-0.1433390826649273,0.030704280499331243
TEST_08498,1.0988417082404713,0.03743767168052247,0.33082826182044694
TEST_08499,2.2827458369014053,0.5638062643197395,-0.07942719641886384
TEST_08500,2.987692704956571,0.3840705753686478,-0.1561348301665441
TEST_08501,1.9988629917210223,-0.024490787764007996,-0.5609780311641941
TEST_08502,1.1193000896078333,-0.35931318881801627,-0.2948463818144514
TEST_08503,4.049053558744128,0.2275353608402686,0.8261096582701158
TEST_08504,2.629550596528392,-0.12767118161416594,0.12000371167554781
TEST_08505,5.447354080256888,1.7190072089212418,2.016303255927282
TEST_08506,2.2079502470469694,0.45769869561227855,0.8593235564731302
TEST_08507,3.1581236631544747,-0.19770504844888473,-0.8612600503311267
TEST_08508,2.238424117791416,-0.6338743167388582,0.19640509764344968
TEST_08509,1.1376342290661305,0.17921923354738956,-0.31797119588329603
TEST_08510,2.1063884863195903,0.14340351028267603,0.6722920357569917
TEST_08511,1.332966684055012,-0.648540816826471,0.005096385752154456
TEST_08512,3.150937316219135,0.27710527767527354,0.6332930713967533
TEST_08513,1.971547599222326,-0.5919670715880676,-0.21308556961306038
TEST_08514,2.2766199375630847,-0.2363719572569342,-0.012318278007052619
TEST_08515,1.5455843597620762,0.6335523761349425,0.15209650796292423
TEST_08516,4.239772628355399,1.9702973178766188,0.755701919750269
TEST_08517,3.4939608700331877,-0.6031844821438107,0.09829315522982032
TEST_08518,3.764195213391093,1.4888821774773864,0.4376928022662915
TEST_08519,4.189128162244272,1.0861059067547563,-1.1689994052772044
TEST_08520,3.322612145258673,-0.25299022213765937,-0.307685965271506
TEST_08521,3.3215795272715445,0.2128713835269399,-0.49205814935473663
TEST_08522,3.867340986717206,0.6701040786789836,1.1058624424175603
TEST_08523,4.05687238620299,-1.769555932478351,-0.5719188504271101
TEST_08524,2.5103373553047943,-0.40724996554886755,-0.6772513322859264
TEST_08525,1.444446893247489,-0.05657702555638707,0.12565711205853564
TEST_08526,3.216927764754192,0.14459001937476143,-0.7376965899652688
TEST_08527,3.942565413855669,-1.1368197887942626,-0.9959022258932697
TEST_08528,2.954491594122674,2.207550310960519,0.4340651675223195
TEST_08529,3.487870780850224,0.3259040529712984,-0.5909024793834197
TEST_08530,2.8471283401748453,-0.18265611905528126,-0.13769593784426715
TEST_08531,2.2874355531536366,-0.377400622787617,0.14055497398851743
TEST_08532,4.698425054891597,0.35005523887347645,-0.17851650982539782
TEST_08533,2.447737099330766,0.08061534520274072,0.17192938526900983
TEST_08534,1.5291977190467894,0.05063908637153276,0.03363700753026685
TEST_08535,1.246938798671434,-0.5369025875672803,0.3111368570965119
TEST_08536,2.0558300977360897,-0.1889448205005421,0.41926780022927007
TEST_08537,2.5788189436639954,0.6014783265733858,0.08961652986968868
TEST_08538,3.896905441882098,0.729706630372325,-0.9916011646692585
TEST_08539,2.7848189131919665,-1.7094894559464375,0.5814836300746171
TEST_08540,1.4236237334240693,-0.21045855384348391,-0.4556610145469567
TEST_08541,2.1561303425688165,0.04033962132532666,0.11095098461389062
TEST_08542,1.4533247243823462,0.4802774374652103,0.14377837100699534
TEST_08543,1.0481953177339314,0.3929135897685266,-0.2590796120091073
TEST_08544,3.357768097112354,-0.05908183143256695,-0.05122536239448017
TEST_08545,3.0094335032267456,0.34663321828485516,0.3572089480239904
TEST_08546,2.9093979462187334,0.20335083514137062,0.3828868349736789
TEST_08547,2.6022775770478153,0.3213157294584881,0.0785122687608088
TEST_08548,1.967821911449043,0.0451494603304971,-0.3430408824987328
TEST_08549,2.7599990005008155,1.5585205601603584,0.8182306377213799
TEST_08550,5.251602751031875,-0.2146483343946994,0.2058314445264881
TEST_08551,1.8462941996248412,0.6121391687764425,-0.1330733589443899
TEST_08552,2.6957301447030306,1.8543870588353522,-0.3748155658531862
TEST_08553,3.515072320819212,1.0864777197206665,-0.23447072035316194
TEST_08554,2.767843384113017,0.09947218458323615,0.6718059889857146
TEST_08555,1.7411852680349198,-0.053205889598703114,-0.4281702249030137
TEST_08556,2.5915087891022117,0.7009942444000209,0.2534596369780834
TEST_08557,2.133263742941455,0.7168201284046158,-0.31417933488761535
TEST_08558,3.0260050917531767,1.6214468330998375,-0.4160985231186213
TEST_08559,5.012163869855352,1.6405625074424126,-0.2243131456210495
TEST_08560,2.9015645287942538,-0.2688598147448774,0.8840293832576255
TEST_08561,2.1453757384718117,1.3541335167199846,-0.12468165171417987
TEST_08562,1.2616759736115284,-1.0116279207029384,0.24177822704566504
TEST_08563,1.0290900779333672,-0.0927019419182398,0.0881243503525208
TEST_08564,2.2219217218496956,-0.01621707592115164,0.4172585179681436
TEST_08565,1.719498541794619,-0.08512428923443807,-0.15403668200694193
TEST_08566,4.14353292773167,-0.45916851027449174,0.2538469433743607
TEST_08567,4.614147960653885,-1.0665922428033623,0.5533583184611671
TEST_08568,2.122967012424272,1.2979066384323747,0.5753778484935318
TEST_08569,1.0680308412603081,-0.30678236258444735,0.12794712967740426
TEST_08570,1.9784788562339366,-0.26327286569269553,-0.042319067146956504
TEST_08571,1.561744786536984,-0.04028638380597479,-0.07300122617627784
TEST_08572,4.098610734652551,0.0891638907873976,1.0289856864213998
TEST_08573,2.431415025193876,0.2775512662445967,0.5515815489569635
TEST_08574,3.4476682534338745,1.3051683703317896,1.4402326919163728
TEST_08575,2.250233432548599,1.0575647815358655,0.20822270686274139
TEST_08576,2.4086457872824676,-0.7848283581831456,-0.023595944051752357
TEST_08577,3.260563025056069,0.9214557124339148,0.5288789412772908
TEST_08578,3.6268184769662186,0.37722596295344446,1.0613538299869205
TEST_08579,3.7344629814426917,-0.36232177299598045,0.7281908852249493
TEST_08580,2.3131351952253496,0.9243315171672931,-0.37604572908406275
TEST_08581,3.275563825644149,-0.15268555133639014,-0.2771876831890168
TEST_08582,1.8316386131032205,0.10136238965914991,0.2675703280594963
TEST_08583,4.237537967110458,-0.6656371811046229,1.0985904224114684
TEST_08584,3.7442391957324177,-0.5388075453534623,0.3124553867150084
TEST_08585,2.700945146165297,1.13967494552935,0.21011943840641384
TEST_08586,1.072912993868944,0.21464719560920267,-0.38777611368516524
TEST_08587,4.506495305386589,0.41294958635056506,-0.2670576389276861
TEST_08588,3.6128997532437315,0.8594619338494482,-0.3035602794834306
TEST_08589,3.68857434835898,-1.5385300848641095,-1.3008353081067099
TEST_08590,2.4297501316688694,-0.6686226919407892,-0.7800501691512282
TEST_08591,2.5814851217355117,-0.7131706980773611,0.6124924395112354
TEST_08592,1.5934872756772394,1.0777261023220268,-0.7295807798180001
TEST_08593,2.783532863593517,0.9672587594897292,0.9995327642164291
TEST_08594,2.2705223657450535,0.07781013178351126,0.039712844301784574
TEST_08595,1.8699359450353064,-0.7273809106096626,0.4342153195595177
TEST_08596,3.3640659541450986,-0.21031067515100788,0.8254535814255551
TEST_08597,2.4359673903842882,0.03031894773986114,-0.07115403485657891
TEST_08598,1.728716663038282,0.8745354408669039,-0.5907977126296329
TEST_08599,1.3793179404721345,-0.6047484458997998,0.21673140261077842
TEST_08600,3.1635534380699992,-1.510772509201532,1.1966172691960943
TEST_08601,1.1226408125461569,-0.12265985521717818,0.22979393093841083
TEST_08602,2.9549299365955615,1.539216137939607,1.4083266018388765
TEST_08603,1.9891741702283712,-0.12151742319645287,-0.4040910251084268
TEST_08604,2.2208259521092146,-0.25410231457395993,-0.04003322379170201
TEST_08605,1.968661286995491,-0.9734606607417161,-0.7598338411820407
TEST_08606,1.841884254239499,0.16533879388763756,-0.5493044161814551
TEST_08607,1.3076866455079272,-0.3159249491813143,-0.35271239536986543
TEST_08608,4.38238827464572,1.9069320569156076,-0.9789662888168146
TEST_08609,4.012844379566603,-0.45748144396748497,0.4538490773225899
TEST_08610,1.8534232548323275,0.7776063449165669,-0.3139505713841618
TEST_08611,4.11216213930067,-0.3176629907499316,0.3181647931915875
TEST_08612,3.351930216342865,0.9257467127144012,0.8437337106599794
TEST_08613,2.70097384706851,-0.277294377263607,-0.005368902971599479
TEST_08614,1.3415319614353802,0.800026916032723,-0.19705734603949812
TEST_08615,2.049548714784544,-0.7415182753408983,0.47042422007675144
TEST_08616,2.9612676667479345,0.6329680029242477,0.6533734534545215
TEST_08617,2.263812138046614,0.4817627187498958,0.5115786035332661
TEST_08618,2.888545779295533,1.3108497792228055,0.11178007994078032
TEST_08619,1.2235706975229146,0.08800884505612738,-0.1602807699832484
TEST_08620,1.8865001667981562,0.20783239908034756,-0.23120347628998622
TEST_08621,2.872364107951102,-0.19250042704438072,0.3240857917925947
TEST_08622,1.764061958847053,0.0029525622792732414,0.10971632238922868
TEST_08623,2.7329598055480995,0.8091820759472317,-0.8586715032095056
TEST_08624,2.9148778836282587,-0.2231098631187218,0.326876217155393
TEST_08625,4.11689374069122,1.2029657220477359,-0.5731201196106641
TEST_08626,2.1133516273293464,0.29106728045011376,0.046241280077856474
TEST_08627,1.1601933250362992,0.06195670054379733,0.3258684045128134
TEST_08628,2.992425216504332,-0.3584221803363015,-0.09366514977080813
TEST_08629,4.188916197159902,1.4750975265377988,1.2855411520242
TEST_08630,1.1098878753565222,-0.2118559092165459,0.1268996015933545
TEST_08631,2.871446869938024,0.8428388362383848,0.25601604579467757
TEST_08632,2.5750184903175533,0.5924749541815388,0.10214114261105418
TEST_08633,3.2801947599267294,-1.730094182021251,-0.49136144274078974
TEST_08634,1.2528925372702056,0.2519692677266123,-0.036404447256637565
TEST_08635,1.206745553581791,0.404042768912866,-0.35795278249806467
TEST_08636,3.9733132401312377,-1.0509235335304763,-0.01872596279758694
TEST_08637,3.406990670334979,-1.3353347260651744,0.8131143505852624
TEST_08638,2.4957346905546585,0.8951277545328843,1.218556287361705
TEST_08639,5.585943013315443,-0.31009746605056504,0.31680447986747584
TEST_08640,2.5892361820042153,0.45722350567913156,-0.30442701986538845
TEST_08641,3.423662338976997,-1.0073278256727796,-0.8856597148190837
TEST_08642,4.469644688689421,0.5861853648510358,0.39272060039471857
TEST_08643,2.136948826347923,-0.9181284950308539,-0.8803065316141251
TEST_08644,2.0762664883619117,0.7120045435248876,0.37258191432212046
TEST_08645,1.7430442513508753,-0.2720359105996282,-0.4612650580027365
TEST_08646,3.872134157197925,1.1268694320776869,-0.7189994592330313
TEST_08647,2.294659275300274,1.3348763102037349,0.06301775583800924
TEST_08648,5.1866073553538845,0.8188740160414806,0.3283809658508807
TEST_08649,1.947711680890318,-0.05040880813485174,0.26526177841100823
TEST_08650,1.895648116975054,0.48395604669807724,0.06466115984064257
TEST_08651,3.3538040406285257,0.43349855767533896,0.3346673628306773
TEST_08652,3.8520701945350817,0.07920269331323772,0.6350172881642345
TEST_08653,3.100821925326745,0.6719349470365561,-0.5402210070294627
TEST_08654,2.9701706291381056,-1.5944180465990365,-1.120581431004448
TEST_08655,4.282860541709086,-0.558899984761545,-0.23031429735372147
TEST_08656,1.759013253301176,-0.2720561699726362,0.06686961861769762
TEST_08657,3.6296391848928145,2.0419702897737575,0.04198976548488483
TEST_08658,2.0342078700246624,0.3704200426645111,-0.29138543051168764
TEST_08659,2.936720565472702,-1.2540236930832638,0.49954117922461677
TEST_08660,1.9900619267679345,-1.0374818413473634,1.0312762329961722
TEST_08661,0.7629995150600176,-0.2218087586504673,-0.25154822389525205
TEST_08662,1.6154728605548387,0.31431243939811276,0.31650315837814846
TEST_08663,3.389004354217987,0.1464441913318921,-0.9167187510742031
TEST_08664,1.946202409956825,0.05821602365688198,-0.3966921335936203
TEST_08665,4.32300490111433,0.5160949835219971,-0.3707490048520395
TEST_08666,1.36646974841009,0.15029695661424525,-0.568736419738869
TEST_08667,2.592045569788782,-0.4622116369969547,0.2689944885322964
TEST_08668,2.756608396753019,-0.6170824494537344,0.31726883548734863
TEST_08669,2.4659429501615637,1.4373055469582332,0.59521023463847
TEST_08670,1.070431344213008,-0.6313566093959748,-0.16421193201551232
TEST_08671,3.2423603815974062,0.10865461898376783,-0.12414491843591924
TEST_08672,2.689061437001744,-0.2142154781008618,-0.19574211151456872
TEST_08673,2.562400533289298,-0.08441997619137447,0.49777597342699553
TEST_08674,3.4378727033657364,-0.4235426154107416,0.6506011896892264
TEST_08675,1.3456407111184376,0.48523179380631704,-0.19181753603366725
TEST_08676,3.921714762991278,1.582052198484465,0.7048442965205178
TEST_08677,2.118829241749194,0.9193738121276434,0.21284887584890277
TEST_08678,3.2940898910742162,-1.826417905904693,-0.9131720710686917
TEST_08679,4.335530586342484,-1.32300427928126,2.22398531612246
TEST_08680,4.736152215142233,2.1086395033335634,-0.9143455331402279
TEST_08681,2.337903137934721,0.7908354563118914,-0.2874212904996504
TEST_08682,1.3749775899567225,-0.5679469799412046,-0.3406544860285521
TEST_08683,3.7661105134518125,2.065087999629755,0.8915737519365486
TEST_08684,2.6798099341416752,-0.36821528606450377,-0.19664768595811724
TEST_08685,1.42181547313555,-0.24109643218185817,0.01790183120163127
TEST_08686,3.270047082499462,-0.4049149565370402,-0.08728436893490826
TEST_08687,2.9986868793175776,0.38936412404235005,-0.6421020177952244
TEST_08688,0.7849376483820493,0.41845471257356365,0.21414486075775502
TEST_08689,2.7346573068781774,0.3121569165536431,-0.08724982487126474
TEST_08690,3.16154765901709,0.07939885334612114,1.214457347304612
TEST_08691,2.7877013252186496,0.15629829390271754,-0.14526588033817686
TEST_08692,2.4114012182371742,0.9417402682425214,0.10564352113147372
TEST_08693,1.3141981180457254,0.2235213854940412,-0.07009942535025897
TEST_08694,3.1986188948316,0.06326713852139026,1.4112384395597097
TEST_08695,3.5794101750785154,0.5760856272638235,-1.0045488719594151
TEST_08696,3.087832527818232,-0.4879300466236672,1.5481383791306687
TEST_08697,3.8290369097323453,-0.5991927541519823,0.7539906123355151
TEST_08698,3.409280328087225,0.46676747586487327,-0.9730747887898358
TEST_08699,2.3981648927349286,1.2482751421797371,-0.3710719071987073
TEST_08700,3.4102098404160084,0.9830389199031296,0.8636931065339198
TEST_08701,3.6323904789223658,0.34511537036165146,-0.6876986309310527
TEST_08702,1.8064697562214642,0.13821543164976774,-0.09638260978270838
TEST_08703,2.497327089728923,-0.1736099947731854,0.12648715127964652
TEST_08704,1.617827761138413,0.5974766213847816,-0.22228259155947247
TEST_08705,2.918321891862161,-1.4696751760941982,-0.6140287987159705
TEST_08706,3.3039858615680786,-0.5071330217819986,0.48347421546961294
TEST_08707,2.1468731019372163,-0.15294439146790195,0.4543877469515131
TEST_08708,2.9858909514493375,0.664905508066617,-0.6056351545319256
TEST_08709,4.416129123371374,-0.9884809524703524,0.9158437711755916
TEST_08710,1.8390897879216281,0.10564026084032098,0.605333530159885
TEST_08711,2.4759030783837233,-0.87965159822535,0.24791163018915635
TEST_08712,1.841965139642204,-1.1312668039372444,0.829707044757528
TEST_08713,2.4527922963698416,0.13858851381664364,0.16635211956276816
TEST_08714,3.4068733932463395,-0.4946061817941829,-0.3410662242780441
TEST_08715,1.3327243738034937,-0.18268530336925054,0.1407501361685298
TEST_08716,2.9806414736332347,-0.3903365802548707,0.7186612298625422
TEST_08717,3.083382023528264,-0.15528314561546977,-0.4523129349593519
TEST_08718,3.6396919688853884,-0.10339838134093753,1.1680205067463352
TEST_08719,5.442608532432736,0.8945689372442764,2.0456555749844383
TEST_08720,3.78531116939125,0.40097441429890124,0.7645896167159022
TEST_08721,3.986936267122778,0.0920606660657804,0.6353468788676778
TEST_08722,3.8231853671240796,0.7650178955000027,1.604640239275026
TEST_08723,1.8261632968780326,0.4703868759107253,0.6524582606908453
TEST_08724,2.8285897733772285,0.4318833784559828,0.23287513279499794
TEST_08725,1.07977521201073,-0.3625227617634041,-0.02370094325641764
TEST_08726,1.5011223012452652,0.04989494683524985,0.147582698462047
TEST_08727,2.9753713084591324,0.24110473516003905,0.8204261080360538
TEST_08728,1.015290827749345,-0.882558389968897,0.2614954495064282
TEST_08729,1.7186171638047083,0.4350864948464092,0.03984107093171454
TEST_08730,1.5706515666086907,-0.057082405891155194,0.31522810881644875
TEST_08731,3.7192597649063583,0.38527097993487686,0.24840722575398005
TEST_08732,2.904530594052894,0.6023243275498279,1.3680761195761177
TEST_08733,3.032459144312515,0.0025175188449781706,0.30972877280823324
TEST_08734,3.248919609848636,-0.469980919508561,-0.4362398611010142
TEST_08735,1.6089626621788118,0.34177612002660845,0.4067152028155286
TEST_08736,1.577517959306085,-0.18679122029499798,0.8268891694005085
TEST_08737,2.8925299123249943,-0.24734673003751803,0.7295488756546012
TEST_08738,3.211301296093206,1.4928981202801896,1.7316665881597864
TEST_08739,2.388397921897849,0.3370209466687571,-0.22893957338601556
TEST_08740,1.5617643526220863,0.23631096483159106,-0.4555750104445131
TEST_08741,3.596900222544329,-0.09492583213907076,0.2472093448288267
TEST_08742,1.4965896664504166,0.43528952079535715,-0.013434067260668404
TEST_08743,1.6573628279442754,0.7560054735605805,0.3164729979563196
TEST_08744,3.8315214987691095,0.18789916833250447,-0.4907902467205728
TEST_08745,1.5137908376857163,-0.6053327811928616,-0.5611504582621997
TEST_08746,2.638513685451169,-0.15628773719237007,-0.8855707459821837
TEST_08747,2.9275696641273954,0.1578120788482144,-0.24302554394394607
TEST_08748,1.6428630311016077,-0.16235164864520674,0.18459629552223517
TEST_08749,2.969826485044456,-0.5694957749320777,-0.43266516176332076
TEST_08750,3.8270999857893844,1.5376243769411222,1.541855809433786
TEST_08751,1.32140849851225,0.20970866812331537,0.08346764555929219
TEST_08752,2.194108204180765,-0.9336046328752152,0.05606433600921339
TEST_08753,2.094163138762992,-0.5851878774507792,0.039213942121085664
TEST_08754,1.9031568266740855,-0.40148782506476177,0.2936375980292173
TEST_08755,1.6294938485955237,-0.5891793774301344,-0.1565252580495327
TEST_08756,3.385826518828967,-0.15878692559015192,1.0506420255561622
TEST_08757,3.518521146175979,0.5621711596213226,0.7646421727079014
TEST_08758,0.9178949115563892,0.06871730176985041,0.01356460917385926
TEST_08759,0.9768610733289305,-0.11840934751638725,-0.26710966299483735
TEST_08760,1.8496818487836737,0.19438490755846297,0.3570449655040869
TEST_08761,2.5484950432523292,1.50286504296008,0.07771879392299358
TEST_08762,3.223723210574102,0.6932703808251732,0.47854370158717696
TEST_08763,3.112164075484014,1.126964683752481,0.01197278215996051
TEST_08764,2.2382450385940347,-0.6846796935643412,-0.35401592950936
TEST_08765,0.7989189568573272,-0.15648567917271605,-0.18074497461938446
TEST_08766,2.5258674738955698,0.10418445019492491,-0.37933456589511894
TEST_08767,2.216440682517624,1.0981657683236439,-0.7450531903117725
TEST_08768,3.938567219435215,-1.0202863719186461,0.24992855117291837
TEST_08769,1.863565493490991,0.6667176274315992,0.08509705764582337
TEST_08770,1.3437514450260564,0.08213846252054384,-0.09219816044874515
TEST_08771,1.5345750969495824,-0.17804857604149144,-0.23070099598437985
TEST_08772,4.542475943152609,0.028782621751374485,-0.9993516456615428
TEST_08773,2.530516638606985,0.16268876286691217,0.15598676490593716
TEST_08774,2.3129124893506727,-1.3798382023128717,-0.6565980407752676
TEST_08775,2.5654317307998227,0.018767491118541188,0.6620467123044318
TEST_08776,2.1274160842491576,-0.16864553018750406,0.40116887291079645
TEST_08777,3.7885513673434144,0.7395368770438824,1.0558399659892637
TEST_08778,4.767182146298969,0.5645549677036643,-0.9460387432958965
TEST_08779,2.5573255271173587,-1.1712538318597334,-0.45726234047748876
TEST_08780,2.2661503685683364,-0.2515924611952193,0.6422752120313752
TEST_08781,2.3397455712679123,0.14706157747340176,-0.5695898899290415
TEST_08782,1.4481236005808675,-0.23601861782098074,-0.08013621915911497
TEST_08783,4.431267441491736,0.12635019157888414,-0.9246278111171286
TEST_08784,3.378213681404144,0.04150961896645631,-0.596971271342442
TEST_08785,4.745824961885944,1.3092682069177197,-0.028569384527035595
TEST_08786,1.4162842444287589,-0.18189850850108777,-0.5056839616540969
TEST_08787,3.3902804918401857,0.14856695809909617,0.7738912966735862
TEST_08788,2.3717423417823693,-0.03656884807896951,-0.03301808915162954
TEST_08789,3.062959865195812,-1.5318907842649103,1.0428096355137393
TEST_08790,1.4136942437492794,-0.4392885971910597,0.4975698161644243
TEST_08791,2.8317238697990113,-0.015906892015005687,0.16635365777478225
TEST_08792,2.139347423377237,0.7186670030187343,-0.7579169746120394
TEST_08793,1.8651176191452117,0.14430505354182288,-0.29428109608422837
TEST_08794,1.334853189593325,0.14512064228275032,0.037821606551752714
TEST_08795,0.9701805171422304,0.0503878185166154,-0.008644980586845536
TEST_08796,1.9419989556243549,0.07829416875394361,0.14773518134895045
TEST_08797,2.755791963466358,1.540657360357956,0.29670227938445143
TEST_08798,1.9849988572041988,0.4473694143108381,-0.1553129479552133
TEST_08799,5.404432936968686,-0.7934266985678203,0.3067514696468224
TEST_08800,2.3891791062708845,-1.1062886903638574,0.3156426414606288
TEST_08801,4.560133820858519,-1.473242033736942,-0.706451311714641
TEST_08802,3.019231944442363,1.3389237272720507,0.2634470442945928
TEST_08803,2.794540475575199,-0.08395279493174518,0.5767174547615318
TEST_08804,2.298421505010559,-0.9582895755462425,0.7243834800645509
TEST_08805,2.8564561712395835,0.8048332715263167,0.7306075363563148
TEST_08806,3.740963742628896,1.335195487587765,-0.147781762956194
TEST_08807,1.9936163761377461,0.12735088303220618,-0.09443065124829825
TEST_08808,2.639249180494985,0.17156449483395148,0.5499951372215971
TEST_08809,1.993604468728901,0.03972855601064173,-0.12375561934577715
TEST_08810,2.1373029074708816,0.1913439908752421,0.27001707003993297
TEST_08811,2.4086106919753365,-0.019056900725292664,-0.6636405662004115
TEST_08812,1.766170550217109,-1.063613599845513,-0.7262115856666077
TEST_08813,1.13120018880246,-0.09410005943787016,-0.09105470412589028
TEST_08814,1.2971320101949373,0.5433456581980034,-0.4530388709893007
TEST_08815,1.4268726568472465,-0.45095376405299104,0.15128533568053731
TEST_08816,1.1549423725915504,-0.20143242994733868,-0.3700780663432599
TEST_08817,2.475584432182732,0.23183561592491644,0.5812216270403591
TEST_08818,4.466120421369382,0.40303675284147183,-0.6096748864635972
TEST_08819,1.8489357270641082,-0.8174052853782552,0.5072271156887891
TEST_08820,2.3111240606529773,0.05420877201529301,-0.5214453649415364
TEST_08821,3.3627019126585838,0.24870840296184887,0.027626129192835417
TEST_08822,1.951006628296549,-0.4016897797098222,-0.2950438244431791
TEST_08823,1.5712611378935046,0.3204534657452793,0.14143839700418576
TEST_08824,2.6797702455206003,-0.18775656037161284,0.18342637508058823
TEST_08825,1.680283511220118,-0.5231272487144081,0.9429503890559041
TEST_08826,3.4053278440754986,0.26022851712434963,-0.8017227798355465
TEST_08827,1.4608397660337862,0.33866339436207293,0.13201053018208367
TEST_08828,2.354907843577771,-0.2795386087240251,0.13674956641391453
TEST_08829,0.8962921320950185,0.35756927417873396,0.47144897919889084
TEST_08830,2.620860703857127,0.706756833974411,-0.7579982112209693
TEST_08831,1.7965879954444086,-0.34399595881609774,-0.06046894618104087
TEST_08832,2.640239412012849,0.5115490002488782,0.33914596907425026
TEST_08833,3.555830419663386,0.881565655146528,0.4789819817783426
TEST_08834,1.7188524350832712,0.30619955534081456,-0.12840483677005296
TEST_08835,1.587114289658326,0.42162784923717755,0.5085231455123834
TEST_08836,3.3192957204463864,-1.4530016877642375,1.2066139915599392
TEST_08837,2.9744778444179705,-1.6241454368434987,-0.37980035997749817
TEST_08838,3.1583201864841475,-0.11043715139741864,1.0511527880351637
TEST_08839,5.390954391615682,-0.4886155710801467,1.3412440985990661
TEST_08840,3.735358227103924,1.4476515598716866,0.5825123250499994
TEST_08841,1.0127158389432505,0.20545203261315917,0.1971260179807811
TEST_08842,3.864004501153662,1.4392387262811286,0.7132367499710214
TEST_08843,2.6619963560978164,-1.6846435862334737,-0.733033347959979
TEST_08844,2.8200286231467375,0.018257528987993345,0.19650478403271904
TEST_08845,2.6032784931234585,0.6059836164990164,-0.159842745964366
TEST_08846,3.2944748919016194,-0.33908003812533816,-0.6011316061477642
TEST_08847,1.9792685065654545,1.2683328863288381,-0.9295462566453211
TEST_08848,6.195025992736301,1.8086906640899054,-0.697447516570644
TEST_08849,1.597099562744234,-0.3701311650663072,-0.08433427229337243
TEST_08850,2.9044134945646904,-0.02088585964111044,-0.7213845183219905
TEST_08851,0.9431909727124866,0.20773310924366117,-0.23680075966801264
TEST_08852,1.1355808573809851,-0.8839748296419054,0.33800159573472227
TEST_08853,1.3253522479194397,-0.16223732647286357,0.011131582377452227
TEST_08854,1.9172527826874497,0.6205524288278201,-0.19119058837300035
TEST_08855,3.7239146699683916,-0.5857193208494206,0.5635481717110581
TEST_08856,1.5227405693690264,-0.3971341559749631,-0.19815558206436562
TEST_08857,3.997437986466983,-0.19564035315199893,1.9711312213733596
TEST_08858,2.6286765471434816,0.7445960094120547,-0.7830672383108925
TEST_08859,1.9383593943461108,0.38424812822892657,-0.5107612227921083
TEST_08860,0.9198901361673559,0.27507446479333497,-0.040813240964816165
TEST_08861,3.2964886596416187,-0.25187237413870417,0.8736866434743159
TEST_08862,1.4138960783513608,-0.24668781542427806,0.16124333576016636
TEST_08863,2.1213890624609513,0.3793377183151755,0.07165528116472833
TEST_08864,3.312687901297071,0.09802682488500412,0.14435490663572054
TEST_08865,3.6050656228449984,0.9581086973340159,1.755315704279281
TEST_08866,1.6847427916107083,-0.4477419966375798,-0.42767828596330626
TEST_08867,2.327223873508251,0.49131819432923624,-0.2927482945049635
TEST_08868,2.327570847358139,0.7347893625482732,-0.4566293365010936
TEST_08869,3.1604085314696073,-0.7357458120478283,0.8770276710983569
TEST_08870,4.807886535627699,-0.7111551669163838,1.5019104975767341
TEST_08871,1.0705881852732282,0.0917468090924166,-0.00937073414955977
TEST_08872,0.9110294601743367,-0.18307297579858905,0.25924940367852334
TEST_08873,1.8487656450626877,-0.34970271123697727,-0.17277125055351977
TEST_08874,2.376440198310411,0.1964558475682936,0.09894274058043132
TEST_08875,2.34011084880664,0.39659165794854667,-0.02556898307362135
TEST_08876,1.4767344896335939,-0.2915092104904784,0.2041899448112266
TEST_08877,3.802876191279696,0.6878065490844822,-0.24513143931308415
TEST_08878,2.3099297090716933,0.8324927117715621,-0.40395625049873796
TEST_08879,5.400947983430003,0.09207804353407582,1.147520010745849
TEST_08880,3.781008872420812,0.8788067415472715,0.9973771263519181
TEST_08881,3.717519200434428,-1.5438088299979749,0.29941002722268684
TEST_08882,1.0233806568776955,0.07952157317667848,0.371852967250999
TEST_08883,2.684028594435799,1.7489201303702118,1.136191697860256
TEST_08884,3.076156653597333,-0.1620564224426918,0.28746277904919043
TEST_08885,1.015908095692968,0.24331809239128055,0.0256686750944463
TEST_08886,1.7097704417940378,0.26550633123002787,-0.06373762335082886
TEST_08887,3.2287021531652265,0.498062183962766,-0.000459310930724083
TEST_08888,2.5731350138502256,0.5091313056497009,-1.1843474490598866
TEST_08889,1.477475855040007,0.22270240532419328,0.1016253232758043
TEST_08890,2.986766337528091,0.3350193220201278,-0.3714649539579635
TEST_08891,1.5722099908356937,-0.044046140904331385,-0.2952291243532527
TEST_08892,1.0084004786006464,0.1530307755165413,0.32758112563977687
TEST_08893,2.9686239280650217,-0.1936847492867065,0.3192657799072417
TEST_08894,2.7321286896303625,1.5271590375990989,1.110165719176535
TEST_08895,2.3962040151179878,-0.43659856432801486,-0.016952747883640536
TEST_08896,1.9866234634531386,-0.6097236839191855,1.2174818192582753
TEST_08897,4.119579959301849,-0.24606917853363464,-0.7400313659703339
TEST_08898,1.2908843056199815,-1.1667844754120555,-0.4852339870492745
TEST_08899,0.9576419576706225,0.3219923050009412,-0.12530204703446182
TEST_08900,2.367516101766673,-0.4060170641978754,0.4291046272954421
TEST_08901,1.8511522869966048,0.08293986673158556,-0.3138457429532818
TEST_08902,2.0507688458779207,0.3904241788701248,-0.17817278753814064
TEST_08903,3.3710904523656544,-0.6787216500109919,0.9111696405833946
TEST_08904,2.415823839462626,-0.4144751266366179,0.3868463495923142
TEST_08905,1.4424734597595543,0.16145889695998705,0.2537797867397762
TEST_08906,2.748846566176932,0.27800487422570846,-0.13346431572701
TEST_08907,2.481815137018453,0.4335736457519408,-0.16609507440186383
TEST_08908,2.270486312809738,-0.8931860234545774,0.5457000781752915
TEST_08909,4.027937701158787,1.4344083326078088,0.7704761929220802
TEST_08910,3.019371555939578,-1.6292855906768586,0.8194806763473167
TEST_08911,1.272676533359129,-0.22019796914109732,-0.2106359381843296
TEST_08912,1.9959007526945274,-0.1482225426671246,0.5372336476610273
TEST_08913,2.8518836381967207,0.3789419428928438,-0.9405925431843561
TEST_08914,2.996980862375792,-0.30448862096216917,0.6116609558899944
TEST_08915,1.3661555202637266,0.05434274312894837,-0.12857001806354773
TEST_08916,2.95387814531874,-0.100088082311031,0.35019856238171354
TEST_08917,3.592201144708477,-2.154638859309585,-0.5120113165878711
TEST_08918,3.8113357782978228,-1.4289995157931001,-0.2386959378335525
TEST_08919,2.318039244874575,-1.4368072108992256,0.6302035858752401
TEST_08920,4.862635371956167,-0.11944279997480552,0.36371940706142264
TEST_08921,4.939300024081504,1.9869601265405932,0.0008599036814535419
TEST_08922,3.754547731584814,-0.21059435736061075,0.6102157935746365
TEST_08923,3.0046737002220123,0.016320550416783985,0.42852817511862124
TEST_08924,1.5070270557533072,-0.327923886849974,0.606448314823334
TEST_08925,2.1941642813277835,0.4582413801874278,0.36573544783173423
TEST_08926,2.7257650018540747,-0.28164869747121807,-0.8079573308746518
TEST_08927,2.960869842971949,-0.1465405321322819,0.4886843747347603
TEST_08928,5.443092146623303,0.044121668065139064,0.6381379051996054
TEST_08929,4.31200155728349,-0.07289549833651472,-1.106839042488543
TEST_08930,2.7211617569768456,0.46293552150621503,-0.7579758122296366
TEST_08931,3.7211418801541303,-0.5488160883094211,-0.7306142532971582
TEST_08932,4.130084467998922,0.9330713970708574,-1.2347955824131782
TEST_08933,0.910754658250499,0.4192279224038188,-0.10885213954254254
TEST_08934,2.2445145419727783,1.6670951359074018,-0.4405167370671775
TEST_08935,1.2154542884548913,0.41482170865370155,0.25788922658799507
TEST_08936,1.53151026510578,0.2773551097647889,0.1501349665173005
TEST_08937,3.952934678357528,-1.6513774516887354,0.7762283168790066
TEST_08938,5.761000582263577,0.39855103900462424,-1.1643814889461768
TEST_08939,1.1134126199331307,-0.07194418415189405,0.1851086046899427
TEST_08940,2.327635859741344,0.6817850493501745,0.4292422543680509
TEST_08941,1.1499515466755164,0.13497441248275352,0.23583353693619574
TEST_08942,1.7059635636606845,0.7798439780651429,0.5388364276759342
TEST_08943,1.8234331582514887,-0.10934690189002315,-0.29785118858273324
TEST_08944,2.8531819377104415,0.4681318126575774,-0.18930862320277786
TEST_08945,4.592134885124945,1.6892324658933464,0.02720872323415899
TEST_08946,3.3871649027868616,-0.19946307433761337,0.12814607683615994
TEST_08947,1.3297426948691977,0.386293028179308,-0.4601907664347935
TEST_08948,3.1703704171823994,0.2381017502327077,-0.29585526124323797
TEST_08949,4.550282092111333,0.6081556017940911,0.9065246773784861
TEST_08950,2.604760113950338,1.6336502486902826,0.5607769552581271
TEST_08951,2.6005958127881925,0.7866720141485809,0.4361465331465429
TEST_08952,3.1820005777304243,1.7247177203260735,1.6954270472976927
TEST_08953,3.8484801719943897,0.46457047352734343,1.0743689649643033
TEST_08954,1.7590897789636504,0.37578698425894036,0.3666031019534418
TEST_08955,1.119625970758857,0.27686176490658054,-0.19770572319387042
TEST_08956,3.7881055130771273,-1.4941010887495894,0.49115682755091117
TEST_08957,1.8164110397095212,0.4648590517664383,0.13625109039787262
TEST_08958,1.8080946454088795,-0.9684812303459582,0.04022255398570198
TEST_08959,2.664620046158866,-0.9043036824332884,0.866938424038149
TEST_08960,1.4964301488301803,-0.11723302813736614,0.06725586877486611
TEST_08961,5.1792497740806995,0.9818297443107113,1.0839325132157656
TEST_08962,1.3985907695716262,-0.6075539048086033,0.3312830844689612
TEST_08963,1.5416423122015859,1.1053969906420806,-0.5860847343794221
TEST_08964,2.740454529762422,-0.04530485863820233,0.0968871826416409
TEST_08965,2.4449091057133634,0.03655792527893681,-0.3317611631402127
TEST_08966,5.189667954514971,0.529489317854911,0.55031631518931
TEST_08967,2.3667355794647866,1.2804205120818926,0.15802708866617238
TEST_08968,4.9809876779177475,-0.3145961761018723,1.0201821795950918
TEST_08969,4.036216993701954,0.18011780902480068,-0.8102807173781774
TEST_08970,1.5141244584521332,0.016842662667556917,-0.2139102309949943
TEST_08971,4.027940737364109,-0.49937844650052776,-0.6306884922491086
TEST_08972,4.549859538060975,-1.2342649362384803,-1.0042663596597143
TEST_08973,0.9088617309462284,-0.27605955969816387,0.27238082319850804
TEST_08974,3.1857772985870096,-1.3683429772887008,1.2639191506147018
TEST_08975,2.9078121004984303,-0.668975715064183,0.45505367407129926
TEST_08976,2.7556589779149223,-0.5145775227854138,1.6570239203809964
TEST_08977,3.21050622670424,-0.27307815594241214,0.9365856073916994
TEST_08978,2.291117251587814,-0.7350075779062378,1.3431366854965192
TEST_08979,2.942695968589665,-1.3774302037100257,-0.8231960223206555
TEST_08980,2.0505106049580104,-0.24533414868157458,0.4199916779207573
TEST_08981,3.48807359125214,0.13953219272439032,0.457397658449895
TEST_08982,2.045183368776022,0.03909985684528862,-0.2236894036694301
TEST_08983,2.8126161007094392,-0.12232559728175053,0.10658479134486397
TEST_08984,3.0572005778409093,-0.05337813420051956,0.8456039433618157
TEST_08985,1.9991902220541915,-0.26904436145020294,0.6117926261535214
TEST_08986,1.9017778811372166,0.7545024714248536,0.3752788493286439
TEST_08987,3.6058649884101257,-0.07661089171739346,-0.020135054126049996
TEST_08988,2.741049242635305,-0.18494636004149317,0.0171058668625026
TEST_08989,3.2203396419100887,-1.0309501300810402,0.8444556144923313
TEST_08990,1.262892749985488,0.23264214422066848,-0.23595337915766618
TEST_08991,2.4281417558421103,0.023575075330757943,0.03254626368518893
TEST_08992,2.139724077576386,-0.6980482442077885,-1.0822761551454854
TEST_08993,3.5121577157442156,1.7602560925955542,0.5409380307342159
TEST_08994,2.7798045762725323,-0.27421648676198074,0.13168311611375483
TEST_08995,0.8077281925668005,0.13592853115383563,0.17169634964626485
TEST_08996,2.4274286028546417,0.4962047831748591,0.3263725294721957
TEST_08997,0.986978940891449,-0.4266355023158956,0.3238168977385961
TEST_08998,3.0999523717682886,-0.795785880418059,0.6902027809399522
TEST_08999,3.949054674654099,-0.5801392622988016,-1.191955768680817
TEST_09000,4.40053719069448,-1.1208587119232163,0.4506731801253615
TEST_09001,2.5047318442958972,-0.18754502595927222,0.3426269591242757
TEST_09002,1.7339028663516813,0.2711093926207971,0.796229518217572
TEST_09003,2.8059389751960016,-2.3822211931236317,-0.5395200182263697
TEST_09004,2.643428992155681,0.03150256390132579,0.24934600200492885
TEST_09005,1.3058578252594322,0.612074662275349,-0.1763182323455078
TEST_09006,4.443027895674355,-1.0431195480306679,0.830449190014839
TEST_09007,4.058820627867071,0.4765840212860281,1.1861153422132218
TEST_09008,5.551162302201005,-0.7017178454349664,0.10167271324404448
TEST_09009,0.994411622047038,0.30677828136256996,0.17448896528151736
TEST_09010,1.073494423690436,-0.18243990238283284,0.11746301906655429
TEST_09011,1.6431263057005805,0.08835253315524559,-0.07726869390948676
TEST_09012,3.604320757286329,-0.018013100000547913,0.39137876732125404
TEST_09013,1.4521876541236112,0.04425891572121738,-0.17217763906269126
TEST_09014,1.644931765280193,-0.05739332307294622,0.7179978526547903
TEST_09015,3.056025654277165,0.46620403453361825,0.48700549339252686
TEST_09016,2.1361601724490593,0.14959598908398572,-0.8379790705755268
TEST_09017,1.3077309529813281,0.6896130177481621,0.6185420026858623
TEST_09018,3.207841919132517,0.9240238828465841,-0.6945666273054509
TEST_09019,2.2457879582453377,-0.981840874026061,0.6354439539194213
TEST_09020,2.1101783980666555,0.1832212336036761,-0.9559664191411453
TEST_09021,3.3260705408621343,-0.35012277424953375,0.8201400087478027
TEST_09022,2.1877989200620895,-0.14230798156017174,0.06807170609504755
TEST_09023,3.2672222345960837,-0.058241540779849096,-0.32982557591121214
TEST_09024,1.9407614687832844,0.08491478443885891,-0.15059592058147447
TEST_09025,3.9797658432683267,1.2352256423614643,0.8954158226540134
TEST_09026,1.2073283027488306,-0.066983545870536,-0.4348234763586604
TEST_09027,3.9643572335677395,-0.4936872951371913,-0.14598895462341901
TEST_09028,2.984301949175424,-0.027051536465965836,-0.0830564731251226
TEST_09029,4.609984061900732,0.7832461259710973,-0.5472659602604646
TEST_09030,5.260923936346607,-1.0733794202196547,1.7530814840685343
TEST_09031,2.0373772114662714,-1.098592789235672,-0.12267550117475608
TEST_09032,2.1677513131588904,0.45717370888404696,0.25055178587243127
TEST_09033,2.172293801995515,0.269028054231884,0.6000250809764216
TEST_09034,1.5518923739936825,0.28702317870972915,0.20669004293053672
TEST_09035,1.435135156098402,0.28959570866986983,0.20400752839712435
TEST_09036,1.6291355187932974,-0.6708521191131115,-0.15009038068582722
TEST_09037,3.9902528555837753,0.6930117608730619,-0.570033432501799
TEST_09038,0.8947545257742179,-0.26163199471848386,0.41336199816313285
TEST_09039,4.731120986618408,1.7378696158860807,-0.9301601574517259
TEST_09040,1.6415538448530835,-0.6046918976493117,-0.12018727223579499
TEST_09041,1.2469582651815847,0.2511928450241446,-0.2983138042859157
TEST_09042,3.3336496580409904,-1.5958337219199226,0.8956728813115084
TEST_09043,1.225460250283563,-0.5016722527962552,-0.04881775714618332
TEST_09044,3.491969338009136,0.257710276685853,-0.1854046863289943
TEST_09045,2.129281144823291,0.9876146426593385,0.7152727040384306
TEST_09046,1.5073481285222543,0.9819187131439544,0.07482774090268741
TEST_09047,2.2373705107933,0.5043598763453769,-0.006394608496610087
TEST_09048,3.945514990187172,1.640342350014264,0.3021765596902517
TEST_09049,2.90086722010015,0.4972329085742874,-0.21431665657718887
TEST_09050,1.4192444031743898,0.17427979511499514,0.10909120161556479
TEST_09051,1.7095128177736254,-0.21879967444163417,0.17319805032622235
TEST_09052,2.0699779016544975,-0.13458255926822568,-0.23899402328866565
TEST_09053,3.062087083371784,0.22745248013620575,-0.31167630140278557
TEST_09054,3.4947919247858388,-1.737732910115747,-1.117055418875473
TEST_09055,1.204778753253064,-0.3555451613261733,-0.012793076754411143
TEST_09056,2.707426706636464,-0.26472573062867016,0.7066222416909895
TEST_09057,3.1772371223150406,-1.1176517716489234,0.8751544868816546
TEST_09058,4.258680264872954,0.04379413712523745,-0.6323631349661575
TEST_09059,1.3852198556141697,0.7064235405210263,-0.20021964945744408
TEST_09060,2.792050375045416,0.5245468322562633,-0.9568334212366598
TEST_09061,1.6142847779462883,-0.513106990939874,0.37354307124432745
TEST_09062,1.3797413536221383,-0.42483496378279895,0.30920741443027294
TEST_09063,2.1364947233643763,-0.36228603138351595,0.45749954477667765
TEST_09064,2.0206422643826256,-0.021459658948096975,0.36600082753363145
TEST_09065,2.7372535965860374,-0.08499300368569541,-0.5176229122850562
TEST_09066,2.6975396151179436,0.33558556271915196,0.03025642707453553
TEST_09067,3.5329106157409984,0.5989129359295637,0.09256686681821998
TEST_09068,3.2677034719284275,0.7099180262876049,0.6423699279372961
TEST_09069,3.050650573811849,-1.3248626912643422,-0.7824292396358166
TEST_09070,2.227298942056227,-0.3632360954234397,-0.6168740914139789
TEST_09071,2.0999442891676274,0.11903268716942211,0.33325809020961195
TEST_09072,3.489987673540253,0.5201109072012731,0.4159809239358681
TEST_09073,2.221860126071339,-1.3511039719093758,0.23219731515104428
TEST_09074,2.6288591636550627,-0.5697585688121465,0.37018522657410924
TEST_09075,1.3039413431971176,0.09008805768347809,-0.04467064471955314
TEST_09076,4.261219525299519,0.7276087634299706,-0.8430364193097637
TEST_09077,2.253810716861321,-0.02700429397125553,0.34947577344822545
TEST_09078,2.7546008962095447,-0.7527230818578108,0.26630295773542456
TEST_09079,1.9336992171795901,-0.7769622396059278,0.25670555444425264
TEST_09080,4.469041995676503,1.037010684550093,-0.16242328859503186
TEST_09081,5.111221090457578,-2.0641215732560916,-0.6233655571845499
TEST_09082,1.451505588343407,-0.9841919041278291,0.5937375298848803
TEST_09083,1.1180204866201597,-0.23204537368895686,-0.02550518330483916
TEST_09084,3.2871493642598044,-0.3294857402389369,0.5426532833861998
TEST_09085,2.149700621513535,0.7404029933578259,-0.21728326590974817
TEST_09086,3.932622292847895,-0.2542242697693896,1.0648853593994785
TEST_09087,2.0162787877425665,1.4134420929605545,0.6025537994210406
TEST_09088,4.149110602529211,2.235240206067658,0.32761454861544115
TEST_09089,3.1299076233103262,0.5497979786758854,-0.2643588207335341
TEST_09090,2.3990646438735257,0.4509126285653204,0.2575663400468288
TEST_09091,2.567963222577379,-0.12619193898662223,-0.20698818022032084
TEST_09092,4.320645819072978,0.021718112718660226,0.3747093729729672
TEST_09093,2.562259815825947,0.08006884889965349,0.12633111179426157
TEST_09094,2.924565464312145,-0.840065140397716,0.8750562882347052
TEST_09095,2.2902060933517747,0.961986110447801,0.8581818450388553
TEST_09096,3.3208137633192627,0.5740152964039791,0.7383722780301193
TEST_09097,1.7433511063653888,0.15929324234182865,-0.3709208872037797
TEST_09098,5.0943980121930466,-1.4626824225741846,0.07049069361498932
TEST_09099,3.3505918325335147,0.9669513066300265,-1.1670119893746513
TEST_09100,1.5531641310716253,-0.26530888342277276,-0.0905479359200519
TEST_09101,1.8619038104357417,0.2753394481810396,-0.5148796067294681
TEST_09102,2.1708568465769327,0.16124515190407515,0.6298923513759351
TEST_09103,3.4272398707787124,0.2936625363071224,-0.15246782267657272
TEST_09104,1.4272084320023561,0.1182245956834648,0.4081468862631828
TEST_09105,3.956447678708392,-0.5128795616615668,0.3580110378227727
TEST_09106,2.5370695123775593,0.7280020197099389,-0.5377433468477631
TEST_09107,1.2530941124537573,0.04437421996957833,-0.20837030950098853
TEST_09108,2.828052192055401,-0.419336461421011,0.18663534774528398
TEST_09109,1.567496354688492,-0.29113289522047736,0.59150030213636
TEST_09110,5.306385303027259,-0.5799618079073363,-0.7534067301383841
TEST_09111,2.6626656355287333,0.9429378538188904,-0.6597028857520849
TEST_09112,1.9476308843905679,0.5999826177820371,0.6183799464256116
TEST_09113,3.628644575677453,0.8793201736259008,0.9724080065739704
TEST_09114,1.8634443895663912,-0.6565207996528774,-0.19623760950424576
TEST_09115,2.092378706442277,0.46201132130520695,-0.45389708341980545
TEST_09116,4.4619614775360334,0.5355934292935817,-0.1873614588233002
TEST_09117,2.6605281495625475,1.031592164371919,-0.6087735952154544
TEST_09118,1.53806084303379,-0.07487209817436667,-0.25873398694873834
TEST_09119,4.717207857336273,-1.0579968193054639,-0.7368104285734968
TEST_09120,4.190772559596654,2.468451152168549,0.2549584290722272
TEST_09121,4.0723479998877385,-0.9184963197752828,0.9480649602051792
TEST_09122,1.927072191964643,0.9860799555420415,0.2983004342755192
TEST_09123,2.7357287323265918,-2.233845105798353,-0.12230408720552258
TEST_09124,1.4044053068448912,-0.0010196509949431261,-0.2540099907293265
TEST_09125,2.440845643224103,0.47506984539988195,0.3315304187096958
TEST_09126,4.964418047066629,-0.5922198853687558,-0.276265871153506
TEST_09127,1.6920108036329953,0.11645334753532358,-0.4488442724149967
TEST_09128,2.001885879060816,0.14885388804345936,0.5851990318970078
TEST_09129,1.954472645095789,0.7411236435356108,-0.15816338921157388
TEST_09130,1.06884564335799,-0.05576755777241517,0.278253620471248
TEST_09131,2.1596187582885107,0.4795016246333142,-0.2836593031118371
TEST_09132,1.2206848193955449,-0.5291754238320538,-0.3619391982924299
TEST_09133,1.6782372698274948,-0.30322190710627356,0.3444031238475003
TEST_09134,2.4282986359817307,-1.6165680269525475,1.2093823025663644
TEST_09135,1.4553918179871637,-0.6436711155203777,-0.08442661324534868
TEST_09136,2.1732779921430487,0.33412032314246415,0.9352723143108838
TEST_09137,3.6279298522984686,1.703725865104666,0.8629607340328952
TEST_09138,3.085908349664191,0.04590401047884354,0.5512846478886146
TEST_09139,4.379021978266669,-0.6772188801521328,-1.0991695268212645
TEST_09140,2.2077846011948328,0.7077954823227165,-0.8430574675773901
TEST_09141,3.142128686515025,0.26656516205546643,-0.42193514435865975
TEST_09142,1.5678892174225836,0.04430989290947664,0.43119377696092004
TEST_09143,3.2645926047712392,0.17388340516031348,0.17390267420292713
TEST_09144,3.6354644226601867,0.2959084277421631,0.5045154349754021
TEST_09145,4.407470657734113,-0.14024389875068283,-0.7111116673220951
TEST_09146,2.613365501807437,0.35266498466327834,0.19687432058736162
TEST_09147,1.8338637832325606,-0.6673431897399767,0.017483039617526442
TEST_09148,2.8310534517468557,-0.3129986854085006,-0.5403688184877677
TEST_09149,3.535356898326551,0.6574575566669879,0.09030509432147625
TEST_09150,3.000788195679085,0.4122091532127292,0.8659038967481388
TEST_09151,2.7954221266230266,-0.3934735867957206,0.012288999978178217
TEST_09152,2.9293916056251335,-1.328311944402016,-0.4105114102931899
TEST_09153,2.751532710686286,0.9294648504454559,-0.7044418403791274
TEST_09154,2.2447187956217007,0.197938516898787,-0.17200918344743912
TEST_09155,1.0668353636725394,0.004859375621094027,-0.11576742260914571
TEST_09156,1.546972226038212,0.3162413495820611,0.4998597359060124
TEST_09157,3.2797084841281214,-0.5816751746425713,-0.5632914696916015
TEST_09158,2.8252746540045814,-0.1513809620936494,0.19465370859499187
TEST_09159,5.644495740213058,0.76541168102471,1.3912485939305037
TEST_09160,4.526077016094238,-1.3481706248096244,-0.10285558593078163
TEST_09161,1.9748786592873548,0.23762497704308014,0.2557792957541697
TEST_09162,1.7362092313393296,-0.031477576639329104,-0.495117210917577
TEST_09163,2.094632745434369,0.1662988175343271,0.4455225690516411
TEST_09164,2.356822138784674,0.4286388484328525,0.1663012246469234
TEST_09165,2.533739250536645,0.7589934876747392,-0.10389533613486207
TEST_09166,1.4539825495273069,-0.46072944877896305,0.20549039840649846
TEST_09167,4.555624885618658,-1.38446939310712,1.0765742547409118
TEST_09168,1.6832296427898885,-0.8400045908690993,0.21825517923179077
TEST_09169,1.1874239112679335,0.3386835302753166,0.2528548790608533
TEST_09170,2.5065358894003658,0.4014306541176881,0.892791700751761
TEST_09171,2.3201811261420975,-0.2911861744959327,0.07985649268124091
TEST_09172,2.101578069075269,0.16852790249844835,-0.014123458149614711
TEST_09173,2.5086761104526945,0.02842727227798733,0.11335296149265107
TEST_09174,3.52172679456475,0.05271746195588715,-0.7168640961100786
TEST_09175,1.270096667060268,0.07045777774847795,-0.33507568018386513
TEST_09176,1.0272824195620576,0.006158288149179014,0.02743192308473429
TEST_09177,4.165709243089017,0.11807010897840994,1.5974262062312825
TEST_09178,1.6843520333849606,-0.020099585959095705,0.4509086190355154
TEST_09179,3.732717255469963,0.05849052339957553,0.6960675756028563
TEST_09180,2.578947038367701,-0.26230020602638393,0.7716712708525987
TEST_09181,0.8352532173300947,0.2523688083666882,-0.01134029903507983
TEST_09182,2.0957450637344177,0.6489607342442109,-0.050970759573007625
TEST_09183,1.2377065255958781,-0.5161617820047555,0.13992953272075226
TEST_09184,3.230027486958821,0.17664369758879797,-0.20282565280699483
TEST_09185,2.096512752501807,0.8889443646634992,0.7457353291404245
TEST_09186,3.2616873702729556,0.4415060868543428,0.09412077815370826
TEST_09187,3.984850441819396,-0.17392937384788162,-1.248881812068607
TEST_09188,3.3751012813065713,1.1219626120222286,-1.1608644540914157
TEST_09189,3.9805969654577633,0.2574197576279418,0.7724302595164116
TEST_09190,4.033916963616031,-1.2625346767682326,0.9462857390563305
TEST_09191,2.947271725676979,0.042813743274405,0.3696070063453128
TEST_09192,3.044551577436679,0.08433712918893652,-0.5044294831392251
TEST_09193,3.0185819890829855,0.6777126878190277,-0.31461449786960205
TEST_09194,1.7616326184724227,0.33150704707916,0.063900180223879
TEST_09195,1.8567206387042843,-1.0257153408259938,-0.7202268829044489
TEST_09196,4.274035083679067,-1.3556536066060934,-0.450231107043124
TEST_09197,1.6366399684267012,-0.4213513015401124,0.09476944075013591
TEST_09198,2.0984116743017887,0.5920705965691397,0.7744754298998832
TEST_09199,2.1000517416611255,-0.23742340880138768,1.1218051893575451
TEST_09200,2.7963213017607025,-0.980399574832104,0.5269091704887406
TEST_09201,4.079525644334577,-0.2239561288852329,1.0979531129310014
TEST_09202,1.9308532371078246,1.6812221889454302,0.16042069977189144
TEST_09203,1.7439178324558142,-1.8768084557742988,-0.6392531197602535
TEST_09204,1.7797147643238371,0.5725918011934038,-0.4900987192172201
TEST_09205,1.683540736714107,-0.4476807706621299,0.5673510902849795
TEST_09206,4.217821199386417,-0.14327499480291794,0.3753926035546423
TEST_09207,3.654281934439632,-0.2701439207774491,0.3542832601244359
TEST_09208,2.9217234255762916,2.288565024312991,-0.3682479319577221
TEST_09209,3.134953798785327,0.1512630018020528,0.3855103132466511
TEST_09210,2.834105946577092,-0.29016987079105466,0.0023564415057663953
TEST_09211,1.430161634301267,0.17330288446166134,-0.2121161158204477
TEST_09212,4.387781240739788,1.189494193936817,0.4320549657479388
TEST_09213,3.0896711413186475,-0.36976254381025536,-0.6773304876688253
TEST_09214,1.5172009020934578,0.3794526872148839,-0.18124389722908651
TEST_09215,3.3631261100537553,0.7228070942869825,-0.44610052812063694
TEST_09216,1.272646267290294,0.08861243131283739,-0.3017259339519991
TEST_09217,2.5877877536132208,-0.01822958553482708,0.6922612873971614
TEST_09218,2.2035890258820947,-1.7248262172296167,0.1917066439579966
TEST_09219,3.3986644875429066,0.34111056215828445,0.02277938050956607
TEST_09220,2.3781774529884836,-0.1842424498063116,0.2709132848209406
TEST_09221,3.064023089904869,0.09259667001185509,-0.16103495265014375
TEST_09222,1.5457788633645853,-0.3681746211854441,-0.259424905467765
TEST_09223,4.445613036042031,-0.4766645883820843,1.1019721996559988
TEST_09224,3.0623233491920754,0.2610555318307164,1.1714546609131664
TEST_09225,2.891331102247937,0.15135384003675473,-0.8908664257947826
TEST_09226,3.136621635020148,0.278645472521138,-0.021397359601887076
TEST_09227,2.3143792618242798,-0.6398059553745016,-0.179740493185764
TEST_09228,2.7243474019147094,0.037483653505040286,-0.6343127582688665
TEST_09229,2.7559966377153047,1.480246160555324,0.6953391666493121
TEST_09230,4.1090090555045276,1.1906094957016666,1.6764848610351615
TEST_09231,2.2450154034210175,0.6073626632335049,-8.595137076344134e-05
TEST_09232,1.212289736644771,0.3209038000878905,0.36804626028203746
TEST_09233,3.756000494546607,1.9161061403628574,1.1689670047416154
TEST_09234,2.5517859699618404,-0.03358628124379615,-0.03659472459293984
TEST_09235,1.5523257712171095,-0.06961196843804535,0.3379225662336367
TEST_09236,2.161714895164106,0.008603099055810035,-0.7839140623080862
TEST_09237,1.600606174699788,0.2675397280407561,-0.12291173872970601
TEST_09238,1.1774514768635433,0.1394771889915539,-0.23443506565979794
TEST_09239,4.939657454740646,0.7838528081029128,1.3767341676354785
TEST_09240,2.185132366058275,0.4252450882780107,0.37700212781569203
TEST_09241,2.638129911074825,-1.5765149609410003,-0.3345973408876976
TEST_09242,2.332951755004823,-0.9448226464601164,0.4177055030263197
TEST_09243,2.909722462918388,-1.1950364462644638,0.6576988885111017
TEST_09244,2.6763475108739136,0.057482290785005476,0.29489539158652384
TEST_09245,1.8868097127447718,-0.6376193424855342,0.05945693974658139
TEST_09246,5.063349575068367,1.318300825722076,-0.9456756004914016
TEST_09247,3.391612187398189,0.01618874687445732,0.5004453305191698
TEST_09248,3.7171700841602626,-0.6249647558548616,0.5295830418372697
TEST_09249,4.620952469859448,0.7425660588253021,-0.2096986062109215
TEST_09250,1.3189190974749745,-0.02046224674883842,0.17586990308831665
TEST_09251,3.0500095700253875,0.19489910667191013,-0.14771547777709088
TEST_09252,3.957904706672581,1.1089928533661544,-0.11246766590267016
TEST_09253,2.709062595619522,-0.026787206089025514,0.17327508032623531
TEST_09254,3.511024431335245,-1.5390071832912935,-0.29430469547891097
TEST_09255,2.4564054899052015,-0.39514025609097886,-0.6021062521608589
TEST_09256,3.0549447412833417,-1.483769753103628,-0.7461466763995812
TEST_09257,1.5839739108419537,0.47031589223287207,0.5847849068986579
TEST_09258,4.094030662493458,-0.5706766970372735,0.5439472860883029
TEST_09259,1.645173862745415,-0.9928074713410902,0.4679621127570471
TEST_09260,1.243613445963756,-0.07177448173239408,-0.2557098979118161
TEST_09261,1.01008043624863,-0.01455550793517784,0.15185866260655215
TEST_09262,2.060503450467504,0.3100644834642024,0.03921511916822601
TEST_09263,2.2109952788212497,0.15890572145964313,0.5252583442152622
TEST_09264,3.3737514359767737,-0.5683310343492626,0.878525387510925
TEST_09265,2.0415614666648714,-1.1008905655768468,-0.8584272915906995
TEST_09266,2.8023981689455537,-0.4698498458288895,0.6190464527779803
TEST_09267,3.0234526041815957,-0.22448613887628557,-0.10027994367667535
TEST_09268,2.1068499823220965,-0.30498618223130375,-0.005435366781689052
TEST_09269,1.916345315574961,0.34371261177836565,-1.3121398226345806
TEST_09270,2.274913967012551,0.46625051205518203,-0.36333675273735044
TEST_09271,1.7505995737573143,-0.436304000887227,0.1023629802049792
TEST_09272,2.0808856792660424,-0.4819504669257744,-0.5537704937109384
TEST_09273,2.2245619053425156,0.5192947908352057,-0.1597224304122252
TEST_09274,3.4969861343400988,-0.7806241415564796,0.8168992249456063
TEST_09275,1.935638226111106,-0.38336686574931184,0.10101551280486949
TEST_09276,2.009886515795537,0.14214672961402658,-0.06901514691826721
TEST_09277,3.523775821003333,0.7004415704890649,0.2971579316154963
TEST_09278,3.149255652134395,-0.4087660428259602,0.1908493915443641
TEST_09279,4.75612969604,-0.03677516157555326,0.3991787100048297
TEST_09280,3.0253147409139958,0.6900350360563758,0.7692317926732852
TEST_09281,1.8092369289441517,1.2327312247445812,-0.13371130933626255
TEST_09282,2.2624155979740737,-0.3404088237574369,0.4249552342109579
TEST_09283,2.655434257234226,1.225081043624601,0.38454137837431873
TEST_09284,2.4296267958098237,0.21637891670760842,-0.1291733872545234
TEST_09285,1.5902193851770725,-0.012461666331482836,0.245204924188472
TEST_09286,5.108620818184583,0.8133994891229938,0.6995039508090178
TEST_09287,2.6497157046144633,-1.3638004490261442,-0.38163250934768717
TEST_09288,3.3500205918476604,0.9436319897865545,-0.7008621703250816
TEST_09289,4.227450600363212,0.04343949295556391,0.8314899982505547
TEST_09290,1.8264686820680545,0.12346468339788877,0.2892970087315672
TEST_09291,1.548688661011509,-0.29851994486854,-0.4065884962493668
TEST_09292,1.2446504412157355,-0.08515432882246521,-0.08053736650398183
TEST_09293,1.1132010979796447,0.14248188704743112,0.12230823209476172
TEST_09294,2.2576969173618426,0.4965055354119072,-0.6702116379628889
TEST_09295,3.0703984889194755,-1.1257383526584008,-0.4110828651930672
TEST_09296,1.0056136509710776,0.5815371542803599,-0.37121975680143493
TEST_09297,1.963378265557297,-0.15209081344640746,-0.2968882126684777
TEST_09298,4.394028611760021,-0.9890073143416351,-0.6107054382106947
TEST_09299,1.726012224222886,-0.3304002220915976,-0.3313979485073291
TEST_09300,2.885399459301471,-0.4380801041971164,-0.12475057498725131
TEST_09301,2.107753084160519,-0.44510601134841404,-0.45144413755987756
TEST_09302,1.3957203353810461,0.3112174681490953,0.3645336611190579
TEST_09303,3.2373950160002702,-0.2131506647619517,0.11492868653992344
TEST_09304,2.618539639567835,0.057791351764749074,-0.13027332827916216
TEST_09305,3.3927941813879565,-0.22634507376768312,0.026456143383213372
TEST_09306,1.6201100519686509,0.44704575380426387,0.18179347081389635
TEST_09307,4.244033936264773,0.1452286675781707,-0.7056462726798614
TEST_09308,1.9429817330531798,0.5071563896390022,0.047226225866046356
TEST_09309,3.006488936144051,0.8173186148731373,0.08374891257919591
TEST_09310,4.44924150748069,1.4847469444879906,0.6257728654567348
TEST_09311,3.036022766312656,-0.6375174785103297,-0.4974925353574056
TEST_09312,1.4447071859558545,-0.0496261670923239,-0.002518537104397475
TEST_09313,2.195755355603758,-0.9852091871376755,0.5728914252795407
TEST_09314,3.3517903331477497,0.5330049814064113,-0.6366703567322439
TEST_09315,1.3694059639898142,0.6898904913449889,0.33906496118621515
TEST_09316,4.525430539113003,-1.8714351229684991,0.4253590932413836
TEST_09317,1.6442960787018388,0.09947933144689246,0.4507762842525258
TEST_09318,2.230495179686895,0.17033372589218299,-0.8001099304884208
TEST_09319,4.285439062877618,-1.2898117016784258,2.3064101046506993
TEST_09320,3.940587208895095,0.33569357078325146,1.1030764467348264
TEST_09321,4.768910644696859,-2.4850808360860714,1.5850515769669067
TEST_09322,3.5011145428425725,-1.7201703344133352,-0.6896992832161437
TEST_09323,1.3112534226881172,1.0398421945698402,0.33343196108850587
TEST_09324,2.2393465173258367,-0.24995819799028746,0.5575999449843684
TEST_09325,2.5105699001962516,0.4688787914431715,0.3227615714611775
TEST_09326,1.390533804874654,0.3483143820805078,-0.1792136492719131
TEST_09327,4.653094192108146,0.01496682592745614,0.07386165612203276
TEST_09328,4.723133206634261,0.4929097422633025,0.2818012786082712
TEST_09329,2.0979236605844447,0.31732665163657386,0.0941390981764372
TEST_09330,2.753882835585798,0.045535307422921154,0.6457197585536805
TEST_09331,3.118146098017328,0.2634865959314408,-0.5182326860598462
TEST_09332,4.466534976209258,-0.737107464369273,0.2401344361752228
TEST_09333,3.016307525145349,0.08481736098357363,-0.028074203788852045
TEST_09334,2.9763311442895737,0.4047564196262378,-0.11946223568602714
TEST_09335,4.180031761245672,0.5662077696638049,0.03926201604696911
TEST_09336,2.605339969504147,-1.1006155824776522,-0.3802631679161303
TEST_09337,1.8668859834300882,-0.22522724307514255,0.8816765949383069
TEST_09338,3.17184804200225,-0.11589231906377542,-1.0703204683899892
TEST_09339,1.130975188239557,-0.15424505117593457,-0.2875247048773802
TEST_09340,1.0437585766516178,-0.23740509026263548,-0.10670336075050353
TEST_09341,3.566873276206848,-0.21868197114162477,-0.2656689180579401
TEST_09342,1.6852669884817584,-0.606839415376398,-0.1607547615321852
TEST_09343,4.356325302668495,0.1895778920071863,1.3635134897225254
TEST_09344,2.0287658051581188,-0.6753534297299224,0.39365826915179264
TEST_09345,4.057757698693166,1.6368500516272426,0.45831510988698665
TEST_09346,1.9896909471657656,-0.32435784668603673,-0.5130083566179439
TEST_09347,3.6776245047459697,0.3611733536242972,0.4629852753413861
TEST_09348,2.7421572203354727,-0.6709801928501626,0.31656451196811675
TEST_09349,4.169550106648593,1.568359861596734,-0.8891989277055485
TEST_09350,2.3398942324842693,-0.7369436768053628,-0.3936826285249516
TEST_09351,1.7428418313627636,-0.2425602918984843,0.20644113492007704
TEST_09352,2.941368063745969,0.8912564425359438,-0.6794681226421027
TEST_09353,2.833591627421628,0.20287152429149133,0.7730790104711982
TEST_09354,1.0920786926560555,0.1177711677588567,0.11800933718774936
TEST_09355,1.8461888678579659,-0.9426768061254917,0.36766946523606336
TEST_09356,3.9368977626084813,-1.6067499825802343,0.30933720224807704
TEST_09357,3.0468977341655124,-0.5612894471125532,0.36033062257748066
TEST_09358,1.4596762548315338,0.1922958412507502,0.45385275940263137
TEST_09359,3.7453038818571813,-1.6912633892015387,0.7646391257202929
TEST_09360,4.481798296681563,-1.6223347156945627,0.19307631170125436
TEST_09361,1.4859992359917304,-1.2517463936128548,-0.01223464754101091
TEST_09362,2.5822414164528937,0.1299379629342824,-0.39979529210475306
TEST_09363,3.944240463712891,-1.3518532174311921,-0.5906895976054793
TEST_09364,2.2493911718800708,0.21368675753380528,0.47815026464319094
TEST_09365,1.1244053970866656,-0.1627806210876388,-0.3561383481720004
TEST_09366,3.546205686615537,0.05714969914771066,0.03166568935625751
TEST_09367,1.2627417840351454,-0.056322076854585165,0.24563305488176074
TEST_09368,2.927651634613543,0.9351824433761271,0.1722566214797316
TEST_09369,2.3973992155616055,0.4334757228460863,0.3472572486242152
TEST_09370,0.7892612447177257,0.2667437980710863,0.21055471755391533
TEST_09371,1.610398227858363,0.07687211425387111,0.3840583341487905
TEST_09372,2.139588167427252,-0.5719572572210446,-0.5779651187292656
TEST_09373,2.434851414107682,-0.4441663383131337,0.23373294438334238
TEST_09374,3.4124504968474594,-1.23982643994673,-0.6233256559846265
TEST_09375,1.0529251336100653,-0.28851318075682875,0.17250930551229351
TEST_09376,2.4847385432922002,-1.0416806382509838,0.6599100864827538
TEST_09377,3.8241096395654752,-2.0695559906641687,1.4869083297480394
TEST_09378,3.1226752976831658,-0.8072616094276484,-0.1648353412719594
TEST_09379,3.0440089369886683,-1.0046702679004618,0.7220958395794451
TEST_09380,2.3277374372980755,0.20384603235407744,0.10094370069068082
TEST_09381,2.358009395152531,-0.4357124196717076,0.185980604343266
TEST_09382,1.9045858976938816,-0.29188145061388066,0.48982632041487717
TEST_09383,3.714217724262561,-0.5490729891818549,-0.6933681739723685
TEST_09384,2.450703358047989,0.14398606787738608,-0.04279034696676433
TEST_09385,3.562967963756884,-0.14497477505376416,0.8487751737833537
TEST_09386,2.8212399549371683,0.5096423974235476,0.5032528670780285
TEST_09387,3.0272562667603418,0.24657022118196975,0.5967880103808296
TEST_09388,2.8443530043165923,0.39940970929302955,-0.6391337179369067
TEST_09389,3.283975466073494,-0.5058710911864434,-0.7266273120339586
TEST_09390,3.997318902535695,-1.437801883377512,-0.7357667562188139
TEST_09391,2.6957901393499086,0.4190450397645578,0.5786213709705617
TEST_09392,1.046545990989869,-0.19015555280403693,-0.27849845353367403
TEST_09393,2.4062644930007893,-0.9064874560758165,-0.4839550347649948
TEST_09394,3.3592915968738573,-0.44784387623909366,0.0898296437625932
TEST_09395,1.2678361707079822,-0.39986018200706114,-0.26395324238856127
TEST_09396,2.6993586118943758,-0.08756876021708467,0.26788292483028997
TEST_09397,1.3752581956926542,-0.030564559074929432,-0.00014997704848775106
TEST_09398,2.3719754449209605,0.7244825527074474,-0.01866873757102776
TEST_09399,3.5609928855512725,1.779103636836481,-0.4176337464781302
TEST_09400,1.668388979129432,0.282648309313803,0.47085546117985155
TEST_09401,3.375794154699795,0.5291349844591744,-0.760781097742712
TEST_09402,3.197556450471481,-0.9458717689515314,0.2718111947196912
TEST_09403,1.694509363451611,0.4535893146311577,0.23141872407725858
TEST_09404,3.2395029441079126,-0.4122072132578576,-0.1317270723528238
TEST_09405,1.2647636626927619,0.64752327225162,-0.15398460361514854
TEST_09406,4.9219461108964735,0.5719517780210347,-0.8170369869885193
TEST_09407,3.5766136909301336,1.1573115016508986,-0.21915510652122905
TEST_09408,1.8172556003568061,-0.6272609583402659,-0.573398240492725
TEST_09409,1.4707376538718513,0.6540578501258106,-0.09281435130256356
TEST_09410,2.282680455947786,0.7070215869246502,0.451286387235288
TEST_09411,2.4075315086116444,-0.09347954925728179,0.22950731397750362
TEST_09412,4.953701066383653,-1.1141819294493196,-0.28960881366081404
TEST_09413,3.041906584629153,0.6507756527873353,0.08111639449143042
TEST_09414,1.7257848599276089,-0.8336340923230484,-0.36002063094542436
TEST_09415,2.680270986541393,0.18309915903572957,-0.16059893537466885
TEST_09416,2.6065669566226597,0.05858970148837993,0.9542049012206748
TEST_09417,3.838238116431057,2.322134539257403,0.6014404510257191
TEST_09418,4.425022907510585,-0.04998184830359028,1.4523912577444675
TEST_09419,3.1379016794491106,-1.366530002705595,-0.17754474708154272
TEST_09420,1.7606250622845143,-0.7100993538289598,0.36835245219240154
TEST_09421,2.089806978783737,-0.4423446736674173,-0.33045197413663646
TEST_09422,1.4563091948986202,-0.5234575194367235,0.42545058461316265
TEST_09423,3.9018990988882543,-0.3015682245622785,0.46975838925028723
TEST_09424,1.3554579295995173,0.07723486485040204,0.3479993468297488
TEST_09425,3.6048825173186803,0.8061627776375251,0.5491207842133844
TEST_09426,1.8954129340221828,0.2194290830990264,-0.7992697039318059
TEST_09427,3.3243089877324765,-0.6003344665416759,0.1888504474245039
TEST_09428,2.5926299537297655,-0.33223777550771616,0.034210771425838254
TEST_09429,4.123528701526436,-1.0784967836677881,0.21863780359546517
TEST_09430,3.372975184835332,0.7443004701065121,0.6741457079998225
TEST_09431,1.72754368060107,0.6389817092450744,0.18507484099319457
TEST_09432,2.6634609903627844,-0.9242179623594089,1.17005127696936
TEST_09433,2.5845355459185524,0.04791380700449576,-0.002518883468251813
TEST_09434,1.914296008845359,-0.41515801187177837,0.18333470867102608
TEST_09435,1.3967112303024862,0.2592106681948358,-0.434863922166755
TEST_09436,4.503592557481495,1.9018586438991159,-0.003309669603309769
TEST_09437,3.418382890656724,-1.487978428712329,-0.7017992664157627
TEST_09438,1.3010338096467553,0.0129471425368262,-0.45014979926628373
TEST_09439,5.921231295908097,-1.6965147253689994,-0.10984203678687478
TEST_09440,2.489530898599722,-0.6742136242892856,0.039403942528540195
TEST_09441,3.1733219678903604,-1.181938815740481,-1.0314093710929362
TEST_09442,0.4618082143847855,0.3659030421511081,-0.20457886177380635
TEST_09443,2.5254010426231774,-1.5928609320457014,0.9141932407658351
TEST_09444,2.004808875229317,0.04022709969980736,-0.09679424323907353
TEST_09445,2.7778124126402775,-0.30250799498651965,-0.07577435546059275
TEST_09446,4.358977956742197,-1.2709192935047775,-0.43523987532493214
TEST_09447,4.953994443369976,-0.665718882064024,0.8175062186720643
TEST_09448,2.656281828240158,-1.3507847707818577,-0.09885954832189818
TEST_09449,2.4360016798932334,0.08244427669558381,0.24327229121714092
TEST_09450,3.134711662645677,0.6451180003542543,0.8230481806330476
TEST_09451,1.4193337370087848,-0.2259090949018975,-0.26501443367790073
TEST_09452,3.2115160358486556,0.9894534077100333,-0.2323956207385746
TEST_09453,1.0937969125893305,-0.042246837683935355,0.2963574517019641
TEST_09454,1.5181880587189855,0.5200387674210932,-0.09817719355411789
TEST_09455,2.3026362285265076,0.6634069719926227,-0.5663689697316785
TEST_09456,3.1840064486085753,0.21419104000722308,-0.06134759276476027
TEST_09457,3.1862092527684482,-0.15046332180491556,0.5974080544136232
TEST_09458,5.5395083362527915,0.34137423504762854,-1.1606639756074226
TEST_09459,1.341830993624194,0.5793071425207843,-0.41314224108463543
TEST_09460,2.7167585546055286,0.5091195952795784,0.25272575020342497
TEST_09461,2.419769526031452,-0.4857892567715551,-0.3856512654172024
TEST_09462,1.9267628230825373,-0.23583185469918636,-0.19327105985965817
TEST_09463,1.9369904669707325,0.5479926829210299,-0.25779029138199067
TEST_09464,2.8339795704182786,0.13274502862788412,0.18399225070123199
TEST_09465,3.077847992795392,-0.5415897110188286,1.6293898864952954
TEST_09466,2.525467868717912,0.4434484955884626,-0.12524459135096802
TEST_09467,1.1613660895284972,0.2268610353519014,0.12564380562864222
TEST_09468,3.4306149770344025,1.3341360174528476,-1.1419548319212387
TEST_09469,3.666770962774291,0.5452363573616932,0.5027503713594001
TEST_09470,2.776236023504407,1.5319945930097334,0.12333317557708566
TEST_09471,1.0701151605308403,-0.3691575366329597,0.02570087397523603
TEST_09472,3.350825352503841,1.438571376403322,0.16921024935910295
TEST_09473,2.6135994729525716,-1.4292499556746343,-0.32671728723158977
TEST_09474,3.61247655972388,-0.4928116610794874,-0.13908886500117285
TEST_09475,1.7130727519564413,-0.051105826828092886,0.29594956047037446
TEST_09476,1.8368939291260156,0.6762130471507682,0.04254700729343887
TEST_09477,3.782394245508706,-0.38530143909008646,0.4329238636368723
TEST_09478,2.78642450167712,-0.03557367763075137,-0.5070213368545547
TEST_09479,5.155932126461387,-0.5023345445607146,1.430129764634589
TEST_09480,4.000784659818795,0.22120733671258214,-1.4147338793880715
TEST_09481,4.775171272770369,1.7741210344390888,-0.5688561176205021
TEST_09482,1.3178917612338341,0.07197528113807941,-0.3339057818181888
TEST_09483,3.983086660034849,-2.2444919964204257,0.6034706168086419
TEST_09484,3.3227507145601893,-0.15494377827891984,1.0802949955345365
TEST_09485,2.0845659425217127,0.16309393528599386,0.37154481088634167
TEST_09486,4.767152186624634,-0.44812389716591566,-0.3983478130426518
TEST_09487,2.8173672525875277,0.854114363169366,-0.4379306409645168
TEST_09488,4.960486595690779,-1.2829275546750096,0.5573216089572581
TEST_09489,3.464819992925462,0.027267009989608057,-0.1670197821347233
TEST_09490,2.3852501106742996,0.16197329197767765,-0.2206060490946582
TEST_09491,3.3521853109616715,-0.2301807789036006,-0.13761479096945323
TEST_09492,1.3014230738764254,0.39617930679404056,-0.0016471177241640287
TEST_09493,1.1030595439933089,-0.1260340520335784,-0.06579161074548823
TEST_09494,1.6520651507779824,0.9744968557394146,0.6713800636166003
TEST_09495,1.710229847615896,-0.5158290082795526,0.02136382866938163
TEST_09496,2.367716154034655,0.9380017072753178,0.4107709607403638
TEST_09497,4.05733840581077,1.531742686788806,1.2894326549984074
TEST_09498,3.8215434069246,-1.2232740087490686,0.7131043803889161
TEST_09499,2.9799155636966757,-0.04294303173331454,-0.884081102552109
TEST_09500,1.7032737801716038,-0.033726137219444646,0.20575620907471745
TEST_09501,3.088248446272302,-0.5413594140317763,-0.15548141151768122
TEST_09502,1.789405503258363,0.26915022977458697,-0.32903571344094584
TEST_09503,3.8729189499241077,0.3191312342820853,0.47713144270768565
TEST_09504,3.0398814708425226,-0.6880014586946764,-0.6545177369282028
TEST_09505,4.157596210704014,-1.1247183197927666,1.9770147031872862
TEST_09506,3.1698188112189323,0.3984498928538739,-0.8445025826700878
TEST_09507,2.2272690033974616,0.48554338320635354,0.4385545268856666
TEST_09508,3.0674513432833543,-0.1630575948646034,0.49070611103670897
TEST_09509,2.1358325186305924,-0.25179948402749197,-0.3207500947291116
TEST_09510,2.7346627249716176,-0.8653267323757329,-0.43321546444067477
TEST_09511,2.039865494897766,-0.4392150635101638,0.13527042591248362
TEST_09512,2.1055647440152407,-0.7939135239760648,0.8043295488012919
TEST_09513,2.2431327372109147,0.0946094113441601,0.3191448833998218
TEST_09514,2.4241764482807886,-0.10318683745417943,0.1026124973468177
TEST_09515,0.9550602109656532,0.08635564378789672,0.22799927801722503
TEST_09516,4.778604510317001,-0.7214146533083402,0.7671750643061516
TEST_09517,2.108983141981541,0.5961824966989824,0.5929089764943124
TEST_09518,2.2055078802054306,-0.3363510063931999,-0.5353181227733645
TEST_09519,4.465899601348569,-0.43046426271222127,0.8481973603862125
TEST_09520,1.445186723001425,-0.861610225706796,-0.3517027654655561
TEST_09521,3.3920983675707554,1.4360410856381547,-0.8760122087844573
TEST_09522,3.9777065812618053,-1.4357070899195759,-0.018286866112865497
TEST_09523,1.8406351100000984,-2.1435643900341472,-0.28710017224780293
TEST_09524,3.1408388021744167,-0.5195911262655304,-0.9904050403277922
TEST_09525,1.8993981771633621,-0.007540630637862612,-0.3798447367208425
TEST_09526,3.331652217976646,-0.5829452219766869,0.2950908175390225
TEST_09527,4.819847428550166,1.645339585935519,-1.0165467230600111
TEST_09528,2.025542911145458,-0.4772916732877671,0.6173622381195764
TEST_09529,3.0786423385965147,0.0462141198386539,0.23882181284370096
TEST_09530,2.9859442224795947,-0.23001752322152338,0.17286548801016938
TEST_09531,1.0508212218267496,0.01044373915763347,0.16841218480853246
TEST_09532,2.232668607237383,-1.1296534203891744,-0.6422877734269196
TEST_09533,2.272111607050924,-0.1301113800832264,-0.08331606664370839
TEST_09534,3.0478586216317467,1.1574991879383456,1.199942464735437
TEST_09535,2.0641273789039483,-0.024172223262401336,0.2075215380207162
TEST_09536,1.7853050840577405,-0.9947607795979173,-1.00920519532145
TEST_09537,3.1814874949888594,0.9124384858931474,-0.3544265618836262
TEST_09538,4.732852764943349,-0.6915433105109231,1.0964887570023472
TEST_09539,2.9217740478605587,0.18438572200208697,-0.0467477914390312
TEST_09540,2.7059869469059517,0.25894647300776863,-0.006361861267032363
TEST_09541,3.3718048482778507,-0.6119785986901397,1.0397726740959812
TEST_09542,1.1322983698667588,0.2890154259422222,-0.24486956527105344
TEST_09543,2.1206477943862163,-0.3391365416059945,0.34126509289218526
TEST_09544,2.2049402726883445,-0.17227293782113257,0.3484898483153619
TEST_09545,4.694676093978772,1.3048228007588518,1.5112792735055263
TEST_09546,3.2082253606040743,-0.43635486381152677,-0.5047093912088332
TEST_09547,1.3266739770994764,0.12801268033710667,-0.23569322428437964
TEST_09548,3.0188448745843206,-1.360973242604736,0.5599230405548105
TEST_09549,1.690698400656667,-0.24598110503432244,-0.5855031452996737
TEST_09550,2.7339518919023575,-0.600663660080588,-0.6968339529373312
TEST_09551,3.00971468510662,-0.4313006048336083,0.35037375897995177
TEST_09552,1.983688961636944,0.6552702321101411,0.8046350480784109
TEST_09553,2.845044554323531,-0.8366552073381363,0.5863949608928288
TEST_09554,1.3012691338178215,0.18290325140523528,0.09305503784602134
TEST_09555,2.015036835102901,0.16264592442825343,0.008410966030268285
TEST_09556,3.809296002664326,0.08974733982310736,0.4850752793274957
TEST_09557,1.1657527914047545,-0.4594271204112725,0.07104301640641152
TEST_09558,1.7204783076585344,0.7768186424341111,-0.15359532396530703
TEST_09559,3.6187732289841366,-1.348180812057118,2.0839238730876564
TEST_09560,2.9896076318149367,-1.5225875425351616,0.7140616761507153
TEST_09561,2.2177326977942218,-0.2746033817617064,0.6223793816106967
TEST_09562,1.5910454390255824,-1.128755789544486,0.5899650341722253
TEST_09563,2.375341120671389,0.09096091432600331,-0.28553049910016237
TEST_09564,1.6603476167673625,-0.04371506925121937,0.3164606000657321
TEST_09565,2.15028117132091,-0.11263974569798146,-0.12444606972256687
TEST_09566,1.5113699084269467,-0.2808097904030971,0.2905718741269045
TEST_09567,4.799558688032576,0.32108548326338854,0.14852955564131498
TEST_09568,2.7511049096606377,1.776286863799715,-0.5119325751187247
TEST_09569,1.8378133664557557,-0.4128635986223044,0.2885936928965073
TEST_09570,1.7973683575198096,-0.2369509960755462,0.1012455276320137
TEST_09571,2.007512958896233,-0.5284888190290343,-0.24647565961282272
TEST_09572,2.4151647524330175,1.000819525183268,0.2908616458991522
TEST_09573,1.8217393660527068,0.2577624195376063,0.4255283839615713
TEST_09574,2.719862034766094,1.1930839086805425,0.8480461750170563
TEST_09575,3.114941821214353,-0.16680295818097474,-0.830597206764522
TEST_09576,2.42975002953262,-1.258015497500755,0.15912929884112678
TEST_09577,1.9067567028324124,-0.09917515234749026,0.06666197191520876
TEST_09578,3.8997490716803784,0.507963551739129,-0.8183994720559202
TEST_09579,1.3772206878122846,0.9081221656220834,-0.33752352849724
TEST_09580,2.062892218528701,0.09720069657401034,-0.5144301283877433
TEST_09581,2.0380318917704052,-0.6174983103219407,-0.7192478280044046
TEST_09582,1.6196019565430373,0.022902360637881147,-0.3075875491879886
TEST_09583,3.0901325055748177,-0.9347806120587698,0.8494353995075893
TEST_09584,2.8750264922319593,0.40700634762111393,-0.4630240454535499
TEST_09585,4.429156180679136,0.9236286617416313,0.48331121820099804
TEST_09586,1.6981200830091583,0.48441688067083033,-0.14697738382930606
TEST_09587,3.0613406229613496,0.5414594022719688,0.5945685381746908
TEST_09588,2.5693090842844275,-0.6194042890224851,0.4107150372072282
TEST_09589,4.034929188291139,1.4901140376206083,0.2964490519162136
TEST_09590,3.0584317157724383,0.18024807517327485,0.813265892680691
TEST_09591,2.787754691258292,0.2992679051803372,-0.35939227570739696
TEST_09592,3.663738327312649,1.668987279509833,1.912720951500675
TEST_09593,3.253981098391789,0.3394989294814622,0.714569365427358
TEST_09594,3.5924254375014946,-0.7596060840043385,0.5642329696850494
TEST_09595,2.1365899135602637,-0.23243208516355107,-0.8405932339565902
TEST_09596,3.7604344403956023,-0.4433530864640985,-0.45362939413006004
TEST_09597,3.2202745989483654,2.3096511760416054,0.6255650329935257
TEST_09598,2.15561440356055,1.031307475725215,-0.06060976766898768
TEST_09599,3.574120050872677,0.8098819532925542,2.0029666985908006
TEST_09600,3.567094125300983,0.1008332256955763,1.2674683508482034
TEST_09601,1.005803156835735,0.2960345623780444,-0.199588115506349
TEST_09602,1.727768467203133,0.6411165478315524,0.4443485130636745
TEST_09603,2.292117454225092,2.0084352763225533,-0.11893788199451448
TEST_09604,2.9135744832008865,0.08504087305394956,-0.13950435666400957
TEST_09605,1.509829299740164,0.20897406190505155,-0.3403144010887765
TEST_09606,2.1505506510210224,-0.15647176795999412,0.19838065677512084
TEST_09607,4.017335936451233,-0.1123730470785376,0.9394681475297235
TEST_09608,4.8598622941746354,-0.5493747544929913,0.12974118104773685
TEST_09609,3.6634262616094793,0.1088335477737403,0.1661309093288255
TEST_09610,2.6223513384143824,0.018720349682038718,0.7041976081624202
TEST_09611,2.2703252759526884,-0.1489475609278947,-0.4688763364262942
TEST_09612,3.515873840954051,-0.7712740219467928,0.3715355664565502
TEST_09613,1.01717431109449,-0.40849548677063163,0.19972281024995064
TEST_09614,2.9336789900422517,-0.8597684778755244,0.12689062011473806
TEST_09615,3.6550246502818364,0.08949608240907013,0.6049223978738097
TEST_09616,2.6810281224936117,-0.34867979630762286,-0.30328215796410546
TEST_09617,3.9480661513592077,1.2271769702625048,1.25463143108368
TEST_09618,1.3727626446836139,0.3207471015437827,0.3709557180269607
TEST_09619,1.605545545895186,-0.4622547755041509,-0.5441653399306662
TEST_09620,2.0197641825615644,-0.20024349128866856,-0.020464487633418866
TEST_09621,3.5321452330786665,-0.0020468436945602518,0.017962418417325317
TEST_09622,1.7806658762628984,0.09262812643817765,0.4168113971764361
TEST_09623,2.1189067541262316,-0.3395427208524708,0.6560109309398205
TEST_09624,3.4557162196742817,-0.23922831644294393,-0.17022832157146997
TEST_09625,4.807325345190541,1.0199074153162955,0.6010389627014495
TEST_09626,2.669338944168574,-0.3282261081281614,-0.6243804056351324
TEST_09627,1.977549995959847,0.33026326602549333,0.6071220563597973
TEST_09628,1.8048711953502692,-0.10220597689079028,0.2553370436571249
TEST_09629,2.035384098756876,-0.37433910501105755,-0.7623679294875098
TEST_09630,3.8305956254712417,0.8191902650768218,-0.12062976896298502
TEST_09631,2.6345483678510337,0.16492579280904884,-0.06922099716165402
TEST_09632,3.2059422345813,-1.1865430290529813,-0.5820639884990529
TEST_09633,1.6903388825011056,-0.11702394465246041,-0.47718262230873143
TEST_09634,1.9305517036643747,0.1556678365467104,-0.358312734277812
TEST_09635,0.8161058848339334,0.27601730756677,-0.1289580363908995
TEST_09636,2.3763338498849604,1.0982982464806323,-0.6634949909791776
TEST_09637,3.3756105345619094,0.3923946322854435,0.7043596030382636
TEST_09638,3.624060195242876,-0.12658585442221867,0.3912301165837478
TEST_09639,1.9869644726912261,0.8583004908582123,0.5888881893004145
TEST_09640,1.9708950745380103,-1.2609172947556615,0.034059454662998645
TEST_09641,4.224125666351008,1.0806132359488645,0.8911437430041917
TEST_09642,1.8157379971191805,-0.3866461608229526,-0.739931951303943
TEST_09643,0.9840388658443011,-1.007993296963321,-0.1640256027583087
TEST_09644,2.299294954567749,0.9472329768773703,0.5203213295764528
TEST_09645,1.769674204495103,-0.9365891068824135,0.32995870289639856
TEST_09646,3.645097123140414,0.009140091184553958,-0.26468380775092226
TEST_09647,3.607709996291984,1.1801950858510324,-0.3954925090380494
TEST_09648,1.2897792476660936,-0.9125451221154361,0.3850818183580719
TEST_09649,3.774449761209588,0.0047710661605250716,-0.06156635246944499
TEST_09650,2.1470458512092088,0.056009341304575445,0.5075690998853823
TEST_09651,2.226041672129299,-0.05257858469240308,0.061003537852457566
TEST_09652,5.108780044618767,-0.43349618247592564,1.163229654806067
TEST_09653,2.314227717628099,0.27776712330833264,-0.3999684710797702
TEST_09654,3.3911789273941766,1.787784323595872,0.18752293672330858
TEST_09655,3.027514180621016,-0.22276134217191104,0.4103539191664979
TEST_09656,2.1229957308956515,-0.3190285657035047,-0.8056945915925937
TEST_09657,1.862852389779512,0.3972429718177583,-0.33957506764924444
TEST_09658,2.4244419828578643,-1.5720343563389536,-0.7853638816183047
TEST_09659,3.606485096549786,0.4715851215907279,0.3157054867412007
TEST_09660,2.4278235782969357,-0.20581102129224121,0.01824415249299291
TEST_09661,3.3152050869092355,-0.30402970719786854,-0.03175074226137066
TEST_09662,2.0609241198563852,0.1463035190427277,0.2954349397117131
TEST_09663,3.0156418193347414,-0.5216894115871501,0.3000133658433472
TEST_09664,3.819951876255685,0.0013011127375004276,0.19112079807351237
TEST_09665,1.7103491698753803,0.3951835482196543,1.0396528654331654
TEST_09666,2.4925611150025255,0.1876094936388661,-1.2669785179043864
TEST_09667,4.288873969519279,-0.4248216105207907,0.15866170124763274
TEST_09668,2.7596136652932755,-0.6420125804957514,0.4715687502483158
TEST_09669,5.0612553528518065,0.933899592321145,0.0156753910508899
TEST_09670,1.0429401216761804,-0.3761401844289178,-0.046078674206291616
TEST_09671,1.3478404352273385,-0.14301630889447742,-0.02973212581802103
TEST_09672,2.515436359757044,1.5093834657862286,1.209130564704572
TEST_09673,3.4058158817604776,-0.42510929171816364,-1.1680998608481012
TEST_09674,1.835473084426808,0.17384770694408935,-0.26442540995655667
TEST_09675,2.3787387425960342,-0.6578384931600393,-0.6311187955758656
TEST_09676,1.5580986446898155,-0.7886410481612598,-0.15175210005883502
TEST_09677,1.3499542313687813,0.29496143983584194,0.17183718115246668
TEST_09678,3.4486457006215265,0.7948546385686686,-0.9199797154480597
TEST_09679,2.370067425158149,0.6483368026537778,-0.23051880721182705
TEST_09680,4.449681235747139,-1.8928930424851709,-0.23066642560614087
TEST_09681,4.609102955854073,0.37435108040021586,-0.1894061768384987
TEST_09682,2.5961094228221975,0.7387823274109523,1.3218815935573744
TEST_09683,1.4000043809419769,0.40381556622521075,-0.43125433156259874
TEST_09684,3.720294712914187,0.9707318804490768,0.2463038853680604
TEST_09685,0.8762384085476851,0.11948177057909425,-0.17690030059672676
TEST_09686,3.403203193063805,0.949078111961841,0.36073168916925347
TEST_09687,3.5005380650823588,1.091912742016978,0.477327711715188
TEST_09688,5.359199443860191,-1.1938402631242848,0.6466104495275541
TEST_09689,3.8079522750703236,-0.14003369737774365,0.34433895597284503
TEST_09690,2.108605695528659,0.5093055635811223,-0.3327217816046063
TEST_09691,3.3575735825331487,-0.34869610855856503,-0.3782707441714006
TEST_09692,1.2396316043464117,-0.1816039081248223,0.14706234728734574
TEST_09693,3.253622864630741,0.6232311808558642,-0.5514583588975481
TEST_09694,1.1233557138546322,-0.5640160155105999,-0.27360478042147884
TEST_09695,1.9970579185150517,-0.08056439753328411,0.4870212562560477
TEST_09696,3.0316563572235316,1.1316174046599312,1.900484315659883
TEST_09697,2.9986057374521047,0.3622626616385313,0.06476132940324807
TEST_09698,1.7883176899573083,1.4197153258028499,-0.35864554091343387
TEST_09699,4.693787114840278,1.439266064005936,0.5864613306559375
TEST_09700,1.9572195546048738,0.5224055284870133,0.5209535717002172
TEST_09701,3.015443907908706,-0.07647548405086353,-0.1822763221800431
TEST_09702,1.7132033635559427,-0.5046127538709622,-0.12580406274923558
TEST_09703,3.0104562559320738,0.7658670081384015,-0.2224946892201347
TEST_09704,3.4864339503351647,0.3215542201243185,1.0481672662199844
TEST_09705,5.6488550238098565,1.0134041321247358,-0.3747278931689472
TEST_09706,2.8746032953327862,-0.6052544747279851,0.4802527734443104
TEST_09707,3.605990772480456,0.07289446094125715,0.40523325474360966
TEST_09708,1.5256543166936933,0.6587749248130274,-0.44744398827823556
TEST_09709,2.4594520152227046,-1.277848807033473,0.06856495541414122
TEST_09710,2.949932883382009,0.05003276677268359,0.9292182975682911
TEST_09711,3.0771716924835504,-1.0086777241300529,-0.7070092869986238
TEST_09712,1.8212722162892891,0.39807661260350474,0.16582935850781785
TEST_09713,1.7703540912436935,0.18160722265100757,0.2417529054806068
TEST_09714,2.603964039154589,-0.16397187971322186,0.10281022002182516
TEST_09715,2.2876352109219544,-1.1667599037587644,-1.0071758031528477
TEST_09716,3.4436477827769556,1.5961452458427692,0.053407398539524566
TEST_09717,3.2436782082102074,-0.7120623576871181,-0.36338294413109956
TEST_09718,1.5915837389427632,0.9080532678964418,-0.16373481179879973
TEST_09719,2.820614678558788,-1.3579690134657478,1.182104677841757
TEST_09720,2.831504217096325,-1.7934803506819832,-0.8650323806572171
TEST_09721,4.123674477755273,1.09016173846375,0.5233969393701388
TEST_09722,2.6981417590852113,-0.4972602695114411,1.5383001687755213
TEST_09723,4.248689676439911,-1.3049565664143308,0.5634924088194414
TEST_09724,2.4368868682686866,-0.019895579170186427,-0.17683616789340942
TEST_09725,1.331913360292398,-0.3107096979854813,0.18163217111641064
TEST_09726,1.8121807882134504,-0.8708686655908744,-0.34203360250547005
TEST_09727,1.927833908383375,-0.43702994917471594,0.2535627992052996
TEST_09728,6.240904403473079,1.8688383637931965,-0.9010032663706644
TEST_09729,1.5354808337537496,0.2997313823801293,0.16361312317174115
TEST_09730,3.1409732898256695,-0.3404359610204973,-0.7257870413227105
TEST_09731,4.267572570197212,-0.2162755215145188,-0.6266650078393945
TEST_09732,2.3127797469068168,0.8341107831633852,-0.4777278560770449
TEST_09733,0.8506244360434024,-0.05301051170644813,0.023536661601126514
TEST_09734,2.6299270570995925,0.38034719139194767,1.5377313886421078
TEST_09735,2.0294045339655886,0.6398931763224608,0.43566333623300224
TEST_09736,2.1391205968496725,0.0065158014981307,1.2940784775093737
TEST_09737,3.3823238017903123,-0.9697679116668406,0.0471462274784465
TEST_09738,3.251433545593763,0.5435454132604305,1.3453139038395545
TEST_09739,1.9365245641233548,0.6020691676683425,-0.023088258461857282
TEST_09740,1.473014701377317,0.06843989377793179,0.2624520521100538
TEST_09741,2.349796651180902,0.11171041444380005,0.30736131377394993
TEST_09742,1.3019278558459184,-0.4208971383626086,0.24669578601264883
TEST_09743,1.7900626592067284,0.6676366140519971,-0.2457661000370934
TEST_09744,3.9236789082426786,0.04945330065125796,0.343012904740985
TEST_09745,2.8632398373820847,-1.640997207626637,-0.8021615982400037
TEST_09746,3.371398560282573,0.5622114724848918,-0.7425936820612427
TEST_09747,3.490284349842113,0.3275216097583184,0.03143511613735726
TEST_09748,2.6908501162313345,0.13805589344751076,0.7170676288320154
TEST_09749,4.503701257636436,0.3933327452963692,0.7159621291299371
TEST_09750,4.861815799332616,-0.2571266808855073,-0.3932820754921644
TEST_09751,1.5244934484738242,-0.14519294885002973,0.02405728337810427
TEST_09752,3.231427887246396,-0.8385448957998853,-1.108589687879396
TEST_09753,2.326127967446601,-0.28389419104419694,0.19707449376089134
TEST_09754,1.9679450835683316,-0.2999309380369926,0.30572041412514755
TEST_09755,1.0707956077791314,0.15890510314802583,-0.04874500360294696
TEST_09756,2.469991132220884,-0.0470158155023899,0.2100920431705339
TEST_09757,1.5170153421958346,0.7026722705157923,0.42227344920918997
TEST_09758,1.9610395117179114,-0.7677492349968525,0.8984330818439153
TEST_09759,3.1018085631563106,1.8471195970145593,-0.27783315724477664
TEST_09760,4.250167292579287,-1.8376205793073659,0.28504977272569193
TEST_09761,4.789311314748379,-0.22264384935973355,0.5175929551859042
TEST_09762,1.7766215172264817,0.11568565644508468,0.6682247159994908
TEST_09763,1.3369883769716928,1.0783648128467334,0.5911231799939062
TEST_09764,1.5164588406518331,-0.005226340337972488,0.23992484461732808
TEST_09765,1.9913456086331565,-0.29655610853787573,-0.21026815384800757
TEST_09766,1.4819287736049251,0.30503539795793566,-0.07413876682409104
TEST_09767,4.423138755227025,1.0465762709749875,-0.8310508117937853
TEST_09768,1.49837288329639,-0.3624350878044279,0.34700226397957534
TEST_09769,2.998476002843854,0.1457194924516266,0.3301918987771045
TEST_09770,1.9783451595154773,0.26376410162737535,-0.5931398991396278
TEST_09771,3.5945177662511134,-0.41055118441547755,-0.05864957578315075
TEST_09772,2.9918455690599157,0.48564741149851504,1.150828668228786
TEST_09773,1.3012874827321368,0.03231335934166298,0.1371562975828244
TEST_09774,1.6313840743858286,-0.07295810809564295,0.5133275017485867
TEST_09775,3.1417456488313578,0.3124927179136947,0.6787369123093505
TEST_09776,2.2002796600705308,0.5483971034731736,1.113494893362193
TEST_09777,2.014725782668624,0.5606007955760887,-0.26166644159412245
TEST_09778,4.847869275529984,-0.8574328191073164,0.29703993627279074
TEST_09779,2.619386725136957,-0.6386994908790492,-0.6161542757865555
TEST_09780,2.4615557782440862,0.4103854151209774,-0.29302703309796224
TEST_09781,3.2299399842677543,-0.2846815189811261,0.4317731403834926
TEST_09782,1.4868189970608086,0.3306240032032163,0.36496325189053574
TEST_09783,3.0751375859468193,-0.5153608416174079,-0.8293108260502858
TEST_09784,3.8569269212685002,-0.06708906216358874,0.9130811525890761
TEST_09785,4.282718620367335,0.5481612750065274,0.5957388708624791
TEST_09786,2.3721054523203464,-0.4538542662810229,0.9127154218604315
TEST_09787,4.24669865020589,0.5557674637305656,0.06957215328787929
TEST_09788,2.022429533886773,-0.19680289594917344,-0.26590514771074525
TEST_09789,4.391778421592128,-0.7697145517838928,-0.023319206324815316
TEST_09790,1.1395510465758867,-0.06609037232638051,0.3492368051488166
TEST_09791,2.352035702473995,-0.050041937870122094,-0.04991380085527638
TEST_09792,2.3793372120233607,-1.4677475147866397,-0.2718637514877275
TEST_09793,3.0535659424351986,-1.5507848806849096,1.1255354307949894
TEST_09794,2.968334464945092,0.1993993681889848,0.6213691440801512
TEST_09795,1.9146330039660624,-1.1183058058780475,0.25190769021494325
TEST_09796,1.8769102098862138,0.26764515866599936,-0.2664329104179165
TEST_09797,2.10939734082721,-0.3047601599347289,0.4948794576572718
TEST_09798,2.246618375115095,0.28013874440949427,0.788044878017002
TEST_09799,5.472156799203956,1.1440103218651807,2.075859897133002
TEST_09800,4.3488727636728015,0.6079069426313669,0.5304684048649424
TEST_09801,2.020395212883768,-0.943810538318957,-0.3642148176792637
TEST_09802,3.993461255231709,0.04762319283733153,0.40818354733338275
TEST_09803,1.2596766858233712,-1.4943422092423837,0.17280012675391335
TEST_09804,2.2270394911389637,0.17689568519900514,-0.02130632594774308
TEST_09805,2.813550379038263,0.7758623055157746,-0.5347552283670634
TEST_09806,3.47452489537296,0.9600243491200479,0.8900066958114587
TEST_09807,3.300581887161961,-1.0284488510574041,0.573831953179669
TEST_09808,5.411717713018491,0.10856858270650269,0.8221461032327434
TEST_09809,2.15758203925226,0.648396999884364,0.16270728293112038
TEST_09810,3.2397998299199444,0.18579709700887737,0.9006998113559691
TEST_09811,1.1045664956628667,0.46080470741081375,0.03908175117492079
TEST_09812,3.3303587583022187,-1.659269664507849,-0.213373836635751
TEST_09813,2.817316197034631,-0.3325522494929919,-0.16483372456143114
TEST_09814,2.665578313846313,0.9664965537452873,1.3687774697906714
TEST_09815,2.278340800063822,-0.19052760304714167,0.12914345477042283
TEST_09816,2.556630050936149,0.16916156539885766,0.877701925061907
TEST_09817,3.1569215605784455,-1.6626494335394117,0.4608649231338508
TEST_09818,3.7386505827685164,-0.1455874843069996,-0.8938324286398163
TEST_09819,4.047986062255138,-0.11674942318429998,-0.11078114482214349
TEST_09820,2.4055780936694524,-0.275897520034214,-0.3450532530445094
TEST_09821,2.2044304116380182,0.31572628000511416,0.7084422406515561
TEST_09822,1.4608631555767095,0.4514900574344135,0.5055567594321387
TEST_09823,1.8931099522547548,-0.5059836214150214,0.7254562776016965
TEST_09824,3.9327460214190477,-0.4782506748740634,0.388542624335951
TEST_09825,5.288757024431882,-0.8368518470566125,-0.05101731388601567
TEST_09826,3.4771796745859116,0.32486253269137433,0.638973549411437
TEST_09827,2.6647746809469077,-0.6667013647450281,-0.31736198304648283
TEST_09828,3.7138093126794804,-0.2290703576420621,-0.5057703204243799
TEST_09829,1.0119973925040877,0.25490932871097327,0.6639125952681183
TEST_09830,2.8226967760937933,1.2942703608128379,1.142846755835952
TEST_09831,2.908388841550874,0.771414989804686,-0.5288517321688957
TEST_09832,2.8523422370514493,1.217177833556143,0.8246050343060838
TEST_09833,3.5597801062222367,-2.1137461862973326,-0.3528663820306967
TEST_09834,2.854065691358371,-0.1122754657700735,0.658608105573062
TEST_09835,1.732645815235648,-0.6340310660455478,0.4513745722885606
TEST_09836,4.0131595687088115,-0.6081258532005814,1.1989407754725467
TEST_09837,2.651606512947555,-1.2663278351063632,-0.19433483220969147
TEST_09838,2.8920455202846114,0.3412107680791667,1.2184466717627844
TEST_09839,4.011681981428508,-0.7607871330003848,-0.8988634783869796
TEST_09840,4.123947122709274,0.3430223759345698,1.6032936911335611
TEST_09841,1.9008875122974782,0.5857401499485094,0.17139608876455026
TEST_09842,3.7498954400356035,-1.1493953655491855,-0.3689753120206926
TEST_09843,1.4952758358677924,-0.3979697527914815,-0.0689632884057247
TEST_09844,3.0292521934995613,-0.5435442630842396,0.867811552040338
TEST_09845,2.3770383021425765,-0.10102384791441307,0.19956759025483004
TEST_09846,4.296479132873326,-0.7215103156673586,0.07075108126450431
TEST_09847,2.686129047465706,-0.8888684430294923,-0.44494330988166253
TEST_09848,4.461205920409656,1.4080783959672192,0.12296739631951509
TEST_09849,2.1114427920207515,0.5460720523147604,-0.12595114050613265
TEST_09850,3.18492264730523,-0.49116164057485184,-0.5202510249002555
TEST_09851,2.5861711334329054,-0.030839413331668813,-0.18767471754240586
TEST_09852,4.848360569459959,0.9280606461965124,1.2525884658584991
TEST_09853,1.5051485956180422,0.08064913550159042,0.13615607574617725
TEST_09854,3.040903310272558,1.043145289537538,-0.8446806342878066
TEST_09855,1.9520034171293623,0.8636259863972117,-0.40232035253834375
TEST_09856,2.4283585878919323,-1.048498949395024,1.2592489538086735
TEST_09857,3.869460397286258,-0.8930126490749505,-0.5631889444038871
TEST_09858,1.6861995636461535,0.7276177803092876,-0.16959834829063544
TEST_09859,1.990128703007361,-1.0031100161086415,0.4415636312444659
TEST_09860,2.60157256241542,-0.657101729306259,-0.2852281309395071
TEST_09861,3.37549549457909,-0.23927247643746916,-0.5989914770556759
TEST_09862,1.479357234406811,0.2698032962576965,0.2834234635577576
TEST_09863,3.618748481618341,-0.4927504128277809,-0.06561849658919867
TEST_09864,1.6808692454712246,0.39757237713248433,-0.6348325924052471
TEST_09865,2.9702709177747657,1.5785057055876834,0.5947333613210605
TEST_09866,1.6327309836550248,-0.721762500817002,-0.3571400715493222
TEST_09867,1.84155792457496,-0.4911580725423366,0.050933819739581374
TEST_09868,3.3783531831446068,1.0359616375553355,0.05451285892053667
TEST_09869,3.025747125919233,1.1039134110014517,0.8766582620493708
TEST_09870,1.7916702905109836,0.8515887769853298,-0.15164543881491352
TEST_09871,1.391539721572755,0.5695580186046414,-0.10400748963671469
TEST_09872,2.9879392118053616,1.0174247054037728,0.8033928324702312
TEST_09873,2.5036930876142165,-1.461456101135636,-1.1242748537516596
TEST_09874,3.3102511987002154,-0.042645059224978965,-0.048010436793899165
TEST_09875,2.086546202587301,-0.1437500671415008,0.2290706393583437
TEST_09876,2.805424672559194,-0.8414983500867411,-0.0693144601811908
TEST_09877,3.4191106905102124,-1.0499881516336056,-0.651325249942628
TEST_09878,1.9306692820410059,0.6636670864063822,0.38990837972094894
TEST_09879,4.357816647881888,-1.0660243320510197,2.040568809770257
TEST_09880,3.130339040002234,-0.058274751330671754,0.8549513978235644
TEST_09881,1.912886364220032,-0.9704462726192873,0.2756756014191243
TEST_09882,1.3765077384466489,0.8155383342096976,-0.0346318054905435
TEST_09883,2.541042928599171,-0.31508234726364465,0.048357437628282006
TEST_09884,2.9552445458335392,0.521592595407489,1.5215321032390998
TEST_09885,2.8895921194242864,-0.8509131646935151,0.42959707121021223
TEST_09886,3.0917916148990856,0.350680839009029,0.926182811916518
TEST_09887,1.5075997909641625,-0.4138701987485916,-0.2864603951696597
TEST_09888,4.807516707660628,-1.4656084242588292,-0.13329495136416017
TEST_09889,3.445916734040779,0.02894108088899672,0.06961063925311896
TEST_09890,1.0432324949438316,0.03567161471818041,0.3733426439917184
TEST_09891,2.0403724376998373,-0.3963642547881924,0.19895361101695822
TEST_09892,2.351081520628492,-0.802637805336229,-0.08689234472145962
TEST_09893,1.7907751873102165,-0.5154601941996666,0.22839122664611597
TEST_09894,1.8246066715928593,1.3986502336513786,0.6668792559587908
TEST_09895,1.8710042567800096,0.7734783768176815,0.4391434324612
TEST_09896,2.6731584750536754,0.4988507285766604,0.07677569152661538
TEST_09897,2.2929591455025484,-0.2844039927946282,0.4583382958211038
TEST_09898,2.394333041811489,1.4011106311218031,-0.6701470166378738
TEST_09899,1.7364133472219994,-0.7956569066470717,-0.29971209693644063
TEST_09900,1.5574312423789918,0.31886079313630966,0.06586169348328258
TEST_09901,2.004685292674171,0.3068637642208061,-0.12704188047265602
TEST_09902,1.691985334100711,-0.6299294661598559,0.44693551716056207
TEST_09903,3.828255407577272,-0.16218047668977253,0.6136396629596044
TEST_09904,4.24880259462083,-0.7052891904008951,0.19742661680929952
TEST_09905,1.791314523693071,-1.4224096530682695,0.4810624687881811
TEST_09906,1.370985595507305,-0.49321511775342314,0.2014835914351198
TEST_09907,2.0107472667382935,0.70097685456646,0.18132189756426867
TEST_09908,1.8055573288491165,-0.6001825506678791,-0.22396983045493993
TEST_09909,3.7642617513440415,0.2767442387183169,-0.38293343170554023
TEST_09910,5.023413568226548,1.335500844707554,-0.5283839669713161
TEST_09911,2.8750580780238493,-0.5389565148427945,-0.2319441475985322
TEST_09912,2.5401205912982316,1.6355271788924752,0.10365049755658323
TEST_09913,3.682552825446528,-1.1708073922596807,0.11959558971165561
TEST_09914,1.54743125799313,-0.020602392862967864,0.07236329054533144
TEST_09915,0.7398015739020215,0.2324277102527057,-0.09849287681774921
TEST_09916,2.4129703863794827,0.08480406015129087,-0.7020327879501725
TEST_09917,2.332831109941753,-1.6806886234337322,-0.22591997928620386
TEST_09918,2.3509955128179487,-1.4071581525056955,0.971662573285393
TEST_09919,3.9334821285897372,-0.779713193687218,1.8938365661201464
TEST_09920,2.954728012912105,-0.39500845887922315,0.23209953958820279
TEST_09921,2.1364378603002043,1.1115226621734806,0.2361818048857599
TEST_09922,1.3534706840428565,-0.41602083458751266,-0.3879951570181219
TEST_09923,3.2575093097634342,-1.0663485808782536,0.6506938595791695
TEST_09924,1.6856046449273911,0.11265657284755905,0.49455905049287524
TEST_09925,2.04117352526851,0.7103418871283126,-0.49232397841746695
TEST_09926,4.5715290178079675,-0.7450165675985269,-0.16051673683668008
TEST_09927,5.102883217178672,-1.0076645665757942,0.8909737606568734
TEST_09928,0.9518370169999264,-0.344556317620688,0.20800019433875716
TEST_09929,1.5759715610910214,-0.17122774892590883,0.10539707834853526
TEST_09930,1.8834384081781435,0.4049460659231686,0.24452232597700674
TEST_09931,2.5174616263364924,-0.07464083151036885,-0.21926302968878597
TEST_09932,1.4088975771435772,-0.1788495979985802,-0.5649885610087286
TEST_09933,3.1744335554905145,0.03590069113297654,0.4336986674737611
TEST_09934,1.6598280704680861,0.6918297647328574,0.7083591614050206
TEST_09935,1.6154879464173182,0.7339423223158749,-0.31303416529582895
TEST_09936,2.7686152971018148,-1.4101847961560494,1.6056198644881245
TEST_09937,1.1444412665246486,-0.15792380588002233,0.5332861231209028
TEST_09938,4.907456574278922,1.444011648251947,0.3839517472217676
TEST_09939,4.092995444011419,-0.6019722771602454,1.25037459059119
TEST_09940,3.2554654341840625,0.2741764586831725,-0.7017606047026945
TEST_09941,2.2077808996904214,-0.578331569960081,-0.550128233537635
TEST_09942,1.6627815360294829,0.065908893476098,-0.23489435749527218
TEST_09943,4.135000776444422,-0.9567269613700382,-1.0215745259256273
TEST_09944,1.8067467166534588,0.4335701117358476,0.44973010827269566
TEST_09945,3.7852925929354364,0.6098518561351578,1.1980054424900224
TEST_09946,2.0658226922996725,0.2085970665515793,-0.4742873023322014
TEST_09947,3.9687993102384644,0.01018979267111576,-0.10261551962059962
TEST_09948,2.8395031615037496,-0.5615025861337494,0.7280569141772125
TEST_09949,4.472912405554417,-0.02819699292496902,1.3297087457232821
TEST_09950,1.9828088042319443,-0.4876538142856663,-0.3847147216855745
TEST_09951,1.685169990457294,-0.6731639409615816,-0.13364563445053732
TEST_09952,1.1840791015905445,0.28360733325708654,0.47985626246774266
TEST_09953,2.5115384686137445,1.042862150008509,-0.83346883758089
TEST_09954,2.831653250520999,0.13778246997014423,0.27762116202534287
TEST_09955,1.3077744947705872,-0.503593419101449,-0.1560453559872189
TEST_09956,1.9639711234855097,-0.7796170906799044,0.031879276640086204
TEST_09957,3.4242133033852,-1.2294583098527536,-0.4025839693849289
TEST_09958,2.9315749174236942,-0.4568704550527758,-0.5969000812137935
TEST_09959,4.719360856351975,1.1996368149285401,0.0037052107142777372
TEST_09960,3.010820561619865,0.8315637928191292,-0.10799368010621878
TEST_09961,3.2522308731384943,-1.0734132751561347,0.8735652209822551
TEST_09962,2.8646564043541103,-0.815087945982792,1.1247434013784747
TEST_09963,3.6329805403959394,-0.28274434487490274,-0.23955264457303055
TEST_09964,2.8407293649147234,-0.08160488749642261,-0.4592474423803869
TEST_09965,0.9399605136111217,0.35432226055758864,0.2257940096693586
TEST_09966,5.0489340911689045,-0.8898084935093827,0.5905836051249334
TEST_09967,4.049416884206912,-1.0928529796183353,1.294044640535153
TEST_09968,5.164804517641243,-1.6720166091484197,0.8127383789195883
TEST_09969,1.9088988625856964,0.6622164565660175,0.14094737305890004
TEST_09970,2.2160217696006126,0.23363416748958782,0.46385076305504125
TEST_09971,0.7309228381006355,0.1140148619921598,0.04498280140556691
TEST_09972,2.2833680194115904,0.01867928604901804,0.5900721200264324
TEST_09973,2.9556984054162974,0.23518350549167266,-0.14142989759524544
TEST_09974,2.8193076591061703,0.9340657403632956,0.8765182485315621
TEST_09975,2.0584028089264605,-0.5831135747913327,0.3049423412495543
TEST_09976,0.9097816984721404,0.07915485585680561,-0.18339146089135694
TEST_09977,1.1180430585163859,-0.24301532251375543,-0.15666345697560338
TEST_09978,3.1236750947745477,-0.566023815430996,1.097288884331753
TEST_09979,3.6096335916271762,-0.4578641533322999,-0.2129324713037442
TEST_09980,3.1955902374507583,1.023030972970514,0.6294348223963986
TEST_09981,1.1023906438345261,0.2466745160076775,0.1693922949774986
TEST_09982,1.3925528749182723,0.2731283281348469,0.3476986466561119
TEST_09983,1.0005959489766993,-0.09106161507295518,0.11820614951517018
TEST_09984,0.7807883552091063,0.20366962680819695,0.04003222468425106
TEST_09985,4.13420208155132,-0.3571171422410772,0.9750955405480753
TEST_09986,2.32671972646374,0.4181843221833029,-0.8495173905370113
TEST_09987,1.5503483333101462,0.5112274993317423,0.603805347813626
TEST_09988,2.0171744508538203,-0.06255712313043081,0.19777069541132494
TEST_09989,3.2827972273832002,1.614134172537045,-0.6026143662495519
TEST_09990,2.7050958273223404,0.6100919783552576,0.6298869616038519
TEST_09991,2.7470356504197024,0.4249152101096688,0.5472042591558833
TEST_09992,1.6582678927572168,-0.6076813232895929,-0.8147427787496363
TEST_09993,2.7875702418468973,0.9898185379950977,0.8725843629095092
TEST_09994,1.5033352290755186,-0.24295291869118027,0.3872350866156418
TEST_09995,1.097883251560945,0.45633924338829324,0.37691167132448644
TEST_09996,4.498661597557211,-1.487359435465561,0.7643887219741166
TEST_09997,3.092727998643013,0.6321814300764628,0.6931770322265393
TEST_09998,1.4101640719669628,0.6001154231651696,-0.3923275992881693
TEST_09999,4.236259459144044,-0.22993878616101326,1.6534492678399237
TEST_10000,1.0451283601244477,-0.2660744697575942,-0.07035929182028486
